name	url	hash_type	source_hash	fasta_bytes	fasta_xxh3	q4k_bytes	q4k_sha256	q16k_bytes	q16k_sha256	status
y1_HG00438.1	s3://human-pangenomics/working/HPRC/HG00438/assemblies/year1_f1_assembly_v2_genbank/HG00438.paternal.f1_assembly_v2_genbank.fa.gz	sha256	a5840157a6995c5fbc08698e52b614fbdf6f57a7245db944edb328a0b3e23ff8	3062940590	0fae37e31e54fb34	21765741	7a0b3cc91237ddb40f070949c02c65701818042977163160ddb16b1a09edda8a	14178830	c3f6999af29c9d4e235d07b93f50663e337e2ddfbe3a3496010131ec07e9b729	ok
y1_HG00438.2	s3://human-pangenomics/working/HPRC/HG00438/assemblies/year1_f1_assembly_v2_genbank/HG00438.maternal.f1_assembly_v2_genbank.fa.gz	sha256	ca307e58dfba48336dd3a05d0ea59b87e3383a5a8c839e5b7c6e7ab6178d58ea	3073690027	dd9c58efe72c3e7e	21398081	3bb1e1db6eef79aee51373219ab0115f7b0395c77643f7b69a2c5120698fe7f2	13783523	10a2480c3581a42ec50e3d44c02a0a77378227a9a408765c34d484a5b8b3ece8	ok
y1_HG00621.1	s3://human-pangenomics/working/HPRC/HG00621/assemblies/year1_f1_assembly_v2_genbank/HG00621.paternal.f1_assembly_v2_genbank.fa.gz	sha256	bb7d30232f423cabf8d2ebf7443d15aa42bdbfe826424e89ac5f0ee33b0bc780	2942281822	92d36c1ffac5c77b	21055988	cf9bac5de5d7e6d9dc592f23edb3dc5650e238a9ecd529550578eab5a1312c8a	13747486	7179912a6c4dcd284224f33700adcd9266d9c8a868e24d23fa90c5b961c929ce	ok
y1_HG00621.2	s3://human-pangenomics/working/HPRC/HG00621/assemblies/year1_f1_assembly_v2_genbank/HG00621.maternal.f1_assembly_v2_genbank.fa.gz	sha256	1180dda57e968c6f9cf1902981038141f0905b395d44ea9a068131891d22e353	3060821366	1ddaf8b98d9bee03	20912606	b1818cc77d3cf031e8a6cec0602da53515854f3c6b3112a0ec4ba0090436fc14	13390703	4e48d26a6b9b52c47c206340ec06739389951a573dd0d549e0203abe6bf020c9	ok
y1_HG00673.1	s3://human-pangenomics/working/HPRC/HG00673/assemblies/year1_f1_assembly_v2_genbank/HG00673.paternal.f1_assembly_v2_genbank.fa.gz	sha256	9650cdb2f090bb94dcb81d0cf9be27e2565de0489dc0d736e5d139c76f564f78	2962299991	503057c75802fbde	20897192	a03de795bb51b79bd2fa7a100a14306c8904125f997fa83af2570cff14736fc8	13574502	a4e83a3888bb89f4c987448fe1af9bc51058c5821a2775e6f359689703307f6a	ok
y1_HG00673.2	s3://human-pangenomics/working/HPRC/HG00673/assemblies/year1_f1_assembly_v2_genbank/HG00673.maternal.f1_assembly_v2_genbank.fa.gz	sha256	0eef54ceca964b5a65c046529e5e433f0cb1a19d6d8a19485a292ae763e6a96c	3091765147	58d83e29d3fad021	21800033	e9a6add2c70d8b3300612669b4a569e62fc7005c062d7dfa81b30ac1bf8fe64b	14148818	b73bdda6a41d8277662d5412cb4aa14ba070b883b665f7399bc48d5f4b62a85b	ok
y1_HG00735.1	s3://human-pangenomics/working/HPRC/HG00735/assemblies/year1_f1_assembly_v2_genbank/HG00735.paternal.f1_assembly_v2_genbank.fa.gz	sha256	117cd1556d9b9ea796e29b30db2cb4c6e77e90c9f9b1c074720cc4671403fb79	3071469709	7c0e229355ff2cfb	21187373	c718bfdd4cea80d27dc1aab8b7a8caae27c70cffd673fd2caa5d4beb20b45692	13601956	e8d7b9ee13943d0d40fe9c00c53fb56b69f08953876220d33ba86e6b0c5b9640	ok
y1_HG00735.2	s3://human-pangenomics/working/HPRC/HG00735/assemblies/year1_f1_assembly_v2_genbank/HG00735.maternal.f1_assembly_v2_genbank.fa.gz	sha256	fdde1ce9c6f27c8d963eef5228ca657c65e89f95ece8947d06fca358ade18a39	3075774746	125726a7e89394cd	21202842	2340babb3da2f3d961394559f20f9ae256969649b97b5183b87b5a9cfc9d6940	13619847	17b74214120686b134de37a6d95e2a55a6343384e933bc16638b8b37235b7144	ok
y1_HG00741.1	s3://human-pangenomics/working/HPRC/HG00741/assemblies/year1_f1_assembly_v2_genbank/HG00741.paternal.f1_assembly_v2_genbank.fa.gz	sha256	e6121ba9df50914fb0459afd50a9527f7260f1fae8f9ec460cc7c4e61b5138b0	3067760044	f609c03aa0d1cf78	21440930	392135e49f7872953e731e719d887798ae8c4be9ed4e6278a05272227f2e986b	13800497	bfeb7f8735f603c3875d8a2a2b3e90fc81173a404774181b0cd2ffa925811c08	ok
y1_HG00741.2	s3://human-pangenomics/working/HPRC/HG00741/assemblies/year1_f1_assembly_v2_genbank/HG00741.maternal.f1_assembly_v2_genbank.fa.gz	sha256	a756fc30621e5e887ce5bee0e3a76d4ab9093c846f90ac3c7e463f25e005fc46	3074669389	dcb7609c023a013e	21506570	e578b00f7b3bc871555b6ac84f8339bc9c0df59f1b1d78156822133b79c0d42d	13907345	5271d6958aad9b69521eb2a4d57242bb00a547cb94e49be37ac55db4ce4e3d9f	ok
y1_HG01071.1	s3://human-pangenomics/working/HPRC/HG01071/assemblies/year1_f1_assembly_v2_genbank/HG01071.paternal.f1_assembly_v2_genbank.fa.gz	sha256	d5f5829d658e123a265459d7afa804537150febea6432dd28e47be58bdcd1cc9	3095447043	a6bf9eae37e662b3	21561218	608116df290ba3c5be89b658dd0ac0b3229e720d8ef0854edeccf035582c0095	13885456	be90e9614e079ae6a6a18083a54f9ee2c9765bd25399e8c2533eb2be8c5f887b	ok
y1_HG01071.2	s3://human-pangenomics/working/HPRC/HG01071/assemblies/year1_f1_assembly_v2_genbank/HG01071.maternal.f1_assembly_v2_genbank.fa.gz	sha256	5e67e97c0275d46ad4b75b14365d1fd5000ed44cfc759710f61d146e7b7ce291	3050375948	dea3a34f74e702c5	20682059	f7c581c259ef3ebc072a67ef819e465b9a70b5a7739db5e8f017c8529ed93c08	13201512	82bb7fff25f2398ef5b112ac1ce064cc55adfc5deb88a13bfd952a4184ab65ed	ok
y1_HG01106.1	s3://human-pangenomics/working/HPRC/HG01106/assemblies/year1_f1_assembly_v2_genbank/HG01106.paternal.f1_assembly_v2_genbank.fa.gz	sha256	7c46227b41d8385d07e9d024515b9cc1f09df7fc1e1fae645d104879177451c6	2963603310	b29756ed23ec0212	20778864	11f23d748ffa4c5455934b2f924de23deab88196dcaf43149b73b787e0915e23	13425541	a88c34659796dd13d58160712e6d098ac2f4dcd80e51be7b5a311fbefd7cb9cf	ok
y1_HG01106.2	s3://human-pangenomics/working/HPRC/HG01106/assemblies/year1_f1_assembly_v2_genbank/HG01106.maternal.f1_assembly_v2_genbank.fa.gz	sha256	13416e10902dd12476dedeb637c4b5a23c8b4d6e5f67044e720bd97a09133ba1	3073801678	ba611c244d4bbff5	21043259	797be4895277cdba89056e7b10360201036689ee731f0d4eb9d78ecaff2ffba8	13475699	f7a9d756dacac03dff0cac96561fcf4737e73581656dab03d60e9e34b3867e83	ok
y1_HG01123.1	s3://human-pangenomics/working/HPRC/HG01123/assemblies/year1_f1_assembly_v2_genbank/HG01123.paternal.f1_assembly_v2_genbank.fa.gz	sha256	f514554f1998854e91c528da29b18fc730932805853ede31837631e87b409a89	3051887791	bb648477494c9c5b	20857021	6a170dedcf6a4e1cdf2e4e8cfc395b785315937d56fd2ce3324ef1386d622650	13334904	2032a913e66c8c06a2d40188dcf1e4332a3a29497989c53091038d9b5fca32d9	ok
y1_HG01123.2	s3://human-pangenomics/working/HPRC/HG01123/assemblies/year1_f1_assembly_v2_genbank/HG01123.maternal.f1_assembly_v2_genbank.fa.gz	sha256	7b2144e0c1a08d5fbe179f8668fada2242bead7cfd12d0b66a1e45996cc15af8	3050493262	9375e065910e1cc0	20761316	50a1321281518ca808427d2550903a0534a08331f77b109f608cc212b4f442d4	13236117	527109c1735ca9a223b6237775e9a2a70127b5b7a211306cff391fe9e24be3bd	ok
y1_HG01175.1	s3://human-pangenomics/working/HPRC/HG01175/assemblies/year1_f1_assembly_v2_genbank/HG01175.paternal.f1_assembly_v2_genbank.fa.gz	sha256	0e7aab966b1c54f094d3d6a91db741ac230840fe87a987322f372f0dcb7f2977	3067912915	31529d95d4155b86	21810437	742bde6469b2fc58e8df3fe03024ea5b3e45810629c284da951766f953366570	14150574	33398efb8460249a8a5e0dcb03c5474bc41bc4bfaf4a104a3737a6874443a79b	ok
y1_HG01175.2	s3://human-pangenomics/working/HPRC/HG01175/assemblies/year1_f1_assembly_v2_genbank/HG01175.maternal.f1_assembly_v2_genbank.fa.gz	sha256	4023f8a4eac5fd0705d54278b674a7b3ddadbaec391e8fedd403aeb691f8a703	3068629143	a95c6dd97e3a8bf6	21135177	fd67722ef7ac2dcbe48e070c0f45ea5fd284d114a6bbd8b5bfb148fabb8e04a9	13543934	c88ee7186f293f46542894d8daa43dfb1db8d9b7726e95494f2b08d04941d7a6	ok
y1_HG01258.1	s3://human-pangenomics/working/HPRC/HG01258/assemblies/year1_f1_assembly_v2_genbank/HG01258.paternal.f1_assembly_v2_genbank.fa.gz	sha256	e7697b1b7c2a4188f76d827611caa3a1b55b499d7c8bfab69c091a07a30e0c2c	2951627516	d5a6d3121f7fe477	20489909	bd914aba93763af3e93336f15b7812b0fc8a1dea2716ac28e94218808e499a64	13146004	f941f6a31a8b06a0a1b51497632fd39e08f84f84b40f5bb5b0e1bae585338159	ok
y1_HG01258.2	s3://human-pangenomics/working/HPRC/HG01258/assemblies/year1_f1_assembly_v2_genbank/HG01258.maternal.f1_assembly_v2_genbank.fa.gz	sha256	97e8ece8b4a108be376025747d377f003270dadebcc84e4116d322a72618769a	3070335738	bd938808e20403b1	21594814	4d4684f76f461133207fcdc1096a150fa4eb87eda3e548c04c9b743e10b82c6e	13992080	3469e6b17ec9a3e1536415270f45e711d473f9590b69476c860a58bdd8270ec9	ok
y1_HG01358.1	s3://human-pangenomics/working/HPRC/HG01358/assemblies/year1_f1_assembly_v2_genbank/HG01358.paternal.f1_assembly_v2_genbank.fa.gz	sha256	b4ebe059741876e76ea43633a499e6dafb06d8876cb5f496ddd60f83e905e3d0	2969210630	41ef5c4e069aa77f	20767536	ccac9dd11c78f902e14a449689d14e776b0817e451cef2fcbe9fbf545a3b3194	13422854	76f15e252e6b93f80c35e4c5045ad858113708d0ee6d0c2b4bd04860f2205b40	ok
y1_HG01358.2	s3://human-pangenomics/working/HPRC/HG01358/assemblies/year1_f1_assembly_v2_genbank/HG01358.maternal.f1_assembly_v2_genbank.fa.gz	sha256	3ab91edde9c57f2d0a9238b161122cdaeb48bb87030abe7d33ac9803a7203ac1	3067467387	6048e6167721da7e	21158233	693a16dd34718ea21e843efab6fd26badee9606dac96b81c8b38c0ba728af40c	13572019	12f0dd2330f2b88019eeab1610a0762dda23e49939253127600eec7589c7b254	ok
y1_HG01361.1	s3://human-pangenomics/working/HPRC/HG01361/assemblies/year1_f1_assembly_v2_genbank/HG01361.paternal.f1_assembly_v2_genbank.fa.gz	sha256	01c848260b6414e260a31eb637a7a0f251d123d578188286fc9dcb3026ddb14a	3047701466	deca6705d81ed322	20837236	61b6275fe9bff2cb5144e492756ba6a98fafcea4a14deb5a2e9bfe42bdb54d0e	13317016	aa21eb9ee09ad40f32c712921fc6a0025ea0e0ca70fff92db9a30c32417bd750	ok
y1_HG01361.2	s3://human-pangenomics/working/HPRC/HG01361/assemblies/year1_f1_assembly_v2_genbank/HG01361.maternal.f1_assembly_v2_genbank.fa.gz	sha256	1c5a60c6bdb77177c701448da5040a1dfc47b9c57dbf53b12a081789033ce47f	3063138740	065dfab9752010d4	20916362	4838e91107e533221f54e96bb1a1d8ac427d8210a78bddac89a7379003f82f3e	13357821	03070c7cbdb6646ba6ee9975541bb54f7195e065f1c2e641d958554c59aacf32	ok
y1_HG01891.1	s3://human-pangenomics/working/HPRC/HG01891/assemblies/year1_f1_assembly_v2_genbank/HG01891.paternal.f1_assembly_v2_genbank.fa.gz	sha256	9d9aa8e29e2fd24fd890aa1308dc13fb54acd8bec91d6ae0ddeefd5b2ba333c0	3081285258	5abc96480266c733	24325059	f3a6b4c86b435936430b1ad110d8f21c6b5372a6c4ebaa321d2ace268bf2b393	16594656	4079e3bf9429f127ef6192da5feb63e976b49c29a9b97116ba3f5b8825a71cc6	ok
y1_HG01891.2	s3://human-pangenomics/working/HPRC/HG01891/assemblies/year1_f1_assembly_v2_genbank/HG01891.maternal.f1_assembly_v2_genbank.fa.gz	sha256	9c439c0e28fa9b9e2a515ea75adaef8e156460851aa91f61dc065c29897f5ea2	3060749448	c3a1d0def4dfcd07	23860461	086f51ff70d082134df5c19426c2ea63c5b027ab1d35f0161890fe56949c4f66	16142630	203c9cbf2b3ff24a11d915b9075e500340b611f5d53739c856e6c1503c337a13	ok
y1_HG01928.1	s3://human-pangenomics/working/HPRC/HG01928/assemblies/year1_f1_assembly_v2_genbank/HG01928.paternal.f1_assembly_v2_genbank.fa.gz	sha256	f394a6900c6ba13bb2b9e91ac3d2dcc4863fa5d1fc5a6c0cf8241c6889a01afd	2959601431	aa1d38406de8d012	20305213	e9c96d304b4b2efc7978af1f15834e22dbde56697738ae28612e2bbde612f984	13011722	c96febee6c8bacfc16d4a793a8d9fb9e3221087f450ed5e481b20f1dbf3af990	ok
y1_HG01928.2	s3://human-pangenomics/working/HPRC/HG01928/assemblies/year1_f1_assembly_v2_genbank/HG01928.maternal.f1_assembly_v2_genbank.fa.gz	sha256	58fc6831a094299d6913b7d24b495790e70195badddec4a2ade405f63c24b4cf	3063792759	15f8d5ec08e98830	20720553	4ab9ebd10c3bf67ae2e26a67aed7c04fa466a3c3847ec55f6e3be2a4a49894fc	13185927	ccf004721788d0504f86e9d868ee9b46a3e1c6374a32c4ecd701d9370d561e7c	ok
y1_HG01952.1	s3://human-pangenomics/working/HPRC/HG01952/assemblies/year1_f1_assembly_v2_genbank/HG01952.paternal.f1_assembly_v2_genbank.fa.gz	sha256	c6f0b80ab52d7c58c00fb4d59b46bb18569c00b3bf887a192f13052d4fcb106b	2949690926	d81a7df3bd7611da	20422234	3ed91d1c083b9c1760cc17dd06d8c321ddc041c3e5c190dce2b804debb3e3be2	13132062	78eb9fa1d879e95e8d69c5c18abf13e2d32338f33b0132620130921b1f4b49f0	ok
y1_HG01952.2	s3://human-pangenomics/working/HPRC/HG01952/assemblies/year1_f1_assembly_v2_genbank/HG01952.maternal.f1_assembly_v2_genbank.fa.gz	sha256	5b556ba7058119a135522443eac72f1a084772da2c42094b9f9ccde4e79589ce	3058329098	fa1fb7086ab53c83	21248068	e4dc501582ee70479f406f0241deee1b5c5f975765775e36b56bedd2df0255cd	13695010	efda700d7187d888b0410032468535ae201f80ef9b785b848125cf60d9977df6	ok
y1_HG01978.1	s3://human-pangenomics/working/HPRC/HG01978/assemblies/year1_f1_assembly_v2_genbank/HG01978.paternal.f1_assembly_v2_genbank.fa.gz	sha256	9f74231668c0295afc07ced515b987430c042ca5bb04be162c67fb09aa8e88ee	3093268339	069b694e45af5ff6	22211484	383cfc84d9cc7303779628d07e376a2a4f41f47452d42de8aedd7087c794a51c	14462619	424cf6a4161907a56b5f381b2dd5b38f33996aec2d026a55540eb9d9064f5105	ok
y1_HG01978.2	s3://human-pangenomics/working/HPRC/HG01978/assemblies/year1_f1_assembly_v2_genbank/HG01978.maternal.f1_assembly_v2_genbank.fa.gz	sha256	94c18d5b4470a8c6baaa7f62b0683f19c0014b2153c4276ab44532d10a5ead7f	3090025050	6ab10412b4f2be95	22157949	3a233151bea424511693e20dd4cfcec800434f26cb32be68a5ea726036289b06	14476486	86bd5a081631c1a35e0e0bc980065d66e9ad666046e76309a79da9f01c3db9fc	ok
y1_HG02148.1	s3://human-pangenomics/working/HPRC/HG02148/assemblies/year1_f1_assembly_v2_genbank/HG02148.paternal.f1_assembly_v2_genbank.fa.gz	sha256	931d6a40b3240f27f6fdcff40820446939e9e4b369ae294aaa18edcbd3822a1a	3063930492	afac31544811d5ff	20796597	9ca5594f8ef7b711d9b5443f85633c25ae8aae264ba64ef12496d50f6b0261e2	13278092	a151a0d63d4bbde73d80a046c070a6179ee13308885cc330e7bd469b067d1916	ok
y1_HG02148.2	s3://human-pangenomics/working/HPRC/HG02148/assemblies/year1_f1_assembly_v2_genbank/HG02148.maternal.f1_assembly_v2_genbank.fa.gz	sha256	7cec12342242d476e1e31b5d456c8eea6ffce07b43a42262f047088d995d8534	3074100393	1f7196686766d633	20554093	fdb98b672581416c089da4a657147723729d009e7f51a0fe85c6fa72ad69ab7f	13034377	378978119f7362f8e84f32006288cc06351858882853105691f2855e57fd0633	ok
y1_HG02257.1	s3://human-pangenomics/working/HPRC/HG02257/assemblies/year1_f1_assembly_v2_genbank/HG02257.paternal.f1_assembly_v2_genbank.fa.gz	sha256	75a5efb57e8cb460d4c353807b0e377ea4cbf8ab0b6027822ff9ac9942580968	3080537123	0af02bdee3049b56	24693629	c61677c463c1492d7e69197795fff89ada8ef77f6beeded6d83f67e53dd01b9c	16892836	f23dc976f4d7ce69c9bc1bf71921145e7816bb0d2edac54035b40f5eae07ee54	ok
y1_HG02257.2	s3://human-pangenomics/working/HPRC/HG02257/assemblies/year1_f1_assembly_v2_genbank/HG02257.maternal.f1_assembly_v2_genbank.fa.gz	sha256	febe94c80a4f319f7db03d87b344e387933dfa66609bda0d59c23f85fe854ee2	3068968347	a5ff65b7ce4f117d	23464090	58952468d0eb6f2d1f570912e12d0bf82fb9faadb60d9560958b0a3d8d2b4a26	15761199	bdaa476c310ca33584fbbb44af8f3638077f035069b29c9dacee3e1429680913	ok
y1_HG02486.1	s3://human-pangenomics/working/HPRC/HG02486/assemblies/year1_f1_assembly_v2_genbank/HG02486.paternal.f1_assembly_v2_genbank.fa.gz	sha256	10116f1231a15778e8f4b06ae6fba96d377b075ca3157693b27b1c830c51d6e1	2967582483	ae7db14e0fda7d7e	23755108	8efa33ac8cfee94591f80b19e5beda7f7ba0937aabf0484775093150ea5e8bae	16205798	6ce28928945d0a42e829a8dba92aacd0ed61d3cfc5fec65c28239b0a7b4f9c76	ok
y1_HG02486.2	s3://human-pangenomics/working/HPRC/HG02486/assemblies/year1_f1_assembly_v2_genbank/HG02486.maternal.f1_assembly_v2_genbank.fa.gz	sha256	62e351be300c24daf8134d9d4a2fee302444dbfa45c3e052cc0f1364c8c04e6f	3068554054	de55d102b3a58aaa	23148406	2d4b91d0fc53a133daa78bc31700884f3f0a05038f5e3c26ca2e2e9f72784b37	15493730	c3210339139b05f2d2f2dfbc6c7c664c3d0b91e77916c913c59596b92a06d898	ok
y1_HG02559.1	s3://human-pangenomics/working/HPRC/HG02559/assemblies/year1_f1_assembly_v2_genbank/HG02559.paternal.f1_assembly_v2_genbank.fa.gz	sha256	c6666f821d9ecda2b68079f45697b076f2f9f27f9adfbd0137fb9e1f761b6dd2	3061965906	d3de8bf8657f0599	23882115	c9acdd22c304f0a75bcc8dafa021fde9a6feeefee82d9f72e581f1469dbc04ac	16144260	4b8407803b8eac6253c079920a32e285cb657ff7897ec841e3d983c7f5f3819b	ok
y1_HG02559.2	s3://human-pangenomics/working/HPRC/HG02559/assemblies/year1_f1_assembly_v2_genbank/HG02559.maternal.f1_assembly_v2_genbank.fa.gz	sha256	65152219bd5add93081b21b26719a83a63a0eef8cfa75b3340a74fd81e636b6d	3078548132	c80f9437765be6f0	23780902	2b1ba3ed22d393369abf3e55e1c8302d68d536eb80712208e886d90af45a2b8c	16064209	680301d92e3124a4faef290d75707931be6c8ffe727bf394e17129560341104c	ok
y1_HG02572.1	s3://human-pangenomics/working/HPRC/HG02572/assemblies/year1_f1_assembly_v2_genbank/HG02572.paternal.f1_assembly_v2_genbank.fa.gz	sha256	54f2b02e3b367b534569eb83b0893109d63f6698510a762055ce8d26fa6c7ea4	2980441703	6e9475af697afc15	24103317	e0aa907938fd30fb175578ce3a60532c63c6f069249c46f459d9ccbb9fbddbd9	16492811	cd1583b3d772cd361b1507d380c1bff287612cf3646c2d35d48f8b0422afc0b1	ok
y1_HG02572.2	s3://human-pangenomics/working/HPRC/HG02572/assemblies/year1_f1_assembly_v2_genbank/HG02572.maternal.f1_assembly_v2_genbank.fa.gz	sha256	c790e80eafdf11790b349a09c43106aa7671c019955519ac683baa037121812b	3093592966	0a91468da3ed15c3	24790111	9da611559227c17df8af23ad51d7b3ef5af975c7e5021f48bd1cbc30b72cc1ba	16906412	1c83c7a8495edd546b3724eb58c1a593a9c4a1aaa33f672dcaa3626a28c0f910	ok
y1_HG02622.1	s3://human-pangenomics/working/HPRC/HG02622/assemblies/year1_f1_assembly_v2_genbank/HG02622.paternal.f1_assembly_v2_genbank.fa.gz	sha256	b7168c3b978aaefba812b9ffba93239eba00c070e59df9820a4ee38ef084b356	3081476851	9e84fca0a0be7dfd	24345440	dd88799e4d853d2de6ec14f6c04385cb61ff10dd37559021c2f546c43c628e77	16570179	f8611626d22847589e3b16595b5000518eafa3a3e56adcec29f95f4a1912c691	ok
y1_HG02622.2	s3://human-pangenomics/working/HPRC/HG02622/assemblies/year1_f1_assembly_v2_genbank/HG02622.maternal.f1_assembly_v2_genbank.fa.gz	sha256	fe3d091c2a223bee155e40d46328410425a58f4971dbd7c32f28a3d393b9f533	3084190915	71f5a43bbd9dea06	24277217	23054755ca847bae628608c33d9d6a145c88700881858318598561565d11cf92	16528865	0c92960a470ff7d3239ef69306a50cd4faa08cd51eb31a6af87f78aa95a7a4ce	ok
y1_HG02630.1	s3://human-pangenomics/working/HPRC/HG02630/assemblies/year1_f1_assembly_v2_genbank/HG02630.paternal.f1_assembly_v2_genbank.fa.gz	sha256	2f530c1a83ff1aa5e42711bf59af65bb1ef58038adce31edc50c4671a51fd1eb	3091536889	3dd29861bb5adf1a	24936390	116accdac66f2e7601921bd6b0cbe7663d71e719f5df45e9196716396ed27a89	17046995	3f939096d93c637f46f3cc5c46850f920c8f6f395da5111ca864afe1d1e1e355	ok
y1_HG02630.2	s3://human-pangenomics/working/HPRC/HG02630/assemblies/year1_f1_assembly_v2_genbank/HG02630.maternal.f1_assembly_v2_genbank.fa.gz	sha256	b65d2f534ddbfedcac74c80932e25201b45dde2a2e9c6536ff35155073bc2a97	3079915573	3b1cdee6779ee182	24500783	11dc6ca1b3428bdadfe73d3a81a6ec81487fe6fc2a2420c10114d7af13d2f3ea	16681302	b33a04234167b71dbabc28bc12a96a89df6188247acb57a2b3e92913a76a343a	ok
y1_HG02717.1	s3://human-pangenomics/working/HPRC/HG02717/assemblies/year1_f1_assembly_v2_genbank/HG02717.paternal.f1_assembly_v2_genbank.fa.gz	sha256	6d7754c4c61594d5ea3aecf9cff9e916d17db4ec727634504160fb122af95473	2982940725	a09b56df65b21a4a	23956614	1730430f6317ab6afdbb28456ac06e10a5836bee04c8d72594fefd292afc81fa	16356052	bc4d899e8c267efb8755fba08ef28101772c4cf0c660aa7241935f4415e0eb58	ok
y1_HG02717.2	s3://human-pangenomics/working/HPRC/HG02717/assemblies/year1_f1_assembly_v2_genbank/HG02717.maternal.f1_assembly_v2_genbank.fa.gz	sha256	90118c064532b848c572fb9050708c8d53ccce687633ceccc716dd488d840e68	3076309224	391cbab73930a43f	24604097	cfbff43d7ffa4b5a2cdf31e694491142909765f53189587f8f1f4fe12bc629ab	16786215	0960842271851e5c61b81927f1286869ceb797356684455fee8661d381f7c405	ok
y1_HG02886.1	s3://human-pangenomics/working/HPRC/HG02886/assemblies/year1_f1_assembly_v2_genbank/HG02886.paternal.f1_assembly_v2_genbank.fa.gz	sha256	52f153046228ef4a5638f069ed8f1fcbb9f1a147581e8c4c8ed66215703746e1	3085253430	5f9f6e88a3da8e26	24290180	a82957c197b7b5415e94d867339e9c3b30c68e1fd2f0fe35143e4529ec390472	16485245	0dc477a9e24866b2d7dc69053763c8899bcb416fc2d5a4cd409f0bfb1444661a	ok
y1_HG02886.2	s3://human-pangenomics/working/HPRC/HG02886/assemblies/year1_f1_assembly_v2_genbank/HG02886.maternal.f1_assembly_v2_genbank.fa.gz	sha256	d973517af237d330aa21c4493935aa553422333f4b341cfb1735f24bc9f877e7	3087262418	380dfb2881b5e27c	24305564	5bd9ffa9aa82a53192ad326d7565e4d6819fbbf43c724779c75443fba8813d09	16524724	859dea0f1a92e47b334f92502ee8e99f58ccc5b7ef2b1469f486646e137457e5	ok
y1_HG03453.1	s3://human-pangenomics/working/HPRC/HG03453/assemblies/year1_f1_assembly_v2_genbank/HG03453.paternal.f1_assembly_v2_genbank.fa.gz	sha256	216654a6de2dcb85fe1c658c26106efc04b9980ac2fd76197f45bea1f4069ca1	3088585849	53dfd757260ddbc2	24656230	47c1522bb57268bd071d7d93e50fe1f67a2b0c3518a62dc32307a4e19e6f7495	16841746	0d36b677a28e20fd1079ba2b84d2d1004fbce0d47b5b7d065ba5e6a8f0e5baa8	ok
y1_HG03453.2	s3://human-pangenomics/working/HPRC/HG03453/assemblies/year1_f1_assembly_v2_genbank/HG03453.maternal.f1_assembly_v2_genbank.fa.gz	sha256	90270031da8ec5bfddf339a3eb7b37c8a5326adf6ecb51896f523e9bb4befc5c	3086111881	e847ba7824ea4154	24848041	f9180826e72353c5611275e94fcb82414ab4d19089404dedb0398905776b5884	16988471	947f28665f259c6bb0e1714184488f5441e593759cb416a29d0822547c0044ed	ok
y1_HG03516.1	s3://human-pangenomics/working/HPRC/HG03516/assemblies/year1_f1_assembly_v2_genbank/HG03516.paternal.f1_assembly_v2_genbank.fa.gz	sha256	4af17c33a89bf46570b4baf731891183377f50adfe47ba62a46b10b05cf2b279	3105353413	74c2da082ac2c79f	25154523	57103f614c3868639db0e45eca8d36ce851d5d8a23968803c81ed3511a86ff3e	17200790	9b2ac6a7e32cf75a01236ee177017752195e49937903fb9d78727ec50f8829ea	ok
y1_HG03516.2	s3://human-pangenomics/working/HPRC/HG03516/assemblies/year1_f1_assembly_v2_genbank/HG03516.maternal.f1_assembly_v2_genbank.fa.gz	sha256	2111e2c19f255d1d4fff49acddfd26d88ff250eafed707d12fe762290b5083fe	3071407572	02b3f2a6fe37dba9	23821946	029f94a6547e22e2e40e17923227d93f864d9c9532bb7fdde66c59e7b632570a	16109259	1b909a4f17b47116651f6f3e0daff73450bf0443c8e3bcff9054839d24ae51e1	ok
y1_HG03540.1	s3://human-pangenomics/working/HPRC/HG03540/assemblies/year1_f1_assembly_v2_genbank/HG03540.paternal.f1_assembly_v2_genbank.fa.gz	sha256	f54577e4ad56113fe88c20d0cf2b15270dee89a6be61b100500d576bc9592866	3103607695	bf0d36c596acc3f0	25096440	8d94094de35fda759f9b466aee9fbf1313ff4416accafede6cc7e8854fc0f8e2	17197152	2eb6cb09810d114232094132db05ab24f4fc8807f7652797b26c756ff6b274e2	ok
y1_HG03540.2	s3://human-pangenomics/working/HPRC/HG03540/assemblies/year1_f1_assembly_v2_genbank/HG03540.maternal.f1_assembly_v2_genbank.fa.gz	sha256	d34b271a2d0a152367a88bb1cc44984c960c76440d514ab7c781825bca561bfa	3086536855	8d530d59ca079197	24010049	c4e9e026a373458135f36a776686ab99a645abe130fd52ed736d3707d5cc5845	16247306	3bb26f167105c31a58efbb95ed1bb746dbe5b4ac425b7f01aa99169db8595dd8	ok
y1_HG03579.1	s3://human-pangenomics/working/HPRC/HG03579/assemblies/year1_f1_assembly_v2_genbank/HG03579.paternal.f1_assembly_v2_genbank.fa.gz	sha256	4017846771e288f873e53783dfb28b29435f71f4afc82ee6678e646cc52495aa	2984018276	877449add96955d4	23599362	08d49e03b693f3fb17e9e6b8037d7ddfd62b00309d5d285e4e7116b4de205f0c	16042839	0415c3c7a2f905f75ef8b752e39d758f3d4791d6d0cad54d01d4a65a3c7be055	ok
y1_HG03579.2	s3://human-pangenomics/working/HPRC/HG03579/assemblies/year1_f1_assembly_v2_genbank/HG03579.maternal.f1_assembly_v2_genbank.fa.gz	sha256	3c7235b26eb89845ab264c83f7e6f2f1103152d186ed1c34108b320735d2d042	3073095970	f8f8761565ddb4b6	23940269	94f97812a5a7e9918d3a708860060db5661145a326318415b32c25ad9da4d480	16236318	bd33c80839d41a168d306ded40d5f8a21b0d9b861574d251de4cf43f764e8380	ok
y1_HG002.1	s3://human-pangenomics/working/HPRC_PLUS/HG002/assemblies/year1_f1_assembly_v2_genbank/HG002.paternal.f1_assembly_v2_genbank.fa.gz	sha256	ec46feb51b343f030aae3e7c4781463a36f059a031f4aacef864a9863d4fc986	2995632996	77ff8005d4dbb4d2	21077953	e9f0d88bf3230aa72785a9d512ad880b28eb8863a9730803a5b047bc98566d59	13497504	ee5c32e17ae72d1d01119bbc17fe49b57fe6c12ef69fca989350800bdc153021	ok
y1_HG002.2	s3://human-pangenomics/working/HPRC_PLUS/HG002/assemblies/year1_f1_assembly_v2_genbank/HG002.maternal.f1_assembly_v2_genbank.fa.gz	sha256	9e0b7ae6b0727a8828cef61c7b216eabdb2f098fcd2940fd1ffb8cca05185831	3098878930	41738558472d5f12	21141017	c33d79ec8183b98b59af1bdf5afc3bc074dcc77e03e397fb673656940d9bdec4	13452537	d346ddfdcfe727005a348e44597100840773845cb9eeae1ac76c4a99952bd87e	ok
y1_HG005.1	s3://human-pangenomics/working/HPRC_PLUS/HG005/assemblies/year1_f1_assembly_v2_genbank/HG005.paternal.f1_assembly_v2_genbank.fa.gz	sha256	399e1bb4bf40f6b70152acd6f4cc8502fd50d0edef774d9af7ea1add1982c5e6	2974516230	217def02b5c45104	20952849	d784eb4b58582049cabd693319c2bf9d20579a94b6bbf09c0e95ca0c3b47844b	13582695	801233bf651c5fd674a4d1b00d111af2bc783624b28b1e9e5030ef9e6b827840	ok
y1_HG005.2	s3://human-pangenomics/working/HPRC_PLUS/HG005/assemblies/year1_f1_assembly_v2_genbank/HG005.maternal.f1_assembly_v2_genbank.fa.gz	sha256	8a9b715d91685b7db161e878ab205fb7a149794ecf79b3d6602d9610382ad71a	3067579029	6bfccef3e432d0c6	21089879	99e8c457a71d4558c3f8c505c611441dc8d12f3f5e429c3188dfc32521a7aace	13532643	1d1a9e587580e8b3a3d1a4157ae6b6aeeee8544f93da67002a62bced0020bc53	ok
y1_HG00733.1	s3://human-pangenomics/working/HPRC_PLUS/HG00733/assemblies/year1_f1_assembly_v2_genbank/HG00733.paternal.f1_assembly_v2_genbank.fa.gz	sha256	47f20b76eab03a22a1351e0e9efbd0ba43814911f9f17c37dba5cdc0583a8ae0	3080022837	54079886175c4372	21405995	52d85f7fb57b75622051a2c6d73baf34141221dd974d31c7359692442e87316f	13780454	dfe53734f354c9951316180716355be64a2f4b1e559e789b0fdcbf8e04c60f9e	ok
y1_HG00733.2	s3://human-pangenomics/working/HPRC_PLUS/HG00733/assemblies/year1_f1_assembly_v2_genbank/HG00733.maternal.f1_assembly_v2_genbank.fa.gz	sha256	c2963af8e63111ade4810bccfa059166db948f491551c2272e80f82a28c356ad	3064382794	a62f97453d5a3e17	21024387	3aa4bc938cff905a0f13033928f77e34b272f64fdfa01e0069b003697e6ecfce	13500010	ed77a92b38c7fb5a3226a923bd50c7a437d52346f0c8407b36b0714f44877654	ok
y1_HG01109.1	s3://human-pangenomics/working/HPRC_PLUS/HG01109/assemblies/year1_f1_assembly_v2_genbank/HG01109.paternal.f1_assembly_v2_genbank.fa.gz	sha256	86486001fe72e08e3006a984037b6b231bc38288f58dd9561dad3d41c7c96684	2958413539	9fadc2957c4e54ea	21310071	f263e1a1c781ce5041f226f160feac78a03b7734325e491f84aca42c61e240ff	13948340	794441b5622a90c7713160001adc2c8c334f1ddf0446a0e6e47d625dfff4494d	ok
y1_HG01109.2	s3://human-pangenomics/working/HPRC_PLUS/HG01109/assemblies/year1_f1_assembly_v2_genbank/HG01109.maternal.f1_assembly_v2_genbank.fa.gz	sha256	0aa368ac4d5dbe028f6fda70685193ea5ac80b7c890ff4b4d4f103eb68d5deaf	3073635266	7540111600f698c6	23463398	780cf3a7478e8c11b31f72f958388159d81d5e8586c8c3a9868d3c4a644c8e8a	15689832	ef25a5fd29ecb03f08ab834031be35cce50e694bbc2511af457d02a674f8648c	ok
y1_HG01243.1	s3://human-pangenomics/working/HPRC_PLUS/HG01243/assemblies/year1_f1_assembly_v2_genbank/HG01243.paternal.f1_assembly_v2_genbank.fa.gz	sha256	027f37f22639891d94363b810eb3e07614b9a40672c0096370171108110dcadc	2945100394	ad83db0137567422	21723361	c36e4692a58957a8d297c6c53215feee17eb5d50978b71192a0d128b63302160	14380417	ad4d61551f0dfbaa571d1d6afad2713d31730225356b017d5588b93e4711de92	ok
y1_HG01243.2	s3://human-pangenomics/working/HPRC_PLUS/HG01243/assemblies/year1_f1_assembly_v2_genbank/HG01243.maternal.f1_assembly_v2_genbank.fa.gz	sha256	8052aba721d0d48d65ecaae0abdd1fa4584a85cdde414eb3b4f040afec95c3e4	3066859880	968f62f5a3a34289	22417250	efaa278d461d69cdee896ffea88cbc38d9522a26d29ac7ab50b1111cca8ceacf	14767361	1c0f759c342d07cdfb0b46150a52e532d6186663b6e9461cadea651fafd2e783	ok
y1_HG02055.1	s3://human-pangenomics/working/HPRC_PLUS/HG02055/assemblies/year1_f1_assembly_v2_genbank/HG02055.paternal.f1_assembly_v2_genbank.fa.gz	sha256	82c22f2e036f932ee9250b4ede482e60862bbacf191c1621c83ac887c165715e	2987135026	eb6ab1e6d4bb2fba	23958825	17e3234da35b0511dc73160e4c4da26363e8fca51d0ab4c2f5db371b38f9f485	16327687	7efd1ca01a065c527c70d9df81887af2a90c76f55de6142926a3c83674e85288	ok
y1_HG02055.2	s3://human-pangenomics/working/HPRC_PLUS/HG02055/assemblies/year1_f1_assembly_v2_genbank/HG02055.maternal.f1_assembly_v2_genbank.fa.gz	sha256	769b69075228a32ce5933ffa03fcdb89ed16737688979369868b00dc8db920cf	3057344095	765be1e180619f63	23610441	f21279c049a89283f3fb7e6ac9c86c7286df83cd724aa03d98853781b269905b	15926868	8f876bb9a61dbddc1a6ee38820c96ad6429099efd7fde67ee6e59afb141eb98c	ok
y1_HG02080.1	s3://human-pangenomics/working/HPRC_PLUS/HG02080/assemblies/year1_f1_assembly_v2_genbank/HG02080.paternal.f1_assembly_v2_genbank.fa.gz	sha256	d801ec8ddf2522f71e013a7d04de9822936535a0e3975c7c676cb52eff3c6189	3062326064	4634283aac997faa	21241492	0c8039f5e2dc6f046759286a54ab1d6a62917edff317dbe1e142c23f236fa470	13737511	2cba68425b992ee1a831316881ff66815af970629477863c043c9bd554109a75	ok
y1_HG02080.2	s3://human-pangenomics/working/HPRC_PLUS/HG02080/assemblies/year1_f1_assembly_v2_genbank/HG02080.maternal.f1_assembly_v2_genbank.fa.gz	sha256	d48a5052a29556cca10b4d90c839bd22ec818882baa9a676a1d68814f15b3be0	3071125478	43752166e1fe1029	21325442	a7502e9c3775ce4851dd603207c0c3f12be5774758990e14da0c6babf300a3ad	13757794	af4331a5d96becd5d400189c465b01ce127550e39d5c6c5bb73dbeb0194cc94f	ok
y1_HG02109.1	s3://human-pangenomics/working/HPRC_PLUS/HG02109/assemblies/year1_f1_assembly_v2_genbank/HG02109.paternal.f1_assembly_v2_genbank.fa.gz	sha256	dae2a7f162d9fef43f0f45178473d702eeec5f6e279acc5dfacbb047a09d5ac6	3075630729	8d72d8f6bcd47ff2	24234801	fa7fe2bdd406dc2775731a1a8a104fd13ae3bd184e100696d2c6f42b5c77a6c5	16431521	e19601ca2c2e1d9aebb7f2cc2ad3b10730852e5b436c668cbe9cffd5261cc777	ok
y1_HG02109.2	s3://human-pangenomics/working/HPRC_PLUS/HG02109/assemblies/year1_f1_assembly_v2_genbank/HG02109.maternal.f1_assembly_v2_genbank.fa.gz	sha256	1367b63eb84facbc32063513bf9dd8211065ce925c03e739378be9a386649522	3063955395	786019365179ff28	23208461	bff28337c63bda14a294130324a2587fb2d6d629b10dfcb8a8cacfd2f0fcb5ff	15590546	295a613a46c2502e59d15c9b80f280611e1b5834bcd996e6c65c24734f0e5fb6	ok
y1_HG02145.1	s3://human-pangenomics/working/HPRC_PLUS/HG02145/assemblies/year1_f1_assembly_v2_genbank/HG02145.paternal.f1_assembly_v2_genbank.fa.gz	sha256	a3c7fb913aada514cb3f65076266ce6c7972034f7ab21cf5e50af986dae6f1f5	2974393778	7c31cdc41313789f	24203603	595261b46b1046e49cf3f5eccea8dd76c809f24861d15e12316a14b068aa6704	16648083	e7e54b3a29b94a859d07e3c9116f235aedc928b92f2f5d3a196fad8c93f44dac	ok
y1_HG02145.2	s3://human-pangenomics/working/HPRC_PLUS/HG02145/assemblies/year1_f1_assembly_v2_genbank/HG02145.maternal.f1_assembly_v2_genbank.fa.gz	sha256	bc9d3539c1cb2dbabdfb5df89710c53d2a7ce8246da8770b3b4efe88e4465560	3068484420	d13042a21901b0d6	24194400	c7e2a29023367e7272bb3877af886ab836e861aadfa5bae06ee52ca869fa9302	16443037	c0dbefcc99ceeefad5f61b67c3c8e00c3b051ee471bbfe739a532a1ae488fdaf	ok
y1_HG02723.1	s3://human-pangenomics/working/HPRC_PLUS/HG02723/assemblies/year1_f1_assembly_v2_genbank/HG02723.paternal.f1_assembly_v2_genbank.fa.gz	sha256	ea86c3cb0e20f69e8f8afbe3608889b57956652883ecae0ac1095f73855c6fe4	3087626301	7218428a6a5b9fa1	24141049	a6e5316d064011409ffa8747dc195e1a55cbb23a425c3fa7fb5183b2f56c7c63	16334924	35f76a7c1c9499cca2b6a1933eb01b5167aca7b4194d871d3f3e5a8d8f0114af	ok
y1_HG02723.2	s3://human-pangenomics/working/HPRC_PLUS/HG02723/assemblies/year1_f1_assembly_v2_genbank/HG02723.maternal.f1_assembly_v2_genbank.fa.gz	sha256	0d144481c6e3049466cad75179aa2c93382a864642d245d3039e7e5d07955215	3065055789	4a1f46107190c1ee	23909624	aab3f4063deeda33eda2be494fd16c8902362b47aa732955b72d72833c65f266	16213905	88e5adaaa2fe367b4e50089064b8c3141ce4085e3e4db4f1a860ba48c88fe473	ok
y1_HG02818.1	s3://human-pangenomics/working/HPRC_PLUS/HG02818/assemblies/year1_f1_assembly_v2_genbank/HG02818.paternal.f1_assembly_v2_genbank.fa.gz	sha256	dd994add4f69cca7ab224e4432687a7ab86db0521a8a722d9db2cd2baab51922	3057340409	1bfa862c3bb18246	23417079	280b4343c2bb4d38e9bb87e39a126fc6d5c0cbbde1b2df6565041e95782a176c	15764768	104ace7f58f61abbb951461c0a55c423d7df374a29ca85aca8eb8ea0ce8178f3	ok
y1_HG02818.2	s3://human-pangenomics/working/HPRC_PLUS/HG02818/assemblies/year1_f1_assembly_v2_genbank/HG02818.maternal.f1_assembly_v2_genbank.fa.gz	sha256	d54ba5c3d724015704dcc360e96452cba167a37f8ecc9934bcea03fe01ce5e33	3075427763	0a012f92402e0b56	24106599	d1ff434ca69dd2535f26ea010cc38d5283296db0afa5c11e5baf4ea4a7e18b51	16306137	20afd6ab59ff14c93423ca70a56a024d07749ca2821f170a94e3d426435b2d30	ok
y1_HG03098.1	s3://human-pangenomics/working/HPRC_PLUS/HG03098/assemblies/year1_f1_assembly_v2_genbank/HG03098.paternal.f1_assembly_v2_genbank.fa.gz	sha256	4d306c8e8a3f8e0eb1722badb09886d0dac401747c3406b004eb895698c3c10f	2972354664	44aa615393c4fb67	24256432	d401e8d33f6f03ee584fb7a85607d76f011088e17d1713b3f7b3921cf4e0227f	16689155	b4115263fbfd8af46eb62a72e8f2ec04d15bc7515b4ca95bab95b9f3cf96e145	ok
y1_HG03098.2	s3://human-pangenomics/working/HPRC_PLUS/HG03098/assemblies/year1_f1_assembly_v2_genbank/HG03098.maternal.f1_assembly_v2_genbank.fa.gz	sha256	853d1f3f3359d6499f1fb7a9a9c77654cda675a19fb117e5627d6ddf1f85cbc3	3097776583	7b7e155e9013875b	25195291	dd7ec84ffb6f2c135a1102e3a0f017dcf95abb8c4de9ac1bc1e7cf1e5d0e7214	17329806	f0fa1a5f01660e4f45e45e66e8bb92547f11ac3b8acb5aef62f6a44f3114a4ed	ok
y1_HG03486.1	s3://human-pangenomics/working/HPRC_PLUS/HG03486/assemblies/year1_f1_assembly_v2_genbank/HG03486.paternal.f1_assembly_v2_genbank.fa.gz	sha256	666e46977bb17f9311cf0ec147b884407b81711b68f8d46e3da7d273a8fe5a18	3087724051	c632d7637a335c06	24608246	87e3eb90f68a0033a7bbcc3eed20a84f0ca305ef3c64978184aa32b13c761a3d	16776500	39879b0efecc58e58c1b0fbfb0952b847773d84e61721a483fc7a29a2a031afd	ok
y1_HG03486.2	s3://human-pangenomics/working/HPRC_PLUS/HG03486/assemblies/year1_f1_assembly_v2_genbank/HG03486.maternal.f1_assembly_v2_genbank.fa.gz	sha256	3c99085badabfff138857d5a7f17750ca2faaf72d6be21c113f60423f75d7861	3072865944	fbe78ccb54f15e69	24464186	11f9c782b66b2a2d59e60ae13533a14c88810dbaf1991076c4c507f7431b47a6	16659315	812d842b9e685453817eecaa09c78a0c57a528d55b8a978e5baf2b8559f20a0a	ok
y1_HG03492.1	s3://human-pangenomics/working/HPRC_PLUS/HG03492/assemblies/year1_f1_assembly_v2_genbank/HG03492.paternal.f1_assembly_v2_genbank.fa.gz	sha256	ec35b2f88d4eee51ceea12cda6ccea9e41ed83576ba3c03318bf7c2aad98e0b7	2960229985	73c601f39202b973	20295519	c20711b8074e060e79c3a1e4d9b7c9759e909f21f65dc2f4ced66790a2d5114b	12993839	374763019b37900677dd7ad33a8419bd4d642aa3e5ad8c0024192dc21f4cbcb0	ok
y1_HG03492.2	s3://human-pangenomics/working/HPRC_PLUS/HG03492/assemblies/year1_f1_assembly_v2_genbank/HG03492.maternal.f1_assembly_v2_genbank.fa.gz	sha256	65e038a0afc14b2d9fbc5c5cf1d99f77de324821a4b2d05fd3a7f90878496b18	3061735925	7aa4b6bdaf8a87b8	20674964	4dbfaf9eac56a83d278749aeaa93850e11d13b05d081a6b87c192dbdc8af295f	13183884	e24488b4a615da322664f24d321f83b06e7bf3570bbc5d2e23a48f59fb332414	ok
y1_NA18906.1	s3://human-pangenomics/working/HPRC_PLUS/NA18906/assemblies/year1_f1_assembly_v2_genbank/NA18906.paternal.f1_assembly_v2_genbank.fa.gz	sha256	f25083f23e1f6c6c68b5ceeaddbae02d1f4d0ae6233333b58329532d6a99dbb4	3084418351	80a1ae306f93ff80	24421932	498a4811c07cd60413c3f8e335172b0e59c9f3d29667110c12828f8eb4988eb9	16643466	3a682fb52af077c5fcfe336171a1f0903531965f083430163c5eee559eba65c0	ok
y1_NA18906.2	s3://human-pangenomics/working/HPRC_PLUS/NA18906/assemblies/year1_f1_assembly_v2_genbank/NA18906.maternal.f1_assembly_v2_genbank.fa.gz	sha256	1f5d8d95193fa1869b1b3c7142d4c7c4037f92002100c775e6fdc230b861721c	3093897007	ab2206e35ddcdf24	24871718	4ffe05b0ebc27fe55b12ddd0f164b7d36e7508667b6677b2a66479056d042cdc	17024001	be5e2901c14efff0a8efb15990b870e9fd9f8b4d111c940336c1cb8b06cdee75	ok
y1_NA19240.1	s3://human-pangenomics/working/HPRC_PLUS/NA19240/assemblies/year1_f1_assembly_v2_genbank/NA19240.paternal.f1_assembly_v2_genbank.fa.gz	sha256	237410a658b58c03286ed6c9915c2f9e86fac6126240cbcd700a1615f1d0c932	3076318122	a54203b0c040069b	23838555	1d5e8e5bcfe76bdf8f36ab982424dbd019448a6d16c979a001be1ea8a5c80038	16134263	79f113a1a64adf0286f67adc8c00289fd8b5dafeb670bbf06a44461a21273774	ok
y1_NA19240.2	s3://human-pangenomics/working/HPRC_PLUS/NA19240/assemblies/year1_f1_assembly_v2_genbank/NA19240.maternal.f1_assembly_v2_genbank.fa.gz	sha256	dc5e5c02889f12b1e435f8d8ba2d8615202e3ec049c5aff65976d2fa2771be10	3069978316	6cddc1d72e252674	23948194	d9590a1612b577b9bdf699f8dae4a3366339f8e02795b30de5e5d6e9634060e9	16225279	84ee47fd3e2342c71c48610a7c88435b6977ecbeb8483d529cf855928c3a8850	ok
y1_NA20129.1	s3://human-pangenomics/working/HPRC_PLUS/NA20129/assemblies/year1_f1_assembly_v2_genbank/NA20129.paternal.f1_assembly_v2_genbank.fa.gz	sha256	f65fc08dfd2576b62bab9578e03b5a9c06df32cb9ccba0e3f490d933cd4eab78	3066949143	aa770f4577a25c49	23632387	557d31770a8b0162b6b2a1d911631e6239f71fd8670a19c7c277d93bbaba154e	15916094	eb357bf9b876e1f1010056ada5d98695629f87754a6d7ad355422d30868003e3	ok
y1_NA20129.2	s3://human-pangenomics/working/HPRC_PLUS/NA20129/assemblies/year1_f1_assembly_v2_genbank/NA20129.maternal.f1_assembly_v2_genbank.fa.gz	sha256	55f0bdbf8cee4fcabd1cb17d87171ec00b991d09f4ad290313c584dd2b825231	3083125478	589c5ea52eb468b9	23864756	0588d08a2dfc9acca1f8f2102bd8985fec2528c077252e89296800c4f4b1c1ae	16096341	c3f238bb2d80cac3c9112fd4acd8e522ef248a823086e86919eeab260824fb6a	ok
y1_NA21309.1	s3://human-pangenomics/working/HPRC_PLUS/NA21309/assemblies/year1_f1_assembly_v2_genbank/NA21309.paternal.f1_assembly_v2_genbank.fa.gz	sha256	4106352f6a92ac6c6951435f94c5ca26b58e31d48fa0c3c856f8771d5341037c	3067504983	f8a3d91bafdca097	23560367	61aa75fbb44e1973ee45bafdb5272192a14e791dba7fb3b99f5a053aacdca92c	15831311	8e8c5a832f7422f47f563752a222d6293448ef96dadce8dbcdf3a73f1ce19089	ok
y1_NA21309.2	s3://human-pangenomics/working/HPRC_PLUS/NA21309/assemblies/year1_f1_assembly_v2_genbank/NA21309.maternal.f1_assembly_v2_genbank.fa.gz	sha256	215104789395396865d5d2e3e668991f4439a274a60cdf8f0f62ba19be079ecc	3074559558	25519176fa38be5b	24274205	2e2a26c3b094b51e205727ba1f45e99fb19ab38802cfa2b64e3edb1f3306cc8b	16497658	5ccbaf751235ebf80d6b6cc4d07b13b6fe9b80999ae44c81b3c7a7b8dc75d433	ok
r2_HG00408_pat_hprc_r2_v1.0.1	s3://human-pangenomics/working/HPRC/HG00408/assemblies/release2/HG00408_pat_hprc_r2_v1.0.1.fa.gz	md5	6d673afa78a11a1f28c67d16a6bb3ba4	3106538790	2db605d100844cc7	21755034	7d2ef8b2e86209ae64f98f8d526c2032b14e83d8619ea9e4dd33f7a20d79b68e	14059805	3476581f5fd4dce89edd3275a4730d8b0f1be52844d2a71d93193c434ff307d8	ok
r2_HG00597_pat_hprc_r2_v1.0.1	s3://human-pangenomics/working/HPRC/HG00597/assemblies/release2/HG00597_pat_hprc_r2_v1.0.1.fa.gz	md5	345ff4e99d9a84617d5ac50b9b57f39b	3077900568	2dab215655df30a8	21039287	06507470617617171f48aa8e311463b2dddeda7fe73ef8fef96953e3daceb83d	13505497	66fb283b4dd0468466dfabbea9905d949bc4404da41f64a5b4a8e31acb4bb273	ok
r2_HG01192_pat_hprc_r2_v1.0.1	s3://human-pangenomics/working/HPRC/HG01192/assemblies/release2/HG01192_pat_hprc_r2_v1.0.1.fa.gz	md5	7d4ca8fd29037b76834d53b858d0e4fe	2964899526	78dae0f041ee127a	21027752	cf509eeebf1bbd58be7303f9fbd7e04bade668bd467f6dccb0894177c50cbb74	13704689	f77c5aece7d67d1b3d3b50209daf7be96568c645933c0f71572786b473eea938	ok
r2_HG01261_pat_hprc_r2_v1.0.1	s3://human-pangenomics/working/HPRC/HG01261/assemblies/release2/HG01261_pat_hprc_r2_v1.0.1.fa.gz	md5	e2defabcf5f727d586288d5fd93ae73f	2967334996	233732c0685d5ab1	20699279	99de7d0c1c5d6642b5cfd56ff178d47f4b7195d9ee36e70a059cb1a7e0bd6e5c	13319082	082e820799a2804b36427eb55f211255a52884c882fd581ceab8a01eeed9d802	ok
r2_HG02015_pat_hprc_r2_v1.0.1	s3://human-pangenomics/working/HPRC/HG02015/assemblies/release2/HG02015_pat_hprc_r2_v1.0.1.fa.gz	md5	ed5fcad08fb5761cd8d0ce291ff756bc	2957154158	2e0b1587fe434aaa	20891877	306128174fe4d2c23876f37bbbc1611221fd36c9d33563e21ce12841e3869f4c	13618877	64134635fc9cd29fdeed93f5170bfb0b74459c0c0edd79b3079bb468eaa50fa0	ok
r2_HG02056_pat_hprc_r2_v1.0.1	s3://human-pangenomics/working/HPRC/HG02056/assemblies/release2/HG02056_pat_hprc_r2_v1.0.1.fa.gz	md5	bb79dcde001bba189812022e60d3d7de	2993035455	84ca56c53a6ff7dc	21498732	c95c6d4d8bb385d453519d3ae427801beaa5ec7ec1ef4fc8b6ea27c9594c666e	14085108	af4c2f47d243b5f6f6150a7fc1e387d7c7d96d74fd662a1fe83c01a4db67b9e9	ok
r2_HG02129_pat_hprc_r2_v1.0.1	s3://human-pangenomics/working/HPRC/HG02129/assemblies/release2/HG02129_pat_hprc_r2_v1.0.1.fa.gz	md5	0dbf421a2de5e2365d43ce69f92f591a	2991483317	eeffb68fff783967	21544290	1ddf1ecdb28bdb460d3cfe8a2ab966b6bbe8389ade4ad82936c4f182958ecfea	14051706	53c5c4a1a787272b121af452695bfd11f7a2df2277d82598912866e8419b0144	ok
r2_HG02258_pat_hprc_r2_v1.0.1	s3://human-pangenomics/working/HPRC/HG02258/assemblies/release2/HG02258_pat_hprc_r2_v1.0.1.fa.gz	md5	6a693d6f96755b76ad6ae7829928b5b0	2989852161	8de37aa033816839	23307541	7c0443637f88930cfbb7dbe2453f3d53532ff863954d01c2efda516586c9fa3f	15773222	ad76e2e374e3970b25c7c9f7464df371670a99a18a21905e20c80e1c43f70230	ok
r2_HG03834_pat_hprc_r2_v1.0.1	s3://human-pangenomics/working/HPRC/HG03834/assemblies/release2/HG03834_pat_hprc_r2_v1.0.1.fa.gz	md5	55b3e2cc07157df22e5c9ec6ee20564b	3093654140	61038e99eaf8ba28	21119277	81aa203e667f263dd7e2d18dd8ee5ada44be4ca45d4574e54124603f168b794d	13550987	3eb060875eb242b76f76fde0db7876ed571af3cdc8132cc451f325a96e19f348	ok
r2_HG01975_pat_hprc_r2_v1.0.1	s3://human-pangenomics/working/HPRC/HG01975/assemblies/release2/HG01975_pat_hprc_r2_v1.0.1.fa.gz	md5	ceade24eee0b8511b66d1a94fe18f836	3069483718	584f1d84d4567dac	20707628	28be0a3f40bde8f3b04efd8a63902edf7eb9f32566066a5d48366327e9ba3d54	13210147	44feb7cfb4cbdf7e5c43e7432be3365d95097fdbeb31188048e185e76bc2b600	ok
r2_HG02602_pat_hprc_r2_v1.0.1	s3://human-pangenomics/working/HPRC/HG02602/assemblies/release2/HG02602_pat_hprc_r2_v1.0.1.fa.gz	md5	e46093ddc33e17bc6e2c138d18d6a55f	2998021819	848235db79661270	20849262	554d17c79a7734b7909375b71141c64afa28ec0acf2a9aa6bac967b301dd88f7	13417517	df65c2cee40ef6a5fec62430d242ea2fb6a4238aefa6b71b019e1416e4b5c2d7	ok
r2_HG04187_pat_hprc_r2_v1.0.1	s3://human-pangenomics/working/HPRC/HG04187/assemblies/release2/HG04187_pat_hprc_r2_v1.0.1.fa.gz	md5	90f0a272514a72e871eff87a9d5fd935	2964912434	efb23cc963235612	20279010	7e7e031dca6207ca520b7c375a0f29a618703e4c757d44b004b98f0d7ceb5b46	12980820	11906715e86874b97d2d13b3387eafe8ae29818ff5bfcc971b250c4d10124369	ok
r2_NA18879_hap1_hprc_r2_v1.0.1	s3://human-pangenomics/working/HPRC/NA18879/assemblies/release2/NA18879_hap1_hprc_r2_v1.0.1.fa.gz	md5	e8e24d032feb8d89ddaf2ccb93360788	3006393611	afd350115153f71f	24246741	6627b698c0bbc5b700e1a1bc68de677665ed380cd3a05845e0a1e9966f1b41b2	16604964	5763383a3d0081a0597d2cf0ea5d90b94eea5445eaa5528832b98354b2720e21	ok
r2_NA20752_hap1_hprc_r2_v1.0.1	s3://human-pangenomics/working/HPRC/NA20752/assemblies/release2/NA20752_hap1_hprc_r2_v1.0.1.fa.gz	md5	2d7e53fe1c5ebd53f8b9e72ab0fc4640	2967187368	26737fedfa6b0e87	20303356	7e7d6fba0e9a80ddf790d17c582202e2605b7937f77f6c94c662ed9ad61a0cd0	12992710	35e7e56a70bd0aaac4c337da800ec95f830c3215801f611eb4e9f30c94180720	ok
r2_HG02145_pat_hprc_r2_v1.0.1	s3://human-pangenomics/working/HPRC_PLUS/HG02145/assemblies/release2/HG02145_pat_hprc_r2_v1.0.1.fa.gz	md5	d208772012eb578f1d48c7d4a1af8261	2986413380	6882e8672d79f52e	22529243	28ddde287f131c2dff42b4043c7b4c59fab6b72ecce23088bbe73a2ef8faf73d	15077275	61260916dc293937c8533de59486e353047c08e4fc527a6780ad60f0266d6138	ok
r2_HG00609_pat_hprc_r2_v1.0.1	s3://human-pangenomics/working/HPRC/HG00609/assemblies/release2/HG00609_pat_hprc_r2_v1.0.1.fa.gz	md5	04d330995b8c51ddc4284b0569f036e0	2983007191	6cf6f128f97af9bd	21515548	f5739251c9a270048185cfcec3d2153a7ec1c9ebac154a0f98035edf223726d1	14108199	37c471eea03711291362ff3eaef0dcf16890aab46c1cc360854674c8140dda48	ok
r2_HG00642_pat_hprc_r2_v1.0.1	s3://human-pangenomics/working/HPRC/HG00642/assemblies/release2/HG00642_pat_hprc_r2_v1.0.1.fa.gz	md5	0b4272a4a874b5db18749555bb3c6bdf	2955927598	350a97cf175fd4f3	20147937	fb3d72fb8009f0b219b635cecef862ca3c8edd8ff0ba288359b2b7f81a4a117d	12877719	4158dc1e11b48997f70296da852e3b006c0995df270aad649fb855a6dc19ba4d	ok
r2_HG00738_pat_hprc_r2_v1.0.1	s3://human-pangenomics/working/HPRC/HG00738/assemblies/release2/HG00738_pat_hprc_r2_v1.0.1.fa.gz	md5	43d0e8ef5594fb032e2b53a3f0e8f8b7	2963954541	71922f09a6754535	20106050	d38dd7a344c8d4f297acd7196b99969200da0b92d0f7ce530fb022345a593c1e	12845514	bcbf678524855422c48daa2ba24422b7f9360179c96f99790ef722e4a254ab03	ok
r2_HG01099_pat_hprc_r2_v1.0.1	s3://human-pangenomics/working/HPRC/HG01099/assemblies/release2/HG01099_pat_hprc_r2_v1.0.1.fa.gz	md5	1cf3d2ce549bebb89eee325dbb8aee95	2968224656	eadecc57daccf0a3	20397872	59b46ad8f2213347f9720d83752eb8b48f34b6aa8426f02d4830b25076b80820	13120956	12869b57fe155a5f13c6eceae21703ee00d323cc0fc6cb41045013766c65d533	ok
r2_HG01255_pat_hprc_r2_v1.0.1	s3://human-pangenomics/working/HPRC/HG01255/assemblies/release2/HG01255_pat_hprc_r2_v1.0.1.fa.gz	md5	74a4c238cbc72fe97803111a94e462c5	2978474896	3f72f170782a111c	20787409	5d8848dd844d829eb1501a1d517b47573aa495964bb2a0a33310c922737ecea8	13436877	2c8f76f5c8865a2311893e2937f047d068e2fe1c5d6d41e28bdeac17a33eba99	ok
r2_HG01346_pat_hprc_r2_v1.0.1	s3://human-pangenomics/working/HPRC/HG01346/assemblies/release2/HG01346_pat_hprc_r2_v1.0.1.fa.gz	md5	a5186f23b250157c2a54bcb03bdaa848	3096681049	fba6c20f7931f7e1	21272023	341756cf3a3ae867299ce3aec1de0658ca1490ba8b4b8c28ed24ff411dbcb911	13679002	1f1973b7e0cf40d14e15243a21db30ed054c93001b01527f59b6f4350190070e	ok
r2_HG01433_pat_hprc_r2_v1.0.1	s3://human-pangenomics/working/HPRC/HG01433/assemblies/release2/HG01433_pat_hprc_r2_v1.0.1.fa.gz	md5	1c25c701e0dc457530b3f584d83dce87	3013010340	7f6cdc6ed195843e	20859473	1c1475b32efb7654088fb172fd19dca7ecc57cc5030cf2e14a0828e4f3ef3d78	13404745	d37b6a31a85ae2b9ece4cf9b6a54bf8b3094f0d06cfc68a433db6eb25f1d36a5	ok
r2_HG01496_pat_hprc_r2_v1.0.1	s3://human-pangenomics/working/HPRC/HG01496/assemblies/release2/HG01496_pat_hprc_r2_v1.0.1.fa.gz	md5	89ce62b08b170bcabbd6e2e977ea7f27	3101381610	edb4e7b99f5fd83b	21656118	974cc3f9220e3937f506ab001371e2159449882a41b8a27fcc97db45f6ba5f8f	14018525	a45af3b83b40ca9afda29d5a79dab72aee5fd89240edeede20347fea124a7c32	ok
r2_HG01884_pat_hprc_r2_v1.0.1	s3://human-pangenomics/working/HPRC/HG01884/assemblies/release2/HG01884_pat_hprc_r2_v1.0.1.fa.gz	md5	785638945b339208a7a9812f3d95ee26	3091441266	60ce8929965fc651	24220414	ca5b8d5c5f6808da2f57c1b833cfbd3c74a0afef4d66e2b579a830a49ec8c91f	16446440	80cdfa1be8c4f9d25fac0dd4004b461d3d4ca56ad4be909aa23ffafd096d7bed	ok
r2_HG01981_pat_hprc_r2_v1.0.1	s3://human-pangenomics/working/HPRC/HG01981/assemblies/release2/HG01981_pat_hprc_r2_v1.0.1.fa.gz	md5	73bbf6888650dfce05bed3671721796d	3099072804	8529578a00b7e0a8	21246273	30fd058085a4f57b50ab27b2349aaf334b8323c26e1f5b1e316465456acd02d3	13674344	c17b7f1c5c42ff4fec9ccb4d407a5ad2c25e99886116c55fb4dafa6e667f0111	ok
r2_HG01993_pat_hprc_r2_v1.0.1	s3://human-pangenomics/working/HPRC/HG01993/assemblies/release2/HG01993_pat_hprc_r2_v1.0.1.fa.gz	md5	a69d85f42f6d5f679a2e27ce65d5442f	3091143136	be5fa3f451f41aab	20982126	d0b8d062d4559371c40e110e2241eef2bc4355765b8a35b2a0db61cc19f0db2a	13407993	7495c111ffbacc7f3de1e3df43d833bf534a7a43cf729027ee0aaddad3042795	ok
r2_HG02004_pat_hprc_r2_v1.0.1	s3://human-pangenomics/working/HPRC/HG02004/assemblies/release2/HG02004_pat_hprc_r2_v1.0.1.fa.gz	md5	9021058fe52d075943f6d52660601d9b	3081032730	125b19b86e0a8329	21177143	396002459593713467e9c1cf2063f6e35e036b33822dc450239946e249abef0f	13634654	e91d820a986c2893dd3bf160fdf4f3e7c1b46ef3659da9ac3b43124cad8f4e4a	ok
r2_HG02027_pat_hprc_r2_v1.0.1	s3://human-pangenomics/working/HPRC/HG02027/assemblies/release2/HG02027_pat_hprc_r2_v1.0.1.fa.gz	md5	88b79f8e38f79181e5966142dc6d86d5	3014785354	091a13ab8c11bb21	21699300	d2d6e9bd7f0c282fa835021dbdef0da1a2ade4d9cfca36c4b925636eae955e6f	14210831	2c90564626292fc4fba24575e375b5ef5c958843765dac9f89194a8137a55a51	ok
r2_HG02083_pat_hprc_r2_v1.0.1	s3://human-pangenomics/working/HPRC/HG02083/assemblies/release2/HG02083_pat_hprc_r2_v1.0.1.fa.gz	md5	bd12b59119c5ae9e6ce010a22373e729	2998641786	5f16130b23dfe2bf	20835180	25e0d423790361f23cd33699adc50180ca39555d5e9a318428b112c51599f390	13425473	79d244a902a68c167b8b4286a8116239fbffdfd7e737a011ea1219f5f1b9468a	ok
r2_HG02132_pat_hprc_r2_v1.0.1	s3://human-pangenomics/working/HPRC/HG02132/assemblies/release2/HG02132_pat_hprc_r2_v1.0.1.fa.gz	md5	1d80e061ec2ba1d07bf2045a107c9b60	2976391777	dabded18f7fb2d1f	20993938	f3c20bb36a00fe3681837ffdab42d2b206ab8068b0221805eff2d22aabadb730	13642299	9cada2cc224c805775fa96a2d57353c86873501915666b53f9a165760d2354fd	ok
r2_HG02280_pat_hprc_r2_v1.0.1	s3://human-pangenomics/working/HPRC/HG02280/assemblies/release2/HG02280_pat_hprc_r2_v1.0.1.fa.gz	md5	c462f0705cae8224d495f09a41e7f3e7	3088837483	c236804b40198fd8	24090140	84032ee94e66b22a6a61a56a144dc1fceebfe3d8bd638daf9e7d153c98a033c9	16308955	2171cfbea2050fc9696902568472aebd67ad62dca4806b77cb2e94c45b0769f8	ok
r2_HG02293_pat_hprc_r2_v1.0.1	s3://human-pangenomics/working/HPRC/HG02293/assemblies/release2/HG02293_pat_hprc_r2_v1.0.1.fa.gz	md5	50f81084c00e7bec4c0f37490bf2b686	3093885154	02d31975c6a9798e	21376721	e27a1e79dc936947fec82a0b4d1365d11fdac5211fbe59d15159c1412f88fa24	13756460	248c08ae5489de28669baac8b961888902405900872d6d14d03aebec271bf562	ok
r2_HG02300_pat_hprc_r2_v1.0.1	s3://human-pangenomics/working/HPRC/HG02300/assemblies/release2/HG02300_pat_hprc_r2_v1.0.1.fa.gz	md5	afa66f4ebe0776448ac0b4e49c62d64a	3093621370	e5d516a282561ee9	21223308	4a026c986337c0f94dbc694fd1b85c6407d3dfd1ff5c4d9704a0453b06e480bc	13603361	fe26717333e68dca7e5c01196e5074bd93ca5a933ea07c888aaf6c706560e141	ok
r2_HG02451_pat_hprc_r2_v1.0.1	s3://human-pangenomics/working/HPRC/HG02451/assemblies/release2/HG02451_pat_hprc_r2_v1.0.1.fa.gz	md5	59f1f8ac359f89430823ebad462716e3	3089501777	c0e37553e4eec4a3	24044377	5d9d4c1110579f897c0962be3f80ae16dc1925dd10ac1667290ca2565115f35a	16291941	a3d859753cb54527aceab1972a5adb0dd345b41d7ef286bfc28b450b3ed2c6a8	ok
r2_HG02523_pat_hprc_r2_v1.0.1	s3://human-pangenomics/working/HPRC/HG02523/assemblies/release2/HG02523_pat_hprc_r2_v1.0.1.fa.gz	md5	1c9cc80f558d6ef02a8366db83a93f92	3076419855	a35319fd046ce551	21418443	828df0183b83e3bf327f660c6e4c9845c2d438d25f2f4b274df0b7f953471e93	13850240	b6ef1f0901ea35bb1e3ecd65951aab04dd66acda130d2be9e18059a8e79be2e5	ok
r2_HG02615_pat_hprc_r2_v1.0.1	s3://human-pangenomics/working/HPRC/HG02615/assemblies/release2/HG02615_pat_hprc_r2_v1.0.1.fa.gz	md5	d68f4cfdf7496cc80c985fcf7ba361db	3081842549	a334041666dbc90d	23801669	fd0ee2588a9765e8f63437c27b1a13140cfc4f2fc2d164973f68c116d31c8b14	16110316	c8a0f78559d6f5bbe05831176d9f9d6274dac97a4e10fa69407ea653135c89c1	ok
r2_HG02647_pat_hprc_r2_v1.0.1	s3://human-pangenomics/working/HPRC/HG02647/assemblies/release2/HG02647_pat_hprc_r2_v1.0.1.fa.gz	md5	532f488e6d3a967c69d96c2ae782addb	2992680666	359a586ca6043319	23946710	2df9a286f3e600fa30c36c33d83497e7edc6fb2507220b340a501f29d984e499	16364198	8e72e53edf370ed354b68dc038e69f48ba36985153c6c4ff0f7a049d1e2c3204	ok
r2_HG02698_pat_hprc_r2_v1.0.1	s3://human-pangenomics/working/HPRC/HG02698/assemblies/release2/HG02698_pat_hprc_r2_v1.0.1.fa.gz	md5	c248d71a7c4add65b144bfa95211efac	2965167048	5016e7073fbaa0e5	20189306	7839fafef532bc10cccf83e012d6398b7ae5767cbf188ca11fdfba68925864f5	12940707	e686d26fecfe2afd703a8d5d85f203484884ed0b42d9c57a20e9ecd82100835d	ok
r2_HG03654_pat_hprc_r2_v1.0.1	s3://human-pangenomics/working/HPRC/HG03654/assemblies/release2/HG03654_pat_hprc_r2_v1.0.1.fa.gz	md5	e8ae75e47c213b0a43058469ab10fd9e	2966653109	3917ea1c1c690c2c	20962297	8b4ebe6dc396d41b57a700363a471d814ee482a381cbbb7157f07415168dba60	13554449	291d260a5540c383d1b76136ea4e15b6966107692e1b9c964cf5ff4db3cd7d41	ok
r2_HG03669_pat_hprc_r2_v1.0.1	s3://human-pangenomics/working/HPRC/HG03669/assemblies/release2/HG03669_pat_hprc_r2_v1.0.1.fa.gz	md5	9e6092c69b1f547c027772c19faac94b	3082983848	33c1ea9ae31b051a	21057860	be6b0762f299ad9f40fc75e91fa2fac54f4ded9684843f5acdeebd014917d531	13445640	25570b68a4bf393840e360b72cbcae7bbaca6a8121b7e6d6ddcf7f6f52b87909	ok
r2_HG03688_pat_hprc_r2_v1.0.1	s3://human-pangenomics/working/HPRC/HG03688/assemblies/release2/HG03688_pat_hprc_r2_v1.0.1.fa.gz	md5	cfcbe49b2431200caf0ee5ee86f16c54	2983784646	3a1708243ba26fe1	21284273	b97a32db7d33bfe836a8541cda56173f94786096735ab43634c2a344f90ed50b	13848235	53a55d706da6acb4835b9d862f5d819bc1311aeaf108f9fd475c94fdb334f1b2	ok
r2_HG03704_pat_hprc_r2_v1.0.1	s3://human-pangenomics/working/HPRC/HG03704/assemblies/release2/HG03704_pat_hprc_r2_v1.0.1.fa.gz	md5	c3415f3126d3fe0a261ecbe95a50f0f4	3087629745	298f9f5dfbd3805e	21365864	beaa476821a4bdcdcf3b5078b445c7e3af9a4cae2301b654503401bbb0a9c652	13724877	3643b6ca50aefde4373e04cd1595333888dd51d1b0b4f7f321edf78c4ca72d05	ok
r2_HG03710_pat_hprc_r2_v1.0.1	s3://human-pangenomics/working/HPRC/HG03710/assemblies/release2/HG03710_pat_hprc_r2_v1.0.1.fa.gz	md5	d347880df8a7e67b54bb8d7496645f4d	2970918497	2952d94331bf24d3	20019020	b4f013106cbfa8f75b46ada203c636c889c24865b052ee148020fe6106080991	12766464	021fb6d9891a7616d88c696cbf4624de63ab59ac845e794f8c87fd28adf86ea8	ok
r2_HG03831_pat_hprc_r2_v1.0.1	s3://human-pangenomics/working/HPRC/HG03831/assemblies/release2/HG03831_pat_hprc_r2_v1.0.1.fa.gz	md5	c237e9443f44166cce9e6e29e63ccb83	3084256981	1523ecf484ef84d8	20843704	e05430f939bdadd3cb672ab129212a4711d544cfbf63591ca832dfac0dd270f9	13327288	ac7b7c06e88d1ff65de8f0aed50140d879d296cecd678a8d76d07475a28fc2d4	ok
r2_HG03927_pat_hprc_r2_v1.0.1	s3://human-pangenomics/working/HPRC/HG03927/assemblies/release2/HG03927_pat_hprc_r2_v1.0.1.fa.gz	md5	32a1a7b0f283a09fe094e2e9b99f1af2	3103550024	5dd60328e73663c7	22644048	dd94e252a82a78e5a5151d9169044566f9f148b029365e8e1ed874a83cab83f4	14897424	decaa55f19d9f741b0113e3725a2a098cf110250e9fe9daf5c50da37d06cf493	ok
r2_HG04115_pat_hprc_r2_v1.0.1	s3://human-pangenomics/working/HPRC/HG04115/assemblies/release2/HG04115_pat_hprc_r2_v1.0.1.fa.gz	md5	4dfbddaa9ff7c52d642fec5435003ad2	2996519977	d80bb7ca3492bde9	21505640	37ff7d623df6fec81c00c8c57901d75521a329dc8ab5e84ac0719227f256c80a	14013049	ab80a83c920ef0ac5a726404e5d1496a0b8d4df3978366c06451e4776d79e906	ok
r2_HG04184_pat_hprc_r2_v1.0.1	s3://human-pangenomics/working/HPRC/HG04184/assemblies/release2/HG04184_pat_hprc_r2_v1.0.1.fa.gz	md5	67bd73b0c0d1df4001a502f018eec714	3091977314	cba5e297b49d7ec2	21316644	bc8b036c4b8204f701a7d81933b482e0cbd910989731963b099fd822d0302530	13674075	d545c109a395a6b9efbaf107d609e59e8ec2d50c4ceebd83d552009219318a13	ok
r2_HG04199_pat_hprc_r2_v1.0.1	s3://human-pangenomics/working/HPRC/HG04199/assemblies/release2/HG04199_pat_hprc_r2_v1.0.1.fa.gz	md5	2ff1998ae845ee3077fc41e7d8978d7d	2977776893	8b52bd531642dc0a	20961719	241a7fa1cfc24d56f29dffc6b4d713b6625a59c8343461efd9c4d7836dbdf6b0	13593381	1cae52d26ac5c43c45eb233b57e2f09fb6feca2337bb5cc720df6eb0305ca340	ok
r2_HG02738_pat_hprc_r2_v1.0.1	s3://human-pangenomics/working/HPRC/HG02738/assemblies/release2/HG02738_pat_hprc_r2_v1.0.1.fa.gz	md5	f3601bfe6ae2c739b9279c18fe42bd32	2975992431	7385a8854af6d703	20078257	e92af3a4b1ebcb302c1f9a7b970bd52d5791f2b03317c3835311c94a750d1033	12765565	ac2a55e66a6121b13f7d6fd7edb3f8bec96697a753b97520cb7f4447615bdbc4	ok
r2_HG00621_pat_hprc_r2_v1.0.1	s3://human-pangenomics/working/HPRC/HG00621/assemblies/release2/HG00621_pat_hprc_r2_v1.0.1.fa.gz	md5	396d2d0c659cee5a36c840d7e53c058f	2964748483	54f99acede8ce97a	21104336	921d950af600f4a866719ab5d285254b565397f8bbf97246da556dff8250395e	13776477	46b7cc564ddb92fb8ff7a86ed767619e0010d37934695cf85e64b0aa79c6e0a7	ok
r2_HG00741_pat_hprc_r2_v1.0.1	s3://human-pangenomics/working/HPRC/HG00741/assemblies/release2/HG00741_pat_hprc_r2_v1.0.1.fa.gz	md5	a9e22b6c03cf9ffcca8cbe63b7ee7dd5	3084576671	e5ed6d855aebd252	21428748	2c8953ac716ece52c97e3f0fc43dcac97b9bc2eb420328068b3f85b2605661ab	13790479	6018e38b211c87b7044d057f65b46d6193940f22adc02a56f5d2a5e47a957f1e	ok
r2_HG01106_pat_hprc_r2_v1.0.1	s3://human-pangenomics/working/HPRC/HG01106/assemblies/release2/HG01106_pat_hprc_r2_v1.0.1.fa.gz	md5	67f5f0b04c24cc72b5ef6d5d3aaaaad2	2983125434	71139ad0d9e3c9a5	20847759	eeae505a2d676327b7b8122fb889b5fb62768781544a1e939de4f3571fffa23d	13489582	0727f50fb2fb233d8751d10918f693e55cb84d6255ef15f713815e2af5030012	ok
r2_HG01175_pat_hprc_r2_v1.0.1	s3://human-pangenomics/working/HPRC/HG01175/assemblies/release2/HG01175_pat_hprc_r2_v1.0.1.fa.gz	md5	60989d867c2cdb43211018a47ec7a280	3083949271	4504b4b587c2b58e	21741366	593c491aafe6776df346db3b8d0bc87a195cffe1b6fb9982ca7bc48ab0a73166	14095540	a5a24c4334ffb14bf866dcc4f989d412d4837f8107fc402bf7610eacc954e71f	ok
r2_HG01258_pat_hprc_r2_v1.0.1	s3://human-pangenomics/working/HPRC/HG01258/assemblies/release2/HG01258_pat_hprc_r2_v1.0.1.fa.gz	md5	b29e861a64c2561fb4d0ce40a0ffc60c	2965744121	7185f2f2775568af	20435092	119f5cc8cab878f9f1ade239c5a85c51352eb1e3a6fcd1f0fd3029a1eca528cf	13103867	bdbb7b7436fc8c8cef3aa76b3a1c2ab96fc27bdff48cf43c45b31a0b8f7cc76d	ok
r2_HG01891_pat_hprc_r2_v1.0.1	s3://human-pangenomics/working/HPRC/HG01891/assemblies/release2/HG01891_pat_hprc_r2_v1.0.1.fa.gz	md5	9145908d535eaeb7054324d6b2f76521	3093298899	e2832adae69b55d9	24292312	c690edf3be4a7b7409264455d7b473da77abd3e217ed36f36f84873818f1286b	16567110	71650ae2324a6f3472ea58cdaeff130a97f202f2f179b92e8a3ed1199b7b5e76	ok
r2_HG01952_pat_hprc_r2_v1.0.1	s3://human-pangenomics/working/HPRC/HG01952/assemblies/release2/HG01952_pat_hprc_r2_v1.0.1.fa.gz	md5	b1fefc28ebc5d75e793612777b7b3683	2965161510	5af90c9d34bcebf8	20400911	910bc16762f1252f93b000ad1b08e98f42549e9fa13f005c141a34e02eb9ffee	13105416	3ff8c563af7066ed35e9abaeccb74e4b0c81a03faa7359210cf12500e70809b0	ok
r2_HG02148_pat_hprc_r2_v1.0.1	s3://human-pangenomics/working/HPRC/HG02148/assemblies/release2/HG02148_pat_hprc_r2_v1.0.1.fa.gz	md5	cba859e453dbc880d5cc406ca400351e	3080280988	d377668bad966425	20758427	48ad8da5100316945bf4860016f97b89420f0173dd74e838d25a048099858c7b	13240491	2a5b9e020bb6587b2f2cbfeef05c62bc3a827c6ab84f492bcec1f6a9597bfad9	ok
r2_HG02486_pat_hprc_r2_v1.0.1	s3://human-pangenomics/working/HPRC/HG02486/assemblies/release2/HG02486_pat_hprc_r2_v1.0.1.fa.gz	md5	875dcffe5e372af5c0a3fed8620d246a	2982944819	16ffbddbd27d2efa	23716841	0277803fb0c1cb27814e0aa78c85f6cb487372ac7b0dd90c7fa4b4cdc36eafc5	16174564	7449b9c462e4db0cf72a18c558dbaa1213f055a3466415e1c054dabbfcb04f8a	ok
r2_HG02559_pat_hprc_r2_v1.0.1	s3://human-pangenomics/working/HPRC/HG02559/assemblies/release2/HG02559_pat_hprc_r2_v1.0.1.fa.gz	md5	3f5c139276ac2d0da92a28bcd000158c	3080223319	630aaa6ab90298cb	23869392	f371aaebf5e19f54c6b73ff643352da8063aa8ce4cbe97f5e9f4912ed7dcbae7	16140117	49088658f04bfeba83a1e594953efc546d820237688b79ba759a93ba58c2400a	ok
r2_HG02572_pat_hprc_r2_v1.0.1	s3://human-pangenomics/working/HPRC/HG02572/assemblies/release2/HG02572_pat_hprc_r2_v1.0.1.fa.gz	md5	5501b586075fa556d583291a255b716a	2976274766	2cc715243b2f03ad	23626793	0ecb92eb1635e24ff7b3f3f6c77cc4325f24893320d6bf4c2cfab16270f6cdb5	16111150	190aacd4a730a577032cd3a36607d16935bd75a37fdb9dc176b2098460dddc97	ok
r2_HG02622_pat_hprc_r2_v1.0.1	s3://human-pangenomics/working/HPRC/HG02622/assemblies/release2/HG02622_pat_hprc_r2_v1.0.1.fa.gz	md5	4eb2ce28a258874fb92084e3b5fb1206	3088711876	b3ca3469c016fa5c	24143643	a2c68e103afcc78b8f420426d5229d7e2df7c9220cfa13101a6adfbcf1d8b71d	16411755	a176272052cc20599c5356c9308e4f25621402ddc0eb479d7d51050e1ca025e0	ok
r2_HG02886_pat_hprc_r2_v1.0.1	s3://human-pangenomics/working/HPRC/HG02886/assemblies/release2/HG02886_pat_hprc_r2_v1.0.1.fa.gz	md5	2868d59f4cce477a9e0530825eef9110	3084549241	208706a290ff6622	24099697	35ca4c5cbd428b482cee37dccc4bde786e544f7cdf354f1fe19e28d6757dda51	16367610	b84b793eb0c19129583b3c4d6ffe0471cd569939789b8f5a979c556cac8a8321	ok
r2_HG03453_pat_hprc_r2_v1.0.1	s3://human-pangenomics/working/HPRC/HG03453/assemblies/release2/HG03453_pat_hprc_r2_v1.0.1.fa.gz	md5	d4846584631cfa1fde32bca71e22507a	3105958403	c8cf174af590f118	24745214	dc803564912f4749bc8f5b302cf2817fe85f6e7f61889cfebfa61b8e56d7f62a	16956941	508a9042cdce770cde158910451a28b6d66b3c053952307f7c9c625f4dc2a114	ok
r2_HG03540_pat_hprc_r2_v1.0.1	s3://human-pangenomics/working/HPRC/HG03540/assemblies/release2/HG03540_pat_hprc_r2_v1.0.1.fa.gz	md5	9ae20956385cdc1e72be40084d2b2cf2	3111559786	fefc8bc5300d0f1b	25219167	95e6849de894d5637d7c9c8b7f607d7bb418ab61cc9ace0a2af1229d3e0c2945	17356343	2b1794a4ceb2bef25a0269f9c3146e782894d4eeb2a68bef29a4575901190dd7	ok
r2_HG00099_hap1_hprc_r2_v1.0.1	s3://human-pangenomics/working/HPRC/HG00099/assemblies/release2/HG00099_hap1_hprc_r2_v1.0.1.fa.gz	md5	ac19d8da0cae7253b94e5e691db55a7b	3086797435	589d7e870e1b21bc	20752253	7e1b196a770ea8672367b864afc34c0a36d4aaa36f699a2aa7be1e45f6135212	13156369	43ec9ec6b137e33e18b858e4b44b6ba24be6895878efee95da46b320aa744745	ok
r2_HG00140_hap1_hprc_r2_v1.0.1	s3://human-pangenomics/working/HPRC/HG00140/assemblies/release2/HG00140_hap1_hprc_r2_v1.0.1.fa.gz	md5	7c32c465661ea7961357baafe559c98e	2986677819	c74a5ff468458ecd	21154889	c408432d30e325f57596a6c6911d11069d35e39db09354c7eefff74a08fc9e7b	13749385	654b2226159a3a393900a4a1716a06d85c0b4bbffd821fe6071a6ea1c76f01a3	ok
r2_HG00280_hap1_hprc_r2_v1.0.1	s3://human-pangenomics/working/HPRC/HG00280/assemblies/release2/HG00280_hap1_hprc_r2_v1.0.1.fa.gz	md5	fa1b1de512096e3f3356bf96af2ddac4	2979492780	1b4593f34b539bd9	20506861	121143e49fd3efafe53c4f884c48a4837d39970d477700ec1a546f6d7e71c84b	13160107	8eaf147091de17a022247835175eabc0cc65b2b597427090ee72024e4a34217e	ok
r2_HG00323_hap1_hprc_r2_v1.0.1	s3://human-pangenomics/working/HPRC/HG00323/assemblies/release2/HG00323_hap1_hprc_r2_v1.0.1.fa.gz	md5	dc8ff6e654d743371413db70380d8b10	3090113191	9ccae724fda2b74c	20941153	148e77a7a965e7d6d87e2cdab160236a15aa22b51bb4b826d74c99dd0fa1e034	13358613	6bcb991b8b523c5e54ebb5a435f71938f66870583478d11c366ef54e10bafbcb	ok
r2_HG02040_hap1_hprc_r2_v1.0.1	s3://human-pangenomics/working/HPRC/HG02040/assemblies/release2/HG02040_hap1_hprc_r2_v1.0.1.fa.gz	md5	84731cdde018f5548173c33cca7dd96d	2986457583	d9607d0bf2b3451c	20256572	ab6d69c6493d434f9ad270dcb568f80467031f5cd082a3aa4f228bc406b91fdb	12979058	68d68b2613dcd9accb04ac7f0cb8f540bb5b112db5b981f832153145f82aa2e6	ok
r2_HG02165_hap1_hprc_r2_v1.0.1	s3://human-pangenomics/working/HPRC/HG02165/assemblies/release2/HG02165_hap1_hprc_r2_v1.0.1.fa.gz	md5	55aaa5fb3b2cba74db506a51a360ee34	3090568384	f26d9f8a95830b2a	21854229	8c1bb109ffa79b37fa65ba18e87857786bc5cfc00bc52166dbd22c2f16c34ba0	14217164	d321a22d39fb31d5f95b00a23f2ad62542ad1d41d3e787c510db842a98b27013	ok
r2_HG02273_hap1_hprc_r2_v1.0.1	s3://human-pangenomics/working/HPRC/HG02273/assemblies/release2/HG02273_hap1_hprc_r2_v1.0.1.fa.gz	md5	d8ec6e5d875734e94bca91b0eb13f9e3	3091807686	32e09753f7951eb3	20753181	0bf0097fd65d1c90120ace82c2ed7069aa36b059cbac5be4ae9011b57ea4a946	13241100	319d1b2551e7c4a34acd63a3b330ac564162309f6471614e457ab8a5afd66948	ok
r2_HG02922_hap1_hprc_r2_v1.0.1	s3://human-pangenomics/working/HPRC/HG02922/assemblies/release2/HG02922_hap1_hprc_r2_v1.0.1.fa.gz	md5	650b7f92b8875f28397932aebd4fb078	3105695150	dc6e46d1deaf020d	24929446	73feaede5d042f839fd5e327edb72d26563290975c3b9c45f6f15a6b03a9c118	17025225	74e7504ded8e28584738ed38b0b0e6f1495960eb548756b63d13bb50efe6cadc	ok
r2_HG02965_hap1_hprc_r2_v1.0.1	s3://human-pangenomics/working/HPRC/HG02965/assemblies/release2/HG02965_hap1_hprc_r2_v1.0.1.fa.gz	md5	368a7c4274a2080c2f33e0d990f50c27	2977391827	63e4145d5f2d620e	23384193	4b07e2f1698d2d27c1efc5c5155e153e5dcb4ddce25bdd280454a2c4dcab68a9	15875931	1d546269744ddecf330c2acc14fe6bc7e63074fbd4e264ff146e61a26ad6a82f	ok
r2_HG02976_hap1_hprc_r2_v1.0.1	s3://human-pangenomics/working/HPRC/HG02976/assemblies/release2/HG02976_hap1_hprc_r2_v1.0.1.fa.gz	md5	70ee6c6123455d6cf42b4def5dcf52bc	3086496003	c3201c96ebd2b446	24168612	27bc1a3e63d342c84a24b6e76ba04c4f770ca23c5ecd211032f1b3f4a880a4bf	16408431	5c8649684d824d7faddfbfa9195d3b23392a99b885881a18861c11587e1856a9	ok
r2_HG03130_hap1_hprc_r2_v1.0.1	s3://human-pangenomics/working/HPRC/HG03130/assemblies/release2/HG03130_hap1_hprc_r2_v1.0.1.fa.gz	md5	d09a1f5609171e923afde32f4e4f697e	3014604299	c1b3b150a5c691c8	24514551	23b8515ae2af6568009876d259160f998697ce6995c438dcddf103ca5487f320	16825404	b815a13bb6a42eff7cfed82409984dcab7a589eef87fcd0e63c08c3700559311	ok
r2_HG03195_hap1_hprc_r2_v1.0.1	s3://human-pangenomics/working/HPRC/HG03195/assemblies/release2/HG03195_hap1_hprc_r2_v1.0.1.fa.gz	md5	f56acc37efcf0699f9fc7ed9dad0e569	3087370987	56e45fe61523ac75	24202022	5241c25ec05dbd9f5be828ea7fe59615076acdf7a44a1b8d172b0b023747750e	16432656	566849c4f48e785e941a2cf15a9c08350391a133b8994a8c8f216dc7354fea36	ok
r2_HG03209_hap1_hprc_r2_v1.0.1	s3://human-pangenomics/working/HPRC/HG03209/assemblies/release2/HG03209_hap1_hprc_r2_v1.0.1.fa.gz	md5	7d25f4e97a520dd834fc2c5cda7cd085	2994962315	25ff5bf70f451be9	24044874	b646bec591c7cf4c5882c23a8556918d49bae2170a841b22fc7afef846be7a74	16474942	6d705af892ff0173d2427193757129beba9830af3772d25983814a073604f3cf	ok
r2_NA18522_hap1_hprc_r2_v1.0.1	s3://human-pangenomics/working/HPRC/NA18522/assemblies/release2/NA18522_hap1_hprc_r2_v1.0.1.fa.gz	md5	387d8de129bf732349827fa706b9e2f3	2995571351	ed0c3f39aee82951	24085230	fa7f9d0a7eeaac5e0459502777497705661bc517ae4ee453bada6882168fa946	16464201	267c00b774bdc9a3d5a5a735cc624aa8eea56375dbbaba571183b4eace8422ce	ok
r2_NA18747_hap1_hprc_r2_v1.0.1	s3://human-pangenomics/working/HPRC/NA18747/assemblies/release2/NA18747_hap1_hprc_r2_v1.0.1.fa.gz	md5	61c1df2a97b0215553e0b057af78dd14	2984868469	08879ded0b4bd33c	21242638	0a787c8252712b84cb106e72f3dbbf398145742b361b64a6fcd628dfa28ba9c1	13833940	b042224b9e995fbaec6a9393534dc7610dd795dc649e1f4e19c313b7d901e235	ok
r2_NA18971_hap1_hprc_r2_v1.0.1	s3://human-pangenomics/working/HPRC/NA18971/assemblies/release2/NA18971_hap1_hprc_r2_v1.0.1.fa.gz	md5	c406173e6eee587b6992bf18af86bb67	2990917350	909a07974e9e9417	21546554	8f7251d08a12523f70603c9196dce3d590f663556c02dcc67d942e63b74a5516	14122340	05f808e355121249e50d542cfc58696142b6db091c4c92974bfbc391021af461	ok
r2_NA18983_hap1_hprc_r2_v1.0.1	s3://human-pangenomics/working/HPRC/NA18983/assemblies/release2/NA18983_hap1_hprc_r2_v1.0.1.fa.gz	md5	6de917cce5a15de3c2ad124cdb996fc1	2995056317	30f19545748276f8	21406893	c6a59c2742e45f5c944d36ed24d2da2b41720834ccb8599244767951424c8c2b	13963537	3bfc9946d9ac490193ea9eab06c77235dac16c13d93160432626c0ef1b1db28b	ok
r2_NA19043_hap1_hprc_r2_v1.0.1	s3://human-pangenomics/working/HPRC/NA19043/assemblies/release2/NA19043_hap1_hprc_r2_v1.0.1.fa.gz	md5	fb0d365ca56bd250ef1f40e211db4385	2981050800	e0c0295a60ef3abe	23314129	aa1d79244458c42c0643cc038745a028d4d4289bc6aa2903772db073fca1845d	15826186	f82078efd58324914bfd08342f09803bbd58dcd29217fa1af699405d80934e95	ok
r2_NA20905_hap1_hprc_r2_v1.0.1	s3://human-pangenomics/working/HPRC/NA20905/assemblies/release2/NA20905_hap1_hprc_r2_v1.0.1.fa.gz	md5	c4c3d43f1108f670f932d7249c802480	2964777759	faf27489ff69f0a9	20457951	8a887ed9ef8f6585c2b920c3e0cdc2cebd6c579abe796d260dd31183b4df115d	13180287	49a4fba00eaf5b9c77bc60d9c7869b4d09bfe88ad0de33317780418e668d77ce	ok
r2_HG01530_hap1_hprc_r2_v1.0.1	s3://human-pangenomics/working/HPRC/HG01530/assemblies/release2/HG01530_hap1_hprc_r2_v1.0.1.fa.gz	md5	74ba24db83c7a1746fdc8e7061435382	2978507952	1a94d8b23c67299d	20197907	20341fc28c603ebbf79659eb56981858e492589d0c7421a0f4c5ea8da3d30500	12891786	8fa7c38b30f0929ca9ee31d4099a37aa818b65b27d89125ec86ffe34de8c0e68	ok
r2_HG01784_hap1_hprc_r2_v1.0.1	s3://human-pangenomics/working/HPRC/HG01784/assemblies/release2/HG01784_hap1_hprc_r2_v1.0.1.fa.gz	md5	b349221b244de1e0d2fcbe2a15180bca	3095534209	f94a6bd76aa5302f	21148871	24ba69d7dcc0b5da5a70c490da2d3f70eed15b0de3f5026d28cae14a5a944fc4	13556793	b2d719fb03c8ee2fde0db1b42e2c576f871b4cb285c2a99ca285909b843c66e5	ok
r2_HG02391_hap1_hprc_r2_v1.0.1	s3://human-pangenomics/working/HPRC/HG02391/assemblies/release2/HG02391_hap1_hprc_r2_v1.0.1.fa.gz	md5	7256ee6ed5b6e71827009a298a01ebf1	2992461270	e8efce1f4b2526ee	20766912	8bad56bfbdd357ffbcf9160900954eb67d461e8424c2d48e6c47c01762b0415e	13416423	065b5f54298ffc03a082678e4473b5247409e07c4f652a03a259e145f4809cdd	ok
r2_HG03471_hap1_hprc_r2_v1.0.1	s3://human-pangenomics/working/HPRC/HG03471/assemblies/release2/HG03471_hap1_hprc_r2_v1.0.1.fa.gz	md5	98d24c6335724f1fe47d9c7212c39f85	3021062847	b192882776af2f97	24698633	4e3d81fec335b6d252eddca2352253f313842ea31bd391062f741b16e732778a	17023207	5fbad68c65d9ba530fc3167fdc95e0e5a9d03c20c0a66738cdc98bb21b71bc81	ok
r2_HG03742_hap1_hprc_r2_v1.0.1	s3://human-pangenomics/working/HPRC/HG03742/assemblies/release2/HG03742_hap1_hprc_r2_v1.0.1.fa.gz	md5	3144249f57cf68b3f5e3304f2d1aaef6	2996701017	8d94e9180b942472	21505847	f8b79aebe4715530bcd29a09aad3e2c9cff3283b8e2a1f04cb07ff5f75ab1baa	14038133	7234d63288f3f6f86c233fb429e16af494067bd2a269bd6b34e095fb5cc5af38	ok
r2_NA18570_hap1_hprc_r2_v1.0.1	s3://human-pangenomics/working/HPRC/NA18570/assemblies/release2/NA18570_hap1_hprc_r2_v1.0.1.fa.gz	md5	e00c59f35a2dcb3d5a60cd8676fff173	3081207812	2c8c65103243359a	20850327	296d5c879629cdb4e8c24aacb6f80ccbdf63ebc6d0c1f36c26a4f73dcfc5f8e4	13361132	9f41b0ad0585b9f95ceadc5e1ed2ee1adb818701ff2df76f88fc0d1272a7345e	ok
r2_NA19087_hap1_hprc_r2_v1.0.1	s3://human-pangenomics/working/HPRC/NA19087/assemblies/release2/NA19087_hap1_hprc_r2_v1.0.1.fa.gz	md5	bcbb6cb25eec8c396d6579ad9ee07f04	3101129472	c855d7600e88759d	21483849	df55f328c81cc2deed069454eefd6d6d9a5b375617408b26cd5287988efd8b40	13860748	4b49ecf203275105dde53dc3e64a6c93cc91e4d8548d8f03c721a5c4f791fda6	ok
r2_NA19185_hap1_hprc_r2_v1.0.1	s3://human-pangenomics/working/HPRC/NA19185/assemblies/release2/NA19185_hap1_hprc_r2_v1.0.1.fa.gz	md5	f5cba5a96ba590e843998ebf627ea754	3088186920	bce3ce69f45c6578	24266451	2ce2350fa0a5fcbc6a5f76523c1d1d7befeb53add71dcc1a813d0b647ea443b2	16515326	fbd684229b5b7d48537403b7ab73ac9f64e422d23ac5cdb032d4958c43c8a653	ok
r2_NA19338_hap1_hprc_r2_v1.0.1	s3://human-pangenomics/working/HPRC/NA19338/assemblies/release2/NA19338_hap1_hprc_r2_v1.0.1.fa.gz	md5	372a275c3d1514b2ce87c4aadf26c37e	3094249300	86c4d525d7dab5a5	23836255	82b1b3134178dca8a6d36c8eb021b2f61201f2067d536398c3d1aae1093667d0	16054710	576e0ee9c166547fee3167a8149b36ef0a4519431a91495d7e435e17a6483a52	ok
r2_NA19391_hap1_hprc_r2_v1.0.1	s3://human-pangenomics/working/HPRC/NA19391/assemblies/release2/NA19391_hap1_hprc_r2_v1.0.1.fa.gz	md5	6e36a184e51c4ace7cd780407875b4f2	3103293628	abee88b10f614d63	24490902	235f15c6b01dc818ad4b6b2bf9352f7cadd8e6405c510b852897ef046000d141	16673651	f66e6cff85b47b5de30622c6e90c0c53bca55da15a8644454f82cf1b73359fa2	ok
r2_NA19468_hap1_hprc_r2_v1.0.1	s3://human-pangenomics/working/HPRC/NA19468/assemblies/release2/NA19468_hap1_hprc_r2_v1.0.1.fa.gz	md5	de6cc0bd09212ecdf247e1c50c59faa2	3081111641	d5b2da835f451b6a	23736899	78081764a0f6ff23c2f8cf9c4a9d9e430bfd9b75d3ac1a51ed8867c366e4044c	16053718	53f513682c8da22248bea4030360534639b58182a00cc251bcdac57f67d82358	ok
r2_HG00438_pat_hprc_r2_v1.0.1	s3://human-pangenomics/working/HPRC/HG00438/assemblies/release2/HG00438_pat_hprc_r2_v1.0.1.fa.gz	md5	9354fe6b1881b62c56a3dcb17dba1046	3081005811	8f4c39043a73f347	21781304	1fd01cc8e5c0ed464ebd3139c217f0d6c179b52d41325d490ad588abb8d6df82	14194963	7e27ba6913d21591533f5823a014e075ca36a00490fea401041667e5bc632290	ok
r2_HG00558_pat_hprc_r2_v1.0.1	s3://human-pangenomics/working/HPRC/HG00558/assemblies/release2/HG00558_pat_hprc_r2_v1.0.1.fa.gz	md5	ab6ab24166988aa59b858686592be5cb	3098052085	6ee2ae875791a7e9	21319638	50fb3729d7f0326ef5992b3ff6b4d26fa88b3b101c5693f311d7a468793f4da3	13718598	54aa5b719d08c82b9539c10e73e86fea1a62b8a395992c7d6b531e94042a45f1	ok
r2_HG00639_pat_hprc_r2_v1.0.1	s3://human-pangenomics/working/HPRC/HG00639/assemblies/release2/HG00639_pat_hprc_r2_v1.0.1.fa.gz	md5	e3d920762eb775bc3162499036a9c95f	3069814377	a02d9eb66f5faf59	21032469	4f0a7b560f3a871311582248a46028288f6bc247d1facbb7ed61e3bbb6964ec3	13533516	54080d2a2638a88fa27835aaac8bad589204ed70a6ff7376ac74c4d10d237a73	ok
r2_HG00658_pat_hprc_r2_v1.0.1	s3://human-pangenomics/working/HPRC/HG00658/assemblies/release2/HG00658_pat_hprc_r2_v1.0.1.fa.gz	md5	3162427c2e018708273e81bfe5837263	2982991369	d115e0af2dd059ba	20913445	fa5a79f9239126e3d130991aa2b839e3ab9c141dee4666c6c91e472d6f8b0393	13572507	35ffb9e6a369721a8ae3f2340fabf8ec17f7aa9f3a6454511b85000ba5ce7e4a	ok
r2_HG00673_pat_hprc_r2_v1.0.1	s3://human-pangenomics/working/HPRC/HG00673/assemblies/release2/HG00673_pat_hprc_r2_v1.0.1.fa.gz	md5	601d3c1c4174d4b36664778ff84beb36	2990547548	47ca218ce33e8955	20979327	b40b2b497c827d0f52665850b4d15e797d3b3fd6d36235edb91b9c98bfbfc314	13632052	de5db386b3d14fae9488347de66e8ed4e48d98f0433447cee6e7686992be4467	ok
r2_HG01071_pat_hprc_r2_v1.0.1	s3://human-pangenomics/working/HPRC/HG01071/assemblies/release2/HG01071_pat_hprc_r2_v1.0.1.fa.gz	md5	a3fe73c0072f4044b2a2c0d249ebaddf	3098557401	a4b2787f1a4a854c	21070505	d8f9445366bada8810f9506138b57c8778762f550883d65016725fb9a8804794	13485203	8aa04707b7f123c3670261d6c1c0fc7b77366512953ed0f772b3a53195fa86f7	ok
r2_HG01074_pat_hprc_r2_v1.0.1	s3://human-pangenomics/working/HPRC/HG01074/assemblies/release2/HG01074_pat_hprc_r2_v1.0.1.fa.gz	md5	92e526d7064897d5e2dc9638eaf58b5a	2977131685	3320827dc8132400	20882064	30917edd84304a33311ec0382b66f6b48c145c7326778db27efbf8fc80100179	13502529	807bae23f9a0bf5826c03d38ea9a550aee28830b02f444fbc71ef0570a6e458d	ok
r2_HG01081_pat_hprc_r2_v1.0.1	s3://human-pangenomics/working/HPRC/HG01081/assemblies/release2/HG01081_pat_hprc_r2_v1.0.1.fa.gz	md5	147851ed06db851ee7468f46136d25b5	3085372126	35666d919a99dc87	21013853	247db07cf837c0866658437e197c41c2ff1cde4223d59156f987ab5bac7efe7e	13500333	3549775eb0ca45bf32bfc0810dcaf5ab7333366fd2a484bee2c373f9b390b1bd	ok
r2_HG01123_pat_hprc_r2_v1.0.1	s3://human-pangenomics/working/HPRC/HG01123/assemblies/release2/HG01123_pat_hprc_r2_v1.0.1.fa.gz	md5	a5327a71313242686c3234cc9b7ab2f1	3070640206	3551ea922163bc0a	20853057	9d059e062e51190c9c3ee7ff6831560583847d8481923c9e24bb0abd61541d2c	13338853	f4e3b5f209d69e9074749966f7991ac7d4d26b2bb662db7811f4ab9b60916c8e	ok
r2_HG01150_pat_hprc_r2_v1.0.1	s3://human-pangenomics/working/HPRC/HG01150/assemblies/release2/HG01150_pat_hprc_r2_v1.0.1.fa.gz	md5	6c585ad0db85913f92c848826611b3e1	3082387677	dac7d61e48833b28	20864455	7cc35fb1d9de4cc22724203a4040c21ceccc5510762875a169e0ce0143b3b26c	13299659	248fde14eb0fa24e36fd04483353bf345954c782662e9b04124308db2e0febeb	ok
r2_HG01252_pat_hprc_r2_v1.0.1	s3://human-pangenomics/working/HPRC/HG01252/assemblies/release2/HG01252_pat_hprc_r2_v1.0.1.fa.gz	md5	cac557217dca5ada8537e1a7f5ed5325	2975879833	7334d5a555859467	20751041	8d9bcf3613189da911d34150d97f4e929b2b665e3f2bbfb9984f698a4f209836	13394664	cded3e1e669fed94e810a9ca6154e60bd542364cf86f3e3f74a2b50086fc0d75	ok
r2_HG01358_pat_hprc_r2_v1.0.1	s3://human-pangenomics/working/HPRC/HG01358/assemblies/release2/HG01358_pat_hprc_r2_v1.0.1.fa.gz	md5	384c05f0f5cc269b43ccc15be2d1fa8b	2986704336	98d4dc1bc9c309e8	20736690	c1cd00f20b8d6a8c52c63afc02c1681dd37f096d784b3651cb7015bfc2eadef0	13403571	c9f61795c34e5270b79d2fdade9141e1cbd40f353d7a2f865e44703c328dadb9	ok
r2_HG01361_pat_hprc_r2_v1.0.1	s3://human-pangenomics/working/HPRC/HG01361/assemblies/release2/HG01361_pat_hprc_r2_v1.0.1.fa.gz	md5	4bfbde788acdba6776af3fc4ef4f8f54	3075415011	b5511f622e06749b	20917312	a254eaa8da1a3d9dfee02d7f4e6c6e425cd5e2efb3f8ddaf9d44d89374d34c5f	13377553	915be262c3015f400666ac12579ee0a6b3a585625b1021bee5d170af7caaf4db	ok
r2_HG01928_pat_hprc_r2_v1.0.1	s3://human-pangenomics/working/HPRC/HG01928/assemblies/release2/HG01928_pat_hprc_r2_v1.0.1.fa.gz	md5	3cbd56e1157ac5ba9204a75f312e2609	2973977092	d9fe588a45605371	20359912	75364d546c8cc71babb79ea68ab32ecaa7e370ed70ac7089742207d31ab267d7	13069345	bdaa411cad3cf47d0764e922ee74916e6da084ca7e067814c8d00a8b82adeac7	ok
r2_HG01934_pat_hprc_r2_v1.0.1	s3://human-pangenomics/working/HPRC/HG01934/assemblies/release2/HG01934_pat_hprc_r2_v1.0.1.fa.gz	md5	d06b1e76ca579696291a9156429f872e	2987194625	db06e2b4bb190625	20644305	a3ab290e2f01597d59e80081fa8f31cbc6f0790986cecc7296c54956933d74e9	13283790	bc54540a8aa27711ebd5548dae53fcd2bc83ac996d792c13a805467c2cf49526	ok
r2_HG01940_pat_hprc_r2_v1.0.1	s3://human-pangenomics/working/HPRC/HG01940/assemblies/release2/HG01940_pat_hprc_r2_v1.0.1.fa.gz	md5	0143de400bee6d046cfa60593588e618	3086836422	2b95f6689c80eba1	20975673	9730fb387b2791ba46676338961c01d86218e3e877c75a6b5e6a1d57e1582ac0	13445095	33ed4465a577da3cbe9fbe1e4ec67ee6e99f9f00856caebe235ba8c445ae435a	ok
r2_HG01960_pat_hprc_r2_v1.0.1	s3://human-pangenomics/working/HPRC/HG01960/assemblies/release2/HG01960_pat_hprc_r2_v1.0.1.fa.gz	md5	c1af0aaca5acd630b5cad388e2529118	3089359254	a5025f601b8c9111	23378194	d23a7b9a4dc23fc8b4958f74468837d60cad36a6be7f12182a24a06d991e55bb	15599856	0c47f25274131ebba8216d247dbf8635ad6370946f484fe91a2172424d85c060	ok
r2_HG01969_pat_hprc_r2_v1.0.1	s3://human-pangenomics/working/HPRC/HG01969/assemblies/release2/HG01969_pat_hprc_r2_v1.0.1.fa.gz	md5	d97a712ab342c5dfc8768268a71d0a10	3077985872	a80373d89200da8a	20109425	07236c7d29648fbb3514e02199b71c8dca66fda8c0b10816e341ade044fe6958	12682806	4ce85e5e7bfeb3efe8fad8a15ded058d5e27b2175091bda6d73a71ee5b641d02	ok
r2_HG01978_pat_hprc_r2_v1.1.0	s3://human-pangenomics/working/HPRC/HG01978/assemblies/release2/HG01978_pat_hprc_r2_v1.1.0.fa.gz	md5	5c5fb36819e0192436b6f664d58da221	3100705742	b3cd959ec77f735b	21943285	a2939385a7571fa6dee70d71e950149b1546abb3338bffafb145c8246c92f723	14246312	579fe8b0bf18f87213c008d1966122b9d6fb25547ac3857f9fa01da3ced36dd2	ok
r2_HG02071_pat_hprc_r2_v1.0.1	s3://human-pangenomics/working/HPRC/HG02071/assemblies/release2/HG02071_pat_hprc_r2_v1.0.1.fa.gz	md5	abc681082a2152846ac4044d7240bf8b	2969728428	188f4f03ff2787cf	20687200	5cbdbed2c2efa7097bffc53c775258724a0bd06d246e51bc15bb155fe5df69d7	13401605	52a9f108b347fa692ba048e149f60cb6cd650703ec1372e0703b8447590671fb	ok
r2_HG02074_pat_hprc_r2_v1.0.1	s3://human-pangenomics/working/HPRC/HG02074/assemblies/release2/HG02074_pat_hprc_r2_v1.0.1.fa.gz	md5	40654f73a4678cf400b5dcab00215cb1	2986630479	b5bcf76827747e87	21405188	4c34b57ebba2f34ade7d61af4e32c2b892d27120456d3cda27094c75ee187b3d	13975239	b5c44a7b829c35fad90b025280629b30c3ed1ff864ed0123a7bd7bfb0483d99b	ok
r2_HG02135_pat_hprc_r2_v1.0.1	s3://human-pangenomics/working/HPRC/HG02135/assemblies/release2/HG02135_pat_hprc_r2_v1.0.1.fa.gz	md5	aabce927fae014633cbbc1cfb028347f	2998929994	ba1d6f86fd81b17f	21351468	ede49cb56cfb034420212faaf9bed59ff714a4f64caccb6135f8575d73ae851e	13942593	3387e910804ecbe096106308a94cbc8ebf28342616263d5135b447eec02d70e0	ok
r2_HG02257_pat_hprc_r2_v1.1.0	s3://human-pangenomics/working/HPRC/HG02257/assemblies/release2/HG02257_pat_hprc_r2_v1.1.0.fa.gz	md5	7130b8cd93949046af1442d2854df805	3097300620	715a4a168c995dfe	24754227	4d6f157363e89a51de456fa38fe5a8340ae7f25ca86d37b0eb47629371994663	16950051	1242cfead405682afacd07010f17fdec75d444faac2928d0baceb8dbe62b34b2	ok
r2_HG02668_pat_hprc_r2_v1.0.1	s3://human-pangenomics/working/HPRC/HG02668/assemblies/release2/HG02668_pat_hprc_r2_v1.0.1.fa.gz	md5	306baaaa1edc800d1e98bf39d14700c3	3000526751	0bf1b2c1bfcc318f	24267812	86cb699f2ff2997884628281c82294422e90219f9bb76ed84004c02eb8e7ee0a	16627381	089719490c93c5893c1244e9676813cfdbced7118d8eaf055ea0f3b88533791f	ok
r2_HG02717_pat_hprc_r2_v1.0.1	s3://human-pangenomics/working/HPRC/HG02717/assemblies/release2/HG02717_pat_hprc_r2_v1.0.1.fa.gz	md5	8ef299f7c5f9cba21bdb2219181f40b2	2994507621	17c281f3abef5524	23862485	68cdc9f6abf26c392a9bf4967ca4cdc9b297d60a0d3da68c5dfe6a0ad8088a21	16284268	ee24777aa4859a7b37a2357a04f32c69fba52b39b650047c59d0b893d057c469	ok
r2_HG02809_pat_hprc_r2_v1.0.1	s3://human-pangenomics/working/HPRC/HG02809/assemblies/release2/HG02809_pat_hprc_r2_v1.0.1.fa.gz	md5	ba8a8710628e4bfd4a48efe582e41372	3084294290	55e2d466095ced94	23551502	d21f953485f1e435e4b889eba5c1d9f470d62cdd0b30bb7f255fbb916d2cc150	15860584	17e19a078f9a50f83e71f5b7d330383e1ea82d99cc3873bad539c35ad07aa5fa	ok
r2_HG03017_pat_hprc_r2_v1.0.1	s3://human-pangenomics/working/HPRC/HG03017/assemblies/release2/HG03017_pat_hprc_r2_v1.0.1.fa.gz	md5	710afac33e4ba9b37162a30ab33930f1	2993906076	72c7127d7e51180a	21197440	8fef73c991d5395c67b52c81ff2cefad607b4f467a433257865cb0889b133422	13725937	678cf6e280307db415f1ef8f7e179570cdafb438b6a5a0a0af4588d4b804a36c	ok
r2_HG03041_pat_hprc_r2_v1.0.1	s3://human-pangenomics/working/HPRC/HG03041/assemblies/release2/HG03041_pat_hprc_r2_v1.0.1.fa.gz	md5	3b481cace1eb6f4220c341c1982736cf	3092453887	20a05aa3bf696968	23994344	4d819c5bbc70bf8ba011670fa4cd5e477f79a011012933fdc42c31577525265e	16258315	7b5addf64c7c4c6421ada6d1dcf1f021cd59e5b6b11c81db0c31bae02f17a06a	ok
r2_HG03239_pat_hprc_r2_v1.0.1	s3://human-pangenomics/working/HPRC/HG03239/assemblies/release2/HG03239_pat_hprc_r2_v1.0.1.fa.gz	md5	1a2ff4105a4b04de05ba8fc5374a981d	3076034196	6610b6c1b99d02d2	20983349	eca72f97192b6981bb9ed7c9b31ac2cfa9f971cd346ed7a8e9c9daf1c9c63d63	13455753	2ac3cfa7a2e8157cb54ac4e5e8d4a5036d9fe3f851185d8124bf5836d9af0e85	ok
r2_HG03516_pat_hprc_r2_v1.1.0	s3://human-pangenomics/working/HPRC/HG03516/assemblies/release2/HG03516_pat_hprc_r2_v1.1.0.fa.gz	md5	d127187e69b376c1d413f30dafea1192	3096627808	5b09c2fca5ec631d	24439862	d106c93782ef1eaed4369bef26b7680b8c8ee2f88c65e43bd7b9c787f0b0fbea	16632508	d5d1d71c47191d339ffaed3faa59a639684e8c09475cb1b38abf45419e36c86a	ok
r2_HG03804_pat_hprc_r2_v1.0.1	s3://human-pangenomics/working/HPRC/HG03804/assemblies/release2/HG03804_pat_hprc_r2_v1.0.1.fa.gz	md5	e18149eab2b10d3278f861df44b6d9ee	3084603091	5a099516ccdc0989	21268564	15847542369dbdcf8307d32df22a078e0c7ee1cb0d9fe39e60ba9172aa8cc285	13683071	10fea50593ecc56ffbef4099bb7b1c5a780d415abdf587a4a78d696854aeec65	ok
r2_HG03942_pat_hprc_r2_v1.0.1	s3://human-pangenomics/working/HPRC/HG03942/assemblies/release2/HG03942_pat_hprc_r2_v1.0.1.fa.gz	md5	bc3abdca285a5dc1438e55f2b6e28f2d	2975643099	25b910e2ddf2b217	20479555	86c4deb022216f9efd4fb6f7570a0baff1233ed7c010598a4868114596c7ea0a	13166769	cfa8daa2b2aaf7504d7cc77420f48ebb053d0f27e0ad8128588653f381926706	ok
r2_HG04157_pat_hprc_r2_v1.0.1	s3://human-pangenomics/working/HPRC/HG04157/assemblies/release2/HG04157_pat_hprc_r2_v1.0.1.fa.gz	md5	b176de5f002079242f3715ed49fc556b	2996234037	1133a9210ea43e5c	22223950	f58b5da51a7eb15cbcb8a826b6bed08a0966894aee826a57c347e3bd0c9f7b41	14684871	2454afe454303fdfb8b187e8ee4beb91a74f8f440fb2a73e4d33c8d305aeada0	ok
r2_HG04160_pat_hprc_r2_v1.0.1	s3://human-pangenomics/working/HPRC/HG04160/assemblies/release2/HG04160_pat_hprc_r2_v1.0.1.fa.gz	md5	1c43e63d9c75eb96fd930b421357127e	3000972081	e3cebd14d04dbd59	21589025	d6174c95a0152276803a63cfd3752053e2af956ccb181c1f65caf754feeada39	14198846	056b9c660d1721bc09a83af4c5f91901bda418b7306b31971ae806ddb85bc2a1	ok
r2_HG04204_pat_hprc_r2_v1.0.1	s3://human-pangenomics/working/HPRC/HG04204/assemblies/release2/HG04204_pat_hprc_r2_v1.0.1.fa.gz	md5	a43dd96810ff97c1ea3009ee1c083384	2989717149	9c4ea6ffbd08c5fa	21338947	dfd49e8196e1b0a6212f5bf4f387f60b4564a86111e893cbc0ff5277bbca1608	13873570	08d30a955f9fcd0a2c5df120088c358b0e0401245020a9bbec7c0d25d7305fab	ok
r2_HG04228_pat_hprc_r2_v1.0.1	s3://human-pangenomics/working/HPRC/HG04228/assemblies/release2/HG04228_pat_hprc_r2_v1.0.1.fa.gz	md5	4702f858f10b3ac9ff7f378c552b057c	2981571985	9eb81b3406efe5cb	21337097	d4ac647812984970b71a7d7eae4f0a099a344c40a83c036fef54cdcb5d1ff7e1	13946751	f71f3c84c403db37e09bd2a77af90e71edef436f6e3b1bca4bc528b12a5349cc	ok
r2_HG00706_pat_hprc_r2_v1.0.1	s3://human-pangenomics/working/HPRC/HG00706/assemblies/release2/HG00706_pat_hprc_r2_v1.0.1.fa.gz	md5	17cf2b32ed57328cf6308909f4f45db1	2981350732	7fc0834e7e8ec872	20598611	cc7031e899a8c6bc50b644a3b7947bcdabf42279cc949256a55bde1d27a1072a	13242837	3cd0550cf6cf371c312fbd98d96c3143e599b56a8bd78625c36900ac66680be1	ok
r2_HG03816_pat_hprc_r2_v1.0.1	s3://human-pangenomics/working/HPRC/HG03816/assemblies/release2/HG03816_pat_hprc_r2_v1.0.1.fa.gz	md5	9628e0249bf13f6f5a4461037493b6b0	3094594524	232ef5bf951c7105	21563151	d1ac7061c34d0d0219b22be0c82508ed07669779b932e1bbf209822904217bf2	13891313	4946e31105d7c4bccc46c08bc6446cda7a315d7b1b9464ff57cf8bfbabd51349	ok
r2_HG00423_pat_hprc_r2_v1.0.1	s3://human-pangenomics/working/HPRC/HG00423/assemblies/release2/HG00423_pat_hprc_r2_v1.0.1.fa.gz	md5	1b09512e9c59fa8cde882d411db3265b	3088385090	e8f168dc9e7188a4	21854918	7c97efbe8bf14d907bdac760cddd94db2505c49a71728001616681784c718247	14218635	fd2062b4524fd85e61faaa12bee588f96a38e8c7efd7377fdbe5df755e71922e	ok
r2_HG00544_pat_hprc_r2_v1.0.1	s3://human-pangenomics/working/HPRC/HG00544/assemblies/release2/HG00544_pat_hprc_r2_v1.0.1.fa.gz	md5	081fe5efbbcd34304ef15d7bd6c5739c	3063077564	3baf7a0b7138526a	21190158	2539c02a541d6ed5828d5e3dfb104bc7a6b011a429be3f2e777e82a4fb3490db	13674956	6a06e2389023878e4444665f4e2bc550627599d01e8047ade19fc7ea36fee880	ok
r2_HG01943_pat_hprc_r2_v1.0.1	s3://human-pangenomics/working/HPRC/HG01943/assemblies/release2/HG01943_pat_hprc_r2_v1.0.1.fa.gz	md5	377d8a47e00524372b1f635d9938b000	2969988477	bda8ab9dd002ee75	20194964	bd655812433a3d82204e20d36f0b8dce28233439b7f538acd0e30ba2b453a212	12918450	08767682c233d2c82d00a9bf3c6fb3c2d87c1c40543231a95d39a9cc1efae5a2	ok
r2_HG02735_pat_hprc_r2_v1.0.1	s3://human-pangenomics/working/HPRC/HG02735/assemblies/release2/HG02735_pat_hprc_r2_v1.0.1.fa.gz	md5	c31cea0b3fad5365ea4bf23dffc9c41b	2987392749	cf6b902923a3c3b7	21714599	4dc7edbe11d93ec2ce3a2bb419cd5d7d7ab5c1a98e3abeb9f183f7e33612c994	14181147	31ec8f6c4aae99f9008565e2a94ee06466c226921baa46c7ddf4fc027413b6c4	ok
r2_HG03225_hap1_hprc_r2_v1.0.1	s3://human-pangenomics/working/HPRC/HG03225/assemblies/release2/HG03225_hap1_hprc_r2_v1.0.1.fa.gz	md5	e263174dce31c272e12069a00572dc8e	2991134482	98acb1fb8f592b23	23892809	65336fafb7370aba63e5fbc4f013f6326ebfe89aea21d1eeef38cb9fceeb0ee3	16297917	acb4c95cdf5483bc550723b584e77ca4bcf45c9aabad4376fc8fa1ebd8e6c036	ok
r2_NA19159_hap1_hprc_r2_v1.0.1	s3://human-pangenomics/working/HPRC/NA19159/assemblies/release2/NA19159_hap1_hprc_r2_v1.0.1.fa.gz	md5	c05c099ed2f80b83109c1d35b3980447	3102819606	91bd1fc9924274bb	24654752	790527ea4e9f0d27d3235bac26fa8a3fbe7d05dd1dbff1a96f4ba9ec307d57d0	16871045	08af82209a3598152868d13968ee9818d4a6bc317d219e6ec77de9efcfa5f873	ok
r2_HG00126_hap1_hprc_r2_v1.0.1	s3://human-pangenomics/working/HPRC/HG00126/assemblies/release2/HG00126_hap1_hprc_r2_v1.0.1.fa.gz	md5	5b02936eaa7791989c35c775ca004230	2994918608	7c8f70323ed22b4e	20820574	a070ea74aefcf7269ae9a80412d3c26853a45e6e54012d48fb812e2eac579dcb	13382124	ed925dd227694abbfd62b97fa2e738e7750e2214582713d4d25d2513da9908fb	ok
r2_HG00128_hap1_hprc_r2_v1.0.1	s3://human-pangenomics/working/HPRC/HG00128/assemblies/release2/HG00128_hap1_hprc_r2_v1.0.1.fa.gz	md5	f0357fbc5c4354ee7fddc7bb4f3cd01d	3107404809	4ac542314022ffc9	21852508	3991248c4401a1324ae3472f4490324c3d1b58bd6f046c172c1397d33410975c	14138064	9c9aeccc1cd944e6c0467dbf0f827417e8a939616ba5d2e4fb85ef95cab870fd	ok
r2_HG00133_hap1_hprc_r2_v1.0.1	s3://human-pangenomics/working/HPRC/HG00133/assemblies/release2/HG00133_hap1_hprc_r2_v1.0.1.fa.gz	md5	67556aa71ade3d82e8defc12a21ff88d	3072929627	6ad080b53827b13c	19535501	b135588d0bb186bf5e085d14f6695cf69372314b3f60f389198e7ca54f403def	12132956	292e486a3c6354829ac843d482242b135ebe4b1ea1bdece06b5e284251e6cc0d	ok
r2_HG00146_hap1_hprc_r2_v1.0.1	s3://human-pangenomics/working/HPRC/HG00146/assemblies/release2/HG00146_hap1_hprc_r2_v1.0.1.fa.gz	md5	507e5570e2b0d17ae1e36916e8f0d1f6	3058509178	212f0e012a752b70	20337679	ce33968e2ae291da12e1b327abadfeab39eb4096018f48983526c561ed8d6ad6	12885604	f0698d054a2973bc0367712d4994d3a77b1c61964bb0e1d79b567de0ef3a62cc	ok
r2_HG00232_hap1_hprc_r2_v1.0.1	s3://human-pangenomics/working/HPRC/HG00232/assemblies/release2/HG00232_hap1_hprc_r2_v1.0.1.fa.gz	md5	f390ab57b646ae023b3707f9374d62b6	3084995401	a9b55f806d643439	20193883	e3217df20062e82a81907b0f6132e92fea23f61d8059afef2a12c6b98d819577	12699519	8a5d2057daa362830ad5e4a34ff5b570c847cd6af33e339285a031467a401e55	ok
r2_HG00290_hap1_hprc_r2_v1.0.1	s3://human-pangenomics/working/HPRC/HG00290/assemblies/release2/HG00290_hap1_hprc_r2_v1.0.1.fa.gz	md5	94ab27acdcd3c93ec44546938555f840	2985914372	fb4154b58b77d41d	20682777	3b8cff977f21fb5e1c8c48a6a4f1dec97e2b30485aaef4478fc027b93536ed18	13277395	7cbdbd38bfbdd0ad23f7578aa2bde4a8c7b8d4c781bd0ca05037d0b921b118aa	ok
r2_HG00320_hap1_hprc_r2_v1.0.1	s3://human-pangenomics/working/HPRC/HG00320/assemblies/release2/HG00320_hap1_hprc_r2_v1.0.1.fa.gz	md5	edb8481f69482842a3dd6108e74ee7e5	3093583071	60bddc9260e3c3d8	20617394	49784a5aca6725ed6647096bd0c2152f32af4308a07b12a07e0bb2cc871d5c18	13058740	36342b0955fe8bb31ea8c4a7d60e6b6993122adb4fb7b41d03c6ca8abc197cf3	ok
r2_HG00321_hap1_hprc_r2_v1.0.1	s3://human-pangenomics/working/HPRC/HG00321/assemblies/release2/HG00321_hap1_hprc_r2_v1.0.1.fa.gz	md5	4e7ef9e4f7557ac7c10d8dcea188b474	3018501514	938c812a67b035e9	20916163	b1004fdfd6f8866318d97f48dcab50d8ad2ea21be7aa36f7e5bbd40de99f9850	13469749	d5fc761bc5b1a31b68399ed9f9a64b4ed15db9862cc3f67f3518c1c2e3371f87	ok
r2_HG01786_hap1_hprc_r2_v1.0.1	s3://human-pangenomics/working/HPRC/HG01786/assemblies/release2/HG01786_hap1_hprc_r2_v1.0.1.fa.gz	md5	25e068441611dbe0731696d272785db6	3083211333	bfc205e05fbf22ec	20634679	f2f59d05dec12c1f2682196727eceb97ff0ba5e672ebedc4ad6b93f8e6ffca17	13108011	ed0774af0b347bb805040ba2fb520b1e4b694a6c435bef442daa43a9636c13ba	ok
r2_HG02178_hap1_hprc_r2_v1.0.1	s3://human-pangenomics/working/HPRC/HG02178/assemblies/release2/HG02178_hap1_hprc_r2_v1.0.1.fa.gz	md5	849f4ce169a87fd181bf6ed8cd5f7f7d	3066249957	c77d5fa30d4e3468	20630091	ba6b5771ef2a6674b606775b462b89f789ad57c183f8346c22ca93b8402f353d	13145452	bfc5803cb8270d5d6b300c2312b4f01e472b404eb939ee4f566669367c2ad645	ok
r2_HG02583_hap1_hprc_r2_v1.0.1	s3://human-pangenomics/working/HPRC/HG02583/assemblies/release2/HG02583_hap1_hprc_r2_v1.0.1.fa.gz	md5	33930252942c055d21c87427a8291b22	3119267000	da328b1c599e657c	25045742	4192f459a271a0f22fb3be7518e812b93904fce360145854db25ec4ad94c62d4	17112207	d25b3f59702f9151f6055052ffe802d865780db66dc500ac630f22e260e8797f	ok
r2_HG03270_hap1_hprc_r2_v1.0.1	s3://human-pangenomics/working/HPRC/HG03270/assemblies/release2/HG03270_hap1_hprc_r2_v1.0.1.fa.gz	md5	a389959f2e460160ef7cb5cbcba10024	3092727313	e9999ab914628a7c	24425794	4428040e679cb9e0196dccc763872cf8ce5f25018c70a2ff94ea5d8181d512c3	16625084	c797c9fa40253df4e3a8dcc50e989c7b970fc100718a40b6c82251086c9894f7	ok
r2_HG03583_hap1_hprc_r2_v1.0.1	s3://human-pangenomics/working/HPRC/HG03583/assemblies/release2/HG03583_hap1_hprc_r2_v1.0.1.fa.gz	md5	0ab4dd21c3b0e8ddf271c8295b588dd7	3072214448	feb944b4c84ea79e	23723024	466b5bcc8661696f5bc7ceb4a57cb800903092b1add7e3901520755e3a1e367c	16060920	f530470272d373c17a1e1e5d1452117823878b47dadd03eb623b39357b898c73	ok
r2_HG03874_hap1_hprc_r2_v1.0.1	s3://human-pangenomics/working/HPRC/HG03874/assemblies/release2/HG03874_hap1_hprc_r2_v1.0.1.fa.gz	md5	8d4d10c4fd1d872651b55fcfee806508	3088100321	85d873a7cfff1359	21311036	d45363bedbdf60f49d0fed12bd2b31f6aa379f81b9e1a38e68a8033c32bcc47a	13721076	58f9c40f7f613e9dfc862336e55de885083b9c8d45d98dce9b4765d6b3415168	ok
r2_NA18505_hap1_hprc_r2_v1.0.1	s3://human-pangenomics/working/HPRC/NA18505/assemblies/release2/NA18505_hap1_hprc_r2_v1.0.1.fa.gz	md5	39992e4a1edf1f0d910b57e12700b7cc	3083203085	3370e32c8d95fe1f	23904245	e1199c63a8e5d84604335c0bdeb39c854a22933432eb59e8e0248b822db44de1	16215947	1bc7d287093788d0bdf2e194ed56ad7dd0a3ca7f1633d04e60ec2eb3239a5914	ok
r2_NA18508_hap1_hprc_r2_v1.0.1	s3://human-pangenomics/working/HPRC/NA18508/assemblies/release2/NA18508_hap1_hprc_r2_v1.0.1.fa.gz	md5	b8faeed786855715ed1a2661b15ce35c	3076636010	c692f46d92d615e8	23555413	73216ea570157a45c2cef17fa79fe32ac695154105ce9b79b861fa434b1954d7	15889503	5d1429ddf8ef78949a5790b40a5326abf37601f95fb943e7630eba07b063be31	ok
r2_NA18608_hap1_hprc_r2_v1.0.1	s3://human-pangenomics/working/HPRC/NA18608/assemblies/release2/NA18608_hap1_hprc_r2_v1.0.1.fa.gz	md5	0050672ab4f74f3a1542997c14594233	2988430834	be3573fcc923ce82	21518287	2e106fa9b76460096476f33c8e8778e48b05b7db69eef6c97ca303cd1a7c92c6	14099320	7cc2cad5166c796e44e7d50935fec0550811101390e543cef694e1af34140b9f	ok
r2_NA18620_hap1_hprc_r2_v1.0.1	s3://human-pangenomics/working/HPRC/NA18620/assemblies/release2/NA18620_hap1_hprc_r2_v1.0.1.fa.gz	md5	3763d644d0e060f7a1a8ce16e8451bc4	2999749559	1ecd98ef047819fa	21178410	cd4f36aa4beff0dfdcbff1f00cd43ecda03e7f3aa2b7918612a9e38fadb1475a	13763102	9915aa7c885e8ee6211536eab1da3798682c66a6b075a2e4f293dcef65e893a8	ok
r2_NA18952_hap1_hprc_r2_v1.0.1	s3://human-pangenomics/working/HPRC/NA18952/assemblies/release2/NA18952_hap1_hprc_r2_v1.0.1.fa.gz	md5	bf5b588e511e5de29437d7230870f882	2981900638	38b6ce649e0bda0f	21014110	c0b0ee4c659b85a793ed92e08d9f80c56d9f85c5e4a115e69b3db2f808f1d144	13673947	fecac1611671906052a3fef3b04014b66d34ebfdfa7fdf6a535ff9cd2f59e181	ok
r2_NA18974_hap1_hprc_r2_v1.0.1	s3://human-pangenomics/working/HPRC/NA18974/assemblies/release2/NA18974_hap1_hprc_r2_v1.0.1.fa.gz	md5	92230b597ca76cdbc6c1020bb0e0125c	3018397778	005d76eabc73ec16	21825882	7e786637e72628479cfa9ed99bfd3f7e5fedef40b7c737296a4a79c1d93eff02	14314084	a53af55251de911f28f4243b18c5349130ead3c18b9eabf496b5b7760a260b0b	ok
r2_NA18976_hap1_hprc_r2_v1.0.1	s3://human-pangenomics/working/HPRC/NA18976/assemblies/release2/NA18976_hap1_hprc_r2_v1.0.1.fa.gz	md5	23a67b410782ed8586ef16b4cf0e93cf	3075734405	c41c1c06c0f7e5ab	21014377	7a1832388684e54e8bf7b9d5191c50632e3e9db25e4b258c8a91f829655fbaab	13493234	db9b1ec24a7badf25b5505c10bf2e1f2e0743ca0470b18f0dd5e254798c3011e	ok
r2_NA19036_hap1_hprc_r2_v1.0.1	s3://human-pangenomics/working/HPRC/NA19036/assemblies/release2/NA19036_hap1_hprc_r2_v1.0.1.fa.gz	md5	f227cc943e92f99e678f244804fa3986	3099703568	0ab271b8e83a8425	25040921	94f6bb90531b9c3eabe0b2c4565c1dcdd18aa9a1c37b6b45aaf4fbeb9c7d4ce1	17209260	4851e8d4c372c63cfa17ceddcd510238b3c8957af609948ee4f72fcdece5f4ef	ok
r2_NA19443_hap1_hprc_r2_v1.0.1	s3://human-pangenomics/working/HPRC/NA19443/assemblies/release2/NA19443_hap1_hprc_r2_v1.0.1.fa.gz	md5	3770a68648bd1a2f7c4ed0274143f545	3008252613	60ec4c83c5457a4f	24129086	b779d92363c632d6123daa0025798073c1b0a60e0e6b357b66253e8df350c886	16555359	214ec51787c4f8d8c31307af6e7022c85fc659c758b9852f22933c1aa72f73df	ok
r2_NA19700_hap1_hprc_r2_v1.0.1	s3://human-pangenomics/working/HPRC/NA19700/assemblies/release2/NA19700_hap1_hprc_r2_v1.0.1.fa.gz	md5	a4c28603bb286219aef99a61964a014c	2998211053	2005f4d3db1e3714	23638334	c143052a3c8976597b5a3b0a9d0a86e13e20854af5e7e94d1133bc569ccbdd7f	16054386	c1832fe1ae1b296f150ee76f19133b769b48dba92106fb2ae4f9f649bd317b77	ok
r2_NA20870_hap1_hprc_r2_v1.0.1	s3://human-pangenomics/working/HPRC/NA20870/assemblies/release2/NA20870_hap1_hprc_r2_v1.0.1.fa.gz	md5	2e757cc1c964f23e2187553a26378a47	2988307231	61265353aa14d77b	20585692	c6db488025c3a27cd02a57e286e830a30a4b9e425b03749846871a0d3b28f1b6	13205647	aab79173cd6981f17a9aab966eee4492f4f61b3094c679acb714b4135d3bf4b5	ok
r2_NA21093_hap1_hprc_r2_v1.0.1	s3://human-pangenomics/working/HPRC/NA21093/assemblies/release2/NA21093_hap1_hprc_r2_v1.0.1.fa.gz	md5	27d486751c930514b12106e1c5479c16	3003434090	15e6b5b959925856	21085788	2bc7283b64c074840ad37d402e575997c51898ed929d1097c6fc84f8735ada14	13592281	cd546ebed43d25ac65ea96f9b87fc87ed647eb2509bd4ef69ccfba1956a8a1ae	ok
r2_NA21106_hap1_hprc_r2_v1.0.1	s3://human-pangenomics/working/HPRC/NA21106/assemblies/release2/NA21106_hap1_hprc_r2_v1.0.1.fa.gz	md5	64580bee60886ad6dfe8f68d003650f1	3068976198	93939dd9b8912f38	20293887	d10fd67c90956ce0ff603dcf75d1e272bdaee07aab24efdc943432475ee2a4b5	12856511	e0e927681db7a230980abc483797d4bd2dcd2a902f47d3debc90e9b4f9b994cc	ok
r2_NA21110_hap1_hprc_r2_v1.0.1	s3://human-pangenomics/working/HPRC/NA21110/assemblies/release2/NA21110_hap1_hprc_r2_v1.0.1.fa.gz	md5	27d79efb5dc83bc3cbf223265dcad3d6	3080787685	ff2305ebca35b59f	21023097	17ec5d99235125d1b777e53f2b450ac4028fd5583317953025e5e2ab328411a3	13439420	0652c79672cc6826f4b9d25fc14c524365bb93b52713051af5c26c1d4e0f9474	ok
r2_HG02392_hap1_hprc_r2_v1.0.1	s3://human-pangenomics/working/HPRC/HG02392/assemblies/release2/HG02392_hap1_hprc_r2_v1.0.1.fa.gz	md5	dbd5e195e2f4d1a3168a47c35819a767	2984053209	bb2f04a1bef99c27	21045469	bb4bb3e5eac136648547238bf3424dc4fb78bfd2967ac79e0fef9b2671b05861	13675224	cfeca1173826bbf0e404759df93dcfd6d3e5df24edf4ae1653d7ea916e2a210b	ok
r2_HG02514_pat_hprc_r2_v1.0.1	s3://human-pangenomics/working/HPRC/HG02514/assemblies/release2/HG02514_pat_hprc_r2_v1.0.1.fa.gz	md5	b4d7357f264c6bae0853e1049ca18433	2982766613	c096f69bbfcdcc29	21100958	97cbe6d963e90655e22c650b6fc54c7683e2771526addaa5169c6d34708b70f9	13668526	c3683b0bf6cc407d1bf0786c310b1c6e5536816694effcde259b52f1a1ba221a	ok
r2_HG02841_pat_hprc_r2_v1.0.1	s3://human-pangenomics/working/HPRC/HG02841/assemblies/release2/HG02841_pat_hprc_r2_v1.0.1.fa.gz	md5	97f1ee272988d3f5039f2a4113842e0b	3098244600	5f56504c230c0f73	24496695	5a6dd8448c96a5f3b764c51b5567e469aeac8776bf2c8dfbd3811bb56ea6349c	16666510	b2d851949a06ecfbc312a60d263d8f9872c1a70bbd630c6403109f56f0353226	ok
r2_HG02984_pat_hprc_r2_v1.0.1	s3://human-pangenomics/working/HPRC/HG02984/assemblies/release2/HG02984_pat_hprc_r2_v1.0.1.fa.gz	md5	cec6ac98512c1665f43d3a079b523dd5	2971498185	1014c5e3225cae8c	23283026	9387861a874cae372b7035c29cfa97e0d4d251e62b86f836e65198582314517e	15831792	3e1a67e403810dd1e2e83eceff1f847c875b77056e785169e2ecb08e8bde5b91	ok
r2_HG03050_pat_hprc_r2_v1.0.1	s3://human-pangenomics/working/HPRC/HG03050/assemblies/release2/HG03050_pat_hprc_r2_v1.0.1.fa.gz	md5	3791dfc13302006c3509a391f724ebb4	2976822144	1a4f1ac6944dbf18	23386551	dc15a1ed282f291b0d56ec283f5ede27d83b3e731b135c8871cad3afb11e9b25	15932997	d89e8b65453a45ef4e04b43be46019d8539566579ec7691949c3f6c79bbbdbde	ok
r2_NA20799_hap1_hprc_r2_v1.0.1	s3://human-pangenomics/working/HPRC/NA20799/assemblies/release2/NA20799_hap1_hprc_r2_v1.0.1.fa.gz	md5	5ef50c4850800a5828e1e937e0408b37	3098705630	69d68e32174390f6	22024380	deed7677da93aced4cd2cf358e23ff7a795bf81a0c2883422cbd70731ceb36b1	14323387	066cbd11ef08a905fe45cade44008227086507a6ac1414e572f8d2dfca51296c	ok
r2_HG01109_pat_hprc_r2_v1.0.1	s3://human-pangenomics/working/HPRC_PLUS/HG01109/assemblies/release2/HG01109_pat_hprc_r2_v1.0.1.fa.gz	md5	fea4025ee806a531d0bf33975af4198f	2964243115	d9398d4f8a35af93	21037727	9c192c33a5dbade4ef5ca23ce0978643d896f7636cb1cfbc13f7a3f8af2cd24f	13751134	ecd28ed6c6690b555fd1937b50fabe8ae9bd2b8fae1e46900c851698a05e9c11	ok
r2_HG02055_pat_hprc_r2_v1.0.1	s3://human-pangenomics/working/HPRC_PLUS/HG02055/assemblies/release2/HG02055_pat_hprc_r2_v1.0.1.fa.gz	md5	b700a6486c8a4ccc9791bd6869ea792b	3008778198	15a92fac74f2fa52	23926856	fc0d9fe2a3ac6a171a0815e3cc8388bfe0317d3b8683a25d8e40c95f9a1dcf19	16281867	25100de8608d7d08dbfc011ded632fd7450235566c9fcae6a7b33bf346bc1f9f	ok
r2_HG02080_pat_hprc_r2_v1.0.1	s3://human-pangenomics/working/HPRC_PLUS/HG02080/assemblies/release2/HG02080_pat_hprc_r2_v1.0.1.fa.gz	md5	66ef47fbbf82939592f84ca6c923a871	3079450083	ea9067ce92377eca	21203581	972e883988e1f7b1587250c867b6df8319511bd80d5ca292e7624051c0f47d11	13709094	0df1671053696235ef45c459cafd91738b6692c87d1dc5d3f7400e2376b279a3	ok
r2_HG02109_pat_hprc_r2_v1.0.1	s3://human-pangenomics/working/HPRC_PLUS/HG02109/assemblies/release2/HG02109_pat_hprc_r2_v1.0.1.fa.gz	md5	c433dc542c6f9d827bcb308d8b5e2020	3086098712	2ac5ebc1abee3e67	24270006	d00c0391ac8e34f02d738a816b9749a9a03a408fdf5f66179890bd9481c2c194	16473883	9b7370ed659b0360dd6bb8aa010aed0543a657177aaf4813d32251db510a3ff8	ok
r2_HG02723_pat_hprc_r2_v1.0.1	s3://human-pangenomics/working/HPRC_PLUS/HG02723/assemblies/release2/HG02723_pat_hprc_r2_v1.0.1.fa.gz	md5	2d737b9cc61e63b6bf9ed8b6da91b7d1	3094685213	b6584dc314264a82	23882411	756fe05157afad7a06faa73d5498d9540af82c08ca3fa487040e645b854dedbb	16150374	927cf8af567d0945f778cd9a5ab2f2e81a6ac84fea819b08e39cddad977d4332	ok
r2_HG02818_pat_hprc_r2_v1.0.1	s3://human-pangenomics/working/HPRC_PLUS/HG02818/assemblies/release2/HG02818_pat_hprc_r2_v1.0.1.fa.gz	md5	6b6aec208df9f1c32ece18db9253def3	3069367130	77a68ac5bb6242bc	23399632	9c48957ae11b39d4920294382bd54937b547d1931c7aaff056349d25b3d8e2a2	15756870	e3442659d3d260dfd725913a6ef875042df766cee5ba9019a4682a1240e80275	ok
r2_HG03098_pat_hprc_r2_v1.0.1	s3://human-pangenomics/working/HPRC_PLUS/HG03098/assemblies/release2/HG03098_pat_hprc_r2_v1.0.1.fa.gz	md5	96cc92dec4fe0c27680b696af8ee6e7e	2988967604	ede7786472f4a089	24199694	58634baa9de829980f20fb1154d55db43ea3357f129885ade2fa7018ade7263a	16651329	d394454881dcc9caab28db5477c24875b35aa20d688dfe4d026d5646cfff81ed	ok
r2_HG03486_pat_hprc_r2_v1.0.1	s3://human-pangenomics/working/HPRC_PLUS/HG03486/assemblies/release2/HG03486_pat_hprc_r2_v1.0.1.fa.gz	md5	37e9750ab94a1eafbfdb2b6e97c2b48e	3106388986	4b06df9b9f599579	24702294	0da0aa67ef44ba9601b75de929b22f29fef05854620ae9d7805412611d37f9b2	16876456	41918e955c1ab983608d1ced86908986fe236f47cd10613699454fdec434db45	ok
r2_NA18906_pat_hprc_r2_v1.0.1	s3://human-pangenomics/working/HPRC_PLUS/NA18906/assemblies/release2/NA18906_pat_hprc_r2_v1.0.1.fa.gz	md5	4c490bcf9e897f75f6b20ccab101a41a	3087800472	01a7c8e9d7733712	24337254	3b07091961387b3b7c32d572a6faa969753367edc926db44882933859215819c	16590759	464363ee18cdf9c2c0e32d073d31c226fa0a2669f80904b73310a2e56f4b6e0a	ok
r2_NA20129_pat_hprc_r2_v1.0.1	s3://human-pangenomics/working/HPRC_PLUS/NA20129/assemblies/release2/NA20129_pat_hprc_r2_v1.0.1.fa.gz	md5	71b0498d0e099bcdf03198f4da17a998	3086331505	2fcf35db17d764d3	23681613	22bc73a4a1ad372729de325e09457dbb6c3aac6593409a608ff5cdadac576f6b	15974656	9135c3a09ca625ace3af0ff6902bdab0b0db36723772d7af59bb3a9d6b20a485	ok
r2_NA21309_pat_hprc_r2_v1.0.1	s3://human-pangenomics/working/HPRC_PLUS/NA21309/assemblies/release2/NA21309_pat_hprc_r2_v1.0.1.fa.gz	md5	dd168a29b1727c5686260ed4fe8b2bc3	3089810719	8ec8c1db86c31d8a	23629557	10d393c38071d8a7c6a8bb517505ae2a588b16214dcf372cbe31459f90651cbf	15889203	5ec1d3244bd002a7c7eb52c9d83bd88d19ade901ae445706f306433f6b32ae31	ok
r2_HG00733_pat_hprc_r2_v1.0.1	s3://human-pangenomics/working/HPRC_PLUS/HG00733/assemblies/release2/HG00733_pat_hprc_r2_v1.0.1.fa.gz	md5	31574c3a0383bb11bde55ff0521a8222	3086351547	60351879ec330403	21232517	21dda5cd106a0077ca7a909faadabe6269a5bdf31bacbba9cbfd95ebf02f04bd	13644780	afac037037e4e6c95dbfa76d9d4e4ddda583029e4231804dc54735d5a7f17b98	ok
r2_HG01243_pat_hprc_r2_v1.0.1	s3://human-pangenomics/working/HPRC_PLUS/HG01243/assemblies/release2/HG01243_pat_hprc_r2_v1.0.1.fa.gz	md5	cd2a531412ee6b4ae512113e72c3b31a	2967897156	cadf7518e33f62ec	21786026	c832392b67f19d69d16dc64bef852e1b66262485e78136ccc9ae0471353d96b3	14423762	6b496265c35dbbb7c6f9c4659b7d403f4474e5d52b6d67d88a01ad14b9decd1a	ok
r2_NA19240_pat_hprc_r2_v1.0.1	s3://human-pangenomics/working/HPRC_PLUS/NA19240/assemblies/release2/NA19240_pat_hprc_r2_v1.0.1.fa.gz	md5	2cd406c57e30c7b5a911b276bb255b1e	3089482222	52dc35f41778c8dd	23749151	1aa302c99fe5c509f6c4c831ffa54e50cbb7bb31470e2306dd2bbbb1bf79a8d5	16095940	720b13b65f6acad6db521baa6d29d920c759b4291d56a3ee49aeee9b382488b3	ok
r2_HG005_pat_hprc_r2_v1.0.1	s3://human-pangenomics/working/HPRC_PLUS/HG005/assemblies/release2/HG005_pat_hprc_r2_v1.0.1.fa.gz	md5	6b3d9c0718bbc087ffe5a59b8e64e0d0	2985505766	1e1ccef12b05df11	20843931	c951088f140413505fc5b5f66d5471388601f5c495b64afc9c0b8a593721e0aa	13503948	426e211f89e1428cd4c8ffaa4011037ae6e5485b8a1a8ed6ce0d1df747c8f312	ok
r2_HG00097_hap1_hprc_r2_v1.0.1	s3://human-pangenomics/working/HPRC/HG00097/assemblies/release2/HG00097_hap1_hprc_r2_v1.0.1.fa.gz	md5	c189ebb1fc378f1fe798b9bc963508a0	3084702313	5e736ee9f8401de6	20823831	734dedd1b0a27d557109cc0a6dd403084852c651c153cf0a8cddd1a481518fc3	13279654	41af97fa704028f4b69fca7f1e9e430926cf106a82176c1eee3e4aff16c2e6a3	ok
r2_HG00235_hap1_hprc_r2_v1.0.1	s3://human-pangenomics/working/HPRC/HG00235/assemblies/release2/HG00235_hap1_hprc_r2_v1.0.1.fa.gz	md5	732024f7b5c1aeb4b64e09eda53ee625	3069680385	902a9fec09f10d7f	20363090	845e00b01383d990e9843a425bc8af3a0008e6fe15f703506ec9e40c4aa06c29	12855578	45fc72d9114da517a1cc1472e3ee40d8bf59387e269203bf1a01778b39a01a27	ok
r2_HG00253_hap1_hprc_r2_v1.0.1	s3://human-pangenomics/working/HPRC/HG00253/assemblies/release2/HG00253_hap1_hprc_r2_v1.0.1.fa.gz	md5	bc84c84da33d98fcfc981f03c4375b53	3083435875	86c08ee660a627f2	21018178	2ccedd045221496f079e8af28dae83d3aa13b49dc18217e527dc8d28c2620f67	13480818	c3b769d0c8c77b5381b5bffd947fbc0d3bfe126b0f368c3a582a38a8b4382714	ok
r2_HG00272_hap1_hprc_r2_v1.0.1	s3://human-pangenomics/working/HPRC/HG00272/assemblies/release2/HG00272_hap1_hprc_r2_v1.0.1.fa.gz	md5	8695d499d77895ab1243c912cf6bac67	3091941468	8c56036b18be0db7	21429896	b20552d367fb6b9dc61d997a22f96510e72e8afb3a8a7c958d5dd3720f56679c	13824353	2578a5f5b6f1dc7114f86f53ba4a5850e7226b55cff92bb28167547cfac632c3	ok
r2_HG00329_hap1_hprc_r2_v1.0.1	s3://human-pangenomics/working/HPRC/HG00329/assemblies/release2/HG00329_hap1_hprc_r2_v1.0.1.fa.gz	md5	162a7e57708dc485c7f3583d873dd0f1	2978933537	2dc74bfa603a2bc6	20381380	8bb417872eec0d7bf12c02eeaa34a169af76874ad776326c4f442103539a7b4a	13082328	2ab29eebdd812b57b6d31d21370b073633456de286fd119838ac3805c8fa6225	ok
r2_HG00344_hap1_hprc_r2_v1.0.1	s3://human-pangenomics/working/HPRC/HG00344/assemblies/release2/HG00344_hap1_hprc_r2_v1.0.1.fa.gz	md5	9e265eab4189f932637465f2f2013168	3107169494	337dedf94c08fe04	21219559	e30d42a2dcd6d25264257927f96c19bde2dd08a1ec52f2f89f8ac76e2b68cc0d	13558650	c6f3b4a24788760e376992eb00399a5af7bf8170ea69d51d4c5e9e0907e41a64	ok
r2_HG00350_hap1_hprc_r2_v1.0.1	s3://human-pangenomics/working/HPRC/HG00350/assemblies/release2/HG00350_hap1_hprc_r2_v1.0.1.fa.gz	md5	4be08a18a7b98e4e82614b44964f33ad	3072562949	6290c2f639240339	20053234	ed1f494ea9b98a2bdc1246da6e2da27f2540dd8e0117ab4eeae572aa81e5af91	12591140	f06f8f7624e0612da688d10eaf38207d3d0bff0d44a3f12d939255b019217bf4	ok
r2_HG01167_hap1_hprc_r2_v1.0.1	s3://human-pangenomics/working/HPRC/HG01167/assemblies/release2/HG01167_hap1_hprc_r2_v1.0.1.fa.gz	md5	2673a6fd3979eabf2e57ccf70d0b90a1	3009811106	46652b7c3534d6a7	21699475	97edb0adae222637337ccba8cd895f3d81073451df63af2c1302031de5321007	14245340	d2727810d7de51f268ea769973e5011b96652167c05b92e5c7edacaa43b7560e	ok
r2_HG03369_hap1_hprc_r2_v1.0.1	s3://human-pangenomics/working/HPRC/HG03369/assemblies/release2/HG03369_hap1_hprc_r2_v1.0.1.fa.gz	md5	ec3004740025c47f7733d6d58b14c5c7	3093699499	602a08c2fdc07f86	24127745	7f9ca723d844eef996c55d46d2f08e8895d8d826ef1705645ce6811997a33c82	16413550	437e4ae16338ded1e36762c283f9d2e20a5e53b62d705fac6cb4b80b2389f988	ok
r2_HG03521_hap1_hprc_r2_v1.0.1	s3://human-pangenomics/working/HPRC/HG03521/assemblies/release2/HG03521_hap1_hprc_r2_v1.0.1.fa.gz	md5	7791b2af4942bbec8473ae63d4739b35	2980663312	6b583974f739cada	23528354	4181d53758a16c531da9dc92c404e81d78b3b5c4bc61bb2e454c8a7462e9f365	16016817	d19dcf75dcdc8c89fac2449286567a18ff801cccf4f35748cd716272e9ec65ae	ok
r2_HG03784_hap1_hprc_r2_v1.0.1	s3://human-pangenomics/working/HPRC/HG03784/assemblies/release2/HG03784_hap1_hprc_r2_v1.0.1.fa.gz	md5	ed3e53d17c42e76c77119a3d258fc0a2	3104211448	7641df2996afda21	21789200	3f89e3f8f11147a81cc5d752e17f098484d04ee44813bcf13e70b0cbff533fd1	14119163	8b2cf3d3b7680cdb11eaa24f58b23cdac87c4ac927ffbbe4df4f558806857bc1	ok
r2_NA18565_hap1_hprc_r2_v1.0.1	s3://human-pangenomics/working/HPRC/NA18565/assemblies/release2/NA18565_hap1_hprc_r2_v1.0.1.fa.gz	md5	a4505f4cb66b3be9e36dc9cb999aa0a0	3084621391	ce661921cc86f2e0	21632248	02663a9d9649cc3a9ed06c0e45d6591dc09899e82b7e29b842dd595857539be8	14024367	a75b5802a59c217641baf2d03f89761ea9a51789adb681fa4ee8e86deec0bfed	ok
r2_NA19682_hap1_hprc_r2_v1.0.1	s3://human-pangenomics/working/HPRC/NA19682/assemblies/release2/NA19682_hap1_hprc_r2_v1.0.1.fa.gz	md5	54039ff106e3cc189b70a8f2e3e5589e	2977477692	290fd59a033153e7	20976630	d5e8f3c8b26255827a15c7e02f2f996d6c17161190a2cf5b473c7b7fd072d96f	13604024	d443f5486be77d5e220606f13ce543285ad74a2cdf33d816d2f50fb8975b569a	ok
r2_NA19776_hap1_hprc_r2_v1.0.1	s3://human-pangenomics/working/HPRC/NA19776/assemblies/release2/NA19776_hap1_hprc_r2_v1.0.1.fa.gz	md5	c39d36f743bba7404bb736e9d4f09b54	3097423911	182f9dde8f760b4a	21459729	33de19c15046b785bea5e10da435ec4b7f36e42f1fa17d642bac472c9a0874de	13841614	00b2b3313fb9839ef91ec33bfc2db8dbcf0e8291b8204b02d9fc3bdc7948f0ae	ok
r2_NA19835_hap1_hprc_r2_v1.0.1	s3://human-pangenomics/working/HPRC/NA19835/assemblies/release2/NA19835_hap1_hprc_r2_v1.0.1.fa.gz	md5	d589320d92f40cc3a5c5fa04c26e415b	3075740177	5ff63afecc14036f	23098829	665fceb0d79fe2787162ebe2fa8d3bffdcf74b7079226f7e707f2f37a3c2e1ed	15479497	26d1bc67b7ec3c2372779617be8286ebc491a215ccc4d285562ea6fce310bee7	ok
r2_NA19909_hap1_hprc_r2_v1.0.1	s3://human-pangenomics/working/HPRC/NA19909/assemblies/release2/NA19909_hap1_hprc_r2_v1.0.1.fa.gz	md5	20ee7bfd9596a13c4e1e5a2a502dd6b9	3094529540	0905b6a05dd00d5e	23990012	1610f0aade30a14c91b3389b9861d1dbee4b2acf42c401850278c71a22afaa2f	16238855	140f1de48cf818957e49696e419f3860d81f6f6d0aee7758182eceb62702e21f	ok
r2_NA20282_hap1_hprc_r2_v1.0.1	s3://human-pangenomics/working/HPRC/NA20282/assemblies/release2/NA20282_hap1_hprc_r2_v1.0.1.fa.gz	md5	eb3450a556e143958be9403fe81cf417	3100573180	2d2ceae33a579f98	24053021	10b7a2863118f8136b18ef93ca04e0a7e8dfa2983fcea3a4934a3627d076a157	16257663	8864f66a12a213bdddeba73dfd99cec9838b842b467631fd9dce7ea608b08dc7	ok
r2_NA20346_hap1_hprc_r2_v1.0.1	s3://human-pangenomics/working/HPRC/NA20346/assemblies/release2/NA20346_hap1_hprc_r2_v1.0.1.fa.gz	md5	760d0c1baefa34a58a99becab0cdefb7	2998657746	1b757a72ca02297c	23873901	f046672216a18f5da1f71c41f9c9c490d5f334888daed1f6a89d3eb18763dfea	16316846	6229b9b7588c7e2cdf1bec4cfb44790821949b34d45edeaf16d29e47fdfcff68	ok
r2_NA20809_hap1_hprc_r2_v1.0.1	s3://human-pangenomics/working/HPRC/NA20809/assemblies/release2/NA20809_hap1_hprc_r2_v1.0.1.fa.gz	md5	d40fe5d20be8f34923cea27a9f2626e5	3006719880	63a053b6a1c08b8f	21789741	726fb85ea4213214cb61010b01bdb3df865cccda87a242ef93f858cbda964f11	14224040	a3cf9aeb4cb811826ffbf9ecd2ca525b18cec3f8145d9b0195016622fd462df7	ok
r2_NA20850_hap1_hprc_r2_v1.0.1	s3://human-pangenomics/working/HPRC/NA20850/assemblies/release2/NA20850_hap1_hprc_r2_v1.0.1.fa.gz	md5	c73a9f43f30edc860d934de92ec357db	2974319001	3cbb1e1d35a54a42	20876214	b82f4458bb07cbda7c01f76921c1928b0934a1203fb7299d8d20ecdb7b38b5da	13514558	0ab2ca78d7638068c65c0e5c5120e7cdde353f97c14fdb0b3e15bcdd0cd76a8e	ok
r2_NA21102_hap1_hprc_r2_v1.0.1	s3://human-pangenomics/working/HPRC/NA21102/assemblies/release2/NA21102_hap1_hprc_r2_v1.0.1.fa.gz	md5	f6adf56b22fa37bd126287591a564b3d	3100320054	145c69a217314ad3	21602082	d0ad4a711230c7b24ee89ea140a07332e9835a78eed53f55c43a861ae4b455df	13944889	a1bd6fc2919397e06aad458a099ad7bba84cc1a320cba77b5dc1b9f51e84fd33	ok
r2_NA21144_hap1_hprc_r2_v1.0.1	s3://human-pangenomics/working/HPRC/NA21144/assemblies/release2/NA21144_hap1_hprc_r2_v1.0.1.fa.gz	md5	6ecf849903755d0fcdfc6cdd937d6a88	3088542052	34a64ac38d74cad3	21285342	fbd0afb07c6ef6a15ff6e833e5c7400ec1fa22060b67b17071d6614fd57486d7	13703720	f21c4271a227d77e98527f4842a9b666c876db38a85fc78fe13f5b21cdf55d90	ok
r2_HG00735_pat_hprc_r2_v1.0.1	s3://human-pangenomics/working/HPRC/HG00735/assemblies/release2/HG00735_pat_hprc_r2_v1.0.1.fa.gz	md5	52649f620411b9a1ae0961776c0cc1de	3080022235	5b8d07fa34da0301	20997484	3bea9f24a2b1a02c15d26d0bf3946712a27fb90c3ebdd838f901aa3f41d928af	13460849	99852cf3d5a96bc5dee29c075de6e3551f33923c7424a59b4aaf91572a3f0c4e	ok
r2_HG02155_hap1_hprc_r2_v1.0.1	s3://human-pangenomics/working/HPRC/HG02155/assemblies/release2/HG02155_hap1_hprc_r2_v1.0.1.fa.gz	md5	e786abad7360232e7cff104201d35ba0	3078743384	5e7c053a194bee19	21557903	b6d990ed692ff5a200174ab0e7f1b1ba458299a8d67fc84ffb14bab6b860efb2	13973463	91d925bdabdd338c4a5f4d192b65773b44cd427181bf46b69b12ef0f923a4977	ok
r2_HG02630_pat_hprc_r2_v1.0.1	s3://human-pangenomics/working/HPRC/HG02630/assemblies/release2/HG02630_pat_hprc_r2_v1.0.1.fa.gz	md5	bed80f9b5110d98bc90820677a22813b	3106554862	8a83ce6ddbd77d5b	24971064	3b799aac40a6285eea8c4b0a8f066f27feb41b9159b77ed912e8ed03a8e0c5ea	17091931	a68a9eb230cf1903e4e0e4bd706ec5fc0d93da36af8eab28bd1f7eae53faa612	ok
r2_HG03139_hap1_hprc_r2_v1.0.1	s3://human-pangenomics/working/HPRC/HG03139/assemblies/release2/HG03139_hap1_hprc_r2_v1.0.1.fa.gz	md5	fcfe79c598a7b85a47ddcb839096401c	2985497157	fc82151696355866	24135659	9faedaf631c6f1fe5dd8d977f08adc674c07acc21b3977903a8ff3cdf748f1c2	16536245	c2ad98a016ad19ab76421eb09b45c91b6b0d17f2152e53ad378794086e1d86ab	ok
r2_HG03470_hap1_hprc_r2_v1.0.1	s3://human-pangenomics/working/HPRC/HG03470/assemblies/release2/HG03470_hap1_hprc_r2_v1.0.1.fa.gz	md5	2babada76e0216917dd0f7defc053cbf	3092852603	5ad32884a0219347	24319804	31a240c8257c127ed19621d33a78ba2587ef40732de5f6545491bf824cdd20ab	16541726	e5367c126b39c7b3dcda648562fc31072202badb926f4228397d3084a74dce4c	ok
r2_HG03579_pat_hprc_r2_v1.0.1	s3://human-pangenomics/working/HPRC/HG03579/assemblies/release2/HG03579_pat_hprc_r2_v1.0.1.fa.gz	md5	336df6ee431dccc2fe595cc236cc4651	2992200763	69995f450b2d5a1b	23483745	b50110a6e3b097afd7b88d1682f3fcaf7f0adaa8137777350813f8ee1886de73	15966629	31fe5999e906055a9a5df73da91dcc1d81e9a46fc7a067e7bdcce6cebe0c29bc	ok
r2_NA20805_hap1_hprc_r2_v1.0.1	s3://human-pangenomics/working/HPRC/NA20805/assemblies/release2/NA20805_hap1_hprc_r2_v1.0.1.fa.gz	md5	5f011fc785b13cacc5fae19a0e91bac6	2969537121	f0fc791285ba670c	20790700	49226a4f89baaf94d11495a6fbd49ece84a4534a9beae60cc76bfff6ca4c7a56	13426954	cb4a37268461143fc4e9d95fb4a4b5754733da7552ff015f162dd9212d99869a	ok
r2_HG00408_mat_hprc_r2_v1.0.1	s3://human-pangenomics/working/HPRC/HG00408/assemblies/release2/HG00408_mat_hprc_r2_v1.0.1.fa.gz	md5	9e4bdad4c2a580fe9ff4ff23dbfd8005	3084989014	c47274cc60cfb0f3	21314500	ec8621a41dca941b4fa52f2600a433153f6bef46cf49af2d3ac89d6465f1d7ae	13743026	0e4f7327615599a9951eacb50e67f7a4efb3f9da7b6ba583d2b70786ec3a77ce	ok
r2_HG00597_mat_hprc_r2_v1.0.1	s3://human-pangenomics/working/HPRC/HG00597/assemblies/release2/HG00597_mat_hprc_r2_v1.0.1.fa.gz	md5	08780473d8ee93151dd7955e3ee66676	3102430252	ee0d05a67f243c5b	22560638	667e28e8a5f2474a1bef1f6436ae7520dd84dada32ce2985837a5c16585b3978	14782596	7c8374a59f0d73d9217f21a53065448b152af6fc6a02ba72f5cd6d065c19a4e1	ok
r2_HG01192_mat_hprc_r2_v1.0.1	s3://human-pangenomics/working/HPRC/HG01192/assemblies/release2/HG01192_mat_hprc_r2_v1.0.1.fa.gz	md5	36fccd61682291ee9fd568a7037b4fb9	3087490390	15a0f0a54151be15	21678941	998b0c4b58ac24129b40c045a8a29ebe028f378c72939cc988dd6450da30f5b1	13990180	65812d08ca260224c8d731c9196a07a1529e0275f4dc3fe2134dc18b1cde27f5	ok
r2_HG01261_mat_hprc_r2_v1.0.1	s3://human-pangenomics/working/HPRC/HG01261/assemblies/release2/HG01261_mat_hprc_r2_v1.0.1.fa.gz	md5	a300202d39eb040506337547de2aa223	3097823852	13d008da971e1bb6	21256029	2529c71561277f0e2fab7d14a77f33aba3794212b11024ee23f384ac513609e7	13673036	918f8c0136279ab2978b9c7b5c87b34f2e04ad010964c88cf498d6b30442c878	ok
r2_HG02015_mat_hprc_r2_v1.0.1	s3://human-pangenomics/working/HPRC/HG02015/assemblies/release2/HG02015_mat_hprc_r2_v1.0.1.fa.gz	md5	aa23f719eeefa8d213259fa6a7ccd331	3090259159	26fdbb6e6853c885	21456683	361afc7b8e3e1e7caa7f642cf441f7ebfd85af2038d1e403250a4f8eb6d8e4d3	13852540	43b254dc92d91a0cb6a9e15a8a2a6198392b4fe22377ee4e0b33b69aca74d58d	ok
r2_HG02056_mat_hprc_r2_v1.0.1	s3://human-pangenomics/working/HPRC/HG02056/assemblies/release2/HG02056_mat_hprc_r2_v1.0.1.fa.gz	md5	c5dd99d2e3973cde854329ff02cd5a2d	3055568719	569966bbe861567f	21435083	e6fc079d40d1cec7e649c826513065c77620d7b540c40a31ffa96f7e80fefde0	13921647	76c0294b359dea7f063c038c7679a0f60c3255c18202911cfa4eabccb978dcd9	ok
r2_HG02129_mat_hprc_r2_v1.0.1	s3://human-pangenomics/working/HPRC/HG02129/assemblies/release2/HG02129_mat_hprc_r2_v1.0.1.fa.gz	md5	dd0dd054f0f33d0698d74b4f14d269f7	3069179733	20ac22323ca459e0	21000349	90be8c8c7381f1e12a9ee328cd5554e075d3b0514af284a5e7b2205bddd17cb8	13514524	c29e3700c3f665b7d9181661664b5282016c42f0ebc20a65c538d205c0c6f38e	ok
r2_HG02258_mat_hprc_r2_v1.0.1	s3://human-pangenomics/working/HPRC/HG02258/assemblies/release2/HG02258_mat_hprc_r2_v1.0.1.fa.gz	md5	e0666b4cb072d7081c8a4c5d315c6710	3095442374	332fe54689a07a40	23756258	1cd2afe55ab3f226abc9996230eaf6c485b61cda8dd8d337d3ebd5f1c1a2cdf6	16029840	b98c5b8c5df088e0647fabb4672069b6db91cc76dfe73d86bbde30f6ba407cc6	ok
r2_HG03834_mat_hprc_r2_v1.0.1	s3://human-pangenomics/working/HPRC/HG03834/assemblies/release2/HG03834_mat_hprc_r2_v1.0.1.fa.gz	md5	b9b56cd821cf92613295aa96da6a3795	3086564376	11e3a7f3d2447e1a	20571683	f7b954ceb4df0cb8c8a1a2c09bb457bac282758b286f466dab963baf64c0f31a	13041821	9fbd457a9f9b6046491941a91486ddb9fb3d642ac424e7380df1f5d053e65b63	ok
r2_HG01975_mat_hprc_r2_v1.0.1	s3://human-pangenomics/working/HPRC/HG01975/assemblies/release2/HG01975_mat_hprc_r2_v1.0.1.fa.gz	md5	969ab85b8f2497d704eee7f35aefaafa	3090799021	87df12d848f452d6	21527445	82bb1a5ed1a49b9902c78cd9f808672b0e5ae35b90ef487edc4174c450369c4b	13943062	43a744f5d17b284addf488d93198298478eb52b4f326be45a94dd3ab1287a2b3	ok
r2_HG02602_mat_hprc_r2_v1.0.1	s3://human-pangenomics/working/HPRC/HG02602/assemblies/release2/HG02602_mat_hprc_r2_v1.0.1.fa.gz	md5	fb8d7ecee0e660844302a27ec4db8d6f	3079466205	7945a5a5a1f83892	20843074	f095021bfe1041716a02a2aff27837287881742bc571ddc44fd8015cd205f1e7	13298710	27a43f387ae2c7196e74d2196e1208c0c174c96c4c4d07166712853ff01c6fa4	ok
r2_HG04187_mat_hprc_r2_v1.0.1	s3://human-pangenomics/working/HPRC/HG04187/assemblies/release2/HG04187_mat_hprc_r2_v1.0.1.fa.gz	md5	0b087b8c7ff9185516c9bbe629c9938f	3068928736	9d2d634bcd9d20b1	20986596	da4a013d7cb6406652e7b9332fa7685faaab42e4a17e13d15b827d09e902febd	13450483	2f2788712f281d0558bd16f9af34aab7fb826ac42cde6e4fef575029451f686b	ok
r2_NA18879_hap2_hprc_r2_v1.0.1	s3://human-pangenomics/working/HPRC/NA18879/assemblies/release2/NA18879_hap2_hprc_r2_v1.0.1.fa.gz	md5	6ed1ecef00d4c32cbcb08c692e4fc609	3095048296	b3154afb59ba422a	23946397	a369b543c50196f33b862d753afe48e9786527860da0f57e2fd47773179b533b	16229508	e736b1d62f78a4c50529158438443250fbfc539c78c44ddcd984404a9e8f01f1	ok
r2_NA20752_hap2_hprc_r2_v1.0.1	s3://human-pangenomics/working/HPRC/NA20752/assemblies/release2/NA20752_hap2_hprc_r2_v1.0.1.fa.gz	md5	a7335cc7b76120c572c33806fac64156	3097600313	5618e8deea9a1013	21556023	62aca4ff4fdf13c527c6c9d9b2626122e3965ba9abca1368846fb838ea6eb1bc	13861861	c139d58b31064cc020396105805c2366ec8655158c9fb7cbca6bde24c148e000	ok
r2_HG02145_mat_hprc_r2_v1.0.1	s3://human-pangenomics/working/HPRC_PLUS/HG02145/assemblies/release2/HG02145_mat_hprc_r2_v1.0.1.fa.gz	md5	8ccfb8cacb6dcca8c492dcbab93369b7	3089884775	595bfe612c6d5c79	24242663	6d0abeb5b8dd94db7359a8020b7ecad48ddfe1c001a4017933b9d83c82ed5d06	16482519	cfd8974e3ce10c7e031f32fc08add79892125f7feed76d652a0520d368ee715d	ok
r2_HG00609_mat_hprc_r2_v1.0.1	s3://human-pangenomics/working/HPRC/HG00609/assemblies/release2/HG00609_mat_hprc_r2_v1.0.1.fa.gz	md5	3d29c8bae3f86d3d1907597d22e87224	3078791767	b9a14f6461b99337	20999279	dacae045fccb8c940d83ec7aaab4f66ec6fad6265f5f27e07f3f51aa21fae29a	13485615	8d6334c05804bffb799dd0d1d1ddb64d96fce49b86a60c1b579bef6a4291d00c	ok
r2_HG00642_mat_hprc_r2_v1.0.1	s3://human-pangenomics/working/HPRC/HG00642/assemblies/release2/HG00642_mat_hprc_r2_v1.0.1.fa.gz	md5	9dbead98f8f79d89cb76e926bea584f3	3083390393	c819023306d66b2a	21053553	f470ff7b2de1591523eaa026c6eb6e62776cc499a398b0005a0fd7c9a5caf3f7	13502130	6a0c811d7b2928ece158a04bbbcb96cc4e7e40e55aae7a00f88e994b047cd231	ok
r2_HG00738_mat_hprc_r2_v1.0.1	s3://human-pangenomics/working/HPRC/HG00738/assemblies/release2/HG00738_mat_hprc_r2_v1.0.1.fa.gz	md5	d0060dbfd4629d45b00380131cad752f	3085963954	8fd012edbda8fbe2	21244392	bd6207a093c3514721f420fd7f3b196a6a0e43e471952c11ba21fc979d6ef9d9	13629300	77e552660d64eef1cbd5aa14df05e0d7f596f16ebe389eccf1ff484a4dae924d	ok
r2_HG01099_mat_hprc_r2_v1.0.1	s3://human-pangenomics/working/HPRC/HG01099/assemblies/release2/HG01099_mat_hprc_r2_v1.0.1.fa.gz	md5	fb708b1098e764c44f32247b7145f98a	3077592189	3b2522e1bfe6a382	21207437	c1d2e2f0af7c2250c340a0eb0a2ee5b317fab54bb677e0f6d5bbd7dc314fcf19	13630323	67fb0e6aa1e2407875061901aeecd8f681625fe95a4b57ae2357907689d9b2fa	ok
r2_HG01255_mat_hprc_r2_v1.0.1	s3://human-pangenomics/working/HPRC/HG01255/assemblies/release2/HG01255_mat_hprc_r2_v1.0.1.fa.gz	md5	cc28b293bae7f6d41ce55e6d816118e4	3086852082	b9acc4b82de75da2	21461280	fba621f9603459c6a183caa53406cab0a67da700fa544ebd6a04f81fc9838fb6	13877177	65aeaa15dd4f13e686470cbac6a9128b13480209eafb303a0c5acead6484142f	ok
r2_HG01346_mat_hprc_r2_v1.0.1	s3://human-pangenomics/working/HPRC/HG01346/assemblies/release2/HG01346_mat_hprc_r2_v1.0.1.fa.gz	md5	14e8c25b88eb9bb74d3a3940a5d082a6	3084449554	a96af14b91a702c7	20854638	6fd580def01c3221edfce47bedfae7af949a551840d42bd678b2c6991d164339	13301180	a8b360a4d030b6093c0ede3ba336b231d2b6a7470a905451e9ac756ac3c40002	ok
r2_HG01433_mat_hprc_r2_v1.0.1	s3://human-pangenomics/working/HPRC/HG01433/assemblies/release2/HG01433_mat_hprc_r2_v1.0.1.fa.gz	md5	68e32ae6ba0793ebfecb5029c00ac724	3090925695	829ae832b6d48a56	21560065	dfaec9bf7c211da0841a6c5d4ef754778e0531b7c15d4244caf3beb4e87dacf1	13946523	aec5e7e793fd1b3023018ef9bb76ae97e6ec4aaf3e8532c16252a80635248f6f	ok
r2_HG01496_mat_hprc_r2_v1.0.1	s3://human-pangenomics/working/HPRC/HG01496/assemblies/release2/HG01496_mat_hprc_r2_v1.0.1.fa.gz	md5	503b8f328872b935a6a65bd1f2d0c57d	3092537478	ddba28a71bbcc35c	21513305	abd10ae90846533ffad1b23c089df1d29b8ae6f46c7e57d9f61f3438a751bb91	13898375	c86200462cebf70e35a8cea804a106be8d84e93657d2d03af2fab4f4b1de4042	ok
r2_HG01884_mat_hprc_r2_v1.0.1	s3://human-pangenomics/working/HPRC/HG01884/assemblies/release2/HG01884_mat_hprc_r2_v1.0.1.fa.gz	md5	b25db8c25bec145c2ccb3f8b3d7bdfd0	3108312245	4935705cd2f89259	24585989	75a63611364418c872ac40bfcf9e88520df337e82825cf43cad63b5c4c07feda	16730602	b12bd4305505b93d5432dddeaea882ce85d8cb2b3c9abfd7bb963adbbf19deba	ok
r2_HG01981_mat_hprc_r2_v1.0.1	s3://human-pangenomics/working/HPRC/HG01981/assemblies/release2/HG01981_mat_hprc_r2_v1.0.1.fa.gz	md5	a4acac58561f5d9fb0eda40c6217c7dc	3086018454	8c62855d08f8e420	21509016	73ec341727f6fbb1836af742656931b76f1dfea9ff14edc8bcaf372d5ef57b9a	13909103	131bb47556268d9babf1cc87eb74361b899bf5f4801c8e3255b830b222cdaf2c	ok
r2_HG01993_mat_hprc_r2_v1.0.1	s3://human-pangenomics/working/HPRC/HG01993/assemblies/release2/HG01993_mat_hprc_r2_v1.0.1.fa.gz	md5	943a715fcc03f86adccaef51d4931d84	3083571363	f6209cd3e40a9535	21169127	a6b7f5651f5e96b0f69f92e0e27072f967df46104815af27bb4101f077070cbf	13563267	1689a2bc5553ca1588af8f0ec4adefc51e44d53d9c5aff8242cf5a216db519f6	ok
r2_HG02004_mat_hprc_r2_v1.0.1	s3://human-pangenomics/working/HPRC/HG02004/assemblies/release2/HG02004_mat_hprc_r2_v1.0.1.fa.gz	md5	dcc088c0aaac187a6d6be1ae62b39ade	3080892014	fcac32411d4f2fff	20956567	5028204a3b5e7c18aaedcf486996e7cf23fd911287c5dc03bfda1d714962df49	13398931	4239f7800c6d271219184ba16ee744c0cfb07248d4ef403fae6a2a187e03557b	ok
r2_HG02027_mat_hprc_r2_v1.0.1	s3://human-pangenomics/working/HPRC/HG02027/assemblies/release2/HG02027_mat_hprc_r2_v1.0.1.fa.gz	md5	e3883c41f41f3963cd769e60be40e3af	3085127250	8390475382d5d76e	21280701	97717aab58a4eeea2775144930e421736e3584edd248bc061d87761e8a730a49	13759998	340ca8b648d0435fbbf7dc118202dbb894c7a010975721cff068bf2a244ddbad	ok
r2_HG02083_mat_hprc_r2_v1.0.1	s3://human-pangenomics/working/HPRC/HG02083/assemblies/release2/HG02083_mat_hprc_r2_v1.0.1.fa.gz	md5	ae4620a2a2ea0e5448978f107b71e416	3077315967	e7e8db28e573b0ca	21705493	d41279057130c7686cf7ff42a97b05e733150849ec72e4175b9392e2be1bce9e	14104620	b248b53eca2c1e61db99079fb9c407fdb72408b8b2a55e0f35b45e30a27485e4	ok
r2_HG02132_mat_hprc_r2_v1.0.1	s3://human-pangenomics/working/HPRC/HG02132/assemblies/release2/HG02132_mat_hprc_r2_v1.0.1.fa.gz	md5	f550bc5fbbe3e77d46fb8f0b125f7213	3081855147	2045b20af9fee73a	20798067	e165bc34aad02e123c2fe56e70de90ce8c630823f342cbbadc3d8519f4caba3a	13323540	43c64d1dfdd2586ceb83281a35e9f285c961aa14263c06d6daa805220d3f284a	ok
r2_HG02280_mat_hprc_r2_v1.0.1	s3://human-pangenomics/working/HPRC/HG02280/assemblies/release2/HG02280_mat_hprc_r2_v1.0.1.fa.gz	md5	ef3729c96650c049e78edf30bf8460c1	3108530651	b21acb83de87f51e	24629799	93528ad728c911570d9f587d48149ba095bfae598462f63b3018e062a1185f77	16750071	ed78ba4c4f7dfa5c5d115cb67a12aef8673333d5782ec791ccdd0c166852e6a1	ok
r2_HG02293_mat_hprc_r2_v1.0.1	s3://human-pangenomics/working/HPRC/HG02293/assemblies/release2/HG02293_mat_hprc_r2_v1.0.1.fa.gz	md5	e8ad5dddf0293c0c2f9b77cdcea5250b	3104410088	a527eedc64f59297	21955119	3d87a7e5d2c8d72bd0ff4fece06dcaf1f062beff40be7148cc925fe9ee7b8b0a	14275898	723e42cfc3298f3607db17c40e6688c1d80d5c3fc46e371f64c66d4fd2339d96	ok
r2_HG02300_mat_hprc_r2_v1.0.1	s3://human-pangenomics/working/HPRC/HG02300/assemblies/release2/HG02300_mat_hprc_r2_v1.0.1.fa.gz	md5	74f1d41881c39021e3254f343f8fac8b	3092932810	08716c707cf55c5e	20795269	0f8032cb1bbc85a104082c5ace30f0d0a16733cc6ab474c0354fcd2d0c21e63f	13274062	00e0b994172daac99f6abc192db37ceb6234c6dcff8f82f7d195ef4024297260	ok
r2_HG02451_mat_hprc_r2_v1.0.1	s3://human-pangenomics/working/HPRC/HG02451/assemblies/release2/HG02451_mat_hprc_r2_v1.0.1.fa.gz	md5	b2a0a4978479f964b2c77715d8623408	3076871472	1a3bc51611975b7c	23942624	9e8317a7a015d9231062f8887234ec2369271fdd48514e3bf542f5b65181ddb5	16251718	425b8f58af74fd62a7ec27fca0f9f341dd18658edb5afd14569a26fa4e66807a	ok
r2_HG02523_mat_hprc_r2_v1.0.1	s3://human-pangenomics/working/HPRC/HG02523/assemblies/release2/HG02523_mat_hprc_r2_v1.0.1.fa.gz	md5	25ce49834609bfed94781d31601e567c	3085188800	e92f829a413e61a9	21425502	208b5c2434f7025264c366df1ea0c61c3403eacb9a40db07f2bcb6fdf1ce1912	13866703	3845cceb077e6413d1f9fb4746f7e9dfd01842a4990e50d3cd663c207d53471e	ok
r2_HG02615_mat_hprc_r2_v1.0.1	s3://human-pangenomics/working/HPRC/HG02615/assemblies/release2/HG02615_mat_hprc_r2_v1.0.1.fa.gz	md5	dc08d2293d84c0fdbee58a6dc47e74e3	3082543966	94aba103b97c9570	24248162	209a726194e6a976c8d6190521443b140ff6c0632989158e365f14f631c484c9	16470104	ade7b2827039844ae009dc314362e344d461d38fda29bb94b8c584a194373bef	ok
r2_HG02647_mat_hprc_r2_v1.0.1	s3://human-pangenomics/working/HPRC/HG02647/assemblies/release2/HG02647_mat_hprc_r2_v1.0.1.fa.gz	md5	f0fcb5feda3fdcb8f749ea0d24397713	3077302566	3ab1ff3241c2cec1	24047811	a1c2ed17dc7851902e2bcb5481bbd9125121bd0d5bb8a48f6644807f1d321e8b	16349140	f1deb78cd2ec3935df093f1e375021aaa8eb87bd2a8aee58232e43c1780d1241	ok
r2_HG02698_mat_hprc_r2_v1.0.1	s3://human-pangenomics/working/HPRC/HG02698/assemblies/release2/HG02698_mat_hprc_r2_v1.0.1.fa.gz	md5	64f2f70230745cc847802a29a57a3a31	3087754325	0a1071aee21c085e	20852120	4a77a42370508b1abcb6f39e65da0bc601bebc2c69c8c815786e2745521e1d55	13349487	b82ae5b5e5c154b145475520add9e0511d40cd5d4bc89ed9b6f443014b4ecce3	ok
r2_HG03654_mat_hprc_r2_v1.0.1	s3://human-pangenomics/working/HPRC/HG03654/assemblies/release2/HG03654_mat_hprc_r2_v1.0.1.fa.gz	md5	da1a9280cbd6368f239e1f2f62e5f6f1	3086697784	32a8aa131beb3326	21042579	373ff75d70021d76ebbe96f7c609060548897761314bec766df1dd49112ead48	13505294	9e4d719c0432454e06aba4becd07a7bbb475586c60f95a139ac6b0346c8f2357	ok
r2_HG03669_mat_hprc_r2_v1.0.1	s3://human-pangenomics/working/HPRC/HG03669/assemblies/release2/HG03669_mat_hprc_r2_v1.0.1.fa.gz	md5	fef3f08878adc9379754cbc0a02386d8	3080375151	f4111706b8ada66a	20748123	699eea6f64379b2abf6435a1ce717ac56792591181a08e2e93fab973ac93ab01	13187428	98ca86f04e5add4d5d462b5fa59c13ec817506548e964285ccbcdf2910a144f2	ok
r2_HG03688_mat_hprc_r2_v1.0.1	s3://human-pangenomics/working/HPRC/HG03688/assemblies/release2/HG03688_mat_hprc_r2_v1.0.1.fa.gz	md5	517bbd37bafbbe52da4729e39e3d734c	3088781355	38a372338ea34fc3	21205540	ef185d2a564a3ea274a0381e232297882b9754a0da086c093bc6faa293c802ea	13638225	1196b9441fb95a14d94f3bbe31544aae1ba0db8808b0c0c50e3c40af9092f300	ok
r2_HG03704_mat_hprc_r2_v1.0.1	s3://human-pangenomics/working/HPRC/HG03704/assemblies/release2/HG03704_mat_hprc_r2_v1.0.1.fa.gz	md5	f7aa64452d24768c481cb547d19f0deb	3092012449	5c4213a4387c6c9d	20749056	f49b7f3d21d59f53eff6b44818b585993f7e725b41a1821ce43b430ab82f88df	13195395	ca3e124ff9f32e398407093f3a1dacf53ef6fcd1ea44fde28bac12132d73bcc8	ok
r2_HG03710_mat_hprc_r2_v1.0.1	s3://human-pangenomics/working/HPRC/HG03710/assemblies/release2/HG03710_mat_hprc_r2_v1.0.1.fa.gz	md5	87fcda09089fad1320d4bfe7554f2187	3076213163	dee5a1a2ebd55cc8	21449484	da6119f104117ab5c3c0c492cbef4cc9108c6b9ab8fdc48a522a475451709f49	13876866	e773debc32fc2b7f043777f9176098539b6421dbd385d531253ac86ca59066dd	ok
r2_HG03831_mat_hprc_r2_v1.0.1	s3://human-pangenomics/working/HPRC/HG03831/assemblies/release2/HG03831_mat_hprc_r2_v1.0.1.fa.gz	md5	0179d6d524f719e320e59e2f69c246e0	3089820772	fa0cda684803d5b1	21220106	b98508c903e0934026cda7bc010372d19538bdac5e256dc14f84db5b50c60931	13662612	5bd6cdc44cdc68830ad42bdf4ee2343fc502b79f86edd24c817300c541cea37e	ok
r2_HG03927_mat_hprc_r2_v1.0.1	s3://human-pangenomics/working/HPRC/HG03927/assemblies/release2/HG03927_mat_hprc_r2_v1.0.1.fa.gz	md5	f678e4d2f1f7b4d2f23ff2864e259237	3084005858	5736d720c262ae62	20840933	73ce76f2dd453c11a49cf86fbc127986e5cc358ffdead84af8709b6b1e446f77	13337360	a889b632959f5d3e9f4a8d2f8afaab3371bb307118b00313a409aa33ea1ccdd0	ok
r2_HG04115_mat_hprc_r2_v1.0.1	s3://human-pangenomics/working/HPRC/HG04115/assemblies/release2/HG04115_mat_hprc_r2_v1.0.1.fa.gz	md5	b354e2dd4d28ab4b85ecf01435be45bd	3109084935	bd09955fcbe4b4bf	21859807	82683313fdc532d6d440fb7e9dee0bfa98e109d53fdabd5f837b743977ebc1c3	14169583	6e1b93bac1d5c9744da7b5cc87a09675a76842e008d8f8b0df8044181c9822de	ok
r2_HG04184_mat_hprc_r2_v1.0.1	s3://human-pangenomics/working/HPRC/HG04184/assemblies/release2/HG04184_mat_hprc_r2_v1.0.1.fa.gz	md5	f8256e1faee5e607651d296a2f632ae4	3084481767	774ee2656135d77d	20888684	74da2d5c1c352e72b6a919dc003e0a156f6a358ff373a229cfc38c1590725397	13370545	6e882bbaae46f11e688dcea4e06e77cc591b3db6fe9243ecaa0162a7f75b8a62	ok
r2_HG04199_mat_hprc_r2_v1.0.1	s3://human-pangenomics/working/HPRC/HG04199/assemblies/release2/HG04199_mat_hprc_r2_v1.0.1.fa.gz	md5	bcf9c70aaed224255f2b0eb116488d68	3078417519	8484376d8be51c23	20866855	e0ae1c8c8c0e991c28c3b4216b3457d12ca3373ddf419fd2558aea5c3b9a9e90	13357051	3ff09f87bc00ce51f5732d5e4101ecb90ca56bbcb2e1ab978d5b5a3ae3c08af2	ok
r2_HG02738_mat_hprc_r2_v1.0.1	s3://human-pangenomics/working/HPRC/HG02738/assemblies/release2/HG02738_mat_hprc_r2_v1.0.1.fa.gz	md5	ac148c6dc8be632275de8de9275154f7	3088861647	944933f95aae3aac	21048805	c8d89ed780871a66b8a88651091bd9dbf2b90943b6f7f86efec052d426a65430	13478341	3630be43ed235a247475ee1450c93e614267f2687c86a4ad38c98784eef24531	ok
r2_HG00621_mat_hprc_r2_v1.0.1	s3://human-pangenomics/working/HPRC/HG00621/assemblies/release2/HG00621_mat_hprc_r2_v1.0.1.fa.gz	md5	9709bb504394683b919a3f97d242617a	3073127385	779e3f0ed9094ff1	20846573	3be34b5560e7c6db8e222f7ae8b9a3637c74d0bc161d98b1c1a3a991d71f0698	13340283	b92b33ea850591f023b0814850fadecb21d21b1b25eb500d27ff0ed76d81f524	ok
r2_HG00741_mat_hprc_r2_v1.0.1	s3://human-pangenomics/working/HPRC/HG00741/assemblies/release2/HG00741_mat_hprc_r2_v1.0.1.fa.gz	md5	f0a44bd6ea35675560218288f31d968b	3103074096	986dd16892e6524f	21897042	28c94280bec7be1bc704499f179c87aa9de6335244500606ac15f438716099a4	14227400	081608effbd2e12916a89afa5c62a279a5eeac379f1cfe71409ee2b38db86743	ok
r2_HG01106_mat_hprc_r2_v1.0.1	s3://human-pangenomics/working/HPRC/HG01106/assemblies/release2/HG01106_mat_hprc_r2_v1.0.1.fa.gz	md5	1420d3bfd5d70f45bf9705c36b2500a7	3077153221	7a8d0050b960991d	20734396	da8fa2e15c940ac5d38e67ac68f7db7dd8da0c2fc1567428b05b04892a19cba6	13223450	d6fa144d64db19128b83594b0f932598225c650e05202766316a0527f1f11405	ok
r2_HG01175_mat_hprc_r2_v1.0.1	s3://human-pangenomics/working/HPRC/HG01175/assemblies/release2/HG01175_mat_hprc_r2_v1.0.1.fa.gz	md5	84d22cd8967e78b696a57089c8aef7ac	3088908630	85582e10ac3bc799	20991044	532b0d2a7588862638349e2020bd60d3903f8ccb51f151a616e8f8954b7f7e77	13446216	c770bec019993149745b3934cef69129f3a2e8ac5d1035011dd0973a30f68d1b	ok
r2_HG01258_mat_hprc_r2_v1.0.1	s3://human-pangenomics/working/HPRC/HG01258/assemblies/release2/HG01258_mat_hprc_r2_v1.0.1.fa.gz	md5	a805595f030e395be2eb0003925ba49f	3090502339	f48437ed68cf0c24	21656586	c4cdbbd79fb2a1f4de000af4b04670d26bce4fa6b28c46618e3dbd282e6208d1	14038495	ca8916ecfd801b356cbd92eb1b759984cb7796a45a38856df1c946564c4a4c9f	ok
r2_HG01891_mat_hprc_r2_v1.0.1	s3://human-pangenomics/working/HPRC/HG01891/assemblies/release2/HG01891_mat_hprc_r2_v1.0.1.fa.gz	md5	cd3ef368ca1a59861077a5967efca65e	3074913649	3405545b0c65e269	23789159	0ee56c1d3482f5995986db6ee06c21d7f0fc1b957f88ab11faa2509f1b698857	16077959	c6f0ddc217d8baf217bf98d3f73e4f89785b842ae32947a5b18569c938285e8f	ok
r2_HG01952_mat_hprc_r2_v1.0.1	s3://human-pangenomics/working/HPRC/HG01952/assemblies/release2/HG01952_mat_hprc_r2_v1.0.1.fa.gz	md5	ea0e6a41caa3b6d8b3f52367a69e25c5	3073840222	b861876ecf967417	21292682	c370d20abf770b54e716a7b86c65ab73297e0a0867de1ee741e10c2e4fd6c509	13730070	0f3452cdc99bf5bad5ee92eea6a4f6eaa09eb3d79dcfac9b7ab281a14913ed6f	ok
r2_HG02148_mat_hprc_r2_v1.0.1	s3://human-pangenomics/working/HPRC/HG02148/assemblies/release2/HG02148_mat_hprc_r2_v1.0.1.fa.gz	md5	49afb025a41fcc17190229b3d63809d5	3083630568	79aeca54e82bd5c5	20399549	c9ba7d93f3ee748d547bbb7bce7e104eed400fcf2fd2b8d2c5342466f1317be2	12921746	beec78a7e524ceb9c451a0601379726d38fc702fc88ac2acf36eb5381a7f3727	ok
r2_HG02486_mat_hprc_r2_v1.0.1	s3://human-pangenomics/working/HPRC/HG02486/assemblies/release2/HG02486_mat_hprc_r2_v1.0.1.fa.gz	md5	d86ab7550b9d28ffa13fb1cd907e2e6c	3085554517	fe6a4393fdb6eab7	23135205	da5017d561b481e42264a66763a89780dd46a9ac0de747572ec14b06987ec96e	15496499	6653611500961afe1938f50296cd6b4fc7c0f65b544ce77dd8602fba88003472	ok
r2_HG02559_mat_hprc_r2_v1.0.1	s3://human-pangenomics/working/HPRC/HG02559/assemblies/release2/HG02559_mat_hprc_r2_v1.0.1.fa.gz	md5	5876c5d1ad40b99928e4de011ffab4dd	3084182493	5260ec7d559f453b	23663849	96d7a97b81ce493b0a71cddeb6675107f6bb485f1bdeb5fc75c11a3c533916d2	15977700	8d1812432bf1af80a7dbf3d30822e0acc7c0af6c7826cb474ca8c878acd235a2	ok
r2_HG02572_mat_hprc_r2_v1.0.1	s3://human-pangenomics/working/HPRC/HG02572/assemblies/release2/HG02572_mat_hprc_r2_v1.0.1.fa.gz	md5	0d4cb70ce24f7aca8854afdbf48497fd	3093857440	070071f7f1ff9a1d	24486336	441365fadaa9906ea71a5e7508799afd95b39315f4374574dab81f71d91b6a07	16655292	5e4e08f9a2ef5be2de4697a19fbf841f59656d79379c728f78026d90d95ed4ef	ok
r2_HG02622_mat_hprc_r2_v1.0.1	s3://human-pangenomics/working/HPRC/HG02622/assemblies/release2/HG02622_mat_hprc_r2_v1.0.1.fa.gz	md5	592b109e6bc2e88f88e49bfb1ee35285	3093673362	5982ee1795af9b09	24247699	561968cbb1cf6cca9ed1b6f7caa7a0774a9025f285ebb0b76d54a8b65c4b7f91	16533376	beedb375357a976e8ab6b8869dcf94705d84e602915b5abc385d2ab70681370f	ok
r2_HG02886_mat_hprc_r2_v1.0.1	s3://human-pangenomics/working/HPRC/HG02886/assemblies/release2/HG02886_mat_hprc_r2_v1.0.1.fa.gz	md5	78c458a87d8321be61f4441a231f2c98	3088880145	11ce58001ff84a5e	24178007	682e38c2a8d6818afd536e9e79dc8e52b9b88a182d4577fe779b177c330094f8	16446237	d9447892e9aadcde8d4e9d3065d564e73a34bf9b0253f59a9b11fe19626864ed	ok
r2_HG03453_mat_hprc_r2_v1.0.1	s3://human-pangenomics/working/HPRC/HG03453/assemblies/release2/HG03453_mat_hprc_r2_v1.0.1.fa.gz	md5	1318ebc2df8c82a474021c17558714ca	3103478266	24221ef25ceeefaa	24815526	6f4ad8370f3b0a216ed9e05935e3d21bd26d6c90c7aeba0d2c2b02acee2d1a67	16960531	767a29e680a6473b5d055ed503057b18dd76ee80ee64f82535447ee0a1ffdad4	ok
r2_HG03540_mat_hprc_r2_v1.0.1	s3://human-pangenomics/working/HPRC/HG03540/assemblies/release2/HG03540_mat_hprc_r2_v1.0.1.fa.gz	md5	bdb983b6824f564579e787b18ac3d997	3096392068	8dd4acc0e4014608	24013737	f1a789d8eb1566b375b4cb5fb4621b3dde8a84becad1c025b89882b5e8b3ee5d	16274435	1049b769dc0fb5c981f59a7caca401a2e7003b579c3c10aad5dad50b1568deda	ok
r2_HG00099_hap2_hprc_r2_v1.0.1	s3://human-pangenomics/working/HPRC/HG00099/assemblies/release2/HG00099_hap2_hprc_r2_v1.0.1.fa.gz	md5	2f6a85e6a0266b3cf60a88e4e80d5815	3089351338	99014e4486a907bc	21081237	73ab8283da66b8254e6ff9f1b7b338949394901f1fc19885147722de9fcc8fba	13447544	a5b88496cb70cc9bd2107789e7ef961970387c5ef664f428adbcf8b3c9a45f86	ok
r2_HG00140_hap2_hprc_r2_v1.0.1	s3://human-pangenomics/working/HPRC/HG00140/assemblies/release2/HG00140_hap2_hprc_r2_v1.0.1.fa.gz	md5	63351173324e61bbd640cbe45fb452d2	3096253543	7e2a6e8856f56081	21377814	23dc2031b1aec3281acdd7d25aa8417a9fdc725909d6c5b5700a83633dd14dfc	13718471	199634c7cfd6418c75e3d4026268f7e1f34bdadcae1174371cc2e7dadd0975c0	ok
r2_HG00280_hap2_hprc_r2_v1.0.1	s3://human-pangenomics/working/HPRC/HG00280/assemblies/release2/HG00280_hap2_hprc_r2_v1.0.1.fa.gz	md5	5cf6677d4fa19d0458ac96a6be962471	3092239190	f3aae00a4950375e	21007449	25c6df12d6baf559357b62c3bba717b85814d51995948ae262ee961d35c9b5b1	13439634	18506c1053dab002242da82242dbb670418c4252d5b2160b7ec6d1df3bbe7f4a	ok
r2_HG00323_hap2_hprc_r2_v1.0.1	s3://human-pangenomics/working/HPRC/HG00323/assemblies/release2/HG00323_hap2_hprc_r2_v1.0.1.fa.gz	md5	42dfa3f2d243bf671e975563cac7abf9	3076710278	7a4b8b5993bd4bb2	21160183	89cb23a3f0545928950c3f6e65182a8215835d9efc51521744e242c813bb9f52	13570426	96b259e394fbaab10a867c51c0162d13aea3b63490f2f9d54122bf31bc07a384	ok
r2_HG02040_hap2_hprc_r2_v1.0.1	s3://human-pangenomics/working/HPRC/HG02040/assemblies/release2/HG02040_hap2_hprc_r2_v1.0.1.fa.gz	md5	289985bdeb68ea4ff26e2d6774d7b2c5	3090111336	1cb1f93ba53b8c3a	21996195	de56a0247d451181c1efedc835d5f407b6e633ebbb82290bdb005c4e4713829e	14287820	fcc95508636e1517b05dc3404c303de3d79b3234243b3185f4fea5d75a9fbab5	ok
r2_HG02165_hap2_hprc_r2_v1.0.1	s3://human-pangenomics/working/HPRC/HG02165/assemblies/release2/HG02165_hap2_hprc_r2_v1.0.1.fa.gz	md5	928eb90915256e5a8ec83a0aeebf122d	3084358835	b72ace2f91879d44	21835306	e698dcfa3b62f4e3b9ab5a35b5b2b53ed1ef7b0c19fdf3b22e43bb2ea0997754	14195584	53712a9a777fd5d895187f992ecd72ea907c03800bb777d6d83a1208ad5eb445	ok
r2_HG02273_hap2_hprc_r2_v1.0.1	s3://human-pangenomics/working/HPRC/HG02273/assemblies/release2/HG02273_hap2_hprc_r2_v1.0.1.fa.gz	md5	6b00eaa4f009ed024b297f8ef748bb29	3102337367	91cdd29350f8dad8	21364855	8f03834a80ca489141e80f24b6a501610aa282be9ba62ca0c0987746bb7d37df	13755579	25bb28226339a9f42dd7f393455754acebabee37b7d812e60b056a3e32934d54	ok
r2_HG02922_hap2_hprc_r2_v1.0.1	s3://human-pangenomics/working/HPRC/HG02922/assemblies/release2/HG02922_hap2_hprc_r2_v1.0.1.fa.gz	md5	ae410b0c09187d48023d119011f40d64	3077829317	aa92dbe86df7c6ea	23699298	c52f7e1ab863e12a8d1708df7cbec1754644759340dd44fae6eb41f9801d3655	15991763	5f703a455ff19113b8bd129138212a3c9af73f8ad098710b2a2dfb2804c931f5	ok
r2_HG02965_hap2_hprc_r2_v1.0.1	s3://human-pangenomics/working/HPRC/HG02965/assemblies/release2/HG02965_hap2_hprc_r2_v1.0.1.fa.gz	md5	efea8c05311877115560e213294e54f0	3107522576	65298bcbbb84f036	24782859	bcb0f3279447520cbca2370ce2810a5670c6bb3539c59cbad0c38afb90a8c0cf	16941011	b9f57a1cec187ef58bb77539d4fc36f829528453aa5f361ff60651a99e01d70c	ok
r2_HG02976_hap2_hprc_r2_v1.0.1	s3://human-pangenomics/working/HPRC/HG02976/assemblies/release2/HG02976_hap2_hprc_r2_v1.0.1.fa.gz	md5	4ceee97e4f9f20d51f6269b3457002bb	3093609586	2dc2279e333b06e5	23984176	e972a111100666c39a58e9f6265c528a0d92627d0e70044d1dad9c9e0c23387a	16234824	0c25d717d5c15cf607ef636c2a4c86829a56121dd4184c8178bff49061a2da92	ok
r2_HG03130_hap2_hprc_r2_v1.0.1	s3://human-pangenomics/working/HPRC/HG03130/assemblies/release2/HG03130_hap2_hprc_r2_v1.0.1.fa.gz	md5	560b6884755e0061666acb55002e9b5a	3091278107	86610dafef5cc939	23840813	fa57c4d8a50d2af3eddd947eac233821097539d5b8e8ff2ce75c1175a5909fbb	16139212	ef188bcf17f2b8a029c21153f6a9a8a1a64974974d68a222d7d8721c48c9c4a2	ok
r2_HG03195_hap2_hprc_r2_v1.0.1	s3://human-pangenomics/working/HPRC/HG03195/assemblies/release2/HG03195_hap2_hprc_r2_v1.0.1.fa.gz	md5	12f5b029b969a753c34eb9342932fbae	3093710856	2facc3da1f48d06d	24145792	609529fa228f04cdabe29ef501002905e9b561cdd56aeac2cf64e03d388c4d0f	16379479	65dac6835aef1fc18df2f31a269802aed6beccd47874a72549fe062fef087729	ok
r2_HG03209_hap2_hprc_r2_v1.0.1	s3://human-pangenomics/working/HPRC/HG03209/assemblies/release2/HG03209_hap2_hprc_r2_v1.0.1.fa.gz	md5	942213889729c2f08ab580fad27ca27e	3088696067	a08a71730a8c1e85	24114538	22bfa567fa74c55248da15eee511b7789d1a2a418f2329328c59c694e9570436	16354768	707a97fda4385faefbc5aa877b1ca3fd6a84467097b45a6f05db6bda7de1e84b	ok
r2_NA18522_hap2_hprc_r2_v1.0.1	s3://human-pangenomics/working/HPRC/NA18522/assemblies/release2/NA18522_hap2_hprc_r2_v1.0.1.fa.gz	md5	17142d3d89e9c00d353e2b31618fb83d	3082993892	a73f60d4e334358e	23580396	768bdba467451aef409c6ba6d77e5b05bddf991abda46169aa72ffa721ca8399	15918282	1969c0f5b9dea363b0eb9a12369ac5e9aaa2a552cceb1327ab6b1b61b1c58de6	ok
r2_NA18747_hap2_hprc_r2_v1.0.1	s3://human-pangenomics/working/HPRC/NA18747/assemblies/release2/NA18747_hap2_hprc_r2_v1.0.1.fa.gz	md5	8fede433a2cc7e8c835078b424108c7f	3080212364	033b916e9e0d736b	21136807	f675ea09be4dd0e6f177115de76370b9316d76de4fd5ddfb67e3dd96bc6571ba	13619220	c7a2369c3d80a7406aba7076878a7b9f7f40a6b11644836dc3a570e6160860e8	ok
r2_NA18971_hap2_hprc_r2_v1.0.1	s3://human-pangenomics/working/HPRC/NA18971/assemblies/release2/NA18971_hap2_hprc_r2_v1.0.1.fa.gz	md5	01f5cecd56c1ff5d5fc30592aa9ad114	3077515821	4c1ecbafd844ec19	21023173	99690287ca48cae5ab028e56476396807bbf117a41c4fc611f321525a7e5d38f	13455270	c37b13f84c4baba97f5ab8ae70422c1802c782c769446e4b8d90d2f6128a5a10	ok
r2_NA18983_hap2_hprc_r2_v1.0.1	s3://human-pangenomics/working/HPRC/NA18983/assemblies/release2/NA18983_hap2_hprc_r2_v1.0.1.fa.gz	md5	0969650ca07893db929149a7a1451dcf	3081896284	06601e401c955ad9	21383007	d75eb18c3900654890e9f776eea93a4c09390bc5cb811b9fbf7c761393768296	13783739	dfa449f77900eb47fa9136280220a50560dd1e688390b28d7b3195886b5a96bc	ok
r2_NA19043_hap2_hprc_r2_v1.0.1	s3://human-pangenomics/working/HPRC/NA19043/assemblies/release2/NA19043_hap2_hprc_r2_v1.0.1.fa.gz	md5	e36adb616731fbd925bb771a99b02f7b	3076407834	829f76d68e0955d3	23862354	980a997dd347de81ba6ec4a235e2997b4fc250afddee49c7f5c9b2b217ca763b	16114674	d9d1adf90211e327837414c8d8419ddce393b3e65ddfd1ce53173f9dc707a7a0	ok
r2_NA20905_hap2_hprc_r2_v1.0.1	s3://human-pangenomics/working/HPRC/NA20905/assemblies/release2/NA20905_hap2_hprc_r2_v1.0.1.fa.gz	md5	70e85954b8e4adf4de24904a83a7c177	3075967610	7f7b9ea7505e02a0	21219639	5cc4d8e5e3d52df9963dbad80dea65959ac38eec7ce545bbec1ba2675dced493	13647521	ec80d905723dbfb506dfdceb4c9b675254df9114db760d2a448580fa8f18a7f3	ok
r2_HG01530_hap2_hprc_r2_v1.0.1	s3://human-pangenomics/working/HPRC/HG01530/assemblies/release2/HG01530_hap2_hprc_r2_v1.0.1.fa.gz	md5	867553c6434be1733fd6fd9606add19c	3087925256	641480b10502339b	20721468	7dc8bdb07602fbd45999457b34b82ef6bf4de87743f0c340fa38220fb7bd532e	13194854	f9788f01a1656d7ce682ee8a8ec297c4d1d56dea7189232a54c4bc09896c9ae6	ok
r2_HG01784_hap2_hprc_r2_v1.0.1	s3://human-pangenomics/working/HPRC/HG01784/assemblies/release2/HG01784_hap2_hprc_r2_v1.0.1.fa.gz	md5	367946a9df8f87a1c4da9f24a9bf5c5b	3069432377	0c839bf975d85b6f	20027410	b2fe2f762e3e6e511000260916f08f0ddc9279aa92c5f42241063870a2502fd5	12575744	c9013d70641f966684796df9c935f7c91a6f43e4c36b880508e82f443c419a3c	ok
r2_HG02391_hap2_hprc_r2_v1.0.1	s3://human-pangenomics/working/HPRC/HG02391/assemblies/release2/HG02391_hap2_hprc_r2_v1.0.1.fa.gz	md5	01981fdbf133e8c6966d55b2cb182095	3102866137	8808a4cad075bb4b	21960153	d5ff6809d8dac3ba6bf093b4b3e6fdc8262308d85e307086598a322f1f228823	14269950	5e7f18b2bac14bc37c9872678a8e920a9e98b03feb7101abf93e06e0c002610f	ok
r2_HG03471_hap2_hprc_r2_v1.0.1	s3://human-pangenomics/working/HPRC/HG03471/assemblies/release2/HG03471_hap2_hprc_r2_v1.0.1.fa.gz	md5	754deee091eb04a3aa71871831afabae	3085617206	4f5ce05b926d2e6c	23799918	d4263408240c53aa2fb5251b280e1d69be2ce1892cef870a004c29c1add106df	16124745	542fc9c7ecaf4f75b6cfca9fe32a05a9dacad2defc3236b00dc1c028735744d1	ok
r2_HG03742_hap2_hprc_r2_v1.0.1	s3://human-pangenomics/working/HPRC/HG03742/assemblies/release2/HG03742_hap2_hprc_r2_v1.0.1.fa.gz	md5	e74f177435f822f20c50ad9ec81ea728	3106738311	5af1708a66f10408	22104502	e40e4ea3a4f9dfba47207d3a98d0f99c017932fbcf34930a743633a45aa7e419	14359911	c500a5c1c41670f8cd2259f723956cbdf535b499a12586b226fd778304232d62	ok
r2_NA18570_hap2_hprc_r2_v1.0.1	s3://human-pangenomics/working/HPRC/NA18570/assemblies/release2/NA18570_hap2_hprc_r2_v1.0.1.fa.gz	md5	252ddc2267297f49270058716b4d2ce3	3086978353	54ebbd823c00ed18	21653391	7e081ac6e5d598b58599d9e7b5fa368117cbf726fe49f7f2d5c53a4e2de145ea	14032119	9f9f0af5721a50900896e6e75edc043778beb4f3911aca50fc6f1dc457ef7476	ok
r2_NA19087_hap2_hprc_r2_v1.0.1	s3://human-pangenomics/working/HPRC/NA19087/assemblies/release2/NA19087_hap2_hprc_r2_v1.0.1.fa.gz	md5	6b174c97c579a02295fee941d3328e8c	3090086605	044758df9077437c	21351495	e186b0f16ed929f6f55813d5a7c528484866e64ece00696aa13ae158636241a8	13746856	2774ffb2d2e8c7e2354fc997e51f878c9e3a88ac713a434285b29ba9967d3c25	ok
r2_NA19185_hap2_hprc_r2_v1.0.1	s3://human-pangenomics/working/HPRC/NA19185/assemblies/release2/NA19185_hap2_hprc_r2_v1.0.1.fa.gz	md5	0f97b07c57f71f1c2033d92882518fd6	3094849043	77febb1ec63f27d2	24434979	46b3e78e4e873a959c9f45fd63a0076ca5c053972378c1415a54a3479043ffb1	16613772	1fc14d4614dba519806f361ecfe38a5670ecb87245d5f1a5824660ccf87ec513	ok
r2_NA19338_hap2_hprc_r2_v1.0.1	s3://human-pangenomics/working/HPRC/NA19338/assemblies/release2/NA19338_hap2_hprc_r2_v1.0.1.fa.gz	md5	419f4e3173cb12a22c41f54cfae61b37	3098562843	17673184bd5f7575	24400650	7457fa8bcda5e3c4b1ac046c9f71f0e915075561afb21cae2dd08b22a66f75f4	16591502	0f01c2eeed4026dbe38fe34e94bce07ef88f3024a5bf68037e024606dddd85d2	ok
r2_NA19391_hap2_hprc_r2_v1.0.1	s3://human-pangenomics/working/HPRC/NA19391/assemblies/release2/NA19391_hap2_hprc_r2_v1.0.1.fa.gz	md5	8560c5d269785afdae58e2c51577ec58	3089564439	30c1dde28062a0ac	23843164	53b5bdcf8f4daf1b4fa5a042686b9c6e1d92285b0296c3e5856c867e1597692c	16115913	30e988f2bdeeaaa8282693c303a6ace30a704ca2b13dd121b465a5c6f9971f14	ok
r2_NA19468_hap2_hprc_r2_v1.0.1	s3://human-pangenomics/working/HPRC/NA19468/assemblies/release2/NA19468_hap2_hprc_r2_v1.0.1.fa.gz	md5	843785bace703dd2b16fecd8c176cdfa	3104664696	2a8031a082abc43a	24358407	e1762c08280684fbbdc5320697a107841c9c70186bf1a47659432782134663c7	16546859	a9984dc961e1ea6748e6051fa29fe6c1ddb20fceb64bcd0c7db682200eeea4e9	ok
r2_HG00438_mat_hprc_r2_v1.0.1	s3://human-pangenomics/working/HPRC/HG00438/assemblies/release2/HG00438_mat_hprc_r2_v1.0.1.fa.gz	md5	d9a54250a83ea759cd94f4e7a7b1bab4	3080364918	735107c57d44b3d5	20881610	4286cc131f849794ea67c961f12f6e5be97d4a27cabeb5895ed3a22fef289a17	13344793	3691adc63a53a541270b8d1cbb374e030a87131ae2141320920bd232b13abf80	ok
r2_HG00558_mat_hprc_r2_v1.0.1	s3://human-pangenomics/working/HPRC/HG00558/assemblies/release2/HG00558_mat_hprc_r2_v1.0.1.fa.gz	md5	4bb8e0401868ee914c2940f709331b78	3090352843	5e142b34cbbf06cd	21495015	d6aa638ed77b3476565063cd06b3954e980227d239868e8b5b35a6088eac4c9d	13861885	0bdd83e49888353d60321672b1eda6129214776514bc5f1193d2f7460f271591	ok
r2_HG00639_mat_hprc_r2_v1.0.1	s3://human-pangenomics/working/HPRC/HG00639/assemblies/release2/HG00639_mat_hprc_r2_v1.0.1.fa.gz	md5	35cd6d38c3052d881a71c615dd27236f	3086260533	95778b1ceb1d8af9	22058646	c47ccfd1af23ae15fd11c682d3a250a6965a50a011f9906aaae6b643484d980b	14419947	74d86f58946f054c45c8973de68ff8d43028990c84a03fdbd849510e97fa6363	ok
r2_HG00658_mat_hprc_r2_v1.0.1	s3://human-pangenomics/working/HPRC/HG00658/assemblies/release2/HG00658_mat_hprc_r2_v1.0.1.fa.gz	md5	48b90e2bda6311d4cb3729b481b288fa	3074947792	c7fb4ba65de07e3f	21041202	d71ed8bd4891729db6588578310349e3bcd41ec2eed2a4be146ec32cdbeb409e	13512233	10e2921e7c156657836489d946bc2bcefd0a63e59296cf3fa6ca0f257198c8a9	ok
r2_HG00673_mat_hprc_r2_v1.0.1	s3://human-pangenomics/working/HPRC/HG00673/assemblies/release2/HG00673_mat_hprc_r2_v1.0.1.fa.gz	md5	a6c738ec718aa45a5d0fa6dde073fade	3071769096	445233edeba8ecec	20517251	0742422e05b399fb454e26b7e6d32418ae3f5cc32086f7805f59a74b22030d10	13028345	7658605d90db8ef0397cdc27b907c4842029889bcf83c79858f0bbb30d604e48	ok
r2_HG01071_mat_hprc_r2_v1.0.1	s3://human-pangenomics/working/HPRC/HG01071/assemblies/release2/HG01071_mat_hprc_r2_v1.0.1.fa.gz	md5	7b5fdb738e89663b7d7067e675d46645	3074229943	21717276ed457498	20849416	8d9c0943e356002a8c1ea0b79999d3f4903bf43ebf599fb6b72fe198ff88998e	13340802	c4bdb784ca3cd9b179747946883eb151ba12131fb4660603442c5989e420923f	ok
r2_HG01074_mat_hprc_r2_v1.0.1	s3://human-pangenomics/working/HPRC/HG01074/assemblies/release2/HG01074_mat_hprc_r2_v1.0.1.fa.gz	md5	af05d88855d5618f22055529aba8d46a	3077471375	8ea02c39161d20cb	20804012	6bc89ad562c5b4c42644032468f944b84d742a8a4949bdd7969e7b4d0bd6e0ce	13278529	65d578b11c8ecb452d04f119d4110b57f7de5a48010557cf123fd67bde19ad98	ok
r2_HG01081_mat_hprc_r2_v1.0.1	s3://human-pangenomics/working/HPRC/HG01081/assemblies/release2/HG01081_mat_hprc_r2_v1.0.1.fa.gz	md5	5dbbf37d7b83eac515a02c2b607baca1	3097176910	b67073ab0e167674	22060364	cd9b6198959247eff37b932fac09d14f49112d00887e016ecd4168467a3a760a	14376953	d24fe8409a7364c426a0cb2dadcd445c6365b2dde7371a06524d394ec81d1f13	ok
r2_HG01123_mat_hprc_r2_v1.0.1	s3://human-pangenomics/working/HPRC/HG01123/assemblies/release2/HG01123_mat_hprc_r2_v1.0.1.fa.gz	md5	faeb452f2fb96493aa9beb276b425e55	3072598190	662d1394f4d752f1	20879006	512b502df0102d9af1e156e06de1794b58ff9e3c38f758683b0150a2ed7f9308	13337691	4327fa4bc02b9b4622a6de443eec1ed477f17ff49a8566f93261792671f143b3	ok
r2_HG01150_mat_hprc_r2_v1.0.1	s3://human-pangenomics/working/HPRC/HG01150/assemblies/release2/HG01150_mat_hprc_r2_v1.0.1.fa.gz	md5	4ff56e28188f694fec0ed6645a7bc464	3082615459	91d275e2307c587f	21496445	abb758ec24059cbc06df049ac2c2ff7f43540e4d5618ae41bde11ee37de27ebc	13877107	58f84f7eb04d2973bede56079d740b89057a72848e902b6be98607c6cd41a293	ok
r2_HG01252_mat_hprc_r2_v1.0.1	s3://human-pangenomics/working/HPRC/HG01252/assemblies/release2/HG01252_mat_hprc_r2_v1.0.1.fa.gz	md5	9f335c3876df44eb07c0616242cf6e15	3086710567	d3457ae513279b52	21159704	e2d88c0b6c8ced419c32b5490e8a2365c6088199dbed16d234dc04e5b91c3103	13598103	19f7858fbd20d6d4da0738ae8a67e11acb423ca3c8707d5237e2b26ef26b8d85	ok
r2_HG01358_mat_hprc_r2_v1.0.1	s3://human-pangenomics/working/HPRC/HG01358/assemblies/release2/HG01358_mat_hprc_r2_v1.0.1.fa.gz	md5	71aa5416908f49ce3798528460611396	3087963337	4183cb441269000d	21209117	c92884048a673610dc392177fd7148f4c7562cef74ce35f3195079b919665edb	13610961	ddaa504811f6571e1a5cf3a69b781d2107e9950b0327bc5c9b081deab61b3d30	ok
r2_HG01361_mat_hprc_r2_v1.0.1	s3://human-pangenomics/working/HPRC/HG01361/assemblies/release2/HG01361_mat_hprc_r2_v1.0.1.fa.gz	md5	8bd3a9eda2be7c539e0aec8eeb2e5ae2	3088371339	24685d1a3bc1a585	21093156	5759f6f994f9351affd269ca9875db778a01ad93651f9f012979729226797034	13504575	57b54d989695a375f2aa19d0b2407f47c0b57b9e26d9920baee37b430bc74bba	ok
r2_HG01928_mat_hprc_r2_v1.0.1	s3://human-pangenomics/working/HPRC/HG01928/assemblies/release2/HG01928_mat_hprc_r2_v1.0.1.fa.gz	md5	c851be9c431eadd661389655fb6ef7a7	3088650917	b86c123a7c18f89a	20787320	3083b590f808ad74a39f3389dbab1c329a49c4ee0701ed9453b28e04c5159cdb	13233147	bc21cb16db55dd7a8bfd2a0e5abbab1eb600b0c8937bb92b1bddf0ab08769337	ok
r2_HG01934_mat_hprc_r2_v1.0.1	s3://human-pangenomics/working/HPRC/HG01934/assemblies/release2/HG01934_mat_hprc_r2_v1.0.1.fa.gz	md5	4350d815c98543be2abc8bf91e5662ec	3071061737	b6b64b418b4b04fd	21119331	dc8809f284bd754443167ed01eb3969167cb0c3a2404ff773e42496f46894f07	13589741	4d3cf926bf26060f877015425aea8fb9cc1bc42f83ee2d1f00de12f426c13255	ok
r2_HG01940_mat_hprc_r2_v1.0.1	s3://human-pangenomics/working/HPRC/HG01940/assemblies/release2/HG01940_mat_hprc_r2_v1.0.1.fa.gz	md5	d06d1a4a4f7507a5b8197627b8f14afe	3081735408	bb30de7a621867a6	21100422	ce8f37cdc0325c057a2af0ab853fc3886af38d8f4841ec8dbf6c020c69d1ea26	13517348	cee92d89c40484ba615df8670f066d907b7dff6e39b7ba660da7cb88a685a7d3	ok
r2_HG01960_mat_hprc_r2_v1.0.1	s3://human-pangenomics/working/HPRC/HG01960/assemblies/release2/HG01960_mat_hprc_r2_v1.0.1.fa.gz	md5	875f7605b925b63fbfd86d5b65e67831	3078000548	b67140e0f4c2a2a1	23241788	d445a900a2be24c8bece1c027435c6d1994ff6812f31d47ed10ddbde3f1a90f1	15579591	4630b13ce62ffa71b82ef780bd3f9867b4d3a71839b537a870bf69a65f5d16c6	ok
r2_HG01969_mat_hprc_r2_v1.0.1	s3://human-pangenomics/working/HPRC/HG01969/assemblies/release2/HG01969_mat_hprc_r2_v1.0.1.fa.gz	md5	b46606c6a06edfe76890bd796ed9d39f	3081327700	692cb4214deefe0c	21429120	2314065ff356c815c0ca86f88659cad30e700c6f11d3fe29997969ba3a108ad5	13830382	7e87f7ee8d2e4b21cad5615b6f2327725cfa219f3ea97f018ccfb12f6309329d	ok
r2_HG01978_mat_hprc_r2_v1.1.0	s3://human-pangenomics/working/HPRC/HG01978/assemblies/release2/HG01978_mat_hprc_r2_v1.1.0.fa.gz	md5	6eed8960e0af069e1f631dec4b1a9415	3087170162	4cbcf438d8e2f78f	21111167	75c1868068e2d63fb17f2cbc8c81ff587acb3ef512ebf6b4a9e72c3748823d1c	13540939	bb4a5f10cc2402468a6e609719318e4a0106f382ceddb950ffcce5ea0170c227	ok
r2_HG02071_mat_hprc_r2_v1.0.1	s3://human-pangenomics/working/HPRC/HG02071/assemblies/release2/HG02071_mat_hprc_r2_v1.0.1.fa.gz	md5	9339fe6fb7b89c52042f9fba1ac4bd7d	3081731961	935de6645ebd4042	21158973	de4980b78896dde855f3e79cfe39da11608ef51b3e48eb5ed71900130a636917	13604215	ce8555d851e9f260414f1f9da52da0d456232151ddfa570ee066c0175614fa3d	ok
r2_HG02074_mat_hprc_r2_v1.0.1	s3://human-pangenomics/working/HPRC/HG02074/assemblies/release2/HG02074_mat_hprc_r2_v1.0.1.fa.gz	md5	e8946253b6b8425cdc99e84d79238682	3081969417	b33ad79dcf063727	21791946	0c1d6594d8136f29a0251a56348a03a64366bc614e11159b5ccebed80d68a1c4	14158813	c53abf58e9029075b737f787afbc0d67daed1583a0afad2f30a91da019bece7e	ok
r2_HG02135_mat_hprc_r2_v1.0.1	s3://human-pangenomics/working/HPRC/HG02135/assemblies/release2/HG02135_mat_hprc_r2_v1.0.1.fa.gz	md5	170dea135aae5bcdd2de0653fafbeaff	3074082377	91e15ec6f7e84946	21495075	ba817cfa1d97c5ec09cacd24f6d0041a9d2ababab1c568a4b894d07bc50eeda9	13949372	53042e9e87d887b47fbbff57f05060c6fa5888267d7d47e1e14e46594dd8a28e	ok
r2_HG02257_mat_hprc_r2_v1.1.0	s3://human-pangenomics/working/HPRC/HG02257/assemblies/release2/HG02257_mat_hprc_r2_v1.1.0.fa.gz	md5	6f4df877bf795d4023eb6a77c1427068	3082406651	e08c67da359a56be	23474863	46d13629933b2d6ec69f7d638702113fb27cae6748843f281ca0d7d77c7e824c	15787045	2f0559b9fa8e63eee933f588f4e335df665f5c64743306c7abd76ddbed719b3a	ok
r2_HG02668_mat_hprc_r2_v1.0.1	s3://human-pangenomics/working/HPRC/HG02668/assemblies/release2/HG02668_mat_hprc_r2_v1.0.1.fa.gz	md5	f7fa495b5c20dd984f81aa7d931deed0	3075864078	0aa718ccb62b50f1	23346043	d2c5ff958b0fb7a49b5d878c75212cae5df749a16d448867c9f460536c6a0d13	15709356	28a431950dac458b4e9bb5b48ad8ec5a0486909c05ca4d4474ac23f01b54de0d	ok
r2_HG02717_mat_hprc_r2_v1.0.1	s3://human-pangenomics/working/HPRC/HG02717/assemblies/release2/HG02717_mat_hprc_r2_v1.0.1.fa.gz	md5	df1ac3c76e90eced614f0659104b4202	3096831698	c84bf9303e339472	24761409	25f2faf406e1d241325f0a290072a11f2098faa0a67a0e018872dfd4694c7c3c	16930358	e57504c0ba1676e56355833a2ce138e352f3dc9a26889d58d49728518a6a320a	ok
r2_HG02809_mat_hprc_r2_v1.0.1	s3://human-pangenomics/working/HPRC/HG02809/assemblies/release2/HG02809_mat_hprc_r2_v1.0.1.fa.gz	md5	f6a24294fc8530e623218173bed76f01	3081584557	ee1bb2061f8265a1	23560255	d938005132101aead49a245dd18260fb4ce5b7984813e0ab4b696a29134624df	15912385	b64766878ecb60f13046f65c5ea1f39b215779877cac24f0d55844f785fbb7da	ok
r2_HG03017_mat_hprc_r2_v1.0.1	s3://human-pangenomics/working/HPRC/HG03017/assemblies/release2/HG03017_mat_hprc_r2_v1.0.1.fa.gz	md5	b074fb140365825f046424786322e8fb	3081771654	a458f675b8b65a4f	20976790	644b7f5bddbaf14166b801eda44a9c5cb9021ddecfb5cc96f169cb9d0360d5d3	13472816	5b811a61b298e3d23a2ca5d7cf3f9a1472fcba0444dc001ef223517116d6e3d1	ok
r2_HG03041_mat_hprc_r2_v1.0.1	s3://human-pangenomics/working/HPRC/HG03041/assemblies/release2/HG03041_mat_hprc_r2_v1.0.1.fa.gz	md5	4ef2526bf51cc88bd5a6dc591543a5bc	3092382928	fe88d8ac17730bf3	23842976	316debba9d96e0bfe7280415336fc1e6ca0cc0583466b1e43ba8fb8100484532	16145547	c426b5c7023f1e1e7a3d7699c3c573415151a78c3232df32e67836c83ac8e023	ok
r2_HG03239_mat_hprc_r2_v1.0.1	s3://human-pangenomics/working/HPRC/HG03239/assemblies/release2/HG03239_mat_hprc_r2_v1.0.1.fa.gz	md5	6b31dacfcc7530922f756a30e77fa3e3	3065517983	38bea91d4f140bb4	20928389	299d9ba2283945503d3d60398908d41c031aad8a5fcc9a483fb092e88875ef29	13424413	96e2d307fe391b32304a00d5e789e9f5f5f2af79bc99c412c5ea52889e332114	ok
r2_HG03516_mat_hprc_r2_v1.1.0	s3://human-pangenomics/working/HPRC/HG03516/assemblies/release2/HG03516_mat_hprc_r2_v1.1.0.fa.gz	md5	a9b84ae1ddc9a21bba2ae5e90b9ddafa	3075762898	5289607dc06de40b	23519726	099810333ab109808b5e413f6ae312416057d6912f759e508e4fbc3972272abd	15854101	ad339dad48fd501780a48fb4bba28c0b593f18bb067220ecfa7294c1ec687293	ok
r2_HG03804_mat_hprc_r2_v1.0.1	s3://human-pangenomics/working/HPRC/HG03804/assemblies/release2/HG03804_mat_hprc_r2_v1.0.1.fa.gz	md5	bab5bb5aa0f4fb9e3c133c6b217799b2	3100706065	94681ff2d371874f	21027346	30f79cabc97f8e34a319728c38f169a3fa4c8ddc3790332f4284c69c1432e861	13465394	ea0da98e847ea80589f125310fae6a53487280e5b4c23e0e389097fbb39df0b8	ok
r2_HG03942_mat_hprc_r2_v1.0.1	s3://human-pangenomics/working/HPRC/HG03942/assemblies/release2/HG03942_mat_hprc_r2_v1.0.1.fa.gz	md5	be25ac50a229f676795e330b73e1c025	3089979263	4cc9532215885cde	20598157	a4e377cb411b2a1f52d2728aa8819c57cc71ae501081bcdd009e5f3ada7513a0	13091995	643274f060267db64d7dc23012654cd5d2a42a6e4bef02d15148508680cbdfcd	ok
r2_HG04157_mat_hprc_r2_v1.0.1	s3://human-pangenomics/working/HPRC/HG04157/assemblies/release2/HG04157_mat_hprc_r2_v1.0.1.fa.gz	md5	517794c997610b3c59cf48d372c6d0c1	3069271711	f026e8d7dfa28091	20545685	a573a12f8feab9136dfc9232014f8588200a7e46b281e1da098be6d5dc3724cf	13096313	9b2614382e9cd6ebdcd79190fd5efdb8efbb9958e619908a5502b5a969138601	ok
r2_HG04160_mat_hprc_r2_v1.0.1	s3://human-pangenomics/working/HPRC/HG04160/assemblies/release2/HG04160_mat_hprc_r2_v1.0.1.fa.gz	md5	9d1ccb1da919ead9b62aaa56edb4fe05	3074637985	1354f4b1227eb8df	20580080	c876a76e74f2ce74817d124184a5bf65ef1f987d7c974beea3082e76a0aa3a9c	13123847	c7eaa9fe0f69dec20c3f7b6999060daea82b0c0b7793286fd0911e4b4c7dcca0	ok
r2_HG04204_mat_hprc_r2_v1.0.1	s3://human-pangenomics/working/HPRC/HG04204/assemblies/release2/HG04204_mat_hprc_r2_v1.0.1.fa.gz	md5	976e6737f2e55216d140a55de4b9c4bb	3082825398	7d69117e8d011b04	21344851	365dbc9922bbe081725b053463ad5f315ea4ed336cb9a0117f658c34a0b6acc6	13797329	f7d7091b9d6765927666709e8b99b22faeda19081610eed3b43d5ec26652ae28	ok
r2_HG04228_mat_hprc_r2_v1.0.1	s3://human-pangenomics/working/HPRC/HG04228/assemblies/release2/HG04228_mat_hprc_r2_v1.0.1.fa.gz	md5	dc269dfa90a1a92bd1e897876cd5a7d0	3069768513	1e06c4f6e4f19704	21210942	fc47e9c85d3a77a9b7eed6ad32dbafd0236701d8a8fd5e6a0a54b848a391b8ed	13688789	9aabf73cca0e709b113f47ec4111624c4d7b30d2c5563028601408636e9bc497	ok
r2_HG00706_mat_hprc_r2_v1.0.1	s3://human-pangenomics/working/HPRC/HG00706/assemblies/release2/HG00706_mat_hprc_r2_v1.0.1.fa.gz	md5	7e8b02bfc80d968afe1de214a7a7903a	3090200427	37382e3d24f1f79d	21720780	0fd835622ed08b89d0df5dd3239f4c17ee09ea2ffd7077b8fe48ff1cd369d0eb	14092765	152d4356695d460f88acafdff0a795a240f4d62098381997ebd9512bcf0fbd2f	ok
r2_HG03816_mat_hprc_r2_v1.0.1	s3://human-pangenomics/working/HPRC/HG03816/assemblies/release2/HG03816_mat_hprc_r2_v1.0.1.fa.gz	md5	c23d70e3d880f9f769b4c9c7d0b8a237	3071922176	964affa815574ce1	21600091	a0f160637c83d26fd596b6afdaa86685449d8ca330a079124aaeee9d74aac2a5	14018319	8658a608232254ce982bb8623ed4d638aaad5618e636613708dec9283a7aba82	ok
r2_HG00423_mat_hprc_r2_v1.0.1	s3://human-pangenomics/working/HPRC/HG00423/assemblies/release2/HG00423_mat_hprc_r2_v1.0.1.fa.gz	md5	41989f34793d83e9a963b8131191de1a	3095498893	d1f201d00bce8969	20944362	ed2cc768a3c87895aea97801c40f5cd0bd6191f532d7a44cf6ba9e4439a02b48	13375395	313b107a86b64e6e0729824ad13dad625443730b63477b28cb65c6b4f5610783	ok
r2_HG00544_mat_hprc_r2_v1.0.1	s3://human-pangenomics/working/HPRC/HG00544/assemblies/release2/HG00544_mat_hprc_r2_v1.0.1.fa.gz	md5	03a21eaac5ca55d0792d1960dceabcd4	3078393253	306f38d8e3126f10	21102701	9a4d668b735d6a7c12d16ef4e5f588fb44b97cf77e35d140d6d63677a3f43c29	13597195	1133fa5920123a33b40a014aff3945f066e7231f08a88e0948bbc30c77e16c1d	ok
r2_HG01943_mat_hprc_r2_v1.0.1	s3://human-pangenomics/working/HPRC/HG01943/assemblies/release2/HG01943_mat_hprc_r2_v1.0.1.fa.gz	md5	1f1ba4e801b0160ae091db15897e9f65	3114408528	1da6fd529c51425c	22154282	52e2517cf3497456b75da989da5aafb494797ee9bd2e433390d8d05fd7d82db3	14435472	ae6cbdd52d86faa9dd7260792c7d387f0e48890bf3a32323ae30a6c693b446c4	ok
r2_HG02735_mat_hprc_r2_v1.0.1	s3://human-pangenomics/working/HPRC/HG02735/assemblies/release2/HG02735_mat_hprc_r2_v1.0.1.fa.gz	md5	93cfa5c651eaf8506a035c7417d85abc	3075035185	9bdb15cc58f9ebfd	20838795	f978ceef39b39be428ee1e8174a46f63ef4f7d673e0ca78927a277c71dcae784	13347514	b1f0eda87bf1f27cdc5876937a74a338c0072294848894d61985d5caa1e7a4e4	ok
r2_HG03225_hap2_hprc_r2_v1.0.1	s3://human-pangenomics/working/HPRC/HG03225/assemblies/release2/HG03225_hap2_hprc_r2_v1.0.1.fa.gz	md5	59fd30407c02d1a999817800f6cc3fe9	3095346121	1541c126c0a20b67	24992838	9d0a2baff977c2632100f7090366fefd22de3187b17282337106f7e240e988be	17123390	3a239cd788078cd69019b379f10c10c235a5bfbdafef6c98fd254e0152e68f43	ok
r2_NA19159_hap2_hprc_r2_v1.0.1	s3://human-pangenomics/working/HPRC/NA19159/assemblies/release2/NA19159_hap2_hprc_r2_v1.0.1.fa.gz	md5	8397f17fa6ad9e3ca657d0b14b0e1b39	3071317568	c7819a97740b8e80	23603740	903c629dc65aadc508602f6b2391d96c29f46388fbf3070e5e2dc301e1f65aa9	15928641	25e6e6a9dfb927f4bc0153ca47a95ff51c451b79e257538ceaa8951ab0594620	ok
r2_HG00126_hap2_hprc_r2_v1.0.1	s3://human-pangenomics/working/HPRC/HG00126/assemblies/release2/HG00126_hap2_hprc_r2_v1.0.1.fa.gz	md5	4b11538afa631d9f1f91bb717ea4b08f	3062747416	ade121e383b50a4b	20322474	625fdca23f230984db0df150b3ded3da51b5309c77a7d8e04b17cb6ffbe79e4b	12864944	0ac5cbf0d6ab1858d58f17fef95b3eab1277d9239654e5f7723939311e1f2711	ok
r2_HG00128_hap2_hprc_r2_v1.0.1	s3://human-pangenomics/working/HPRC/HG00128/assemblies/release2/HG00128_hap2_hprc_r2_v1.0.1.fa.gz	md5	f5428a434ef6ba6ded7c0906f94ac817	3075802891	f2c99f362fb49236	20636976	d612fa144cec569057d46fb904dcf735c837c7453952e636c9fbc95ab98be75f	13142784	d1ef0dd7986047ae1fe6e5a811209ad11aba280a6318cb87bd891728c111354d	ok
r2_HG00133_hap2_hprc_r2_v1.0.1	s3://human-pangenomics/working/HPRC/HG00133/assemblies/release2/HG00133_hap2_hprc_r2_v1.0.1.fa.gz	md5	7a9f218b88d71cdf51a677348985f615	3076574110	9f95b538c359b457	20677295	3830c192413fdf2fd21d5a21922fa629976b340afd9e92e22bf960ac56c54cfc	13159279	0b7392644e1d6b41ae049390940542e701ca42fe4b7533b6fe296737dd2e8f9b	ok
r2_HG00146_hap2_hprc_r2_v1.0.1	s3://human-pangenomics/working/HPRC/HG00146/assemblies/release2/HG00146_hap2_hprc_r2_v1.0.1.fa.gz	md5	b7075967f30566477d035e02af9abad1	3112528916	c8102b90dbd33f77	21195917	65e76b852fec61bda4b1605531a5978fbbfd1bd6e808f7b81ce94acd4d895f39	13589996	8e01a6dbe7fff935eacdbb2ef5e5a7d33c95b00c43d1689a66745221b916889c	ok
r2_HG00232_hap2_hprc_r2_v1.0.1	s3://human-pangenomics/working/HPRC/HG00232/assemblies/release2/HG00232_hap2_hprc_r2_v1.0.1.fa.gz	md5	736f3e8b3ad47b3f8a5012a740a61e6d	3085449041	11e34ac87f3f700e	20551144	3cbe00b02d9a3e8c1e060fcbe1cbfdb879886ea885726f26909a94e80c0cd679	13002811	d81ce5eee8781f9eafdb250809ffe53ecabb4a0bbffa3b1164394ebb1b955a1e	ok
r2_HG00290_hap2_hprc_r2_v1.0.1	s3://human-pangenomics/working/HPRC/HG00290/assemblies/release2/HG00290_hap2_hprc_r2_v1.0.1.fa.gz	md5	72b06c5d3144bd9f40361e03141f5f4b	3074298003	4e71221ac389eb8e	20233450	d48177a953681324c13378cf3fe2fec8b3a4294efdaf19dd46417c61504d7e4b	12772953	2e5a76ea1d9e49fa8d59e14314a7b99dbcc172f4650c4ee2f72fc7fd0ecbba7b	ok
r2_HG00320_hap2_hprc_r2_v1.0.1	s3://human-pangenomics/working/HPRC/HG00320/assemblies/release2/HG00320_hap2_hprc_r2_v1.0.1.fa.gz	md5	e747d18dee9fdc02c19bfe1bdd7d81e9	3083966031	c4dc0ff10e331dc7	20155814	ec56ce497c28792aa7fa1ed26a07dda8350811b0a3c00bc9c853630c519506ef	12629581	7b58ad91fc798ccff00631cfcac326ded2f8b18b68d0fa7cce5e52d6ea6dd1c8	ok
r2_HG00321_hap2_hprc_r2_v1.0.1	s3://human-pangenomics/working/HPRC/HG00321/assemblies/release2/HG00321_hap2_hprc_r2_v1.0.1.fa.gz	md5	e5ad44772994deb695a62952e3033177	3070336276	4bc6c4e0e654e0ed	20333444	caf431247e739ecb7b24b97fc928458c49db59f55f7b229ed6bc4c79d996d1aa	12845091	efc2a03d8fc6ff44b6e9ff3704e81ddc765915b72823e770939a07aa15e80f79	ok
r2_HG01786_hap2_hprc_r2_v1.0.1	s3://human-pangenomics/working/HPRC/HG01786/assemblies/release2/HG01786_hap2_hprc_r2_v1.0.1.fa.gz	md5	34679c749bbb8e6297ff9774d2e8fee6	3082265455	d5101e0be564d963	20583742	3f11b429873b7efcb2b02d1ea0f94de1d18d425bfc3f65f86de4b95f4a3f1a5b	13103501	23a8992a1f13bf09f4486927737dfa5f2688bc0dab1ddd611b019a048e9d2c54	ok
r2_HG02178_hap2_hprc_r2_v1.0.1	s3://human-pangenomics/working/HPRC/HG02178/assemblies/release2/HG02178_hap2_hprc_r2_v1.0.1.fa.gz	md5	54ff995d6e248a738e8a2c1ddd8b0bce	3096141519	ca9d024cea4d83a6	21471927	0a618e0248007d72726de94c8fd5a282295bc543284c7f2513c9a98b7ccdd943	13879583	360f626814bb06d08efc058ad8a2128d75e9dcf42a3f84514e5140bc62fd736f	ok
r2_HG02583_hap2_hprc_r2_v1.0.1	s3://human-pangenomics/working/HPRC/HG02583/assemblies/release2/HG02583_hap2_hprc_r2_v1.0.1.fa.gz	md5	27d7b7ca34959b1c8815808176d413cc	3090928470	996abc6b2e9caf77	24372356	85d6f060a4878906dc34ac2ae51c6f0c41dc6ed0bc74a79d32afb04bb3613d18	16597827	7bf02a6c437cfd32a85139961dcc1687dcb101f79e20da4c9b115635b121f900	ok
r2_HG03270_hap2_hprc_r2_v1.0.1	s3://human-pangenomics/working/HPRC/HG03270/assemblies/release2/HG03270_hap2_hprc_r2_v1.0.1.fa.gz	md5	de07da21d36f344b7b32d091ee1063a5	3081716895	9a9a167aa2ba7dba	23764044	151c30cf6d8b2ed6462c656f1fa35650c66ce820b94824168839aa1ed8fe05d0	16095693	9f9b79e70aa52174413edfe39a9b7bf5d8bfc5976b2ee85555fb4035e4bad492	ok
r2_HG03583_hap2_hprc_r2_v1.0.1	s3://human-pangenomics/working/HPRC/HG03583/assemblies/release2/HG03583_hap2_hprc_r2_v1.0.1.fa.gz	md5	aa4face19ebf31ff3b8d36b0967f22ea	3086192578	98086afcad8a531a	24289857	a2fee37b48a8cfd6a7559ef78169045fa46d1ff516cd9b8e8463fb6a60930360	16535153	89ea6e532b3532368e7e3e7ce8650195884858be54aeaf041b2e45630eba1afd	ok
r2_HG03874_hap2_hprc_r2_v1.0.1	s3://human-pangenomics/working/HPRC/HG03874/assemblies/release2/HG03874_hap2_hprc_r2_v1.0.1.fa.gz	md5	6410413d7b18ad6d7b7c19043e2aa353	3102102678	a859c9522d9348d6	21045088	78677168c0976ab31ba3c31ef00c3a58230e4a31c046c53f18e3a6b187124161	13446807	adc3e1d9427b34bfbcbfdd47911a92f2bdc20a8166ca6260f3cccd2787db8400	ok
r2_NA18505_hap2_hprc_r2_v1.0.1	s3://human-pangenomics/working/HPRC/NA18505/assemblies/release2/NA18505_hap2_hprc_r2_v1.0.1.fa.gz	md5	14eda43584a1ff4b260b8c1192836efc	3093637738	32ec255d47becc7e	24594770	3d6a3b06c1779d00ae493c90e18078c092cfc120e8ecf467530a93952eeab057	16758423	0919d10c69ffc562bfa1d582c66c9f518defb2f9e82ccbcc1947f902dde0677c	ok
r2_NA18508_hap2_hprc_r2_v1.0.1	s3://human-pangenomics/working/HPRC/NA18508/assemblies/release2/NA18508_hap2_hprc_r2_v1.0.1.fa.gz	md5	9d92a177704b9522ed121200ee64d1ae	3092156862	d3c703933591acd2	24114191	0e8335adafae7229bf06f73f501ed9c7f6e606fa3cbf543aae781461b6d78116	16365145	c1c8e18c79e69c060ccf195aebdf81212fcda92302ce7584912edaa77558ef70	ok
r2_NA18608_hap2_hprc_r2_v1.0.1	s3://human-pangenomics/working/HPRC/NA18608/assemblies/release2/NA18608_hap2_hprc_r2_v1.0.1.fa.gz	md5	646f5d358a67c706ee4526e4bc7bb637	3064477981	605c73511caee40d	20415889	1881b6bd881198b613bd558ee8f5b7b94a1eff44fc3353bcb437e8c245f8b2a7	12961257	21ea9a3b607bc9ad90eaeb6237ccddbe1d460b63ffd8836e7e926883257b223a	ok
r2_NA18620_hap2_hprc_r2_v1.0.1	s3://human-pangenomics/working/HPRC/NA18620/assemblies/release2/NA18620_hap2_hprc_r2_v1.0.1.fa.gz	md5	3147402b1b8a56a96a1dc3e95d7ec3c1	3089100917	aeb9ff327a8a363b	20986005	82b3497bbfa3a5f0f8091ace1d52d527825d5f0f1d4194e946c95212133ed8c4	13438595	16629060b64f8e4f7b9eb84365e6142f3cded1cf8cf42c9270c578d9f811c6a2	ok
r2_NA18952_hap2_hprc_r2_v1.0.1	s3://human-pangenomics/working/HPRC/NA18952/assemblies/release2/NA18952_hap2_hprc_r2_v1.0.1.fa.gz	md5	13f142ec3ea728782112a4daa87ac501	3077881758	859b194030a01997	20812744	48df11ed80e3c8386896ad830b39e312115fc49c2f83c7046139e271c0d948fe	13258915	644173f07b2f14fb2193135b303bc5de50611629a058941c68f6ed025fb92a82	ok
r2_NA18974_hap2_hprc_r2_v1.0.1	s3://human-pangenomics/working/HPRC/NA18974/assemblies/release2/NA18974_hap2_hprc_r2_v1.0.1.fa.gz	md5	ca77ac5bca589ad2d4f0cd16034f51c9	3096314967	f81bd75837b77798	20878869	0c3a9c0dfcd1869bb99f22097994fec0dffdda0cfa862627aae9a90062e1b9f8	13341205	62df261451d293266f5e7c7deb751826a5280fc061e2329102349547bc85e96d	ok
r2_NA18976_hap2_hprc_r2_v1.0.1	s3://human-pangenomics/working/HPRC/NA18976/assemblies/release2/NA18976_hap2_hprc_r2_v1.0.1.fa.gz	md5	5a409704832b8ca4c65b634e1694621e	3094699438	60d8e1f4931989de	22085898	c9ef13d44f49d393a3a15d967d5e648701012e9072b06e7ccd066628239762d1	14450819	caa8d184b6c09145b7f3da1fd214494a3981f4038ba6641f35348c25a0cc997d	ok
r2_NA19036_hap2_hprc_r2_v1.0.1	s3://human-pangenomics/working/HPRC/NA19036/assemblies/release2/NA19036_hap2_hprc_r2_v1.0.1.fa.gz	md5	3bfce0e34e3a141f710890a9c403f47b	3078775126	32a120c9daf979e4	23540550	d0157529363b114b55e525ff9671d707f559ff0eceb753d856f4fa7b5e1fed43	15876578	44a2fe2a2b4559c1530b6ed1ad8211424d05824585ee512b963abd983b5192dd	ok
r2_NA19443_hap2_hprc_r2_v1.0.1	s3://human-pangenomics/working/HPRC/NA19443/assemblies/release2/NA19443_hap2_hprc_r2_v1.0.1.fa.gz	md5	96892d14789477014f9b3c215fea1148	3074306819	6524409a50afdc9e	23198717	e8e880c4c7fab9f1756a3c99eba8d21836d73b2436bc09c1d258df3e045ab04a	15558595	68049196951007595413b0e55777f4ab1ddbd7baca11ba26aef35d31f4d4596f	ok
r2_NA19700_hap2_hprc_r2_v1.0.1	s3://human-pangenomics/working/HPRC/NA19700/assemblies/release2/NA19700_hap2_hprc_r2_v1.0.1.fa.gz	md5	4af4ce4921e1ffcdc1621f7c4eae2951	3068619992	acad66ec26758338	22409302	7241ed889501fe417bcf4ce2f53b5fc6d5a15c420aa1238dc9b0f8ae7bc435ff	14887673	11b1bc4d4b31e3082f6d816bf9f8819d58b53608ce7c6590981391fdcbfe7ba3	ok
r2_NA20870_hap2_hprc_r2_v1.0.1	s3://human-pangenomics/working/HPRC/NA20870/assemblies/release2/NA20870_hap2_hprc_r2_v1.0.1.fa.gz	md5	be0baed13419ffb94ae3745bec1f7ba4	3087375107	34364952f1a4a176	20723105	11cecdbb8bb1dc3198357d49249cc2ee2eaa2f9e1a7bc34112b055946ad8206c	13181104	254ffb3d1c6bb08abfa892644b5fcb48c1ddb6a8766a11a81af3e2fb31dd1419	ok
r2_NA21093_hap2_hprc_r2_v1.0.1	s3://human-pangenomics/working/HPRC/NA21093/assemblies/release2/NA21093_hap2_hprc_r2_v1.0.1.fa.gz	md5	7763a57327e8f5829c7c46248c24c04f	3075237576	0b7cf25c5133e59c	20689323	9d70fbb78138017bd80ffe7ad58e4db67349bb495c768e8b57cc1d43e5aef4a4	13164320	9ebe7ceab55217823f728c2fe76c8ffe8054aa7827b5a337e50dcac785a8d157	ok
r2_NA21106_hap2_hprc_r2_v1.0.1	s3://human-pangenomics/working/HPRC/NA21106/assemblies/release2/NA21106_hap2_hprc_r2_v1.0.1.fa.gz	md5	c3c77e59555914b140b79bbaea53d7c3	3083844053	614951588f031c85	21664222	f27078ea9adf03a6d7106d7e8f017845da36d2d8f3a19fca1a66033a9c1329ce	14058464	ecf3f6c0e21203d21dfe9775c51e126180c31cbc740e39ae0995bf56381ed692	ok
r2_NA21110_hap2_hprc_r2_v1.0.1	s3://human-pangenomics/working/HPRC/NA21110/assemblies/release2/NA21110_hap2_hprc_r2_v1.0.1.fa.gz	md5	04854163b81e8ef351e9c9c0323462ff	3099601354	7ad31c6112464813	21701762	14783bc78b78802f208954e4700b0980348148202d015892740973e744f03226	14051520	38e04f840b67c04d968a3d35972f768ab93f386fbd1a86bbc559ea7e75fc1dcd	ok
r2_HG02392_hap2_hprc_r2_v1.0.1	s3://human-pangenomics/working/HPRC/HG02392/assemblies/release2/HG02392_hap2_hprc_r2_v1.0.1.fa.gz	md5	bc388967f7443fe4a2f2f7d87f4509e1	3078016670	f54731e918881e01	21099665	4e378b3cc97d25aef7a3180aeba1dbcaa1cadc0384dd4f60dd76dd1d1a248487	13555505	1e34ba98dc21fbea5f47855967469b3b6d71f5aecfdc99571f1ec666a90f8978	ok
r2_HG02514_mat_hprc_r2_v1.0.1	s3://human-pangenomics/working/HPRC/HG02514/assemblies/release2/HG02514_mat_hprc_r2_v1.0.1.fa.gz	md5	46bf8f0b974cad93d97d31a08ea2dcdf	3072093245	34722f2236a077fb	21185728	975f06dca41900c6bf6325a73c644f5eecc4c7f8f0fb8064641a17148b5be2c8	13683570	d6e8ce16375c78b6423fa6469944780288abe5922ee3850e485906478e3b33ee	ok
r2_HG02841_mat_hprc_r2_v1.0.1	s3://human-pangenomics/working/HPRC/HG02841/assemblies/release2/HG02841_mat_hprc_r2_v1.0.1.fa.gz	md5	ed719bbbef24fa2530ceb5c570719f31	3091124912	a9f6e35e9778c7cb	24389087	8b71ec6940ae6840c76d624e0d0a8b093c8c7f9e0e8494233baa69cbf9f1a895	16587591	56ccc948d1b9a4a0389e6c8cb4f03ebce89ffa3971fa51dbd6db972a1aa51351	ok
r2_HG02984_mat_hprc_r2_v1.0.1	s3://human-pangenomics/working/HPRC/HG02984/assemblies/release2/HG02984_mat_hprc_r2_v1.0.1.fa.gz	md5	37633d07a141ef1d20aafdade82f78fd	3092515811	3827babff0b46e4a	24658933	65c92535a2e94ee5fbd9ef98b89f818c00e25eb4bf56d552b942f0f134f78500	16902454	c6df6b91db75d8522091598325958f550661bae2bf277ce8f566778e6817c836	ok
r2_HG03050_mat_hprc_r2_v1.0.1	s3://human-pangenomics/working/HPRC/HG03050/assemblies/release2/HG03050_mat_hprc_r2_v1.0.1.fa.gz	md5	28d7c867efddad598cb4f8c12091a4f4	3113450405	c9422686dc6074cf	24773327	1d45adbb1902474efad5d1d6fb7810b6d53e2ff73ae2048e67996359da71f0a1	16878148	596f38de51a21e1a42575c6f10833e06a97258cb33fa14107ed403a7e9c52128	ok
r2_NA20799_hap2_hprc_r2_v1.0.1	s3://human-pangenomics/working/HPRC/NA20799/assemblies/release2/NA20799_hap2_hprc_r2_v1.0.1.fa.gz	md5	4f4d8ee80041a8c6296df31305af1ba6	3071749095	d52648629c4a8e96	20468803	aa6c0d6f4c635d9b8f601233385eff68f94e389ce7e130897791084c60bd769d	12985713	16716422e033d3423c29a8250ae4995a0df65f13f86a9e73a6d5fb4ae83c243e	ok
r2_HG01109_mat_hprc_r2_v1.0.1	s3://human-pangenomics/working/HPRC_PLUS/HG01109/assemblies/release2/HG01109_mat_hprc_r2_v1.0.1.fa.gz	md5	a93e91269f34ac2ba7631508360c7965	3082405704	6a2289214f092071	23088322	ca8596f01367c3de227f579d076813e38ddd76889bc653368db151ec6ac773a9	15413206	8e0fc82f45ccdab760dc62e6166766e0ca6270268287d495a5ca8ce7be5ecb5b	ok
r2_HG02055_mat_hprc_r2_v1.0.1	s3://human-pangenomics/working/HPRC_PLUS/HG02055/assemblies/release2/HG02055_mat_hprc_r2_v1.0.1.fa.gz	md5	5898799bbce83ca1066c5fec8bdd27f9	3082624498	38d932870bd708b7	23666084	692cd2b2673fc7dac882f73176525b1fb5d86f1587d84e220038cc2856db8ef9	15974457	653e1eb5b9930ef431c29d4864cfc0c82398f3e9cb98724c5601b4d1266213b2	ok
r2_HG02080_mat_hprc_r2_v1.0.1	s3://human-pangenomics/working/HPRC_PLUS/HG02080/assemblies/release2/HG02080_mat_hprc_r2_v1.0.1.fa.gz	md5	f6b52a34f42186d331a5267fd5c57a59	3088713049	5e2db8f616305b40	21283164	c1babf8b1da825058943248801cf15713589701ab7a0046ddee850b8e3562a98	13732124	dba1c94e7ac508a73125d091371d0a5e3eafb29d9c7202e153637569756403c0	ok
r2_HG02109_mat_hprc_r2_v1.0.1	s3://human-pangenomics/working/HPRC_PLUS/HG02109/assemblies/release2/HG02109_mat_hprc_r2_v1.0.1.fa.gz	md5	2a0c88d84047776fd72aa966ceff745a	3083231136	488011d8abdf5db1	23296424	ddb0bdd41cd86caf4a320cfd1b8b2ca5922dc0e7e689f9eedbb6237ca7d5f40a	15670415	a5189d4e2e40fb9d2b8e9e34e9e706b5db1a4e0f94f24bf23f7704e537b965ed	ok
r2_HG02723_mat_hprc_r2_v1.0.1	s3://human-pangenomics/working/HPRC_PLUS/HG02723/assemblies/release2/HG02723_mat_hprc_r2_v1.0.1.fa.gz	md5	5d688fb6f3a86b3f428fe635e4ff245c	3087041777	e5fbc5122d97a9a6	23916198	b161cd0a089d0934818bdeff5cc41deb3fdd643f0a4c2b52812b305bb0b0540f	16216730	5802d98ab2f38d695ff8c1cf3c448d32413a31f9293b977214ccd7766ddb3489	ok
r2_HG02818_mat_hprc_r2_v1.0.1	s3://human-pangenomics/working/HPRC_PLUS/HG02818/assemblies/release2/HG02818_mat_hprc_r2_v1.0.1.fa.gz	md5	3f0176f03411feaa7d0c7a92e36d6d5c	3098370520	885283357b323257	24215026	0df0190cb920e8cb754c9b00dd80c06ea918792c84525df74f7c4bfbee6f1b4c	16394352	27813d810ac2e507e2a10db422f8eb39601a68cb4e4978028263cebad17628e3	ok
r2_HG03098_mat_hprc_r2_v1.0.1	s3://human-pangenomics/working/HPRC_PLUS/HG03098/assemblies/release2/HG03098_mat_hprc_r2_v1.0.1.fa.gz	md5	b7e10332fcaa17ea9ffc4082d4fcaf4d	3117173138	75a339a9ad630f8a	25226940	d5fd4c7c4216662645f0bc3b2e29a1637d0e3ed049fe371681e941260b3557ef	17382782	80fe1c1d0e0a1f5d8ec5f89c5da78d49919ac5543d0f955a784ae671ffe15dd0	ok
r2_HG03486_mat_hprc_r2_v1.0.1	s3://human-pangenomics/working/HPRC_PLUS/HG03486/assemblies/release2/HG03486_mat_hprc_r2_v1.0.1.fa.gz	md5	1f4134f14761785d0098e65a290d81b2	3085796878	fda3e07a90d70b3b	24403572	b0e50384e9ab669b0aac4c07bc70fe932ff71f5c93bd8a755fda5b4938182ce4	16631950	e858142131a98d79ad79ac28c5f1345079df8e90f7f0baf48ea45a960b5fc71e	ok
r2_NA18906_mat_hprc_r2_v1.0.1	s3://human-pangenomics/working/HPRC_PLUS/NA18906/assemblies/release2/NA18906_mat_hprc_r2_v1.0.1.fa.gz	md5	16050fa06146763579102cdef96acaeb	3082322198	122d463323dd111d	24124976	ee405e507d88d282c816f2210bee141a23dedce1c6c5d0658d1f2e83bf4d2d06	16427334	90b3937db5905f43e75bc7b3c8793635d7bab70702d80c4f4ab7c21b11d120a6	ok
r2_NA20129_mat_hprc_r2_v1.0.1	s3://human-pangenomics/working/HPRC_PLUS/NA20129/assemblies/release2/NA20129_mat_hprc_r2_v1.0.1.fa.gz	md5	ac90725944ddfa757e606af63a657085	3102904528	1ae1cd06b25d50ad	23889686	2045fd80f7ec7ed1aae115bf11ba65fda24fb7ec39eba918434bcea8f3b211bb	16121967	7be60258cd042d7ddcae7ca51a7b7b45ea3f464d0b9a750a52727e962ef23b17	ok
r2_NA21309_mat_hprc_r2_v1.0.1	s3://human-pangenomics/working/HPRC_PLUS/NA21309/assemblies/release2/NA21309_mat_hprc_r2_v1.0.1.fa.gz	md5	ba523019c6fe9c5c8a06adddea44e641	3098720111	caec985d0ef519d3	24255803	632afe504d5daa9611a58daf2e23ac4f89150709d675cb622ccfbb779a9b72cc	16479782	0c77599e65a13429d50a5e7e614022d2000b232f1ed75714172015505c46126c	ok
r2_HG00733_mat_hprc_r2_v1.0.1	s3://human-pangenomics/working/HPRC_PLUS/HG00733/assemblies/release2/HG00733_mat_hprc_r2_v1.0.1.fa.gz	md5	ccd74979d04af1ef98e8477b66c831f2	3092356665	9649c98435e0d8b1	21115429	11e090d7e54af0d36f83196bac7ce9dc079bb4b187c30202cfae44f15467c769	13557345	ebadaa9ac929aa0f5bb65dfcd73739da0f5c6a8640f8938856a5c59b66eb11c6	ok
r2_HG01243_mat_hprc_r2_v1.0.1	s3://human-pangenomics/working/HPRC_PLUS/HG01243/assemblies/release2/HG01243_mat_hprc_r2_v1.0.1.fa.gz	md5	3a6c663f1444214bbe6b46cbea73b118	3082686054	a07ad76009df08b7	22270263	7274e93a680301254e2bf61005d81d831db8915cb5a953ba8ea3778d12b82432	14654775	7a53e076854a52bd5f8d39f570f9fc395a3632584ad3cccff653709b30e56989	ok
r2_NA19240_mat_hprc_r2_v1.0.1	s3://human-pangenomics/working/HPRC_PLUS/NA19240/assemblies/release2/NA19240_mat_hprc_r2_v1.0.1.fa.gz	md5	b9ed3f11aeb037a0d83f23fb93f8d1fc	3075063812	7f1ec20873552c46	23817501	57444dea71a49bd982f11c473cdd2cc217749d75c89abf0190870068cfb0bfb3	16131625	5f8bdb65c9c40a94701f01593cc7ddd4dceb693edd9d0893a510ed812610dc79	ok
r2_HG005_mat_hprc_r2_v1.0.1	s3://human-pangenomics/working/HPRC_PLUS/HG005/assemblies/release2/HG005_mat_hprc_r2_v1.0.1.fa.gz	md5	97756e9abcc38f6dd56395112c838ad0	3090258095	6c9cbbd6423b4e1c	21269398	7500e0f0fac43e80443f81e00504b04316f2a409805491434675ef50937d124d	13703776	86067ad75b60cba52f8dd4a2e6b327125f9456b6c0b065afbf2e8597bc5bbd48	ok
r2_HG00097_hap2_hprc_r2_v1.0.1	s3://human-pangenomics/working/HPRC/HG00097/assemblies/release2/HG00097_hap2_hprc_r2_v1.0.1.fa.gz	md5	06cd427f1598d0e1f27eaec6446828c9	3093265860	f341e3784db31f1e	21416263	515d86c7639a5094f697fb30f165b1b23b06554aa245ae25013e949ac0f72a8e	13746537	ec3627d5dc51ae42c314100794d7548cb69ee2446594176d29d9518722b85540	ok
r2_HG00235_hap2_hprc_r2_v1.0.1	s3://human-pangenomics/working/HPRC/HG00235/assemblies/release2/HG00235_hap2_hprc_r2_v1.0.1.fa.gz	md5	f6f9841491c93cb94db56b5965bfa4ef	3092344953	fa6d6f945289b153	20952424	1691d60a4853b7248bc23f5a507edfb274dba5c06d7d0770c77514bd5ea9926c	13382039	b0977a8d48aebd8c57d900b8d6d8f6ffecff39b53bc7fc922c29fae3f86d638f	ok
r2_HG00253_hap2_hprc_r2_v1.0.1	s3://human-pangenomics/working/HPRC/HG00253/assemblies/release2/HG00253_hap2_hprc_r2_v1.0.1.fa.gz	md5	e01f7db493c77f8aa8c6e8250b65ac7a	3103201285	fc41b79911bc7fad	21022715	de4a2aa09d20c04fd69b8dd60eea7f52ea11d3b7ac641cf754bfccc1ebe1ce85	13392161	457c1ce3e20205950ded02dcfef0a5f46c81bcd32ecaa5f28fea3146283f5ab8	ok
r2_HG00272_hap2_hprc_r2_v1.0.1	s3://human-pangenomics/working/HPRC/HG00272/assemblies/release2/HG00272_hap2_hprc_r2_v1.0.1.fa.gz	md5	6155a5c81d00e1b85d5c038768c88fea	3091694633	7a840f79e3b93827	21385955	3a4078f6e3bc0734981bf0989a7d40d0afd37d41a5bc85fdedababa8a1435301	13716749	82b2940cc348a90e5541118d8e3ac521247336570856e41a796ff02e118d5426	ok
r2_HG00329_hap2_hprc_r2_v1.0.1	s3://human-pangenomics/working/HPRC/HG00329/assemblies/release2/HG00329_hap2_hprc_r2_v1.0.1.fa.gz	md5	e41bff0c0c11f7ae87d3351072249782	3102181240	edf7cea41105bccd	21050822	67dc1559bcf71f2826b64d5aa98a4cb1c6feb393179cc2283191028ef545ef83	13415767	37d7722f68b39b19d75aa71bf99aa3b6c9fe9911d2f1b9a4ffc5379aeba8cf1f	ok
r2_HG00344_hap2_hprc_r2_v1.0.1	s3://human-pangenomics/working/HPRC/HG00344/assemblies/release2/HG00344_hap2_hprc_r2_v1.0.1.fa.gz	md5	d885cde35240ba0303a280d25843255e	3067679092	fdd28ff0e346e1cb	20035125	06c7f844ec4f99cc34cdd864021c55b6107cefac61bddb27a53475e6daba67a1	12625100	2ce3f2446d01ed07704cb5d3a0643d5b7e27890e064e01231eb92556f1a6c2b6	ok
r2_HG00350_hap2_hprc_r2_v1.0.1	s3://human-pangenomics/working/HPRC/HG00350/assemblies/release2/HG00350_hap2_hprc_r2_v1.0.1.fa.gz	md5	58db8d280f7b0359205f1f55e73b63af	3079257208	4e2c4f4ef705d58f	20639438	33c189fc9fe686415807ed61f8dd2ebe0d4dc28bacd0f8ea68fe76df00d466fc	13078186	b12bdb075ae7ea1f7a3d0af0dc6bc36681ca2ae0450ef4806f094447aa749bfd	ok
r2_HG01167_hap2_hprc_r2_v1.0.1	s3://human-pangenomics/working/HPRC/HG01167/assemblies/release2/HG01167_hap2_hprc_r2_v1.0.1.fa.gz	md5	ed2603efc1433f60e759aa50540c436a	3076253611	81fd9b07d01e6726	21376080	590a3a5fd7cb4ca695fab558239526c406aa97d94a9fa574abc4a837d2cff3b1	13810582	36e7f5ed67fa7425a3fdf6e2904c8565d04f7010e777ebe5f2b4d8953833d49d	ok
r2_HG03369_hap2_hprc_r2_v1.0.1	s3://human-pangenomics/working/HPRC/HG03369/assemblies/release2/HG03369_hap2_hprc_r2_v1.0.1.fa.gz	md5	889d28532f89b26bca66ced25cacdad9	3070373457	1d2d48906008242d	23910864	3d7afbf444ee30a4b6000b66ba69dc2799979599320aa37c3ced0b5c6c7249f2	16203721	c6b581de3666153bf5a78f3718620a25bc32e304e3dfa2eb13141f55aba6abef	ok
r2_HG03521_hap2_hprc_r2_v1.0.1	s3://human-pangenomics/working/HPRC/HG03521/assemblies/release2/HG03521_hap2_hprc_r2_v1.0.1.fa.gz	md5	7ac07b00c75225b648aa695bab7659dd	3148786769	2576a11960214883	25586014	cf1ed9c85cf41e1e4e751fb4bc54e15d66bae8bde27043eca0908805c6b28c28	17534087	1dc6c1ebf886facdc7501315b52571eca65c576ee9b30ab4aab96fa2c01cb4da	ok
r2_HG03784_hap2_hprc_r2_v1.0.1	s3://human-pangenomics/working/HPRC/HG03784/assemblies/release2/HG03784_hap2_hprc_r2_v1.0.1.fa.gz	md5	a6577f21a6a94bb3fffb5c9162e669b7	3084834396	3221de62a16670d5	20758605	41bdf7b73eeeb0fa9926b1d8e38bb0b37467ec4f94d785b05d9485019274c756	13224147	8eb693e73108d5253ff93a9cfb1e2642624a4a59509bd02e558332053a350f37	ok
r2_NA18565_hap2_hprc_r2_v1.0.1	s3://human-pangenomics/working/HPRC/NA18565/assemblies/release2/NA18565_hap2_hprc_r2_v1.0.1.fa.gz	md5	ee040dac1134976796a6575bf584a0e2	3072800060	a50abe9c9b52db9f	21229838	38b62d678f0977ba2cae76db8cdb41dd0a8ad45389dfef0c1ae5971ac46b94cb	13722749	313037e5567f871ea743443701468b7e3a3521468dd834782442abdac8be35c0	ok
r2_NA19682_hap2_hprc_r2_v1.0.1	s3://human-pangenomics/working/HPRC/NA19682/assemblies/release2/NA19682_hap2_hprc_r2_v1.0.1.fa.gz	md5	5c09ed22e19902002edad2716f5b9b04	3086502262	f596071e752f0b0f	21614256	8a6e74a8a12b21a352260300ffe3f1f48a2e843c8187a6bb32df0d56f0e7f9e6	13951284	9db42ba0f823d12ff2c27920269cd36e53eb9a072abfb4f813bb7708912034fc	ok
r2_NA19776_hap2_hprc_r2_v1.0.1	s3://human-pangenomics/working/HPRC/NA19776/assemblies/release2/NA19776_hap2_hprc_r2_v1.0.1.fa.gz	md5	bfad5583db81ff32d058e4030d125df7	3088177308	60cce2e0c220cafa	21652213	0b4639010b8688cbbe9b8e46200c5d4f04eca60207dc66e5499fad80f2fbdd8f	14021459	eb8a486b40339ef65aeaa0c1d188ab5c0b882adf28b35110279e43dc1a0ca84d	ok
r2_NA19835_hap2_hprc_r2_v1.0.1	s3://human-pangenomics/working/HPRC/NA19835/assemblies/release2/NA19835_hap2_hprc_r2_v1.0.1.fa.gz	md5	e1435669c72dec26997a707112795a49	3085031368	bcdfe8958c39bda3	23349016	1a41e13c6d72afa7fa136e81532d5ac6fc7347f57d8d0120dead3be3703a1535	15653556	18810185a7a70fb6b28e08d398eb8a231549a38360cbd71c3076db4b9854b065	ok
r2_NA19909_hap2_hprc_r2_v1.0.1	s3://human-pangenomics/working/HPRC/NA19909/assemblies/release2/NA19909_hap2_hprc_r2_v1.0.1.fa.gz	md5	3d28c1400aeb03914b052453a31e749d	3087044173	e94f5dc17f2c4bc0	23252429	6a6c4f644aa99fc3a8b7d42f840ff67ed330158a02a623e2533f45e982079540	15544348	adf061a2c85c78ac4fea7b5426593e597ca455094e2f92bee9276fc818bd9ebf	ok
r2_NA20282_hap2_hprc_r2_v1.0.1	s3://human-pangenomics/working/HPRC/NA20282/assemblies/release2/NA20282_hap2_hprc_r2_v1.0.1.fa.gz	md5	8392bb8c6ceb346a4dddf7ff00fb0b8a	3072144038	b14d75c080fead12	22592894	7e2472cc5599094895053e5b6cd8dac74eeda1e0efcbcfb499f2433e27946198	15031044	34ea6dc3893394c40ba571c2e9bd238d9d12e02a2191682af0793473c11a8886	ok
r2_NA20346_hap2_hprc_r2_v1.0.1	s3://human-pangenomics/working/HPRC/NA20346/assemblies/release2/NA20346_hap2_hprc_r2_v1.0.1.fa.gz	md5	c1fa1184309b00c4222e869e413f1858	3100191642	a7366146475c5f55	23524217	83fb2984f559b5add88608bbf3047f78d045a53aee5489182355b54ce173bde8	15739298	74bb233d2987d00960b25388a3239ef5d1df75edb145761e0f0c6f26d5a0e81e	ok
r2_NA20809_hap2_hprc_r2_v1.0.1	s3://human-pangenomics/working/HPRC/NA20809/assemblies/release2/NA20809_hap2_hprc_r2_v1.0.1.fa.gz	md5	9ad6593ad3e3db5e808f6a7497c30651	3053460342	9345d0f4f5070f09	19385441	4f3679579d7c471b6201b32b21f4b1a11a3cd6f9ecdab57ae9f33ea1047f82dc	12048099	0fadc0c3560306b6e700c089b2a41d8c2adf1afe2f76b665bb133c351557d317	ok
r2_NA20850_hap2_hprc_r2_v1.0.1	s3://human-pangenomics/working/HPRC/NA20850/assemblies/release2/NA20850_hap2_hprc_r2_v1.0.1.fa.gz	md5	74e69993b23ea202903c69f905c67c5d	3084032891	e985f11c2c78feb8	20557432	2f658c272ad7547bb53e6a67405442efde2a342503251cbe3c9d3f6a8bcef855	13085689	a27f82cb8bb71a981bb5a8669f67a697f0411dcc213511d9c1964abcab7066df	ok
r2_NA21102_hap2_hprc_r2_v1.0.1	s3://human-pangenomics/working/HPRC/NA21102/assemblies/release2/NA21102_hap2_hprc_r2_v1.0.1.fa.gz	md5	d6959caa262e7d086d340f91ac350774	3089020551	ae6a7f05dfb60457	21361860	e53430b45c84ecc166982a7793d8e5d08f791d4256b898295e765ef1774994e2	13753128	a2ddfd5ab9f5d8324af350b3e56a5f31da7913b1665a1c6c5b132cd04b83664c	ok
r2_NA21144_hap2_hprc_r2_v1.0.1	s3://human-pangenomics/working/HPRC/NA21144/assemblies/release2/NA21144_hap2_hprc_r2_v1.0.1.fa.gz	md5	db3fe644bf362fc20cafe1d2bdf5c8dd	3068813672	35746c68179f5949	20173622	8c9a4d2a196a55fb3ba2ee41a971b72b2e18b153512060dafdccce070fbd5865	12768216	4772c42a3ccc6ee6cb667ed3c0c1f80da7f5c3bc78ae92adba7554fd47ba2a78	ok
r2_HG00735_mat_hprc_r2_v1.0.1	s3://human-pangenomics/working/HPRC/HG00735/assemblies/release2/HG00735_mat_hprc_r2_v1.0.1.fa.gz	md5	291c318a888be350c4e749ecf3b28768	3085440385	ad89637fbcd77f0b	20978162	14f796d499a20c8505f70cbdbca582f3bbc3ac41c11b673f09a5ae1735971516	13431154	9675a3832d5a9e12aed6ea77468101f4bda5b8dd97196be82cc7b248a0d88f66	ok
r2_HG02155_hap2_hprc_r2_v1.0.1	s3://human-pangenomics/working/HPRC/HG02155/assemblies/release2/HG02155_hap2_hprc_r2_v1.0.1.fa.gz	md5	51982dbdea7544cfe815216febb6793a	3083458815	0e7b8e1becac8cbc	21425985	519e73b72be9187aff849681d7f53390d86300f97f9142f01357c1bcb082894b	13813117	b586cdc80ac3928271805d4732df2cdc8c725fe67178531028051e0e8aa436f5	ok
r2_HG02630_mat_hprc_r2_v1.0.1	s3://human-pangenomics/working/HPRC/HG02630/assemblies/release2/HG02630_mat_hprc_r2_v1.0.1.fa.gz	md5	44facf09c34d92ab6a746a80487d815d	3086411940	13af9df36e06249d	24329211	b5f57c45daf0f012e995474c2adb48f3e805bb7aebb9d236f0a56be2b11aa136	16553926	172011fc894b11350f3f945827e4012c5177890e19037360dd12244a01406871	ok
r2_HG03139_hap2_hprc_r2_v1.0.1	s3://human-pangenomics/working/HPRC/HG03139/assemblies/release2/HG03139_hap2_hprc_r2_v1.0.1.fa.gz	md5	67cfa69a8483c81599e3ab39ac2f924e	3084054042	e4f881839c4f7b48	24187171	0d592985af183503630ef63e7460c10f243dd20b58f15e6ec29729b33592b652	16443621	5e155974f193284ec3b10ddf8e754c2062d760f631d4f3da1308cf79cb60b89b	ok
r2_HG03470_hap2_hprc_r2_v1.0.1	s3://human-pangenomics/working/HPRC/HG03470/assemblies/release2/HG03470_hap2_hprc_r2_v1.0.1.fa.gz	md5	8f2d49e8ff9154a106966275100c2a5c	3093343939	a48f236b5c22b36b	24413189	9d7995fe00a98ad4259a16ecea94177f68bc2cb82cd26186c53456c7987dc89a	16622173	44d0428c84469ff4404475583b2ed8719a975e4b0389cafa5bd8b96feab3d1dd	ok
r2_HG03579_mat_hprc_r2_v1.0.1	s3://human-pangenomics/working/HPRC/HG03579/assemblies/release2/HG03579_mat_hprc_r2_v1.0.1.fa.gz	md5	3c772a90d785da0c5dfe2d3fea36f715	3089391129	57a8ba8c4d78fb95	23941598	cc9587dcffe2a5c7bb12c6d868877cb82d3e58e1b1c7a130330dacb99b71d063	16249273	494b2187de517c12857c8efc3796d3845276cf6acbed8c62374de950a2487edb	ok
r2_NA20805_hap2_hprc_r2_v1.0.1	s3://human-pangenomics/working/HPRC/NA20805/assemblies/release2/NA20805_hap2_hprc_r2_v1.0.1.fa.gz	md5	312efddddae996e651ec5178fb494ed9	3080123435	419c8e2d4361ccd0	20930304	4f96b0866916b6ff1a9ab5ab9b22ff61d8db5f40e117f3d06872d5e710326bcd	13373807	fe501290048a4dd16acd918fd7a21f27f4cdf711b0298de2d1f1f673f3b710b8	ok
r2_NA18940_hap1_hprc_r2_v1.0.1	s3://human-pangenomics/working/HPP/NA18940/assemblies/release2/NA18940_hap1_hprc_r2_v1.0.1.fa.gz	md5	ed27bf7ca82482d80f0a6587dd84f1c3	2953173678	7d4bb638c5e983b4	20468917	fb338238e41e2d0570bfd0ddf9879365eac702203efacc570815cb509d8a73ac	13185949	b04c17a6cc621793d76ab255670d369923435919812702500bbf8514466fbea1	ok
r2_NA18943_hap1_hprc_r2_v1.0.1	s3://human-pangenomics/working/HPP/NA18943/assemblies/release2/NA18943_hap1_hprc_r2_v1.0.1.fa.gz	md5	892873eca1e21a5dd71c61156a9c9c42	2976844250	c93d62a7fd144e2a	21197692	450405f21925618c3948ad8b5fa906699f5c690aa0b6e57b86a8c3cc1a40c806	13835695	c1895f860745120a5e816a76e69264d3f1aae4b1b9c6ed40d125754a4f1e9e98	ok
r2_NA18944_hap1_hprc_r2_v1.0.1	s3://human-pangenomics/working/HPP/NA18944/assemblies/release2/NA18944_hap1_hprc_r2_v1.0.1.fa.gz	md5	8e1ad986f65110bf003493e64a800d94	2978845266	63db5c20e87051c3	21252982	7dd50b20596eec758837a5420879f7705983e98b2626e68b37c421fed6c70f76	13857189	d31a92569a6079cb5be9d7301642ebca78085865e355d14c904b401c14daa1f2	ok
r2_NA18945_hap1_hprc_r2_v1.0.1	s3://human-pangenomics/working/HPP/NA18945/assemblies/release2/NA18945_hap1_hprc_r2_v1.0.1.fa.gz	md5	4776abca08006bf435a87df8369bbcc1	2965855965	d5549ef40528b887	21754432	47cac7539897860d1f07e9a0dfaa6b7ba521146d99aea712e385ed83051baca2	14329010	0cc5a610cbe0ff972a367a88a492563127fa82c03348c4836b13b8e9d26d5347	ok
r2_NA18948_hap1_hprc_r2_v1.0.1	s3://human-pangenomics/working/HPP/NA18948/assemblies/release2/NA18948_hap1_hprc_r2_v1.0.1.fa.gz	md5	93702eee5cfe4ef6b084c18ad292c74c	2960472754	a8f676550aa71ccf	20960527	ea9537fd1f16a11169e468b4ae5f976644525043557f46deff8ae117c348e15a	13673038	53e9731121c55fcab4ea6675e93bc14cc46cb5899717fd6a3475903f1cfd0be8	ok
r2_NA18959_hap1_hprc_r2_v1.0.1	s3://human-pangenomics/working/HPP/NA18959/assemblies/release2/NA18959_hap1_hprc_r2_v1.0.1.fa.gz	md5	ff82ab7ef437a17765367306e375d003	2963122397	39bca079152291c7	21066560	c412a82be8133d58af1f5d2f80240bc07c5f793ec2f7d424a16adcfc08846803	13736242	27a91a1d6ba6fcc3733d170b8e8ba8d7313574ceabd49843f273aa0158b72dc4	ok
r2_NA18960_hap1_hprc_r2_v1.0.1	s3://human-pangenomics/working/HPP/NA18960/assemblies/release2/NA18960_hap1_hprc_r2_v1.0.1.fa.gz	md5	b619f41901cbc0eaebcfee770bb58976	2990037264	091a7b80ead7d620	21437352	4eba699df8d0dc407e43234f85062fcd475b49e4856a3b423d36fb5fc0385e47	14032785	8e9ce74e7683f954914821b5dde17fa1d7dbbebf6fe5e2711c83d77e4e47de93	ok
r2_NA18967_hap1_hprc_r2_v1.0.1	s3://human-pangenomics/working/HPP/NA18967/assemblies/release2/NA18967_hap1_hprc_r2_v1.0.1.fa.gz	md5	9b13f285e4402e957ea4be84f92e8445	3017849831	1787cd3049914468	22303709	5abeac32eb26951b11c2d33d7644daf723369fea6641551a6ddd325b969a0464	14680603	40e779ff220c9afbe22d06cc492514ffdb8fb70aa84c0669913f100a6269c00c	ok
r2_NA18970_hap1_hprc_r2_v1.0.1	s3://human-pangenomics/working/HPP/NA18970/assemblies/release2/NA18970_hap1_hprc_r2_v1.0.1.fa.gz	md5	850453cc6823575a594bdffeeb0a5d09	2972654771	87974afb80ed3490	21103584	7c0c7756caaa59949b070727292d1ec05f05c3c4e802a940408dca6f062ff578	13744180	d76e781b6e3f64953362bd83f8cb18a3af189a0266e9d989bc1c36799062d75a	ok
r2_NA18982_hap1_hprc_r2_v1.0.1	s3://human-pangenomics/working/HPP/NA18982/assemblies/release2/NA18982_hap1_hprc_r2_v1.0.1.fa.gz	md5	ebbd4642ea6de434b249edc12f64e530	3013963783	c12ca3b7b3471207	21543232	4c1b451defe42aec8c81a3f2dbd6f5569e1b6ebee33722961f33bc255ec6d061	14062373	d00bd7ea1a0b22a771547f213426889982810cea3b97504e035daa7bcabacbdb	ok
r2_NA18940_hap2_hprc_r2_v1.0.1	s3://human-pangenomics/working/HPP/NA18940/assemblies/release2/NA18940_hap2_hprc_r2_v1.0.1.fa.gz	md5	322e7465ceb93ae9b942dbe86f4eefa7	3039183527	da6034a22dd6a348	20945575	d76c3a465cabab54e1fda82c5553475e0f4d2f2790fbc85a48cd56e892d95832	13488686	0f12afb142f8196be7f2bb046b2d65e16290a896ce5cf349159d11b7d48e1405	ok
r2_NA18943_hap2_hprc_r2_v1.0.1	s3://human-pangenomics/working/HPP/NA18943/assemblies/release2/NA18943_hap2_hprc_r2_v1.0.1.fa.gz	md5	dae3416e6c10afae1e431a05ab36ba5d	3081314285	acef8dcd9720d21f	21158383	dd39d4af4a6c0fa0c2121c2862d5046de2d27149bd9708a549a71955d0893cf9	13637979	34e805b819718307f629d6aff7ccbdc95314ec580b245f7eb7c54061a03cca52	ok
r2_NA18944_hap2_hprc_r2_v1.0.1	s3://human-pangenomics/working/HPP/NA18944/assemblies/release2/NA18944_hap2_hprc_r2_v1.0.1.fa.gz	md5	f1d733f2c67a00b7b867ebe9b93b3338	3097371478	48e4e179d39905f2	21973881	6a96ff5939951ddea002b563b50a9179d2bcb4e21a42eb7d91f23ea841822151	14321186	bc7478155c8e5dea99dc21ed393681bea7f051dc60ecf8cf6cc6a6f9ad467238	ok
r2_NA18945_hap2_hprc_r2_v1.0.1	s3://human-pangenomics/working/HPP/NA18945/assemblies/release2/NA18945_hap2_hprc_r2_v1.0.1.fa.gz	md5	f5fa9156e1dcf2efaf6643ef7426f781	3063316655	ad6cd02f587b65b3	20575078	ae3a9bfc5bb3a5b2ce2e9892ffbd5a978d9694c192711400253bf41615c96922	13125058	66ba74a140057142ca2c933f8776dce2ff7440cec8f9bfc9cffddfbf4203876a	ok
r2_NA18948_hap2_hprc_r2_v1.0.1	s3://human-pangenomics/working/HPP/NA18948/assemblies/release2/NA18948_hap2_hprc_r2_v1.0.1.fa.gz	md5	f8e6ded335b6ba5af247bba812064f79	3101962346	a788491223802ea5	22493684	3cb28027ef25fc66b60b649b0d2e2646387029a061519030f14bc6b5c979e423	14767831	f463f826a9d2bb39dda3edde48d16dedbd1c274a381f38f0b794ada97ebd013d	ok
r2_NA18959_hap2_hprc_r2_v1.0.1	s3://human-pangenomics/working/HPP/NA18959/assemblies/release2/NA18959_hap2_hprc_r2_v1.0.1.fa.gz	md5	93624a5bff0dd7eb8564c850f73a6625	3122365828	21e5a95104fc8ad9	22203037	526a6eed224a78bca1afdbce4cea183e62cabd7e153d31f6c34c340dbf0707dd	14480056	ffb635af83e14b3c1fd62d8360eabbf38351e8fede2c5aab69737a7d3fd4bfec	ok
r2_NA18960_hap2_hprc_r2_v1.0.1	s3://human-pangenomics/working/HPP/NA18960/assemblies/release2/NA18960_hap2_hprc_r2_v1.0.1.fa.gz	md5	20bf3c2fcf9dc5643dce789064240c80	3069220411	23392e395535222b	21321245	3d2bb1ebc029138b0b503c7da51dc0468e13b70235e9f32105205ab512f46256	13766852	28490248df5a3189eb739ad1ad2dafbc897e165de36e806e58b0b3b8b373d5f6	ok
r2_NA18967_hap2_hprc_r2_v1.0.1	s3://human-pangenomics/working/HPP/NA18967/assemblies/release2/NA18967_hap2_hprc_r2_v1.0.1.fa.gz	md5	841c1ca46a1a1f52ccb86a756ecafad9	3068085440	be98e26a7f073a00	20697796	f0f0827ef188ba9a5b783b4f5ed73b08aeb89267834f8849f4f33e5a33b511e4	13188054	8f7d3b1a1043852d64a6eb86e38a56f40b76c86bc9bf9e11bc7a02fc75b770fd	ok
r2_NA18970_hap2_hprc_r2_v1.0.1	s3://human-pangenomics/working/HPP/NA18970/assemblies/release2/NA18970_hap2_hprc_r2_v1.0.1.fa.gz	md5	05c780bd02a0f059ba90ca74278b7110	3089721708	95d31e54ff30e9d2	21413404	2821bc1bd993dda616a64c135f115f991a4f5a66102ed55840ddddfcf9276b22	13849465	e678548346587b55ffc36aa23d06ffa74a98615b7ae989b7e90dd6a20d19c213	ok
r2_NA18982_hap2_hprc_r2_v1.0.1	s3://human-pangenomics/working/HPP/NA18982/assemblies/release2/NA18982_hap2_hprc_r2_v1.0.1.fa.gz	md5	2f9e3e41f39f34eb913ab40880cbb2be	3065586818	b96e9d8f0e2b7db6	21043952	9e4d22de626a799d4704a1d32e7453e32b19329366f0d2c38b94f12f36efc8a4	13531353	ec633f29634585cff23705ef46dfb45f944536671cc0443d252ec377f529734a	ok
r2_NA20503_hap1_hprc_r2_v1.0.1	s3://human-pangenomics/working/HPRC/NA20503/assemblies/release2/NA20503_hap1_hprc_r2_v1.0.1.fa.gz	md5	f5303a1063340dd31652f25d95b695fa	3062094801	3e7be677c3619981	20771656	fcbfe79103cc90d5c871972b46aeae9b083f1ba23e7d94f675b1a65e30946f00	13266044	b08ae1f3ced7ae25da26087dd95b4725acdd04dc7ae82a055d3d0f0ccff0ac02	ok
r2_NA20762_hap1_hprc_r2_v1.0.1	s3://human-pangenomics/working/HPRC/NA20762/assemblies/release2/NA20762_hap1_hprc_r2_v1.0.1.fa.gz	md5	511754d4a29bddb0e29f6308000fc16c	2959101079	84eca6fd22998abb	20460973	e68de020e1751db24c3e7a9a5176f6d040bb46a861f82592251c857adab4449b	13143277	412e2cf8b1ebfdf49778366d209a0fe367e05fcdb21b47391815059cd30744ba	ok
r2_NA20806_hap1_hprc_r2_v1.0.1	s3://human-pangenomics/working/HPRC/NA20806/assemblies/release2/NA20806_hap1_hprc_r2_v1.0.1.fa.gz	md5	1f74825f2576c424c882d7ed8cca1f83	2945629927	af254ca58178ec8a	19904450	187e7c44080f04a289f38cb1b0b4e86843375868543329ba5f931e416d086c03	12684637	f41d07c658690213bcb544a8d5c85b0bd6db39ca00edb9480dd069227b3f7032	ok
r2_NA20827_hap1_hprc_r2_v1.0.1	s3://human-pangenomics/working/HPRC/NA20827/assemblies/release2/NA20827_hap1_hprc_r2_v1.0.1.fa.gz	md5	c4f5449c0ee638512af2559d0c78352a	2964236476	03923c263b1ec398	20604340	9c4d04e4701515dbd0fd36255171653ea5d6356defbda8469848c0cc721d511a	13300709	bd1505ac8aea38014c16db85fefed99496b709060b8019f26edfc5b6db2a262f	ok
r2_NA20503_hap2_hprc_r2_v1.0.1	s3://human-pangenomics/working/HPRC/NA20503/assemblies/release2/NA20503_hap2_hprc_r2_v1.0.1.fa.gz	md5	cb446ae0fa7c343cfd4f4e660bf73447	3072349107	79f78be1ee7eb41f	20958618	c2b28f980d29f36db39439592f6f7e9482f093cc55da27717bd9a7816c9bebad	13446765	375bd6dfaf489e12c8808d81e2ebbc4b291d6dc5a6fe98d02b8e5ba96030859c	ok
r2_NA20762_hap2_hprc_r2_v1.0.1	s3://human-pangenomics/working/HPRC/NA20762/assemblies/release2/NA20762_hap2_hprc_r2_v1.0.1.fa.gz	md5	60a0d45a100f1b8f7129c996c3455c17	3067081625	b1a0591d2842023c	20426220	01876bbaaa079c8fd8b605c203ae9bde5aa413e42f66cd1346ccaf9db328954b	12911638	fff10d12158ee5c6a1ca505edcba4d911ba5109c8ef3227ed4921d24934ba811	ok
r2_NA20806_hap2_hprc_r2_v1.0.1	s3://human-pangenomics/working/HPRC/NA20806/assemblies/release2/NA20806_hap2_hprc_r2_v1.0.1.fa.gz	md5	9abf261d5f343254577f1963cf0fd801	3102448107	6d7ca7bb4d32fef9	20778535	661ce83717a984819e4422de809b24039c77338763a82105084cf1b4dfcb547e	13194054	2cc8ddd940d319df1467bf7264e7362fb59b79ce48772b1f01134188f6acc8e1	ok
r2_NA20827_hap2_hprc_r2_v1.0.1	s3://human-pangenomics/working/HPRC/NA20827/assemblies/release2/NA20827_hap2_hprc_r2_v1.0.1.fa.gz	md5	8a0579f661e73c5f43ebccfb5da4ddd0	3079870785	98795cf754011d16	20917806	58035e6c26299eb1ad70b4636a53614985676e43f5c454c8d4556ab1956c51e1	13370396	e3f3e61ac44d9de4a479a22f73612fe0adefa8dbc4d682a777b6964d38702d10	ok
r2_HG06807_pat_v1	s3://human-pangenomics/working/HPRC_PLUS/HG06807/assemblies/genbank/HG06807_pat_v1.0.genbank.fa.gz	md5	14637332fd518fa326f87d9490e2756e	3075794171	e0cae48f7e397f49	23290225	1eeaef4ceeac2349bfdcd5eae3da58184b6419994d257db266b57db9989472a7	15589757	35f4103ee556105531f13b7f0afacf74dfd958fdaa4c5effb34f8503fd6272ee	ok
r2_HG06807_mat_v1	s3://human-pangenomics/working/HPRC_PLUS/HG06807/assemblies/genbank/HG06807_mat_v1.0.genbank.fa.gz	md5	39069bbf9af27699ec5c459f96352475	3069217865	49c76a0d41f655f7	22945753	540dd67e32854ac3201e16d52f3560cd9678e206f6c901c1f8ddfb240032e779	15374314	0bf93622d330c4c5c55a031932c7698b590f5ce86a4ca19395b2fe500102c412	ok
r2_hg002v1.1.pat	s3://human-pangenomics/working/HPRC_PLUS/HG002/assemblies/Q100/pansn/hg002v1.1.pat.PanSN.fa.gz	md5	6c1e01bd72fa38186b0db46d20595f66	2997027096	a6ac61819a167696	20479974	16c7d41494a1c1796f7b9a881a1aa105a8da15ab72d33bbbd48a8dec95ab481b	12971680	e836abc1d7e9239ef37ce934549cf0613e36766bff1487e5808af221960f26c6	ok
r2_hg002v1.1.mat_MT	s3://human-pangenomics/working/HPRC_PLUS/HG002/assemblies/Q100/pansn/hg002v1.1.mat_MT.PanSN.fa.gz	md5	5cc5e57aee2c01fbed49cff254792cf6	3102388739	0f097dd3fce84c4f	20372912	13695daec5f2300f030877653dffe765489815dda07cda815b1e285855ad1ba9	12816620	565988cb87bc8ae8fda14924603132126a7d30b6187d1c4ee0a4c3b8fb2e5af0	ok
