NVIDIA A100-SXM4-80GB, 81920 MiB, 580.82.07, 8.0
Cuda compilation tools, release 13.0, V13.0.88
Build cuda_13.0.r13.0/compiler.36424714_0
torch 2.11.0+cu130 cuda 13.0
host: 12 threads, 167 GB RAM, 194G free on /content
panvram 56c32dc32e112c4ddf4fac0045254863c7369f30
S0 pip install -e . : 139 s
S0 panvram 1.0.0 device NVIDIA A100-SXM4-80GB sm_80
/content/cohort558_run/t2t.fa: OK
S1 tar copied from Drive: 12330864640 B in 136 s
S1 tar sha256 == cohort558_q4k.tar.sha256 (352eaef5231953f10de4ebe60837b11d3374e96ef2159fc214aee616d6fbd627)
S1 cohort from tar: 558 archives, 12330370123 B on the VM disk, 201 s
S1 sha256sum -c: all OK (35 s)
S1 SHA256SUMS == manifest (558 archives)
C558 form	packed_reference 0	compact_blocks 0
C558 open	558 assemblies (0 of the manifest missing)	q4k Q 4096	28.3 s	resident 16.642 GB (reference 3.117, payload 8.448, block table 4.923, model tables 0.154, case runs 0.000)	torch allocated 16.646 GB	nvidia-smi used 0 -> 16310 MiB
C558 sample	1024 x 8192	median 1.38 ms per call (743,271 windows/s, 6.09 GB/s), 5 calls	474 assemblies hit	== CPU decoder
C558 fetch	1000 coordinates	median 0.28 ms, max 1.7 ms per call (sync)	1000 == CPU decoder, 0 differ
C558 full	r2_HG00097_hap1_hprc_r2_v1.0.1	5e736ee9f8401de6	== manifest	1.17 s (GPU decode + copy 0.28)
C558 full	r2_HG00097_hap2_hprc_r2_v1.0.1	f341e3784db31f1e	== manifest	1.17 s (GPU decode + copy 0.27)
C558 full	r2_HG00099_hap1_hprc_r2_v1.0.1	589d7e870e1b21bc	== manifest	1.17 s (GPU decode + copy 0.27)
C558 full	r2_HG00099_hap2_hprc_r2_v1.0.1	99014e4486a907bc	== manifest	1.17 s (GPU decode + copy 0.27)
C558 full	r2_HG00126_hap1_hprc_r2_v1.0.1	7c8f70323ed22b4e	== manifest	1.13 s (GPU decode + copy 0.27)
C558 full	r2_HG00126_hap2_hprc_r2_v1.0.1	ade121e383b50a4b	== manifest	1.16 s (GPU decode + copy 0.27)
C558 full	r2_HG00128_hap1_hprc_r2_v1.0.1	4ac542314022ffc9	== manifest	1.17 s (GPU decode + copy 0.28)
C558 full	r2_HG00128_hap2_hprc_r2_v1.0.1	f2c99f362fb49236	== manifest	1.16 s (GPU decode + copy 0.27)
C558 full	r2_HG00133_hap1_hprc_r2_v1.0.1	6ad080b53827b13c	== manifest	1.15 s (GPU decode + copy 0.27)
C558 full	r2_HG00133_hap2_hprc_r2_v1.0.1	9f95b538c359b457	== manifest	1.15 s (GPU decode + copy 0.27)
C558 full	r2_HG00140_hap1_hprc_r2_v1.0.1	c74a5ff468458ecd	== manifest	1.12 s (GPU decode + copy 0.26)
C558 full	r2_HG00140_hap2_hprc_r2_v1.0.1	7e2a6e8856f56081	== manifest	1.16 s (GPU decode + copy 0.27)
C558 full	r2_HG00146_hap1_hprc_r2_v1.0.1	212f0e012a752b70	== manifest	1.15 s (GPU decode + copy 0.27)
C558 full	r2_HG00146_hap2_hprc_r2_v1.0.1	c8102b90dbd33f77	== manifest	1.17 s (GPU decode + copy 0.28)
C558 full	r2_HG00232_hap1_hprc_r2_v1.0.1	a9b55f806d643439	== manifest	1.16 s (GPU decode + copy 0.27)
C558 full	r2_HG00232_hap2_hprc_r2_v1.0.1	11e34ac87f3f700e	== manifest	1.17 s (GPU decode + copy 0.27)
C558 full	r2_HG00235_hap1_hprc_r2_v1.0.1	902a9fec09f10d7f	== manifest	1.16 s (GPU decode + copy 0.27)
C558 full	r2_HG00235_hap2_hprc_r2_v1.0.1	fa6d6f945289b153	== manifest	1.17 s (GPU decode + copy 0.28)
C558 full	r2_HG00253_hap1_hprc_r2_v1.0.1	86c08ee660a627f2	== manifest	1.14 s (GPU decode + copy 0.27)
C558 full	r2_HG00253_hap2_hprc_r2_v1.0.1	fc41b79911bc7fad	== manifest	1.15 s (GPU decode + copy 0.27)
C558 full	r2_HG00272_hap1_hprc_r2_v1.0.1	8c56036b18be0db7	== manifest	1.15 s (GPU decode + copy 0.27)
C558 full	r2_HG00272_hap2_hprc_r2_v1.0.1	7a840f79e3b93827	== manifest	1.15 s (GPU decode + copy 0.27)
C558 full	r2_HG00280_hap1_hprc_r2_v1.0.1	1b4593f34b539bd9	== manifest	1.11 s (GPU decode + copy 0.26)
C558 full	r2_HG00280_hap2_hprc_r2_v1.0.1	f3aae00a4950375e	== manifest	1.14 s (GPU decode + copy 0.27)
C558 full	r2_HG00290_hap1_hprc_r2_v1.0.1	fb4154b58b77d41d	== manifest	1.10 s (GPU decode + copy 0.26)
C558 full	r2_HG00290_hap2_hprc_r2_v1.0.1	4e71221ac389eb8e	== manifest	1.14 s (GPU decode + copy 0.27)
C558 full	r2_HG00320_hap1_hprc_r2_v1.0.1	60bddc9260e3c3d8	== manifest	1.16 s (GPU decode + copy 0.27)
C558 full	r2_HG00320_hap2_hprc_r2_v1.0.1	c4dc0ff10e331dc7	== manifest	1.16 s (GPU decode + copy 0.27)
C558 full	r2_HG00321_hap1_hprc_r2_v1.0.1	938c812a67b035e9	== manifest	1.12 s (GPU decode + copy 0.27)
C558 full	r2_HG00321_hap2_hprc_r2_v1.0.1	4bc6c4e0e654e0ed	== manifest	1.14 s (GPU decode + copy 0.27)
C558 full	r2_HG00323_hap1_hprc_r2_v1.0.1	9ccae724fda2b74c	== manifest	1.16 s (GPU decode + copy 0.28)
C558 full	r2_HG00323_hap2_hprc_r2_v1.0.1	7a4b8b5993bd4bb2	== manifest	1.15 s (GPU decode + copy 0.27)
C558 full	r2_HG00329_hap1_hprc_r2_v1.0.1	2dc74bfa603a2bc6	== manifest	1.10 s (GPU decode + copy 0.26)
C558 full	r2_HG00329_hap2_hprc_r2_v1.0.1	edf7cea41105bccd	== manifest	1.16 s (GPU decode + copy 0.27)
C558 full	r2_HG00344_hap1_hprc_r2_v1.0.1	337dedf94c08fe04	== manifest	1.16 s (GPU decode + copy 0.27)
C558 full	r2_HG00344_hap2_hprc_r2_v1.0.1	fdd28ff0e346e1cb	== manifest	1.14 s (GPU decode + copy 0.27)
C558 full	r2_HG00350_hap1_hprc_r2_v1.0.1	6290c2f639240339	== manifest	1.14 s (GPU decode + copy 0.27)
C558 full	r2_HG00350_hap2_hprc_r2_v1.0.1	4e2c4f4ef705d58f	== manifest	1.13 s (GPU decode + copy 0.27)
C558 full	r2_HG00408_mat_hprc_r2_v1.0.1	c47274cc60cfb0f3	== manifest	1.14 s (GPU decode + copy 0.27)
C558 full	r2_HG00408_pat_hprc_r2_v1.0.1	2db605d100844cc7	== manifest	1.15 s (GPU decode + copy 0.28)
C558 full	r2_HG00423_mat_hprc_r2_v1.0.1	d1f201d00bce8969	== manifest	1.16 s (GPU decode + copy 0.27)
C558 full	r2_HG00423_pat_hprc_r2_v1.0.1	e8f168dc9e7188a4	== manifest	1.16 s (GPU decode + copy 0.27)
C558 full	r2_HG00438_mat_hprc_r2_v1.0.1	735107c57d44b3d5	== manifest	1.15 s (GPU decode + copy 0.27)
C558 full	r2_HG00438_pat_hprc_r2_v1.0.1	8f4c39043a73f347	== manifest	1.15 s (GPU decode + copy 0.27)
C558 full	r2_HG00544_mat_hprc_r2_v1.0.1	306f38d8e3126f10	== manifest	1.14 s (GPU decode + copy 0.27)
C558 full	r2_HG00544_pat_hprc_r2_v1.0.1	3baf7a0b7138526a	== manifest	1.13 s (GPU decode + copy 0.27)
C558 full	r2_HG00558_mat_hprc_r2_v1.0.1	5e142b34cbbf06cd	== manifest	1.14 s (GPU decode + copy 0.28)
C558 full	r2_HG00558_pat_hprc_r2_v1.0.1	6ee2ae875791a7e9	== manifest	1.16 s (GPU decode + copy 0.27)
C558 full	r2_HG00597_mat_hprc_r2_v1.0.1	ee0d05a67f243c5b	== manifest	1.16 s (GPU decode + copy 0.28)
C558 full	r2_HG00597_pat_hprc_r2_v1.0.1	2dab215655df30a8	== manifest	1.15 s (GPU decode + copy 0.27)
C558 full	r2_HG005_mat_hprc_r2_v1.0.1	6c9cbbd6423b4e1c	== manifest	1.14 s (GPU decode + copy 0.27)
C558 full	r2_HG005_pat_hprc_r2_v1.0.1	1e1ccef12b05df11	== manifest	1.10 s (GPU decode + copy 0.26)
C558 full	r2_HG00609_mat_hprc_r2_v1.0.1	b9a14f6461b99337	== manifest	1.14 s (GPU decode + copy 0.27)
C558 full	r2_HG00609_pat_hprc_r2_v1.0.1	6cf6f128f97af9bd	== manifest	1.12 s (GPU decode + copy 0.27)
C558 full	r2_HG00621_mat_hprc_r2_v1.0.1	779e3f0ed9094ff1	== manifest	1.14 s (GPU decode + copy 0.27)
C558 full	r2_HG00621_pat_hprc_r2_v1.0.1	54f99acede8ce97a	== manifest	1.11 s (GPU decode + copy 0.26)
C558 full	r2_HG00639_mat_hprc_r2_v1.0.1	95778b1ceb1d8af9	== manifest	1.14 s (GPU decode + copy 0.27)
C558 full	r2_HG00639_pat_hprc_r2_v1.0.1	a02d9eb66f5faf59	== manifest	1.14 s (GPU decode + copy 0.27)
C558 full	r2_HG00642_mat_hprc_r2_v1.0.1	c819023306d66b2a	== manifest	1.14 s (GPU decode + copy 0.27)
C558 full	r2_HG00642_pat_hprc_r2_v1.0.1	350a97cf175fd4f3	== manifest	1.10 s (GPU decode + copy 0.26)
C558 full	r2_HG00658_mat_hprc_r2_v1.0.1	c7fb4ba65de07e3f	== manifest	1.16 s (GPU decode + copy 0.27)
C558 full	r2_HG00658_pat_hprc_r2_v1.0.1	d115e0af2dd059ba	== manifest	1.11 s (GPU decode + copy 0.26)
C558 full	r2_HG00673_mat_hprc_r2_v1.0.1	445233edeba8ecec	== manifest	1.14 s (GPU decode + copy 0.27)
C558 full	r2_HG00673_pat_hprc_r2_v1.0.1	47ca218ce33e8955	== manifest	1.11 s (GPU decode + copy 0.26)
C558 full	r2_HG00706_mat_hprc_r2_v1.0.1	37382e3d24f1f79d	== manifest	1.15 s (GPU decode + copy 0.27)
C558 full	r2_HG00706_pat_hprc_r2_v1.0.1	7fc0834e7e8ec872	== manifest	1.11 s (GPU decode + copy 0.26)
C558 full	r2_HG00733_mat_hprc_r2_v1.0.1	9649c98435e0d8b1	== manifest	1.15 s (GPU decode + copy 0.28)
C558 full	r2_HG00733_pat_hprc_r2_v1.0.1	60351879ec330403	== manifest	1.15 s (GPU decode + copy 0.27)
C558 full	r2_HG00735_mat_hprc_r2_v1.0.1	ad89637fbcd77f0b	== manifest	1.17 s (GPU decode + copy 0.27)
C558 full	r2_HG00735_pat_hprc_r2_v1.0.1	5b8d07fa34da0301	== manifest	1.16 s (GPU decode + copy 0.27)
C558 full	r2_HG00738_mat_hprc_r2_v1.0.1	8fd012edbda8fbe2	== manifest	1.16 s (GPU decode + copy 0.27)
C558 full	r2_HG00738_pat_hprc_r2_v1.0.1	71922f09a6754535	== manifest	1.11 s (GPU decode + copy 0.26)
C558 full	r2_HG00741_mat_hprc_r2_v1.0.1	986dd16892e6524f	== manifest	1.16 s (GPU decode + copy 0.28)
C558 full	r2_HG00741_pat_hprc_r2_v1.0.1	e5ed6d855aebd252	== manifest	1.15 s (GPU decode + copy 0.27)
C558 full	r2_HG01071_mat_hprc_r2_v1.0.1	21717276ed457498	== manifest	1.14 s (GPU decode + copy 0.27)
C558 full	r2_HG01071_pat_hprc_r2_v1.0.1	a4b2787f1a4a854c	== manifest	1.16 s (GPU decode + copy 0.27)
C558 full	r2_HG01074_mat_hprc_r2_v1.0.1	8ea02c39161d20cb	== manifest	1.15 s (GPU decode + copy 0.27)
C558 full	r2_HG01074_pat_hprc_r2_v1.0.1	3320827dc8132400	== manifest	1.11 s (GPU decode + copy 0.26)
C558 full	r2_HG01081_mat_hprc_r2_v1.0.1	b67073ab0e167674	== manifest	1.17 s (GPU decode + copy 0.27)
C558 full	r2_HG01081_pat_hprc_r2_v1.0.1	35666d919a99dc87	== manifest	1.16 s (GPU decode + copy 0.27)
C558 full	r2_HG01099_mat_hprc_r2_v1.0.1	3b2522e1bfe6a382	== manifest	1.15 s (GPU decode + copy 0.27)
C558 full	r2_HG01099_pat_hprc_r2_v1.0.1	eadecc57daccf0a3	== manifest	1.12 s (GPU decode + copy 0.26)
C558 full	r2_HG01106_mat_hprc_r2_v1.0.1	7a8d0050b960991d	== manifest	1.15 s (GPU decode + copy 0.27)
C558 full	r2_HG01106_pat_hprc_r2_v1.0.1	71139ad0d9e3c9a5	== manifest	1.12 s (GPU decode + copy 0.26)
C558 full	r2_HG01109_mat_hprc_r2_v1.0.1	6a2289214f092071	== manifest	1.16 s (GPU decode + copy 0.28)
C558 full	r2_HG01109_pat_hprc_r2_v1.0.1	d9398d4f8a35af93	== manifest	1.11 s (GPU decode + copy 0.26)
C558 full	r2_HG01123_mat_hprc_r2_v1.0.1	662d1394f4d752f1	== manifest	1.16 s (GPU decode + copy 0.27)
C558 full	r2_HG01123_pat_hprc_r2_v1.0.1	3551ea922163bc0a	== manifest	1.16 s (GPU decode + copy 0.27)
C558 full	r2_HG01150_mat_hprc_r2_v1.0.1	91d275e2307c587f	== manifest	1.16 s (GPU decode + copy 0.27)
C558 full	r2_HG01150_pat_hprc_r2_v1.0.1	dac7d61e48833b28	== manifest	1.16 s (GPU decode + copy 0.27)
C558 full	r2_HG01167_hap1_hprc_r2_v1.0.1	46652b7c3534d6a7	== manifest	1.13 s (GPU decode + copy 0.27)
C558 full	r2_HG01167_hap2_hprc_r2_v1.0.1	81fd9b07d01e6726	== manifest	1.16 s (GPU decode + copy 0.27)
C558 full	r2_HG01175_mat_hprc_r2_v1.0.1	85582e10ac3bc799	== manifest	1.17 s (GPU decode + copy 0.27)
C558 full	r2_HG01175_pat_hprc_r2_v1.0.1	4504b4b587c2b58e	== manifest	1.17 s (GPU decode + copy 0.27)
C558 full	r2_HG01192_mat_hprc_r2_v1.0.1	15a0f0a54151be15	== manifest	1.17 s (GPU decode + copy 0.27)
C558 full	r2_HG01192_pat_hprc_r2_v1.0.1	78dae0f041ee127a	== manifest	1.11 s (GPU decode + copy 0.26)
C558 full	r2_HG01243_mat_hprc_r2_v1.0.1	a07ad76009df08b7	== manifest	1.14 s (GPU decode + copy 0.27)
C558 full	r2_HG01243_pat_hprc_r2_v1.0.1	cadf7518e33f62ec	== manifest	1.10 s (GPU decode + copy 0.26)
C558 full	r2_HG01252_mat_hprc_r2_v1.0.1	d3457ae513279b52	== manifest	1.14 s (GPU decode + copy 0.27)
C558 full	r2_HG01252_pat_hprc_r2_v1.0.1	7334d5a555859467	== manifest	1.10 s (GPU decode + copy 0.26)
C558 full	r2_HG01255_mat_hprc_r2_v1.0.1	b9acc4b82de75da2	== manifest	1.14 s (GPU decode + copy 0.27)
C558 full	r2_HG01255_pat_hprc_r2_v1.0.1	3f72f170782a111c	== manifest	1.10 s (GPU decode + copy 0.26)
C558 full	r2_HG01258_mat_hprc_r2_v1.0.1	f48437ed68cf0c24	== manifest	1.14 s (GPU decode + copy 0.27)
C558 full	r2_HG01258_pat_hprc_r2_v1.0.1	7185f2f2775568af	== manifest	1.10 s (GPU decode + copy 0.26)
C558 full	r2_HG01261_mat_hprc_r2_v1.0.1	13d008da971e1bb6	== manifest	1.17 s (GPU decode + copy 0.27)
C558 full	r2_HG01261_pat_hprc_r2_v1.0.1	233732c0685d5ab1	== manifest	1.11 s (GPU decode + copy 0.26)
C558 full	r2_HG01346_mat_hprc_r2_v1.0.1	a96af14b91a702c7	== manifest	1.15 s (GPU decode + copy 0.27)
C558 full	r2_HG01346_pat_hprc_r2_v1.0.1	fba6c20f7931f7e1	== manifest	1.15 s (GPU decode + copy 0.28)
C558 full	r2_HG01358_mat_hprc_r2_v1.0.1	4183cb441269000d	== manifest	1.13 s (GPU decode + copy 0.27)
C558 full	r2_HG01358_pat_hprc_r2_v1.0.1	98d4dc1bc9c309e8	== manifest	1.10 s (GPU decode + copy 0.26)
C558 full	r2_HG01361_mat_hprc_r2_v1.0.1	24685d1a3bc1a585	== manifest	1.15 s (GPU decode + copy 0.27)
C558 full	r2_HG01361_pat_hprc_r2_v1.0.1	b5511f622e06749b	== manifest	1.14 s (GPU decode + copy 0.27)
C558 full	r2_HG01433_mat_hprc_r2_v1.0.1	829ae832b6d48a56	== manifest	1.14 s (GPU decode + copy 0.27)
C558 full	r2_HG01433_pat_hprc_r2_v1.0.1	7f6cdc6ed195843e	== manifest	1.13 s (GPU decode + copy 0.27)
C558 full	r2_HG01496_mat_hprc_r2_v1.0.1	ddba28a71bbcc35c	== manifest	1.16 s (GPU decode + copy 0.27)
C558 full	r2_HG01496_pat_hprc_r2_v1.0.1	edb4e7b99f5fd83b	== manifest	1.14 s (GPU decode + copy 0.28)
C558 full	r2_HG01530_hap1_hprc_r2_v1.0.1	1a94d8b23c67299d	== manifest	1.11 s (GPU decode + copy 0.26)
C558 full	r2_HG01530_hap2_hprc_r2_v1.0.1	641480b10502339b	== manifest	1.15 s (GPU decode + copy 0.27)
C558 full	r2_HG01784_hap1_hprc_r2_v1.0.1	f94a6bd76aa5302f	== manifest	1.15 s (GPU decode + copy 0.27)
C558 full	r2_HG01784_hap2_hprc_r2_v1.0.1	0c839bf975d85b6f	== manifest	1.14 s (GPU decode + copy 0.27)
C558 full	r2_HG01786_hap1_hprc_r2_v1.0.1	bfc205e05fbf22ec	== manifest	1.14 s (GPU decode + copy 0.27)
C558 full	r2_HG01786_hap2_hprc_r2_v1.0.1	d5101e0be564d963	== manifest	1.14 s (GPU decode + copy 0.27)
C558 full	r2_HG01884_mat_hprc_r2_v1.0.1	4935705cd2f89259	== manifest	1.15 s (GPU decode + copy 0.28)
C558 full	r2_HG01884_pat_hprc_r2_v1.0.1	60ce8929965fc651	== manifest	1.15 s (GPU decode + copy 0.28)
C558 full	r2_HG01891_mat_hprc_r2_v1.0.1	3405545b0c65e269	== manifest	1.14 s (GPU decode + copy 0.28)
C558 full	r2_HG01891_pat_hprc_r2_v1.0.1	e2832adae69b55d9	== manifest	1.15 s (GPU decode + copy 0.28)
C558 full	r2_HG01928_mat_hprc_r2_v1.0.1	b86c123a7c18f89a	== manifest	1.15 s (GPU decode + copy 0.27)
C558 full	r2_HG01928_pat_hprc_r2_v1.0.1	d9fe588a45605371	== manifest	1.11 s (GPU decode + copy 0.26)
C558 full	r2_HG01934_mat_hprc_r2_v1.0.1	b6b64b418b4b04fd	== manifest	1.14 s (GPU decode + copy 0.27)
C558 full	r2_HG01934_pat_hprc_r2_v1.0.1	db06e2b4bb190625	== manifest	1.12 s (GPU decode + copy 0.26)
C558 full	r2_HG01940_mat_hprc_r2_v1.0.1	bb30de7a621867a6	== manifest	1.15 s (GPU decode + copy 0.27)
C558 full	r2_HG01940_pat_hprc_r2_v1.0.1	2b95f6689c80eba1	== manifest	1.15 s (GPU decode + copy 0.27)
C558 full	r2_HG01943_mat_hprc_r2_v1.0.1	1da6fd529c51425c	== manifest	1.16 s (GPU decode + copy 0.28)
C558 full	r2_HG01943_pat_hprc_r2_v1.0.1	bda8ab9dd002ee75	== manifest	1.11 s (GPU decode + copy 0.26)
C558 full	r2_HG01952_mat_hprc_r2_v1.0.1	b861876ecf967417	== manifest	1.14 s (GPU decode + copy 0.27)
C558 full	r2_HG01952_pat_hprc_r2_v1.0.1	5af90c9d34bcebf8	== manifest	1.11 s (GPU decode + copy 0.26)
C558 full	r2_HG01960_mat_hprc_r2_v1.0.1	b67140e0f4c2a2a1	== manifest	1.15 s (GPU decode + copy 0.27)
C558 full	r2_HG01960_pat_hprc_r2_v1.0.1	a5025f601b8c9111	== manifest	1.14 s (GPU decode + copy 0.28)
C558 full	r2_HG01969_mat_hprc_r2_v1.0.1	692cb4214deefe0c	== manifest	1.14 s (GPU decode + copy 0.27)
C558 full	r2_HG01969_pat_hprc_r2_v1.0.1	a80373d89200da8a	== manifest	1.14 s (GPU decode + copy 0.27)
C558 full	r2_HG01975_mat_hprc_r2_v1.0.1	87df12d848f452d6	== manifest	1.16 s (GPU decode + copy 0.27)
C558 full	r2_HG01975_pat_hprc_r2_v1.0.1	584f1d84d4567dac	== manifest	1.15 s (GPU decode + copy 0.27)
C558 full	r2_HG01978_mat_hprc_r2_v1.1.0	4cbcf438d8e2f78f	== manifest	1.16 s (GPU decode + copy 0.27)
C558 full	r2_HG01978_pat_hprc_r2_v1.1.0	b3cd959ec77f735b	== manifest	1.16 s (GPU decode + copy 0.27)
C558 full	r2_HG01981_mat_hprc_r2_v1.0.1	8c62855d08f8e420	== manifest	1.16 s (GPU decode + copy 0.27)
C558 full	r2_HG01981_pat_hprc_r2_v1.0.1	8529578a00b7e0a8	== manifest	1.17 s (GPU decode + copy 0.27)
C558 full	r2_HG01993_mat_hprc_r2_v1.0.1	f6209cd3e40a9535	== manifest	1.16 s (GPU decode + copy 0.27)
C558 full	r2_HG01993_pat_hprc_r2_v1.0.1	be5fa3f451f41aab	== manifest	1.15 s (GPU decode + copy 0.27)
C558 full	r2_HG02004_mat_hprc_r2_v1.0.1	fcac32411d4f2fff	== manifest	1.16 s (GPU decode + copy 0.27)
C558 full	r2_HG02004_pat_hprc_r2_v1.0.1	125b19b86e0a8329	== manifest	1.16 s (GPU decode + copy 0.27)
C558 full	r2_HG02015_mat_hprc_r2_v1.0.1	26fdbb6e6853c885	== manifest	1.16 s (GPU decode + copy 0.27)
C558 full	r2_HG02015_pat_hprc_r2_v1.0.1	2e0b1587fe434aaa	== manifest	1.11 s (GPU decode + copy 0.26)
C558 full	r2_HG02027_mat_hprc_r2_v1.0.1	8390475382d5d76e	== manifest	1.16 s (GPU decode + copy 0.27)
C558 full	r2_HG02027_pat_hprc_r2_v1.0.1	091a13ab8c11bb21	== manifest	1.13 s (GPU decode + copy 0.27)
C558 full	r2_HG02040_hap1_hprc_r2_v1.0.1	d9607d0bf2b3451c	== manifest	1.11 s (GPU decode + copy 0.26)
C558 full	r2_HG02040_hap2_hprc_r2_v1.0.1	1cb1f93ba53b8c3a	== manifest	1.17 s (GPU decode + copy 0.27)
C558 full	r2_HG02055_mat_hprc_r2_v1.0.1	38d932870bd708b7	== manifest	1.17 s (GPU decode + copy 0.28)
C558 full	r2_HG02055_pat_hprc_r2_v1.0.1	15a92fac74f2fa52	== manifest	1.14 s (GPU decode + copy 0.27)
C558 full	r2_HG02056_mat_hprc_r2_v1.0.1	569966bbe861567f	== manifest	1.15 s (GPU decode + copy 0.27)
C558 full	r2_HG02056_pat_hprc_r2_v1.0.1	84ca56c53a6ff7dc	== manifest	1.12 s (GPU decode + copy 0.26)
C558 full	r2_HG02071_mat_hprc_r2_v1.0.1	935de6645ebd4042	== manifest	1.15 s (GPU decode + copy 0.27)
C558 full	r2_HG02071_pat_hprc_r2_v1.0.1	188f4f03ff2787cf	== manifest	1.11 s (GPU decode + copy 0.26)
C558 full	r2_HG02074_mat_hprc_r2_v1.0.1	b33ad79dcf063727	== manifest	1.16 s (GPU decode + copy 0.27)
C558 full	r2_HG02074_pat_hprc_r2_v1.0.1	b5bcf76827747e87	== manifest	1.13 s (GPU decode + copy 0.26)
C558 full	r2_HG02080_mat_hprc_r2_v1.0.1	5e2db8f616305b40	== manifest	1.17 s (GPU decode + copy 0.27)
C558 full	r2_HG02080_pat_hprc_r2_v1.0.1	ea9067ce92377eca	== manifest	1.16 s (GPU decode + copy 0.27)
C558 full	r2_HG02083_mat_hprc_r2_v1.0.1	e7e8db28e573b0ca	== manifest	1.16 s (GPU decode + copy 0.27)
C558 full	r2_HG02083_pat_hprc_r2_v1.0.1	5f16130b23dfe2bf	== manifest	1.13 s (GPU decode + copy 0.26)
C558 full	r2_HG02109_mat_hprc_r2_v1.0.1	488011d8abdf5db1	== manifest	1.15 s (GPU decode + copy 0.28)
C558 full	r2_HG02109_pat_hprc_r2_v1.0.1	2ac5ebc1abee3e67	== manifest	1.17 s (GPU decode + copy 0.28)
C558 full	r2_HG02129_mat_hprc_r2_v1.0.1	20ac22323ca459e0	== manifest	1.16 s (GPU decode + copy 0.27)
C558 full	r2_HG02129_pat_hprc_r2_v1.0.1	eeffb68fff783967	== manifest	1.12 s (GPU decode + copy 0.27)
C558 full	r2_HG02132_mat_hprc_r2_v1.0.1	2045b20af9fee73a	== manifest	1.13 s (GPU decode + copy 0.27)
C558 full	r2_HG02132_pat_hprc_r2_v1.0.1	dabded18f7fb2d1f	== manifest	1.09 s (GPU decode + copy 0.26)
C558 full	r2_HG02135_mat_hprc_r2_v1.0.1	91e15ec6f7e84946	== manifest	1.15 s (GPU decode + copy 0.27)
C558 full	r2_HG02135_pat_hprc_r2_v1.0.1	ba1d6f86fd81b17f	== manifest	1.12 s (GPU decode + copy 0.27)
C558 full	r2_HG02145_mat_hprc_r2_v1.0.1	595bfe612c6d5c79	== manifest	1.16 s (GPU decode + copy 0.28)
C558 full	r2_HG02145_pat_hprc_r2_v1.0.1	6882e8672d79f52e	== manifest	1.13 s (GPU decode + copy 0.26)
C558 full	r2_HG02148_mat_hprc_r2_v1.0.1	79aeca54e82bd5c5	== manifest	1.16 s (GPU decode + copy 0.27)
C558 full	r2_HG02148_pat_hprc_r2_v1.0.1	d377668bad966425	== manifest	1.16 s (GPU decode + copy 0.27)
C558 full	r2_HG02155_hap1_hprc_r2_v1.0.1	5e7c053a194bee19	== manifest	1.16 s (GPU decode + copy 0.27)
C558 full	r2_HG02155_hap2_hprc_r2_v1.0.1	0e7b8e1becac8cbc	== manifest	1.17 s (GPU decode + copy 0.27)
C558 full	r2_HG02165_hap1_hprc_r2_v1.0.1	f26d9f8a95830b2a	== manifest	1.17 s (GPU decode + copy 0.27)
C558 full	r2_HG02165_hap2_hprc_r2_v1.0.1	b72ace2f91879d44	== manifest	1.16 s (GPU decode + copy 0.28)
C558 full	r2_HG02178_hap1_hprc_r2_v1.0.1	c77d5fa30d4e3468	== manifest	1.15 s (GPU decode + copy 0.27)
C558 full	r2_HG02178_hap2_hprc_r2_v1.0.1	ca9d024cea4d83a6	== manifest	1.16 s (GPU decode + copy 0.27)
C558 full	r2_HG02257_mat_hprc_r2_v1.1.0	e08c67da359a56be	== manifest	1.15 s (GPU decode + copy 0.28)
C558 full	r2_HG02257_pat_hprc_r2_v1.1.0	715a4a168c995dfe	== manifest	1.16 s (GPU decode + copy 0.28)
C558 full	r2_HG02258_mat_hprc_r2_v1.0.1	332fe54689a07a40	== manifest	1.15 s (GPU decode + copy 0.28)
C558 full	r2_HG02258_pat_hprc_r2_v1.0.1	8de37aa033816839	== manifest	1.12 s (GPU decode + copy 0.27)
C558 full	r2_HG02273_hap1_hprc_r2_v1.0.1	32e09753f7951eb3	== manifest	1.14 s (GPU decode + copy 0.27)
C558 full	r2_HG02273_hap2_hprc_r2_v1.0.1	91cdd29350f8dad8	== manifest	1.16 s (GPU decode + copy 0.27)
C558 full	r2_HG02280_mat_hprc_r2_v1.0.1	b21acb83de87f51e	== manifest	1.16 s (GPU decode + copy 0.28)
C558 full	r2_HG02280_pat_hprc_r2_v1.0.1	c236804b40198fd8	== manifest	1.16 s (GPU decode + copy 0.28)
C558 full	r2_HG02293_mat_hprc_r2_v1.0.1	a527eedc64f59297	== manifest	1.16 s (GPU decode + copy 0.28)
C558 full	r2_HG02293_pat_hprc_r2_v1.0.1	02d31975c6a9798e	== manifest	1.16 s (GPU decode + copy 0.28)
C558 full	r2_HG02300_mat_hprc_r2_v1.0.1	08716c707cf55c5e	== manifest	1.15 s (GPU decode + copy 0.27)
C558 full	r2_HG02300_pat_hprc_r2_v1.0.1	e5d516a282561ee9	== manifest	1.16 s (GPU decode + copy 0.28)
C558 full	r2_HG02391_hap1_hprc_r2_v1.0.1	e8efce1f4b2526ee	== manifest	1.12 s (GPU decode + copy 0.26)
C558 full	r2_HG02391_hap2_hprc_r2_v1.0.1	8808a4cad075bb4b	== manifest	1.17 s (GPU decode + copy 0.28)
C558 full	r2_HG02392_hap1_hprc_r2_v1.0.1	bb2f04a1bef99c27	== manifest	1.11 s (GPU decode + copy 0.26)
C558 full	r2_HG02392_hap2_hprc_r2_v1.0.1	f54731e918881e01	== manifest	1.13 s (GPU decode + copy 0.27)
C558 full	r2_HG02451_mat_hprc_r2_v1.0.1	1a3bc51611975b7c	== manifest	1.13 s (GPU decode + copy 0.28)
C558 full	r2_HG02451_pat_hprc_r2_v1.0.1	c0e37553e4eec4a3	== manifest	1.15 s (GPU decode + copy 0.28)
C558 full	r2_HG02486_mat_hprc_r2_v1.0.1	fe6a4393fdb6eab7	== manifest	1.16 s (GPU decode + copy 0.28)
C558 full	r2_HG02486_pat_hprc_r2_v1.0.1	16ffbddbd27d2efa	== manifest	1.12 s (GPU decode + copy 0.27)
C558 full	r2_HG02514_mat_hprc_r2_v1.0.1	34722f2236a077fb	== manifest	1.16 s (GPU decode + copy 0.27)
C558 full	r2_HG02514_pat_hprc_r2_v1.0.1	c096f69bbfcdcc29	== manifest	1.12 s (GPU decode + copy 0.26)
C558 full	r2_HG02523_mat_hprc_r2_v1.0.1	e92f829a413e61a9	== manifest	1.16 s (GPU decode + copy 0.27)
C558 full	r2_HG02523_pat_hprc_r2_v1.0.1	a35319fd046ce551	== manifest	1.16 s (GPU decode + copy 0.27)
C558 full	r2_HG02559_mat_hprc_r2_v1.0.1	5260ec7d559f453b	== manifest	1.15 s (GPU decode + copy 0.28)
C558 full	r2_HG02559_pat_hprc_r2_v1.0.1	630aaa6ab90298cb	== manifest	1.16 s (GPU decode + copy 0.28)
C558 full	r2_HG02572_mat_hprc_r2_v1.0.1	070071f7f1ff9a1d	== manifest	1.16 s (GPU decode + copy 0.28)
C558 full	r2_HG02572_pat_hprc_r2_v1.0.1	2cc715243b2f03ad	== manifest	1.12 s (GPU decode + copy 0.27)
C558 full	r2_HG02583_hap1_hprc_r2_v1.0.1	da328b1c599e657c	== manifest	1.17 s (GPU decode + copy 0.28)
C558 full	r2_HG02583_hap2_hprc_r2_v1.0.1	996abc6b2e9caf77	== manifest	1.15 s (GPU decode + copy 0.28)
C558 full	r2_HG02602_mat_hprc_r2_v1.0.1	7945a5a5a1f83892	== manifest	1.16 s (GPU decode + copy 0.27)
C558 full	r2_HG02602_pat_hprc_r2_v1.0.1	848235db79661270	== manifest	1.12 s (GPU decode + copy 0.27)
C558 full	r2_HG02615_mat_hprc_r2_v1.0.1	94aba103b97c9570	== manifest	1.16 s (GPU decode + copy 0.28)
C558 full	r2_HG02615_pat_hprc_r2_v1.0.1	a334041666dbc90d	== manifest	1.17 s (GPU decode + copy 0.28)
C558 full	r2_HG02622_mat_hprc_r2_v1.0.1	5982ee1795af9b09	== manifest	1.17 s (GPU decode + copy 0.28)
C558 full	r2_HG02622_pat_hprc_r2_v1.0.1	b3ca3469c016fa5c	== manifest	1.17 s (GPU decode + copy 0.28)
C558 full	r2_HG02630_mat_hprc_r2_v1.0.1	13af9df36e06249d	== manifest	1.16 s (GPU decode + copy 0.28)
C558 full	r2_HG02630_pat_hprc_r2_v1.0.1	8a83ce6ddbd77d5b	== manifest	1.17 s (GPU decode + copy 0.28)
C558 full	r2_HG02647_mat_hprc_r2_v1.0.1	3ab1ff3241c2cec1	== manifest	1.16 s (GPU decode + copy 0.28)
C558 full	r2_HG02647_pat_hprc_r2_v1.0.1	359a586ca6043319	== manifest	1.12 s (GPU decode + copy 0.27)
C558 full	r2_HG02668_mat_hprc_r2_v1.0.1	0aa718ccb62b50f1	== manifest	1.16 s (GPU decode + copy 0.27)
C558 full	r2_HG02668_pat_hprc_r2_v1.0.1	0bf1b2c1bfcc318f	== manifest	1.13 s (GPU decode + copy 0.27)
C558 full	r2_HG02698_mat_hprc_r2_v1.0.1	0a1071aee21c085e	== manifest	1.16 s (GPU decode + copy 0.27)
C558 full	r2_HG02698_pat_hprc_r2_v1.0.1	5016e7073fbaa0e5	== manifest	1.12 s (GPU decode + copy 0.26)
C558 full	r2_HG02717_mat_hprc_r2_v1.0.1	c84bf9303e339472	== manifest	1.17 s (GPU decode + copy 0.28)
C558 full	r2_HG02717_pat_hprc_r2_v1.0.1	17c281f3abef5524	== manifest	1.13 s (GPU decode + copy 0.27)
C558 full	r2_HG02723_mat_hprc_r2_v1.0.1	e5fbc5122d97a9a6	== manifest	1.17 s (GPU decode + copy 0.28)
C558 full	r2_HG02723_pat_hprc_r2_v1.0.1	b6584dc314264a82	== manifest	1.17 s (GPU decode + copy 0.28)
C558 full	r2_HG02735_mat_hprc_r2_v1.0.1	9bdb15cc58f9ebfd	== manifest	1.16 s (GPU decode + copy 0.27)
C558 full	r2_HG02735_pat_hprc_r2_v1.0.1	cf6b902923a3c3b7	== manifest	1.13 s (GPU decode + copy 0.27)
C558 full	r2_HG02738_mat_hprc_r2_v1.0.1	944933f95aae3aac	== manifest	1.16 s (GPU decode + copy 0.27)
C558 full	r2_HG02738_pat_hprc_r2_v1.0.1	7385a8854af6d703	== manifest	1.12 s (GPU decode + copy 0.26)
C558 full	r2_HG02809_mat_hprc_r2_v1.0.1	ee1bb2061f8265a1	== manifest	1.16 s (GPU decode + copy 0.28)
C558 full	r2_HG02809_pat_hprc_r2_v1.0.1	55e2d466095ced94	== manifest	1.16 s (GPU decode + copy 0.28)
C558 full	r2_HG02818_mat_hprc_r2_v1.0.1	885283357b323257	== manifest	1.17 s (GPU decode + copy 0.28)
C558 full	r2_HG02818_pat_hprc_r2_v1.0.1	77a68ac5bb6242bc	== manifest	1.16 s (GPU decode + copy 0.28)
C558 full	r2_HG02841_mat_hprc_r2_v1.0.1	a9f6e35e9778c7cb	== manifest	1.16 s (GPU decode + copy 0.28)
C558 full	r2_HG02841_pat_hprc_r2_v1.0.1	5f56504c230c0f73	== manifest	1.17 s (GPU decode + copy 0.28)
C558 full	r2_HG02886_mat_hprc_r2_v1.0.1	11ce58001ff84a5e	== manifest	1.16 s (GPU decode + copy 0.28)
C558 full	r2_HG02886_pat_hprc_r2_v1.0.1	208706a290ff6622	== manifest	1.16 s (GPU decode + copy 0.28)
C558 full	r2_HG02922_hap1_hprc_r2_v1.0.1	dc6e46d1deaf020d	== manifest	1.17 s (GPU decode + copy 0.28)
C558 full	r2_HG02922_hap2_hprc_r2_v1.0.1	aa92dbe86df7c6ea	== manifest	1.17 s (GPU decode + copy 0.28)
C558 full	r2_HG02965_hap1_hprc_r2_v1.0.1	63e4145d5f2d620e	== manifest	1.12 s (GPU decode + copy 0.27)
C558 full	r2_HG02965_hap2_hprc_r2_v1.0.1	65298bcbbb84f036	== manifest	1.17 s (GPU decode + copy 0.28)
C558 full	r2_HG02976_hap1_hprc_r2_v1.0.1	c3201c96ebd2b446	== manifest	1.16 s (GPU decode + copy 0.28)
C558 full	r2_HG02976_hap2_hprc_r2_v1.0.1	2dc2279e333b06e5	== manifest	1.16 s (GPU decode + copy 0.28)
C558 full	r2_HG02984_mat_hprc_r2_v1.0.1	3827babff0b46e4a	== manifest	1.16 s (GPU decode + copy 0.28)
C558 full	r2_HG02984_pat_hprc_r2_v1.0.1	1014c5e3225cae8c	== manifest	1.12 s (GPU decode + copy 0.26)
C558 full	r2_HG03017_mat_hprc_r2_v1.0.1	a458f675b8b65a4f	== manifest	1.16 s (GPU decode + copy 0.27)
C558 full	r2_HG03017_pat_hprc_r2_v1.0.1	72c7127d7e51180a	== manifest	1.12 s (GPU decode + copy 0.26)
C558 full	r2_HG03041_mat_hprc_r2_v1.0.1	fe88d8ac17730bf3	== manifest	1.17 s (GPU decode + copy 0.28)
C558 full	r2_HG03041_pat_hprc_r2_v1.0.1	20a05aa3bf696968	== manifest	1.17 s (GPU decode + copy 0.28)
C558 full	r2_HG03050_mat_hprc_r2_v1.0.1	c9422686dc6074cf	== manifest	1.18 s (GPU decode + copy 0.28)
C558 full	r2_HG03050_pat_hprc_r2_v1.0.1	1a4f1ac6944dbf18	== manifest	1.13 s (GPU decode + copy 0.27)
C558 full	r2_HG03098_mat_hprc_r2_v1.0.1	75a339a9ad630f8a	== manifest	1.17 s (GPU decode + copy 0.28)
C558 full	r2_HG03098_pat_hprc_r2_v1.0.1	ede7786472f4a089	== manifest	1.13 s (GPU decode + copy 0.27)
C558 full	r2_HG03130_hap1_hprc_r2_v1.0.1	c1b3b150a5c691c8	== manifest	1.14 s (GPU decode + copy 0.27)
C558 full	r2_HG03130_hap2_hprc_r2_v1.0.1	86610dafef5cc939	== manifest	1.17 s (GPU decode + copy 0.28)
C558 full	r2_HG03139_hap1_hprc_r2_v1.0.1	fc82151696355866	== manifest	1.12 s (GPU decode + copy 0.27)
C558 full	r2_HG03139_hap2_hprc_r2_v1.0.1	e4f881839c4f7b48	== manifest	1.16 s (GPU decode + copy 0.28)
C558 full	r2_HG03195_hap1_hprc_r2_v1.0.1	56e45fe61523ac75	== manifest	1.16 s (GPU decode + copy 0.28)
C558 full	r2_HG03195_hap2_hprc_r2_v1.0.1	2facc3da1f48d06d	== manifest	1.16 s (GPU decode + copy 0.28)
C558 full	r2_HG03209_hap1_hprc_r2_v1.0.1	25ff5bf70f451be9	== manifest	1.13 s (GPU decode + copy 0.27)
C558 full	r2_HG03209_hap2_hprc_r2_v1.0.1	a08a71730a8c1e85	== manifest	1.17 s (GPU decode + copy 0.28)
C558 full	r2_HG03225_hap1_hprc_r2_v1.0.1	98acb1fb8f592b23	== manifest	1.13 s (GPU decode + copy 0.27)
C558 full	r2_HG03225_hap2_hprc_r2_v1.0.1	1541c126c0a20b67	== manifest	1.17 s (GPU decode + copy 0.28)
C558 full	r2_HG03239_mat_hprc_r2_v1.0.1	38bea91d4f140bb4	== manifest	1.16 s (GPU decode + copy 0.27)
C558 full	r2_HG03239_pat_hprc_r2_v1.0.1	6610b6c1b99d02d2	== manifest	1.16 s (GPU decode + copy 0.27)
C558 full	r2_HG03270_hap1_hprc_r2_v1.0.1	e9999ab914628a7c	== manifest	1.16 s (GPU decode + copy 0.28)
C558 full	r2_HG03270_hap2_hprc_r2_v1.0.1	9a9a167aa2ba7dba	== manifest	1.15 s (GPU decode + copy 0.28)
C558 full	r2_HG03369_hap1_hprc_r2_v1.0.1	602a08c2fdc07f86	== manifest	1.17 s (GPU decode + copy 0.28)
C558 full	r2_HG03369_hap2_hprc_r2_v1.0.1	1d2d48906008242d	== manifest	1.16 s (GPU decode + copy 0.28)
C558 full	r2_HG03453_mat_hprc_r2_v1.0.1	24221ef25ceeefaa	== manifest	1.17 s (GPU decode + copy 0.28)
C558 full	r2_HG03453_pat_hprc_r2_v1.0.1	c8cf174af590f118	== manifest	1.15 s (GPU decode + copy 0.28)
C558 full	r2_HG03470_hap1_hprc_r2_v1.0.1	5ad32884a0219347	== manifest	1.16 s (GPU decode + copy 0.28)
C558 full	r2_HG03470_hap2_hprc_r2_v1.0.1	a48f236b5c22b36b	== manifest	1.17 s (GPU decode + copy 0.28)
C558 full	r2_HG03471_hap1_hprc_r2_v1.0.1	b192882776af2f97	== manifest	1.13 s (GPU decode + copy 0.27)
C558 full	r2_HG03471_hap2_hprc_r2_v1.0.1	4f5ce05b926d2e6c	== manifest	1.14 s (GPU decode + copy 0.28)
C558 full	r2_HG03486_mat_hprc_r2_v1.0.1	fda3e07a90d70b3b	== manifest	1.17 s (GPU decode + copy 0.28)
C558 full	r2_HG03486_pat_hprc_r2_v1.0.1	4b06df9b9f599579	== manifest	1.17 s (GPU decode + copy 0.28)
C558 full	r2_HG03516_mat_hprc_r2_v1.1.0	5289607dc06de40b	== manifest	1.16 s (GPU decode + copy 0.28)
C558 full	r2_HG03516_pat_hprc_r2_v1.1.0	5b09c2fca5ec631d	== manifest	1.17 s (GPU decode + copy 0.28)
C558 full	r2_HG03521_hap1_hprc_r2_v1.0.1	6b583974f739cada	== manifest	1.10 s (GPU decode + copy 0.27)
C558 full	r2_HG03521_hap2_hprc_r2_v1.0.1	2576a11960214883	== manifest	1.17 s (GPU decode + copy 0.28)
C558 full	r2_HG03540_mat_hprc_r2_v1.0.1	8dd4acc0e4014608	== manifest	1.17 s (GPU decode + copy 0.28)
C558 full	r2_HG03540_pat_hprc_r2_v1.0.1	fefc8bc5300d0f1b	== manifest	1.17 s (GPU decode + copy 0.28)
C558 full	r2_HG03579_mat_hprc_r2_v1.0.1	57a8ba8c4d78fb95	== manifest	1.17 s (GPU decode + copy 0.28)
C558 full	r2_HG03579_pat_hprc_r2_v1.0.1	69995f450b2d5a1b	== manifest	1.13 s (GPU decode + copy 0.27)
C558 full	r2_HG03583_hap1_hprc_r2_v1.0.1	feb944b4c84ea79e	== manifest	1.16 s (GPU decode + copy 0.27)
C558 full	r2_HG03583_hap2_hprc_r2_v1.0.1	98086afcad8a531a	== manifest	1.16 s (GPU decode + copy 0.28)
C558 full	r2_HG03654_mat_hprc_r2_v1.0.1	32a8aa131beb3326	== manifest	1.16 s (GPU decode + copy 0.27)
C558 full	r2_HG03654_pat_hprc_r2_v1.0.1	3917ea1c1c690c2c	== manifest	1.12 s (GPU decode + copy 0.26)
C558 full	r2_HG03669_mat_hprc_r2_v1.0.1	f4111706b8ada66a	== manifest	1.16 s (GPU decode + copy 0.27)
C558 full	r2_HG03669_pat_hprc_r2_v1.0.1	33c1ea9ae31b051a	== manifest	1.16 s (GPU decode + copy 0.27)
C558 full	r2_HG03688_mat_hprc_r2_v1.0.1	38a372338ea34fc3	== manifest	1.16 s (GPU decode + copy 0.27)
C558 full	r2_HG03688_pat_hprc_r2_v1.0.1	3a1708243ba26fe1	== manifest	1.12 s (GPU decode + copy 0.26)
C558 full	r2_HG03704_mat_hprc_r2_v1.0.1	5c4213a4387c6c9d	== manifest	1.16 s (GPU decode + copy 0.27)
C558 full	r2_HG03704_pat_hprc_r2_v1.0.1	298f9f5dfbd3805e	== manifest	1.14 s (GPU decode + copy 0.27)
C558 full	r2_HG03710_mat_hprc_r2_v1.0.1	dee5a1a2ebd55cc8	== manifest	1.13 s (GPU decode + copy 0.27)
C558 full	r2_HG03710_pat_hprc_r2_v1.0.1	2952d94331bf24d3	== manifest	1.10 s (GPU decode + copy 0.26)
C558 full	r2_HG03742_hap1_hprc_r2_v1.0.1	8d94e9180b942472	== manifest	1.11 s (GPU decode + copy 0.27)
C558 full	r2_HG03742_hap2_hprc_r2_v1.0.1	5af1708a66f10408	== manifest	1.15 s (GPU decode + copy 0.28)
C558 full	r2_HG03784_hap1_hprc_r2_v1.0.1	7641df2996afda21	== manifest	1.15 s (GPU decode + copy 0.28)
C558 full	r2_HG03784_hap2_hprc_r2_v1.0.1	3221de62a16670d5	== manifest	1.14 s (GPU decode + copy 0.27)
C558 full	r2_HG03804_mat_hprc_r2_v1.0.1	94681ff2d371874f	== manifest	1.17 s (GPU decode + copy 0.27)
C558 full	r2_HG03804_pat_hprc_r2_v1.0.1	5a099516ccdc0989	== manifest	1.16 s (GPU decode + copy 0.27)
C558 full	r2_HG03816_mat_hprc_r2_v1.0.1	964affa815574ce1	== manifest	1.16 s (GPU decode + copy 0.27)
C558 full	r2_HG03816_pat_hprc_r2_v1.0.1	232ef5bf951c7105	== manifest	1.16 s (GPU decode + copy 0.27)
C558 full	r2_HG03831_mat_hprc_r2_v1.0.1	fa0cda684803d5b1	== manifest	1.16 s (GPU decode + copy 0.27)
C558 full	r2_HG03831_pat_hprc_r2_v1.0.1	1523ecf484ef84d8	== manifest	1.14 s (GPU decode + copy 0.27)
C558 full	r2_HG03834_mat_hprc_r2_v1.0.1	11e3a7f3d2447e1a	== manifest	1.16 s (GPU decode + copy 0.27)
C558 full	r2_HG03834_pat_hprc_r2_v1.0.1	61038e99eaf8ba28	== manifest	1.16 s (GPU decode + copy 0.27)
C558 full	r2_HG03874_hap1_hprc_r2_v1.0.1	85d873a7cfff1359	== manifest	1.15 s (GPU decode + copy 0.27)
C558 full	r2_HG03874_hap2_hprc_r2_v1.0.1	a859c9522d9348d6	== manifest	1.17 s (GPU decode + copy 0.27)
C558 full	r2_HG03927_mat_hprc_r2_v1.0.1	5736d720c262ae62	== manifest	1.16 s (GPU decode + copy 0.27)
C558 full	r2_HG03927_pat_hprc_r2_v1.0.1	5dd60328e73663c7	== manifest	1.17 s (GPU decode + copy 0.27)
C558 full	r2_HG03942_mat_hprc_r2_v1.0.1	4cc9532215885cde	== manifest	1.16 s (GPU decode + copy 0.27)
C558 full	r2_HG03942_pat_hprc_r2_v1.0.1	25b910e2ddf2b217	== manifest	1.12 s (GPU decode + copy 0.26)
C558 full	r2_HG04115_mat_hprc_r2_v1.0.1	bd09955fcbe4b4bf	== manifest	1.17 s (GPU decode + copy 0.28)
C558 full	r2_HG04115_pat_hprc_r2_v1.0.1	d80bb7ca3492bde9	== manifest	1.13 s (GPU decode + copy 0.27)
C558 full	r2_HG04157_mat_hprc_r2_v1.0.1	f026e8d7dfa28091	== manifest	1.15 s (GPU decode + copy 0.27)
C558 full	r2_HG04157_pat_hprc_r2_v1.0.1	1133a9210ea43e5c	== manifest	1.13 s (GPU decode + copy 0.27)
C558 full	r2_HG04160_mat_hprc_r2_v1.0.1	1354f4b1227eb8df	== manifest	1.15 s (GPU decode + copy 0.27)
C558 full	r2_HG04160_pat_hprc_r2_v1.0.1	e3cebd14d04dbd59	== manifest	1.13 s (GPU decode + copy 0.27)
C558 full	r2_HG04184_mat_hprc_r2_v1.0.1	774ee2656135d77d	== manifest	1.16 s (GPU decode + copy 0.27)
C558 full	r2_HG04184_pat_hprc_r2_v1.0.1	cba5e297b49d7ec2	== manifest	1.16 s (GPU decode + copy 0.27)
C558 full	r2_HG04187_mat_hprc_r2_v1.0.1	9d2d634bcd9d20b1	== manifest	1.16 s (GPU decode + copy 0.27)
C558 full	r2_HG04187_pat_hprc_r2_v1.0.1	efb23cc963235612	== manifest	1.09 s (GPU decode + copy 0.26)
C558 full	r2_HG04199_mat_hprc_r2_v1.0.1	8484376d8be51c23	== manifest	1.15 s (GPU decode + copy 0.27)
C558 full	r2_HG04199_pat_hprc_r2_v1.0.1	8b52bd531642dc0a	== manifest	1.11 s (GPU decode + copy 0.26)
C558 full	r2_HG04204_mat_hprc_r2_v1.0.1	7d69117e8d011b04	== manifest	1.15 s (GPU decode + copy 0.27)
C558 full	r2_HG04204_pat_hprc_r2_v1.0.1	9c4ea6ffbd08c5fa	== manifest	1.10 s (GPU decode + copy 0.26)
C558 full	r2_HG04228_mat_hprc_r2_v1.0.1	1e06c4f6e4f19704	== manifest	1.13 s (GPU decode + copy 0.27)
C558 full	r2_HG04228_pat_hprc_r2_v1.0.1	9eb81b3406efe5cb	== manifest	1.10 s (GPU decode + copy 0.26)
C558 full	r2_HG06807_mat_v1	49c76a0d41f655f7	== manifest	1.13 s (GPU decode + copy 0.27)
C558 full	r2_HG06807_pat_v1	e0cae48f7e397f49	== manifest	1.14 s (GPU decode + copy 0.27)
C558 full	r2_NA18505_hap1_hprc_r2_v1.0.1	3370e32c8d95fe1f	== manifest	1.16 s (GPU decode + copy 0.28)
C558 full	r2_NA18505_hap2_hprc_r2_v1.0.1	32ec255d47becc7e	== manifest	1.14 s (GPU decode + copy 0.28)
C558 full	r2_NA18508_hap1_hprc_r2_v1.0.1	c692f46d92d615e8	== manifest	1.14 s (GPU decode + copy 0.28)
C558 full	r2_NA18508_hap2_hprc_r2_v1.0.1	d3c703933591acd2	== manifest	1.16 s (GPU decode + copy 0.28)
C558 full	r2_NA18522_hap1_hprc_r2_v1.0.1	ed0c3f39aee82951	== manifest	1.12 s (GPU decode + copy 0.27)
C558 full	r2_NA18522_hap2_hprc_r2_v1.0.1	a73f60d4e334358e	== manifest	1.15 s (GPU decode + copy 0.28)
C558 full	r2_NA18565_hap1_hprc_r2_v1.0.1	ce661921cc86f2e0	== manifest	1.15 s (GPU decode + copy 0.27)
C558 full	r2_NA18565_hap2_hprc_r2_v1.0.1	a50abe9c9b52db9f	== manifest	1.14 s (GPU decode + copy 0.27)
C558 full	r2_NA18570_hap1_hprc_r2_v1.0.1	2c8c65103243359a	== manifest	1.15 s (GPU decode + copy 0.27)
C558 full	r2_NA18570_hap2_hprc_r2_v1.0.1	54ebbd823c00ed18	== manifest	1.15 s (GPU decode + copy 0.27)
C558 full	r2_NA18608_hap1_hprc_r2_v1.0.1	be3573fcc923ce82	== manifest	1.12 s (GPU decode + copy 0.26)
C558 full	r2_NA18608_hap2_hprc_r2_v1.0.1	605c73511caee40d	== manifest	1.15 s (GPU decode + copy 0.27)
C558 full	r2_NA18620_hap1_hprc_r2_v1.0.1	1ecd98ef047819fa	== manifest	1.12 s (GPU decode + copy 0.27)
C558 full	r2_NA18620_hap2_hprc_r2_v1.0.1	aeb9ff327a8a363b	== manifest	1.16 s (GPU decode + copy 0.27)
C558 full	r2_NA18747_hap1_hprc_r2_v1.0.1	08879ded0b4bd33c	== manifest	1.12 s (GPU decode + copy 0.26)
C558 full	r2_NA18747_hap2_hprc_r2_v1.0.1	033b916e9e0d736b	== manifest	1.15 s (GPU decode + copy 0.27)
C558 full	r2_NA18879_hap1_hprc_r2_v1.0.1	afd350115153f71f	== manifest	1.13 s (GPU decode + copy 0.27)
C558 full	r2_NA18879_hap2_hprc_r2_v1.0.1	b3154afb59ba422a	== manifest	1.16 s (GPU decode + copy 0.28)
C558 full	r2_NA18906_mat_hprc_r2_v1.0.1	122d463323dd111d	== manifest	1.18 s (GPU decode + copy 0.28)
C558 full	r2_NA18906_pat_hprc_r2_v1.0.1	01a7c8e9d7733712	== manifest	1.17 s (GPU decode + copy 0.28)
C558 full	r2_NA18940_hap1_hprc_r2_v1.0.1	7d4bb638c5e983b4	== manifest	1.11 s (GPU decode + copy 0.26)
C558 full	r2_NA18940_hap2_hprc_r2_v1.0.1	da6034a22dd6a348	== manifest	1.14 s (GPU decode + copy 0.27)
C558 full	r2_NA18943_hap1_hprc_r2_v1.0.1	c93d62a7fd144e2a	== manifest	1.12 s (GPU decode + copy 0.26)
C558 full	r2_NA18943_hap2_hprc_r2_v1.0.1	acef8dcd9720d21f	== manifest	1.16 s (GPU decode + copy 0.27)
C558 full	r2_NA18944_hap1_hprc_r2_v1.0.1	63db5c20e87051c3	== manifest	1.12 s (GPU decode + copy 0.26)
C558 full	r2_NA18944_hap2_hprc_r2_v1.0.1	48e4e179d39905f2	== manifest	1.16 s (GPU decode + copy 0.28)
C558 full	r2_NA18945_hap1_hprc_r2_v1.0.1	d5549ef40528b887	== manifest	1.11 s (GPU decode + copy 0.26)
C558 full	r2_NA18945_hap2_hprc_r2_v1.0.1	ad6cd02f587b65b3	== manifest	1.15 s (GPU decode + copy 0.27)
C558 full	r2_NA18948_hap1_hprc_r2_v1.0.1	a8f676550aa71ccf	== manifest	1.12 s (GPU decode + copy 0.26)
C558 full	r2_NA18948_hap2_hprc_r2_v1.0.1	a788491223802ea5	== manifest	1.17 s (GPU decode + copy 0.28)
C558 full	r2_NA18952_hap1_hprc_r2_v1.0.1	38b6ce649e0bda0f	== manifest	1.12 s (GPU decode + copy 0.26)
C558 full	r2_NA18952_hap2_hprc_r2_v1.0.1	859b194030a01997	== manifest	1.15 s (GPU decode + copy 0.27)
C558 full	r2_NA18959_hap1_hprc_r2_v1.0.1	39bca079152291c7	== manifest	1.12 s (GPU decode + copy 0.26)
C558 full	r2_NA18959_hap2_hprc_r2_v1.0.1	21e5a95104fc8ad9	== manifest	1.18 s (GPU decode + copy 0.28)
C558 full	r2_NA18960_hap1_hprc_r2_v1.0.1	091a7b80ead7d620	== manifest	1.12 s (GPU decode + copy 0.26)
C558 full	r2_NA18960_hap2_hprc_r2_v1.0.1	23392e395535222b	== manifest	1.15 s (GPU decode + copy 0.27)
C558 full	r2_NA18967_hap1_hprc_r2_v1.0.1	1787cd3049914468	== manifest	1.13 s (GPU decode + copy 0.27)
C558 full	r2_NA18967_hap2_hprc_r2_v1.0.1	be98e26a7f073a00	== manifest	1.16 s (GPU decode + copy 0.27)
C558 full	r2_NA18970_hap1_hprc_r2_v1.0.1	87974afb80ed3490	== manifest	1.11 s (GPU decode + copy 0.26)
C558 full	r2_NA18970_hap2_hprc_r2_v1.0.1	95d31e54ff30e9d2	== manifest	1.15 s (GPU decode + copy 0.27)
C558 full	r2_NA18971_hap1_hprc_r2_v1.0.1	909a07974e9e9417	== manifest	1.12 s (GPU decode + copy 0.27)
C558 full	r2_NA18971_hap2_hprc_r2_v1.0.1	4c1ecbafd844ec19	== manifest	1.16 s (GPU decode + copy 0.27)
C558 full	r2_NA18974_hap1_hprc_r2_v1.0.1	005d76eabc73ec16	== manifest	1.13 s (GPU decode + copy 0.27)
C558 full	r2_NA18974_hap2_hprc_r2_v1.0.1	f81bd75837b77798	== manifest	1.16 s (GPU decode + copy 0.27)
C558 full	r2_NA18976_hap1_hprc_r2_v1.0.1	c41c1c06c0f7e5ab	== manifest	1.15 s (GPU decode + copy 0.27)
C558 full	r2_NA18976_hap2_hprc_r2_v1.0.1	60d8e1f4931989de	== manifest	1.15 s (GPU decode + copy 0.27)
C558 full	r2_NA18982_hap1_hprc_r2_v1.0.1	c12ca3b7b3471207	== manifest	1.14 s (GPU decode + copy 0.27)
C558 full	r2_NA18982_hap2_hprc_r2_v1.0.1	b96e9d8f0e2b7db6	== manifest	1.15 s (GPU decode + copy 0.27)
C558 full	r2_NA18983_hap1_hprc_r2_v1.0.1	30f19545748276f8	== manifest	1.12 s (GPU decode + copy 0.27)
C558 full	r2_NA18983_hap2_hprc_r2_v1.0.1	06601e401c955ad9	== manifest	1.16 s (GPU decode + copy 0.27)
C558 full	r2_NA19036_hap1_hprc_r2_v1.0.1	0ab271b8e83a8425	== manifest	1.17 s (GPU decode + copy 0.28)
C558 full	r2_NA19036_hap2_hprc_r2_v1.0.1	32a120c9daf979e4	== manifest	1.16 s (GPU decode + copy 0.28)
C558 full	r2_NA19043_hap1_hprc_r2_v1.0.1	e0c0295a60ef3abe	== manifest	1.12 s (GPU decode + copy 0.27)
C558 full	r2_NA19043_hap2_hprc_r2_v1.0.1	829f76d68e0955d3	== manifest	1.16 s (GPU decode + copy 0.28)
C558 full	r2_NA19087_hap1_hprc_r2_v1.0.1	c855d7600e88759d	== manifest	1.17 s (GPU decode + copy 0.27)
C558 full	r2_NA19087_hap2_hprc_r2_v1.0.1	044758df9077437c	== manifest	1.16 s (GPU decode + copy 0.27)
C558 full	r2_NA19159_hap1_hprc_r2_v1.0.1	91bd1fc9924274bb	== manifest	1.17 s (GPU decode + copy 0.28)
C558 full	r2_NA19159_hap2_hprc_r2_v1.0.1	c7819a97740b8e80	== manifest	1.16 s (GPU decode + copy 0.27)
C558 full	r2_NA19185_hap1_hprc_r2_v1.0.1	bce3ce69f45c6578	== manifest	1.16 s (GPU decode + copy 0.28)
C558 full	r2_NA19185_hap2_hprc_r2_v1.0.1	77febb1ec63f27d2	== manifest	1.17 s (GPU decode + copy 0.28)
C558 full	r2_NA19240_mat_hprc_r2_v1.0.1	7f1ec20873552c46	== manifest	1.16 s (GPU decode + copy 0.27)
C558 full	r2_NA19240_pat_hprc_r2_v1.0.1	52dc35f41778c8dd	== manifest	1.15 s (GPU decode + copy 0.28)
C558 full	r2_NA19338_hap1_hprc_r2_v1.0.1	86c4d525d7dab5a5	== manifest	1.15 s (GPU decode + copy 0.28)
C558 full	r2_NA19338_hap2_hprc_r2_v1.0.1	17673184bd5f7575	== manifest	1.15 s (GPU decode + copy 0.28)
C558 full	r2_NA19391_hap1_hprc_r2_v1.0.1	abee88b10f614d63	== manifest	1.17 s (GPU decode + copy 0.28)
C558 full	r2_NA19391_hap2_hprc_r2_v1.0.1	30c1dde28062a0ac	== manifest	1.17 s (GPU decode + copy 0.28)
C558 full	r2_NA19443_hap1_hprc_r2_v1.0.1	60ec4c83c5457a4f	== manifest	1.13 s (GPU decode + copy 0.27)
C558 full	r2_NA19443_hap2_hprc_r2_v1.0.1	6524409a50afdc9e	== manifest	1.16 s (GPU decode + copy 0.28)
C558 full	r2_NA19468_hap1_hprc_r2_v1.0.1	d5b2da835f451b6a	== manifest	1.16 s (GPU decode + copy 0.27)
C558 full	r2_NA19468_hap2_hprc_r2_v1.0.1	2a8031a082abc43a	== manifest	1.17 s (GPU decode + copy 0.28)
C558 full	r2_NA19682_hap1_hprc_r2_v1.0.1	290fd59a033153e7	== manifest	1.12 s (GPU decode + copy 0.26)
C558 full	r2_NA19682_hap2_hprc_r2_v1.0.1	f596071e752f0b0f	== manifest	1.16 s (GPU decode + copy 0.27)
C558 full	r2_NA19700_hap1_hprc_r2_v1.0.1	2005f4d3db1e3714	== manifest	1.13 s (GPU decode + copy 0.27)
C558 full	r2_NA19700_hap2_hprc_r2_v1.0.1	acad66ec26758338	== manifest	1.15 s (GPU decode + copy 0.27)
C558 full	r2_NA19776_hap1_hprc_r2_v1.0.1	182f9dde8f760b4a	== manifest	1.16 s (GPU decode + copy 0.27)
C558 full	r2_NA19776_hap2_hprc_r2_v1.0.1	60cce2e0c220cafa	== manifest	1.16 s (GPU decode + copy 0.27)
C558 full	r2_NA19835_hap1_hprc_r2_v1.0.1	5ff63afecc14036f	== manifest	1.15 s (GPU decode + copy 0.27)
C558 full	r2_NA19835_hap2_hprc_r2_v1.0.1	bcdfe8958c39bda3	== manifest	1.16 s (GPU decode + copy 0.28)
C558 full	r2_NA19909_hap1_hprc_r2_v1.0.1	0905b6a05dd00d5e	== manifest	1.17 s (GPU decode + copy 0.28)
C558 full	r2_NA19909_hap2_hprc_r2_v1.0.1	e94f5dc17f2c4bc0	== manifest	1.16 s (GPU decode + copy 0.28)
C558 full	r2_NA20129_mat_hprc_r2_v1.0.1	1ae1cd06b25d50ad	== manifest	1.17 s (GPU decode + copy 0.28)
C558 full	r2_NA20129_pat_hprc_r2_v1.0.1	2fcf35db17d764d3	== manifest	1.17 s (GPU decode + copy 0.28)
C558 full	r2_NA20282_hap1_hprc_r2_v1.0.1	2d2ceae33a579f98	== manifest	1.17 s (GPU decode + copy 0.28)
C558 full	r2_NA20282_hap2_hprc_r2_v1.0.1	b14d75c080fead12	== manifest	1.16 s (GPU decode + copy 0.28)
C558 full	r2_NA20346_hap1_hprc_r2_v1.0.1	1b757a72ca02297c	== manifest	1.13 s (GPU decode + copy 0.27)
C558 full	r2_NA20346_hap2_hprc_r2_v1.0.1	a7366146475c5f55	== manifest	1.17 s (GPU decode + copy 0.28)
C558 full	r2_NA20503_hap1_hprc_r2_v1.0.1	3e7be677c3619981	== manifest	1.15 s (GPU decode + copy 0.27)
C558 full	r2_NA20503_hap2_hprc_r2_v1.0.1	79f78be1ee7eb41f	== manifest	1.14 s (GPU decode + copy 0.27)
C558 full	r2_NA20752_hap1_hprc_r2_v1.0.1	26737fedfa6b0e87	== manifest	1.12 s (GPU decode + copy 0.26)
C558 full	r2_NA20752_hap2_hprc_r2_v1.0.1	5618e8deea9a1013	== manifest	1.16 s (GPU decode + copy 0.27)
C558 full	r2_NA20762_hap1_hprc_r2_v1.0.1	84eca6fd22998abb	== manifest	1.11 s (GPU decode + copy 0.26)
C558 full	r2_NA20762_hap2_hprc_r2_v1.0.1	b1a0591d2842023c	== manifest	1.16 s (GPU decode + copy 0.27)
C558 full	r2_NA20799_hap1_hprc_r2_v1.0.1	69d68e32174390f6	== manifest	1.17 s (GPU decode + copy 0.28)
C558 full	r2_NA20799_hap2_hprc_r2_v1.0.1	d52648629c4a8e96	== manifest	1.16 s (GPU decode + copy 0.27)
C558 full	r2_NA20805_hap1_hprc_r2_v1.0.1	f0fc791285ba670c	== manifest	1.12 s (GPU decode + copy 0.26)
C558 full	r2_NA20805_hap2_hprc_r2_v1.0.1	419c8e2d4361ccd0	== manifest	1.16 s (GPU decode + copy 0.27)
C558 full	r2_NA20806_hap1_hprc_r2_v1.0.1	af254ca58178ec8a	== manifest	1.11 s (GPU decode + copy 0.26)
C558 full	r2_NA20806_hap2_hprc_r2_v1.0.1	6d7ca7bb4d32fef9	== manifest	1.16 s (GPU decode + copy 0.27)
C558 full	r2_NA20809_hap1_hprc_r2_v1.0.1	63a053b6a1c08b8f	== manifest	1.13 s (GPU decode + copy 0.27)
C558 full	r2_NA20809_hap2_hprc_r2_v1.0.1	9345d0f4f5070f09	== manifest	1.15 s (GPU decode + copy 0.27)
C558 full	r2_NA20827_hap1_hprc_r2_v1.0.1	03923c263b1ec398	== manifest	1.12 s (GPU decode + copy 0.26)
C558 full	r2_NA20827_hap2_hprc_r2_v1.0.1	98795cf754011d16	== manifest	1.16 s (GPU decode + copy 0.27)
C558 full	r2_NA20850_hap1_hprc_r2_v1.0.1	3cbb1e1d35a54a42	== manifest	1.12 s (GPU decode + copy 0.26)
C558 full	r2_NA20850_hap2_hprc_r2_v1.0.1	e985f11c2c78feb8	== manifest	1.16 s (GPU decode + copy 0.27)
C558 full	r2_NA20870_hap1_hprc_r2_v1.0.1	61265353aa14d77b	== manifest	1.12 s (GPU decode + copy 0.26)
C558 full	r2_NA20870_hap2_hprc_r2_v1.0.1	34364952f1a4a176	== manifest	1.17 s (GPU decode + copy 0.27)
C558 full	r2_NA20905_hap1_hprc_r2_v1.0.1	faf27489ff69f0a9	== manifest	1.12 s (GPU decode + copy 0.26)
C558 full	r2_NA20905_hap2_hprc_r2_v1.0.1	7f7b9ea7505e02a0	== manifest	1.16 s (GPU decode + copy 0.27)
C558 full	r2_NA21093_hap1_hprc_r2_v1.0.1	15e6b5b959925856	== manifest	1.13 s (GPU decode + copy 0.27)
C558 full	r2_NA21093_hap2_hprc_r2_v1.0.1	0b7cf25c5133e59c	== manifest	1.16 s (GPU decode + copy 0.27)
C558 full	r2_NA21102_hap1_hprc_r2_v1.0.1	145c69a217314ad3	== manifest	1.17 s (GPU decode + copy 0.27)
C558 full	r2_NA21102_hap2_hprc_r2_v1.0.1	ae6a7f05dfb60457	== manifest	1.16 s (GPU decode + copy 0.27)
C558 full	r2_NA21106_hap1_hprc_r2_v1.0.1	93939dd9b8912f38	== manifest	1.15 s (GPU decode + copy 0.27)
C558 full	r2_NA21106_hap2_hprc_r2_v1.0.1	614951588f031c85	== manifest	1.15 s (GPU decode + copy 0.27)
C558 full	r2_NA21110_hap1_hprc_r2_v1.0.1	ff2305ebca35b59f	== manifest	1.16 s (GPU decode + copy 0.27)
C558 full	r2_NA21110_hap2_hprc_r2_v1.0.1	7ad31c6112464813	== manifest	1.17 s (GPU decode + copy 0.28)
C558 full	r2_NA21144_hap1_hprc_r2_v1.0.1	34a64ac38d74cad3	== manifest	1.17 s (GPU decode + copy 0.27)
C558 full	r2_NA21144_hap2_hprc_r2_v1.0.1	35746c68179f5949	== manifest	1.16 s (GPU decode + copy 0.27)
C558 full	r2_NA21309_mat_hprc_r2_v1.0.1	caec985d0ef519d3	== manifest	1.18 s (GPU decode + copy 0.28)
C558 full	r2_NA21309_pat_hprc_r2_v1.0.1	8ec8c1db86c31d8a	== manifest	1.17 s (GPU decode + copy 0.28)
C558 full	r2_hg002v1.1.mat_MT	0f097dd3fce84c4f	== manifest	1.17 s (GPU decode + copy 0.27)
C558 full	r2_hg002v1.1.pat	a6ac61819a167696	== manifest	1.13 s (GPU decode + copy 0.26)
C558 full	y1_HG002.1	77ff8005d4dbb4d2	== manifest	1.02 s (GPU decode + copy 0.27)
C558 full	y1_HG002.2	41738558472d5f12	== manifest	1.07 s (GPU decode + copy 0.28)
C558 full	y1_HG00438.1	0fae37e31e54fb34	== manifest	1.06 s (GPU decode + copy 0.28)
C558 full	y1_HG00438.2	dd9c58efe72c3e7e	== manifest	1.07 s (GPU decode + copy 0.28)
C558 full	y1_HG005.1	217def02b5c45104	== manifest	1.02 s (GPU decode + copy 0.27)
C558 full	y1_HG005.2	6bfccef3e432d0c6	== manifest	1.05 s (GPU decode + copy 0.28)
C558 full	y1_HG00621.1	92d36c1ffac5c77b	== manifest	1.01 s (GPU decode + copy 0.27)
C558 full	y1_HG00621.2	1ddaf8b98d9bee03	== manifest	1.05 s (GPU decode + copy 0.28)
C558 full	y1_HG00673.1	503057c75802fbde	== manifest	1.02 s (GPU decode + copy 0.27)
C558 full	y1_HG00673.2	58d83e29d3fad021	== manifest	1.07 s (GPU decode + copy 0.28)
C558 full	y1_HG00733.1	54079886175c4372	== manifest	1.05 s (GPU decode + copy 0.28)
C558 full	y1_HG00733.2	a62f97453d5a3e17	== manifest	1.07 s (GPU decode + copy 0.28)
C558 full	y1_HG00735.1	7c0e229355ff2cfb	== manifest	1.05 s (GPU decode + copy 0.28)
C558 full	y1_HG00735.2	125726a7e89394cd	== manifest	1.05 s (GPU decode + copy 0.28)
C558 full	y1_HG00741.1	f609c03aa0d1cf78	== manifest	1.04 s (GPU decode + copy 0.28)
C558 full	y1_HG00741.2	dcb7609c023a013e	== manifest	1.04 s (GPU decode + copy 0.28)
C558 full	y1_HG01071.1	a6bf9eae37e662b3	== manifest	1.04 s (GPU decode + copy 0.28)
C558 full	y1_HG01071.2	dea3a34f74e702c5	== manifest	1.03 s (GPU decode + copy 0.28)
C558 full	y1_HG01106.1	b29756ed23ec0212	== manifest	1.01 s (GPU decode + copy 0.27)
C558 full	y1_HG01106.2	ba611c244d4bbff5	== manifest	1.05 s (GPU decode + copy 0.28)
C558 full	y1_HG01109.1	9fadc2957c4e54ea	== manifest	1.02 s (GPU decode + copy 0.27)
C558 full	y1_HG01109.2	7540111600f698c6	== manifest	1.06 s (GPU decode + copy 0.28)
C558 full	y1_HG01123.1	bb648477494c9c5b	== manifest	1.05 s (GPU decode + copy 0.28)
C558 full	y1_HG01123.2	9375e065910e1cc0	== manifest	1.05 s (GPU decode + copy 0.28)
C558 full	y1_HG01175.1	31529d95d4155b86	== manifest	1.04 s (GPU decode + copy 0.28)
C558 full	y1_HG01175.2	a95c6dd97e3a8bf6	== manifest	1.06 s (GPU decode + copy 0.28)
C558 full	y1_HG01243.1	ad83db0137567422	== manifest	1.01 s (GPU decode + copy 0.27)
C558 full	y1_HG01243.2	968f62f5a3a34289	== manifest	1.05 s (GPU decode + copy 0.28)
C558 full	y1_HG01258.1	d5a6d3121f7fe477	== manifest	1.01 s (GPU decode + copy 0.27)
C558 full	y1_HG01258.2	bd938808e20403b1	== manifest	1.05 s (GPU decode + copy 0.28)
C558 full	y1_HG01358.1	41ef5c4e069aa77f	== manifest	1.02 s (GPU decode + copy 0.27)
C558 full	y1_HG01358.2	6048e6167721da7e	== manifest	1.05 s (GPU decode + copy 0.28)
C558 full	y1_HG01361.1	deca6705d81ed322	== manifest	1.04 s (GPU decode + copy 0.28)
C558 full	y1_HG01361.2	065dfab9752010d4	== manifest	1.05 s (GPU decode + copy 0.28)
C558 full	y1_HG01891.1	5abc96480266c733	== manifest	1.06 s (GPU decode + copy 0.28)
C558 full	y1_HG01891.2	c3a1d0def4dfcd07	== manifest	1.05 s (GPU decode + copy 0.28)
C558 full	y1_HG01928.1	aa1d38406de8d012	== manifest	1.01 s (GPU decode + copy 0.27)
C558 full	y1_HG01928.2	15f8d5ec08e98830	== manifest	1.05 s (GPU decode + copy 0.28)
C558 full	y1_HG01952.1	d81a7df3bd7611da	== manifest	0.99 s (GPU decode + copy 0.27)
C558 full	y1_HG01952.2	fa1fb7086ab53c83	== manifest	1.04 s (GPU decode + copy 0.28)
C558 full	y1_HG01978.1	069b694e45af5ff6	== manifest	1.06 s (GPU decode + copy 0.28)
C558 full	y1_HG01978.2	6ab10412b4f2be95	== manifest	1.06 s (GPU decode + copy 0.28)
C558 full	y1_HG02055.1	eb6ab1e6d4bb2fba	== manifest	1.03 s (GPU decode + copy 0.28)
C558 full	y1_HG02055.2	765be1e180619f63	== manifest	1.05 s (GPU decode + copy 0.28)
C558 full	y1_HG02080.1	4634283aac997faa	== manifest	1.05 s (GPU decode + copy 0.28)
C558 full	y1_HG02080.2	43752166e1fe1029	== manifest	1.06 s (GPU decode + copy 0.28)
C558 full	y1_HG02109.1	8d72d8f6bcd47ff2	== manifest	1.06 s (GPU decode + copy 0.28)
C558 full	y1_HG02109.2	786019365179ff28	== manifest	1.03 s (GPU decode + copy 0.28)
C558 full	y1_HG02145.1	7c31cdc41313789f	== manifest	1.00 s (GPU decode + copy 0.27)
C558 full	y1_HG02145.2	d13042a21901b0d6	== manifest	1.03 s (GPU decode + copy 0.28)
C558 full	y1_HG02148.1	afac31544811d5ff	== manifest	1.03 s (GPU decode + copy 0.28)
C558 full	y1_HG02148.2	1f7196686766d633	== manifest	1.05 s (GPU decode + copy 0.28)
C558 full	y1_HG02257.1	0af02bdee3049b56	== manifest	1.07 s (GPU decode + copy 0.28)
C558 full	y1_HG02257.2	a5ff65b7ce4f117d	== manifest	1.06 s (GPU decode + copy 0.28)
C558 full	y1_HG02486.1	ae7db14e0fda7d7e	== manifest	1.03 s (GPU decode + copy 0.28)
C558 full	y1_HG02486.2	de55d102b3a58aaa	== manifest	1.05 s (GPU decode + copy 0.28)
C558 full	y1_HG02559.1	d3de8bf8657f0599	== manifest	1.04 s (GPU decode + copy 0.28)
C558 full	y1_HG02559.2	c80f9437765be6f0	== manifest	1.05 s (GPU decode + copy 0.28)
C558 full	y1_HG02572.1	6e9475af697afc15	== manifest	1.01 s (GPU decode + copy 0.27)
C558 full	y1_HG02572.2	0a91468da3ed15c3	== manifest	1.05 s (GPU decode + copy 0.28)
C558 full	y1_HG02622.1	9e84fca0a0be7dfd	== manifest	1.04 s (GPU decode + copy 0.28)
C558 full	y1_HG02622.2	71f5a43bbd9dea06	== manifest	1.05 s (GPU decode + copy 0.28)
C558 full	y1_HG02630.1	3dd29861bb5adf1a	== manifest	1.05 s (GPU decode + copy 0.28)
C558 full	y1_HG02630.2	3b1cdee6779ee182	== manifest	1.07 s (GPU decode + copy 0.28)
C558 full	y1_HG02717.1	a09b56df65b21a4a	== manifest	1.03 s (GPU decode + copy 0.27)
C558 full	y1_HG02717.2	391cbab73930a43f	== manifest	1.06 s (GPU decode + copy 0.28)
C558 full	y1_HG02723.1	7218428a6a5b9fa1	== manifest	1.07 s (GPU decode + copy 0.28)
C558 full	y1_HG02723.2	4a1f46107190c1ee	== manifest	1.07 s (GPU decode + copy 0.28)
C558 full	y1_HG02818.1	1bfa862c3bb18246	== manifest	1.06 s (GPU decode + copy 0.28)
C558 full	y1_HG02818.2	0a012f92402e0b56	== manifest	1.06 s (GPU decode + copy 0.28)
C558 full	y1_HG02886.1	5f9f6e88a3da8e26	== manifest	1.06 s (GPU decode + copy 0.28)
C558 full	y1_HG02886.2	380dfb2881b5e27c	== manifest	1.06 s (GPU decode + copy 0.28)
C558 full	y1_HG03098.1	44aa615393c4fb67	== manifest	1.00 s (GPU decode + copy 0.27)
C558 full	y1_HG03098.2	7b7e155e9013875b	== manifest	1.07 s (GPU decode + copy 0.29)
C558 full	y1_HG03453.1	53dfd757260ddbc2	== manifest	1.07 s (GPU decode + copy 0.28)
C558 full	y1_HG03453.2	e847ba7824ea4154	== manifest	1.07 s (GPU decode + copy 0.29)
C558 full	y1_HG03486.1	c632d7637a335c06	== manifest	1.06 s (GPU decode + copy 0.28)
C558 full	y1_HG03486.2	fbe78ccb54f15e69	== manifest	1.06 s (GPU decode + copy 0.28)
C558 full	y1_HG03492.1	73c601f39202b973	== manifest	1.02 s (GPU decode + copy 0.27)
C558 full	y1_HG03492.2	7aa4b6bdaf8a87b8	== manifest	1.06 s (GPU decode + copy 0.28)
C558 full	y1_HG03516.1	74c2da082ac2c79f	== manifest	1.07 s (GPU decode + copy 0.29)
C558 full	y1_HG03516.2	02b3f2a6fe37dba9	== manifest	1.06 s (GPU decode + copy 0.28)
C558 full	y1_HG03540.1	bf0d36c596acc3f0	== manifest	1.08 s (GPU decode + copy 0.29)
C558 full	y1_HG03540.2	8d530d59ca079197	== manifest	1.07 s (GPU decode + copy 0.28)
C558 full	y1_HG03579.1	877449add96955d4	== manifest	1.03 s (GPU decode + copy 0.27)
C558 full	y1_HG03579.2	f8f8761565ddb4b6	== manifest	1.05 s (GPU decode + copy 0.28)
C558 full	y1_NA18906.1	80a1ae306f93ff80	== manifest	1.06 s (GPU decode + copy 0.28)
C558 full	y1_NA18906.2	ab2206e35ddcdf24	== manifest	1.05 s (GPU decode + copy 0.28)
C558 full	y1_NA19240.1	a54203b0c040069b	== manifest	1.06 s (GPU decode + copy 0.28)
C558 full	y1_NA19240.2	6cddc1d72e252674	== manifest	1.06 s (GPU decode + copy 0.28)
C558 full	y1_NA20129.1	aa770f4577a25c49	== manifest	1.05 s (GPU decode + copy 0.28)
C558 full	y1_NA20129.2	589c5ea52eb468b9	== manifest	1.05 s (GPU decode + copy 0.28)
C558 full	y1_NA21309.1	f8a3d91bafdca097	== manifest	1.06 s (GPU decode + copy 0.28)
C558 full	y1_NA21309.2	25519176fa38be5b	== manifest	1.06 s (GPU decode + copy 0.28)
C558 full total	558 assemblies, 1.680 T bases decoded on the GPU	558 == manifest, 0 differ	10.5 min (median per assembly 1.15 s; of it GPU decode + copy to host 0.27 s, sum 2.5 min; 11.02 G bases/s)
C558 RESULT	PASS
C558 form	packed_reference 1	compact_blocks 0
C558 open	558 assemblies (0 of the manifest missing)	q4k Q 4096	52.5 s	resident 14.304 GB (reference 0.779, payload 8.448, block table 4.923, model tables 0.154, case runs 0.000)	torch allocated 14.309 GB	nvidia-smi used 0 -> 14080 MiB
C558 sample	1024 x 8192	median 1.52 ms per call (674,822 windows/s, 5.53 GB/s), 5 calls	474 assemblies hit	== CPU decoder
C558 fetch	1000 coordinates	median 0.31 ms, max 1.7 ms per call (sync)	1000 == CPU decoder, 0 differ
C558 full	r2_HG00097_hap1_hprc_r2_v1.0.1	5e736ee9f8401de6	== manifest	1.16 s (GPU decode + copy 0.28)
C558 full	r2_HG00097_hap2_hprc_r2_v1.0.1	f341e3784db31f1e	== manifest	1.16 s (GPU decode + copy 0.27)
C558 full	r2_HG00099_hap1_hprc_r2_v1.0.1	589d7e870e1b21bc	== manifest	1.16 s (GPU decode + copy 0.27)
C558 full	r2_HG00099_hap2_hprc_r2_v1.0.1	99014e4486a907bc	== manifest	1.16 s (GPU decode + copy 0.27)
C558 full	r2_HG00126_hap1_hprc_r2_v1.0.1	7c8f70323ed22b4e	== manifest	1.13 s (GPU decode + copy 0.26)
C558 full	r2_HG00126_hap2_hprc_r2_v1.0.1	ade121e383b50a4b	== manifest	1.15 s (GPU decode + copy 0.27)
C558 full	r2_HG00128_hap1_hprc_r2_v1.0.1	4ac542314022ffc9	== manifest	1.17 s (GPU decode + copy 0.28)
C558 full	r2_HG00128_hap2_hprc_r2_v1.0.1	f2c99f362fb49236	== manifest	1.16 s (GPU decode + copy 0.27)
C558 full	r2_HG00133_hap1_hprc_r2_v1.0.1	6ad080b53827b13c	== manifest	1.16 s (GPU decode + copy 0.27)
C558 full	r2_HG00133_hap2_hprc_r2_v1.0.1	9f95b538c359b457	== manifest	1.15 s (GPU decode + copy 0.27)
C558 full	r2_HG00140_hap1_hprc_r2_v1.0.1	c74a5ff468458ecd	== manifest	1.13 s (GPU decode + copy 0.26)
C558 full	r2_HG00140_hap2_hprc_r2_v1.0.1	7e2a6e8856f56081	== manifest	1.17 s (GPU decode + copy 0.27)
C558 full	r2_HG00146_hap1_hprc_r2_v1.0.1	212f0e012a752b70	== manifest	1.15 s (GPU decode + copy 0.27)
C558 full	r2_HG00146_hap2_hprc_r2_v1.0.1	c8102b90dbd33f77	== manifest	1.17 s (GPU decode + copy 0.28)
C558 full	r2_HG00232_hap1_hprc_r2_v1.0.1	a9b55f806d643439	== manifest	1.16 s (GPU decode + copy 0.27)
C558 full	r2_HG00232_hap2_hprc_r2_v1.0.1	11e34ac87f3f700e	== manifest	1.16 s (GPU decode + copy 0.27)
C558 full	r2_HG00235_hap1_hprc_r2_v1.0.1	902a9fec09f10d7f	== manifest	1.15 s (GPU decode + copy 0.27)
C558 full	r2_HG00235_hap2_hprc_r2_v1.0.1	fa6d6f945289b153	== manifest	1.16 s (GPU decode + copy 0.27)
C558 full	r2_HG00253_hap1_hprc_r2_v1.0.1	86c08ee660a627f2	== manifest	1.15 s (GPU decode + copy 0.27)
C558 full	r2_HG00253_hap2_hprc_r2_v1.0.1	fc41b79911bc7fad	== manifest	1.17 s (GPU decode + copy 0.27)
C558 full	r2_HG00272_hap1_hprc_r2_v1.0.1	8c56036b18be0db7	== manifest	1.16 s (GPU decode + copy 0.27)
C558 full	r2_HG00272_hap2_hprc_r2_v1.0.1	7a840f79e3b93827	== manifest	1.16 s (GPU decode + copy 0.27)
C558 full	r2_HG00280_hap1_hprc_r2_v1.0.1	1b4593f34b539bd9	== manifest	1.12 s (GPU decode + copy 0.26)
C558 full	r2_HG00280_hap2_hprc_r2_v1.0.1	f3aae00a4950375e	== manifest	1.15 s (GPU decode + copy 0.27)
C558 full	r2_HG00290_hap1_hprc_r2_v1.0.1	fb4154b58b77d41d	== manifest	1.11 s (GPU decode + copy 0.26)
C558 full	r2_HG00290_hap2_hprc_r2_v1.0.1	4e71221ac389eb8e	== manifest	1.16 s (GPU decode + copy 0.27)
C558 full	r2_HG00320_hap1_hprc_r2_v1.0.1	60bddc9260e3c3d8	== manifest	1.16 s (GPU decode + copy 0.27)
C558 full	r2_HG00320_hap2_hprc_r2_v1.0.1	c4dc0ff10e331dc7	== manifest	1.16 s (GPU decode + copy 0.27)
C558 full	r2_HG00321_hap1_hprc_r2_v1.0.1	938c812a67b035e9	== manifest	1.13 s (GPU decode + copy 0.27)
C558 full	r2_HG00321_hap2_hprc_r2_v1.0.1	4bc6c4e0e654e0ed	== manifest	1.15 s (GPU decode + copy 0.27)
C558 full	r2_HG00323_hap1_hprc_r2_v1.0.1	9ccae724fda2b74c	== manifest	1.16 s (GPU decode + copy 0.27)
C558 full	r2_HG00323_hap2_hprc_r2_v1.0.1	7a4b8b5993bd4bb2	== manifest	1.16 s (GPU decode + copy 0.27)
C558 full	r2_HG00329_hap1_hprc_r2_v1.0.1	2dc74bfa603a2bc6	== manifest	1.12 s (GPU decode + copy 0.26)
C558 full	r2_HG00329_hap2_hprc_r2_v1.0.1	edf7cea41105bccd	== manifest	1.17 s (GPU decode + copy 0.27)
C558 full	r2_HG00344_hap1_hprc_r2_v1.0.1	337dedf94c08fe04	== manifest	1.17 s (GPU decode + copy 0.27)
C558 full	r2_HG00344_hap2_hprc_r2_v1.0.1	fdd28ff0e346e1cb	== manifest	1.15 s (GPU decode + copy 0.27)
C558 full	r2_HG00350_hap1_hprc_r2_v1.0.1	6290c2f639240339	== manifest	1.14 s (GPU decode + copy 0.27)
C558 full	r2_HG00350_hap2_hprc_r2_v1.0.1	4e2c4f4ef705d58f	== manifest	1.15 s (GPU decode + copy 0.27)
C558 full	r2_HG00408_mat_hprc_r2_v1.0.1	c47274cc60cfb0f3	== manifest	1.15 s (GPU decode + copy 0.27)
C558 full	r2_HG00408_pat_hprc_r2_v1.0.1	2db605d100844cc7	== manifest	1.17 s (GPU decode + copy 0.28)
C558 full	r2_HG00423_mat_hprc_r2_v1.0.1	d1f201d00bce8969	== manifest	1.16 s (GPU decode + copy 0.27)
C558 full	r2_HG00423_pat_hprc_r2_v1.0.1	e8f168dc9e7188a4	== manifest	1.16 s (GPU decode + copy 0.27)
C558 full	r2_HG00438_mat_hprc_r2_v1.0.1	735107c57d44b3d5	== manifest	1.16 s (GPU decode + copy 0.27)
C558 full	r2_HG00438_pat_hprc_r2_v1.0.1	8f4c39043a73f347	== manifest	1.16 s (GPU decode + copy 0.27)
C558 full	r2_HG00544_mat_hprc_r2_v1.0.1	306f38d8e3126f10	== manifest	1.16 s (GPU decode + copy 0.27)
C558 full	r2_HG00544_pat_hprc_r2_v1.0.1	3baf7a0b7138526a	== manifest	1.15 s (GPU decode + copy 0.27)
C558 full	r2_HG00558_mat_hprc_r2_v1.0.1	5e142b34cbbf06cd	== manifest	1.16 s (GPU decode + copy 0.27)
C558 full	r2_HG00558_pat_hprc_r2_v1.0.1	6ee2ae875791a7e9	== manifest	1.17 s (GPU decode + copy 0.27)
C558 full	r2_HG00597_mat_hprc_r2_v1.0.1	ee0d05a67f243c5b	== manifest	1.17 s (GPU decode + copy 0.28)
C558 full	r2_HG00597_pat_hprc_r2_v1.0.1	2dab215655df30a8	== manifest	1.17 s (GPU decode + copy 0.27)
C558 full	r2_HG005_mat_hprc_r2_v1.0.1	6c9cbbd6423b4e1c	== manifest	1.16 s (GPU decode + copy 0.27)
C558 full	r2_HG005_pat_hprc_r2_v1.0.1	1e1ccef12b05df11	== manifest	1.12 s (GPU decode + copy 0.26)
C558 full	r2_HG00609_mat_hprc_r2_v1.0.1	b9a14f6461b99337	== manifest	1.15 s (GPU decode + copy 0.27)
C558 full	r2_HG00609_pat_hprc_r2_v1.0.1	6cf6f128f97af9bd	== manifest	1.10 s (GPU decode + copy 0.26)
C558 full	r2_HG00621_mat_hprc_r2_v1.0.1	779e3f0ed9094ff1	== manifest	1.15 s (GPU decode + copy 0.27)
C558 full	r2_HG00621_pat_hprc_r2_v1.0.1	54f99acede8ce97a	== manifest	1.11 s (GPU decode + copy 0.26)
C558 full	r2_HG00639_mat_hprc_r2_v1.0.1	95778b1ceb1d8af9	== manifest	1.16 s (GPU decode + copy 0.27)
C558 full	r2_HG00639_pat_hprc_r2_v1.0.1	a02d9eb66f5faf59	== manifest	1.15 s (GPU decode + copy 0.27)
C558 full	r2_HG00642_mat_hprc_r2_v1.0.1	c819023306d66b2a	== manifest	1.15 s (GPU decode + copy 0.27)
C558 full	r2_HG00642_pat_hprc_r2_v1.0.1	350a97cf175fd4f3	== manifest	1.10 s (GPU decode + copy 0.26)
C558 full	r2_HG00658_mat_hprc_r2_v1.0.1	c7fb4ba65de07e3f	== manifest	1.16 s (GPU decode + copy 0.27)
C558 full	r2_HG00658_pat_hprc_r2_v1.0.1	d115e0af2dd059ba	== manifest	1.11 s (GPU decode + copy 0.26)
C558 full	r2_HG00673_mat_hprc_r2_v1.0.1	445233edeba8ecec	== manifest	1.14 s (GPU decode + copy 0.27)
C558 full	r2_HG00673_pat_hprc_r2_v1.0.1	47ca218ce33e8955	== manifest	1.12 s (GPU decode + copy 0.26)
C558 full	r2_HG00706_mat_hprc_r2_v1.0.1	37382e3d24f1f79d	== manifest	1.16 s (GPU decode + copy 0.27)
C558 full	r2_HG00706_pat_hprc_r2_v1.0.1	7fc0834e7e8ec872	== manifest	1.12 s (GPU decode + copy 0.26)
C558 full	r2_HG00733_mat_hprc_r2_v1.0.1	9649c98435e0d8b1	== manifest	1.16 s (GPU decode + copy 0.27)
C558 full	r2_HG00733_pat_hprc_r2_v1.0.1	60351879ec330403	== manifest	1.14 s (GPU decode + copy 0.27)
C558 full	r2_HG00735_mat_hprc_r2_v1.0.1	ad89637fbcd77f0b	== manifest	1.15 s (GPU decode + copy 0.27)
C558 full	r2_HG00735_pat_hprc_r2_v1.0.1	5b8d07fa34da0301	== manifest	1.14 s (GPU decode + copy 0.27)
C558 full	r2_HG00738_mat_hprc_r2_v1.0.1	8fd012edbda8fbe2	== manifest	1.14 s (GPU decode + copy 0.27)
C558 full	r2_HG00738_pat_hprc_r2_v1.0.1	71922f09a6754535	== manifest	1.09 s (GPU decode + copy 0.26)
C558 full	r2_HG00741_mat_hprc_r2_v1.0.1	986dd16892e6524f	== manifest	1.14 s (GPU decode + copy 0.28)
C558 full	r2_HG00741_pat_hprc_r2_v1.0.1	e5ed6d855aebd252	== manifest	1.16 s (GPU decode + copy 0.27)
C558 full	r2_HG01071_mat_hprc_r2_v1.0.1	21717276ed457498	== manifest	1.13 s (GPU decode + copy 0.27)
C558 full	r2_HG01071_pat_hprc_r2_v1.0.1	a4b2787f1a4a854c	== manifest	1.15 s (GPU decode + copy 0.27)
C558 full	r2_HG01074_mat_hprc_r2_v1.0.1	8ea02c39161d20cb	== manifest	1.14 s (GPU decode + copy 0.27)
C558 full	r2_HG01074_pat_hprc_r2_v1.0.1	3320827dc8132400	== manifest	1.10 s (GPU decode + copy 0.26)
C558 full	r2_HG01081_mat_hprc_r2_v1.0.1	b67073ab0e167674	== manifest	1.14 s (GPU decode + copy 0.27)
C558 full	r2_HG01081_pat_hprc_r2_v1.0.1	35666d919a99dc87	== manifest	1.14 s (GPU decode + copy 0.27)
C558 full	r2_HG01099_mat_hprc_r2_v1.0.1	3b2522e1bfe6a382	== manifest	1.15 s (GPU decode + copy 0.27)
C558 full	r2_HG01099_pat_hprc_r2_v1.0.1	eadecc57daccf0a3	== manifest	1.10 s (GPU decode + copy 0.26)
C558 full	r2_HG01106_mat_hprc_r2_v1.0.1	7a8d0050b960991d	== manifest	1.13 s (GPU decode + copy 0.27)
C558 full	r2_HG01106_pat_hprc_r2_v1.0.1	71139ad0d9e3c9a5	== manifest	1.11 s (GPU decode + copy 0.26)
C558 full	r2_HG01109_mat_hprc_r2_v1.0.1	6a2289214f092071	== manifest	1.15 s (GPU decode + copy 0.27)
C558 full	r2_HG01109_pat_hprc_r2_v1.0.1	d9398d4f8a35af93	== manifest	1.09 s (GPU decode + copy 0.26)
C558 full	r2_HG01123_mat_hprc_r2_v1.0.1	662d1394f4d752f1	== manifest	1.15 s (GPU decode + copy 0.27)
C558 full	r2_HG01123_pat_hprc_r2_v1.0.1	3551ea922163bc0a	== manifest	1.13 s (GPU decode + copy 0.27)
C558 full	r2_HG01150_mat_hprc_r2_v1.0.1	91d275e2307c587f	== manifest	1.14 s (GPU decode + copy 0.27)
C558 full	r2_HG01150_pat_hprc_r2_v1.0.1	dac7d61e48833b28	== manifest	1.15 s (GPU decode + copy 0.27)
C558 full	r2_HG01167_hap1_hprc_r2_v1.0.1	46652b7c3534d6a7	== manifest	1.13 s (GPU decode + copy 0.27)
C558 full	r2_HG01167_hap2_hprc_r2_v1.0.1	81fd9b07d01e6726	== manifest	1.15 s (GPU decode + copy 0.27)
C558 full	r2_HG01175_mat_hprc_r2_v1.0.1	85582e10ac3bc799	== manifest	1.15 s (GPU decode + copy 0.27)
C558 full	r2_HG01175_pat_hprc_r2_v1.0.1	4504b4b587c2b58e	== manifest	1.16 s (GPU decode + copy 0.27)
C558 full	r2_HG01192_mat_hprc_r2_v1.0.1	15a0f0a54151be15	== manifest	1.16 s (GPU decode + copy 0.27)
C558 full	r2_HG01192_pat_hprc_r2_v1.0.1	78dae0f041ee127a	== manifest	1.11 s (GPU decode + copy 0.26)
C558 full	r2_HG01243_mat_hprc_r2_v1.0.1	a07ad76009df08b7	== manifest	1.16 s (GPU decode + copy 0.27)
C558 full	r2_HG01243_pat_hprc_r2_v1.0.1	cadf7518e33f62ec	== manifest	1.12 s (GPU decode + copy 0.26)
C558 full	r2_HG01252_mat_hprc_r2_v1.0.1	d3457ae513279b52	== manifest	1.16 s (GPU decode + copy 0.27)
C558 full	r2_HG01252_pat_hprc_r2_v1.0.1	7334d5a555859467	== manifest	1.12 s (GPU decode + copy 0.26)
C558 full	r2_HG01255_mat_hprc_r2_v1.0.1	b9acc4b82de75da2	== manifest	1.16 s (GPU decode + copy 0.27)
C558 full	r2_HG01255_pat_hprc_r2_v1.0.1	3f72f170782a111c	== manifest	1.12 s (GPU decode + copy 0.26)
C558 full	r2_HG01258_mat_hprc_r2_v1.0.1	f48437ed68cf0c24	== manifest	1.15 s (GPU decode + copy 0.27)
C558 full	r2_HG01258_pat_hprc_r2_v1.0.1	7185f2f2775568af	== manifest	1.11 s (GPU decode + copy 0.26)
C558 full	r2_HG01261_mat_hprc_r2_v1.0.1	13d008da971e1bb6	== manifest	1.16 s (GPU decode + copy 0.27)
C558 full	r2_HG01261_pat_hprc_r2_v1.0.1	233732c0685d5ab1	== manifest	1.12 s (GPU decode + copy 0.26)
C558 full	r2_HG01346_mat_hprc_r2_v1.0.1	a96af14b91a702c7	== manifest	1.16 s (GPU decode + copy 0.27)
C558 full	r2_HG01346_pat_hprc_r2_v1.0.1	fba6c20f7931f7e1	== manifest	1.16 s (GPU decode + copy 0.27)
C558 full	r2_HG01358_mat_hprc_r2_v1.0.1	4183cb441269000d	== manifest	1.14 s (GPU decode + copy 0.27)
C558 full	r2_HG01358_pat_hprc_r2_v1.0.1	98d4dc1bc9c309e8	== manifest	1.10 s (GPU decode + copy 0.26)
C558 full	r2_HG01361_mat_hprc_r2_v1.0.1	24685d1a3bc1a585	== manifest	1.14 s (GPU decode + copy 0.27)
C558 full	r2_HG01361_pat_hprc_r2_v1.0.1	b5511f622e06749b	== manifest	1.14 s (GPU decode + copy 0.27)
C558 full	r2_HG01433_mat_hprc_r2_v1.0.1	829ae832b6d48a56	== manifest	1.15 s (GPU decode + copy 0.27)
C558 full	r2_HG01433_pat_hprc_r2_v1.0.1	7f6cdc6ed195843e	== manifest	1.13 s (GPU decode + copy 0.27)
C558 full	r2_HG01496_mat_hprc_r2_v1.0.1	ddba28a71bbcc35c	== manifest	1.16 s (GPU decode + copy 0.27)
C558 full	r2_HG01496_pat_hprc_r2_v1.0.1	edb4e7b99f5fd83b	== manifest	1.15 s (GPU decode + copy 0.28)
C558 full	r2_HG01530_hap1_hprc_r2_v1.0.1	1a94d8b23c67299d	== manifest	1.10 s (GPU decode + copy 0.26)
C558 full	r2_HG01530_hap2_hprc_r2_v1.0.1	641480b10502339b	== manifest	1.14 s (GPU decode + copy 0.27)
C558 full	r2_HG01784_hap1_hprc_r2_v1.0.1	f94a6bd76aa5302f	== manifest	1.14 s (GPU decode + copy 0.27)
C558 full	r2_HG01784_hap2_hprc_r2_v1.0.1	0c839bf975d85b6f	== manifest	1.13 s (GPU decode + copy 0.27)
C558 full	r2_HG01786_hap1_hprc_r2_v1.0.1	bfc205e05fbf22ec	== manifest	1.15 s (GPU decode + copy 0.27)
C558 full	r2_HG01786_hap2_hprc_r2_v1.0.1	d5101e0be564d963	== manifest	1.16 s (GPU decode + copy 0.27)
C558 full	r2_HG01884_mat_hprc_r2_v1.0.1	4935705cd2f89259	== manifest	1.15 s (GPU decode + copy 0.28)
C558 full	r2_HG01884_pat_hprc_r2_v1.0.1	60ce8929965fc651	== manifest	1.14 s (GPU decode + copy 0.28)
C558 full	r2_HG01891_mat_hprc_r2_v1.0.1	3405545b0c65e269	== manifest	1.14 s (GPU decode + copy 0.27)
C558 full	r2_HG01891_pat_hprc_r2_v1.0.1	e2832adae69b55d9	== manifest	1.15 s (GPU decode + copy 0.28)
C558 full	r2_HG01928_mat_hprc_r2_v1.0.1	b86c123a7c18f89a	== manifest	1.17 s (GPU decode + copy 0.27)
C558 full	r2_HG01928_pat_hprc_r2_v1.0.1	d9fe588a45605371	== manifest	1.12 s (GPU decode + copy 0.26)
C558 full	r2_HG01934_mat_hprc_r2_v1.0.1	b6b64b418b4b04fd	== manifest	1.15 s (GPU decode + copy 0.27)
C558 full	r2_HG01934_pat_hprc_r2_v1.0.1	db06e2b4bb190625	== manifest	1.10 s (GPU decode + copy 0.26)
C558 full	r2_HG01940_mat_hprc_r2_v1.0.1	bb30de7a621867a6	== manifest	1.16 s (GPU decode + copy 0.27)
C558 full	r2_HG01940_pat_hprc_r2_v1.0.1	2b95f6689c80eba1	== manifest	1.14 s (GPU decode + copy 0.27)
C558 full	r2_HG01943_mat_hprc_r2_v1.0.1	1da6fd529c51425c	== manifest	1.15 s (GPU decode + copy 0.28)
C558 full	r2_HG01943_pat_hprc_r2_v1.0.1	bda8ab9dd002ee75	== manifest	1.10 s (GPU decode + copy 0.26)
C558 full	r2_HG01952_mat_hprc_r2_v1.0.1	b861876ecf967417	== manifest	1.15 s (GPU decode + copy 0.27)
C558 full	r2_HG01952_pat_hprc_r2_v1.0.1	5af90c9d34bcebf8	== manifest	1.09 s (GPU decode + copy 0.26)
C558 full	r2_HG01960_mat_hprc_r2_v1.0.1	b67140e0f4c2a2a1	== manifest	1.14 s (GPU decode + copy 0.27)
C558 full	r2_HG01960_pat_hprc_r2_v1.0.1	a5025f601b8c9111	== manifest	1.15 s (GPU decode + copy 0.28)
C558 full	r2_HG01969_mat_hprc_r2_v1.0.1	692cb4214deefe0c	== manifest	1.14 s (GPU decode + copy 0.27)
C558 full	r2_HG01969_pat_hprc_r2_v1.0.1	a80373d89200da8a	== manifest	1.15 s (GPU decode + copy 0.27)
C558 full	r2_HG01975_mat_hprc_r2_v1.0.1	87df12d848f452d6	== manifest	1.14 s (GPU decode + copy 0.27)
C558 full	r2_HG01975_pat_hprc_r2_v1.0.1	584f1d84d4567dac	== manifest	1.14 s (GPU decode + copy 0.27)
C558 full	r2_HG01978_mat_hprc_r2_v1.1.0	4cbcf438d8e2f78f	== manifest	1.14 s (GPU decode + copy 0.27)
C558 full	r2_HG01978_pat_hprc_r2_v1.1.0	b3cd959ec77f735b	== manifest	1.15 s (GPU decode + copy 0.27)
C558 full	r2_HG01981_mat_hprc_r2_v1.0.1	8c62855d08f8e420	== manifest	1.16 s (GPU decode + copy 0.27)
C558 full	r2_HG01981_pat_hprc_r2_v1.0.1	8529578a00b7e0a8	== manifest	1.16 s (GPU decode + copy 0.27)
C558 full	r2_HG01993_mat_hprc_r2_v1.0.1	f6209cd3e40a9535	== manifest	1.15 s (GPU decode + copy 0.27)
C558 full	r2_HG01993_pat_hprc_r2_v1.0.1	be5fa3f451f41aab	== manifest	1.14 s (GPU decode + copy 0.27)
C558 full	r2_HG02004_mat_hprc_r2_v1.0.1	fcac32411d4f2fff	== manifest	1.14 s (GPU decode + copy 0.27)
C558 full	r2_HG02004_pat_hprc_r2_v1.0.1	125b19b86e0a8329	== manifest	1.15 s (GPU decode + copy 0.27)
C558 full	r2_HG02015_mat_hprc_r2_v1.0.1	26fdbb6e6853c885	== manifest	1.16 s (GPU decode + copy 0.28)
C558 full	r2_HG02015_pat_hprc_r2_v1.0.1	2e0b1587fe434aaa	== manifest	1.12 s (GPU decode + copy 0.26)
C558 full	r2_HG02027_mat_hprc_r2_v1.0.1	8390475382d5d76e	== manifest	1.17 s (GPU decode + copy 0.27)
C558 full	r2_HG02027_pat_hprc_r2_v1.0.1	091a13ab8c11bb21	== manifest	1.14 s (GPU decode + copy 0.27)
C558 full	r2_HG02040_hap1_hprc_r2_v1.0.1	d9607d0bf2b3451c	== manifest	1.13 s (GPU decode + copy 0.26)
C558 full	r2_HG02040_hap2_hprc_r2_v1.0.1	1cb1f93ba53b8c3a	== manifest	1.17 s (GPU decode + copy 0.27)
C558 full	r2_HG02055_mat_hprc_r2_v1.0.1	38d932870bd708b7	== manifest	1.16 s (GPU decode + copy 0.28)
C558 full	r2_HG02055_pat_hprc_r2_v1.0.1	15a92fac74f2fa52	== manifest	1.13 s (GPU decode + copy 0.27)
C558 full	r2_HG02056_mat_hprc_r2_v1.0.1	569966bbe861567f	== manifest	1.15 s (GPU decode + copy 0.27)
C558 full	r2_HG02056_pat_hprc_r2_v1.0.1	84ca56c53a6ff7dc	== manifest	1.12 s (GPU decode + copy 0.26)
C558 full	r2_HG02071_mat_hprc_r2_v1.0.1	935de6645ebd4042	== manifest	1.15 s (GPU decode + copy 0.27)
C558 full	r2_HG02071_pat_hprc_r2_v1.0.1	188f4f03ff2787cf	== manifest	1.11 s (GPU decode + copy 0.26)
C558 full	r2_HG02074_mat_hprc_r2_v1.0.1	b33ad79dcf063727	== manifest	1.16 s (GPU decode + copy 0.27)
C558 full	r2_HG02074_pat_hprc_r2_v1.0.1	b5bcf76827747e87	== manifest	1.13 s (GPU decode + copy 0.27)
C558 full	r2_HG02080_mat_hprc_r2_v1.0.1	5e2db8f616305b40	== manifest	1.18 s (GPU decode + copy 0.27)
C558 full	r2_HG02080_pat_hprc_r2_v1.0.1	ea9067ce92377eca	== manifest	1.16 s (GPU decode + copy 0.27)
C558 full	r2_HG02083_mat_hprc_r2_v1.0.1	e7e8db28e573b0ca	== manifest	1.16 s (GPU decode + copy 0.27)
C558 full	r2_HG02083_pat_hprc_r2_v1.0.1	5f16130b23dfe2bf	== manifest	1.11 s (GPU decode + copy 0.26)
C558 full	r2_HG02109_mat_hprc_r2_v1.0.1	488011d8abdf5db1	== manifest	1.16 s (GPU decode + copy 0.28)
C558 full	r2_HG02109_pat_hprc_r2_v1.0.1	2ac5ebc1abee3e67	== manifest	1.16 s (GPU decode + copy 0.28)
C558 full	r2_HG02129_mat_hprc_r2_v1.0.1	20ac22323ca459e0	== manifest	1.15 s (GPU decode + copy 0.27)
C558 full	r2_HG02129_pat_hprc_r2_v1.0.1	eeffb68fff783967	== manifest	1.12 s (GPU decode + copy 0.27)
C558 full	r2_HG02132_mat_hprc_r2_v1.0.1	2045b20af9fee73a	== manifest	1.16 s (GPU decode + copy 0.27)
C558 full	r2_HG02132_pat_hprc_r2_v1.0.1	dabded18f7fb2d1f	== manifest	1.12 s (GPU decode + copy 0.26)
C558 full	r2_HG02135_mat_hprc_r2_v1.0.1	91e15ec6f7e84946	== manifest	1.16 s (GPU decode + copy 0.27)
C558 full	r2_HG02135_pat_hprc_r2_v1.0.1	ba1d6f86fd81b17f	== manifest	1.13 s (GPU decode + copy 0.27)
C558 full	r2_HG02145_mat_hprc_r2_v1.0.1	595bfe612c6d5c79	== manifest	1.17 s (GPU decode + copy 0.28)
C558 full	r2_HG02145_pat_hprc_r2_v1.0.1	6882e8672d79f52e	== manifest	1.13 s (GPU decode + copy 0.27)
C558 full	r2_HG02148_mat_hprc_r2_v1.0.1	79aeca54e82bd5c5	== manifest	1.16 s (GPU decode + copy 0.27)
C558 full	r2_HG02148_pat_hprc_r2_v1.0.1	d377668bad966425	== manifest	1.16 s (GPU decode + copy 0.27)
C558 full	r2_HG02155_hap1_hprc_r2_v1.0.1	5e7c053a194bee19	== manifest	1.16 s (GPU decode + copy 0.27)
C558 full	r2_HG02155_hap2_hprc_r2_v1.0.1	0e7b8e1becac8cbc	== manifest	1.16 s (GPU decode + copy 0.27)
C558 full	r2_HG02165_hap1_hprc_r2_v1.0.1	f26d9f8a95830b2a	== manifest	1.16 s (GPU decode + copy 0.27)
C558 full	r2_HG02165_hap2_hprc_r2_v1.0.1	b72ace2f91879d44	== manifest	1.16 s (GPU decode + copy 0.27)
C558 full	r2_HG02178_hap1_hprc_r2_v1.0.1	c77d5fa30d4e3468	== manifest	1.15 s (GPU decode + copy 0.27)
C558 full	r2_HG02178_hap2_hprc_r2_v1.0.1	ca9d024cea4d83a6	== manifest	1.17 s (GPU decode + copy 0.27)
C558 full	r2_HG02257_mat_hprc_r2_v1.1.0	e08c67da359a56be	== manifest	1.16 s (GPU decode + copy 0.28)
C558 full	r2_HG02257_pat_hprc_r2_v1.1.0	715a4a168c995dfe	== manifest	1.17 s (GPU decode + copy 0.28)
C558 full	r2_HG02258_mat_hprc_r2_v1.0.1	332fe54689a07a40	== manifest	1.17 s (GPU decode + copy 0.28)
C558 full	r2_HG02258_pat_hprc_r2_v1.0.1	8de37aa033816839	== manifest	1.13 s (GPU decode + copy 0.27)
C558 full	r2_HG02273_hap1_hprc_r2_v1.0.1	32e09753f7951eb3	== manifest	1.16 s (GPU decode + copy 0.27)
C558 full	r2_HG02273_hap2_hprc_r2_v1.0.1	91cdd29350f8dad8	== manifest	1.17 s (GPU decode + copy 0.28)
C558 full	r2_HG02280_mat_hprc_r2_v1.0.1	b21acb83de87f51e	== manifest	1.17 s (GPU decode + copy 0.28)
C558 full	r2_HG02280_pat_hprc_r2_v1.0.1	c236804b40198fd8	== manifest	1.17 s (GPU decode + copy 0.28)
C558 full	r2_HG02293_mat_hprc_r2_v1.0.1	a527eedc64f59297	== manifest	1.17 s (GPU decode + copy 0.28)
C558 full	r2_HG02293_pat_hprc_r2_v1.0.1	02d31975c6a9798e	== manifest	1.17 s (GPU decode + copy 0.27)
C558 full	r2_HG02300_mat_hprc_r2_v1.0.1	08716c707cf55c5e	== manifest	1.17 s (GPU decode + copy 0.27)
C558 full	r2_HG02300_pat_hprc_r2_v1.0.1	e5d516a282561ee9	== manifest	1.17 s (GPU decode + copy 0.28)
C558 full	r2_HG02391_hap1_hprc_r2_v1.0.1	e8efce1f4b2526ee	== manifest	1.13 s (GPU decode + copy 0.26)
C558 full	r2_HG02391_hap2_hprc_r2_v1.0.1	8808a4cad075bb4b	== manifest	1.17 s (GPU decode + copy 0.28)
C558 full	r2_HG02392_hap1_hprc_r2_v1.0.1	bb2f04a1bef99c27	== manifest	1.13 s (GPU decode + copy 0.26)
C558 full	r2_HG02392_hap2_hprc_r2_v1.0.1	f54731e918881e01	== manifest	1.16 s (GPU decode + copy 0.27)
C558 full	r2_HG02451_mat_hprc_r2_v1.0.1	1a3bc51611975b7c	== manifest	1.15 s (GPU decode + copy 0.28)
C558 full	r2_HG02451_pat_hprc_r2_v1.0.1	c0e37553e4eec4a3	== manifest	1.16 s (GPU decode + copy 0.28)
C558 full	r2_HG02486_mat_hprc_r2_v1.0.1	fe6a4393fdb6eab7	== manifest	1.14 s (GPU decode + copy 0.27)
C558 full	r2_HG02486_pat_hprc_r2_v1.0.1	16ffbddbd27d2efa	== manifest	1.11 s (GPU decode + copy 0.26)
C558 full	r2_HG02514_mat_hprc_r2_v1.0.1	34722f2236a077fb	== manifest	1.14 s (GPU decode + copy 0.27)
C558 full	r2_HG02514_pat_hprc_r2_v1.0.1	c096f69bbfcdcc29	== manifest	1.10 s (GPU decode + copy 0.26)
C558 full	r2_HG02523_mat_hprc_r2_v1.0.1	e92f829a413e61a9	== manifest	1.14 s (GPU decode + copy 0.27)
C558 full	r2_HG02523_pat_hprc_r2_v1.0.1	a35319fd046ce551	== manifest	1.13 s (GPU decode + copy 0.27)
C558 full	r2_HG02559_mat_hprc_r2_v1.0.1	5260ec7d559f453b	== manifest	1.14 s (GPU decode + copy 0.27)
C558 full	r2_HG02559_pat_hprc_r2_v1.0.1	630aaa6ab90298cb	== manifest	1.14 s (GPU decode + copy 0.28)
C558 full	r2_HG02572_mat_hprc_r2_v1.0.1	070071f7f1ff9a1d	== manifest	1.14 s (GPU decode + copy 0.28)
C558 full	r2_HG02572_pat_hprc_r2_v1.0.1	2cc715243b2f03ad	== manifest	1.11 s (GPU decode + copy 0.26)
C558 full	r2_HG02583_hap1_hprc_r2_v1.0.1	da328b1c599e657c	== manifest	1.15 s (GPU decode + copy 0.28)
C558 full	r2_HG02583_hap2_hprc_r2_v1.0.1	996abc6b2e9caf77	== manifest	1.14 s (GPU decode + copy 0.28)
C558 full	r2_HG02602_mat_hprc_r2_v1.0.1	7945a5a5a1f83892	== manifest	1.15 s (GPU decode + copy 0.27)
C558 full	r2_HG02602_pat_hprc_r2_v1.0.1	848235db79661270	== manifest	1.10 s (GPU decode + copy 0.26)
C558 full	r2_HG02615_mat_hprc_r2_v1.0.1	94aba103b97c9570	== manifest	1.14 s (GPU decode + copy 0.28)
C558 full	r2_HG02615_pat_hprc_r2_v1.0.1	a334041666dbc90d	== manifest	1.14 s (GPU decode + copy 0.27)
C558 full	r2_HG02622_mat_hprc_r2_v1.0.1	5982ee1795af9b09	== manifest	1.15 s (GPU decode + copy 0.28)
C558 full	r2_HG02622_pat_hprc_r2_v1.0.1	b3ca3469c016fa5c	== manifest	1.14 s (GPU decode + copy 0.28)
C558 full	r2_HG02630_mat_hprc_r2_v1.0.1	13af9df36e06249d	== manifest	1.14 s (GPU decode + copy 0.28)
C558 full	r2_HG02630_pat_hprc_r2_v1.0.1	8a83ce6ddbd77d5b	== manifest	1.15 s (GPU decode + copy 0.28)
C558 full	r2_HG02647_mat_hprc_r2_v1.0.1	3ab1ff3241c2cec1	== manifest	1.14 s (GPU decode + copy 0.27)
C558 full	r2_HG02647_pat_hprc_r2_v1.0.1	359a586ca6043319	== manifest	1.10 s (GPU decode + copy 0.27)
C558 full	r2_HG02668_mat_hprc_r2_v1.0.1	0aa718ccb62b50f1	== manifest	1.14 s (GPU decode + copy 0.27)
C558 full	r2_HG02668_pat_hprc_r2_v1.0.1	0bf1b2c1bfcc318f	== manifest	1.11 s (GPU decode + copy 0.27)
C558 full	r2_HG02698_mat_hprc_r2_v1.0.1	0a1071aee21c085e	== manifest	1.14 s (GPU decode + copy 0.27)
C558 full	r2_HG02698_pat_hprc_r2_v1.0.1	5016e7073fbaa0e5	== manifest	1.09 s (GPU decode + copy 0.26)
C558 full	r2_HG02717_mat_hprc_r2_v1.0.1	c84bf9303e339472	== manifest	1.15 s (GPU decode + copy 0.28)
C558 full	r2_HG02717_pat_hprc_r2_v1.0.1	17c281f3abef5524	== manifest	1.10 s (GPU decode + copy 0.27)
C558 full	r2_HG02723_mat_hprc_r2_v1.0.1	e5fbc5122d97a9a6	== manifest	1.14 s (GPU decode + copy 0.28)
C558 full	r2_HG02723_pat_hprc_r2_v1.0.1	b6584dc314264a82	== manifest	1.15 s (GPU decode + copy 0.28)
C558 full	r2_HG02735_mat_hprc_r2_v1.0.1	9bdb15cc58f9ebfd	== manifest	1.13 s (GPU decode + copy 0.27)
C558 full	r2_HG02735_pat_hprc_r2_v1.0.1	cf6b902923a3c3b7	== manifest	1.12 s (GPU decode + copy 0.26)
C558 full	r2_HG02738_mat_hprc_r2_v1.0.1	944933f95aae3aac	== manifest	1.16 s (GPU decode + copy 0.27)
C558 full	r2_HG02738_pat_hprc_r2_v1.0.1	7385a8854af6d703	== manifest	1.12 s (GPU decode + copy 0.26)
C558 full	r2_HG02809_mat_hprc_r2_v1.0.1	ee1bb2061f8265a1	== manifest	1.16 s (GPU decode + copy 0.28)
C558 full	r2_HG02809_pat_hprc_r2_v1.0.1	55e2d466095ced94	== manifest	1.16 s (GPU decode + copy 0.28)
C558 full	r2_HG02818_mat_hprc_r2_v1.0.1	885283357b323257	== manifest	1.16 s (GPU decode + copy 0.28)
C558 full	r2_HG02818_pat_hprc_r2_v1.0.1	77a68ac5bb6242bc	== manifest	1.16 s (GPU decode + copy 0.27)
C558 full	r2_HG02841_mat_hprc_r2_v1.0.1	a9f6e35e9778c7cb	== manifest	1.17 s (GPU decode + copy 0.28)
C558 full	r2_HG02841_pat_hprc_r2_v1.0.1	5f56504c230c0f73	== manifest	1.16 s (GPU decode + copy 0.28)
C558 full	r2_HG02886_mat_hprc_r2_v1.0.1	11ce58001ff84a5e	== manifest	1.14 s (GPU decode + copy 0.28)
C558 full	r2_HG02886_pat_hprc_r2_v1.0.1	208706a290ff6622	== manifest	1.14 s (GPU decode + copy 0.28)
C558 full	r2_HG02922_hap1_hprc_r2_v1.0.1	dc6e46d1deaf020d	== manifest	1.16 s (GPU decode + copy 0.28)
C558 full	r2_HG02922_hap2_hprc_r2_v1.0.1	aa92dbe86df7c6ea	== manifest	1.14 s (GPU decode + copy 0.27)
C558 full	r2_HG02965_hap1_hprc_r2_v1.0.1	63e4145d5f2d620e	== manifest	1.10 s (GPU decode + copy 0.27)
C558 full	r2_HG02965_hap2_hprc_r2_v1.0.1	65298bcbbb84f036	== manifest	1.17 s (GPU decode + copy 0.28)
C558 full	r2_HG02976_hap1_hprc_r2_v1.0.1	c3201c96ebd2b446	== manifest	1.16 s (GPU decode + copy 0.28)
C558 full	r2_HG02976_hap2_hprc_r2_v1.0.1	2dc2279e333b06e5	== manifest	1.16 s (GPU decode + copy 0.28)
C558 full	r2_HG02984_mat_hprc_r2_v1.0.1	3827babff0b46e4a	== manifest	1.14 s (GPU decode + copy 0.28)
C558 full	r2_HG02984_pat_hprc_r2_v1.0.1	1014c5e3225cae8c	== manifest	1.10 s (GPU decode + copy 0.26)
C558 full	r2_HG03017_mat_hprc_r2_v1.0.1	a458f675b8b65a4f	== manifest	1.16 s (GPU decode + copy 0.27)
C558 full	r2_HG03017_pat_hprc_r2_v1.0.1	72c7127d7e51180a	== manifest	1.13 s (GPU decode + copy 0.26)
C558 full	r2_HG03041_mat_hprc_r2_v1.0.1	fe88d8ac17730bf3	== manifest	1.14 s (GPU decode + copy 0.28)
C558 full	r2_HG03041_pat_hprc_r2_v1.0.1	20a05aa3bf696968	== manifest	1.16 s (GPU decode + copy 0.28)
C558 full	r2_HG03050_mat_hprc_r2_v1.0.1	c9422686dc6074cf	== manifest	1.17 s (GPU decode + copy 0.28)
C558 full	r2_HG03050_pat_hprc_r2_v1.0.1	1a4f1ac6944dbf18	== manifest	1.12 s (GPU decode + copy 0.27)
C558 full	r2_HG03098_mat_hprc_r2_v1.0.1	75a339a9ad630f8a	== manifest	1.18 s (GPU decode + copy 0.28)
C558 full	r2_HG03098_pat_hprc_r2_v1.0.1	ede7786472f4a089	== manifest	1.13 s (GPU decode + copy 0.27)
C558 full	r2_HG03130_hap1_hprc_r2_v1.0.1	c1b3b150a5c691c8	== manifest	1.13 s (GPU decode + copy 0.27)
C558 full	r2_HG03130_hap2_hprc_r2_v1.0.1	86610dafef5cc939	== manifest	1.16 s (GPU decode + copy 0.28)
C558 full	r2_HG03139_hap1_hprc_r2_v1.0.1	fc82151696355866	== manifest	1.13 s (GPU decode + copy 0.27)
C558 full	r2_HG03139_hap2_hprc_r2_v1.0.1	e4f881839c4f7b48	== manifest	1.16 s (GPU decode + copy 0.28)
C558 full	r2_HG03195_hap1_hprc_r2_v1.0.1	56e45fe61523ac75	== manifest	1.17 s (GPU decode + copy 0.28)
C558 full	r2_HG03195_hap2_hprc_r2_v1.0.1	2facc3da1f48d06d	== manifest	1.15 s (GPU decode + copy 0.28)
C558 full	r2_HG03209_hap1_hprc_r2_v1.0.1	25ff5bf70f451be9	== manifest	1.12 s (GPU decode + copy 0.27)
C558 full	r2_HG03209_hap2_hprc_r2_v1.0.1	a08a71730a8c1e85	== manifest	1.16 s (GPU decode + copy 0.28)
C558 full	r2_HG03225_hap1_hprc_r2_v1.0.1	98acb1fb8f592b23	== manifest	1.12 s (GPU decode + copy 0.27)
C558 full	r2_HG03225_hap2_hprc_r2_v1.0.1	1541c126c0a20b67	== manifest	1.15 s (GPU decode + copy 0.28)
C558 full	r2_HG03239_mat_hprc_r2_v1.0.1	38bea91d4f140bb4	== manifest	1.14 s (GPU decode + copy 0.27)
C558 full	r2_HG03239_pat_hprc_r2_v1.0.1	6610b6c1b99d02d2	== manifest	1.13 s (GPU decode + copy 0.27)
C558 full	r2_HG03270_hap1_hprc_r2_v1.0.1	e9999ab914628a7c	== manifest	1.15 s (GPU decode + copy 0.28)
C558 full	r2_HG03270_hap2_hprc_r2_v1.0.1	9a9a167aa2ba7dba	== manifest	1.14 s (GPU decode + copy 0.28)
C558 full	r2_HG03369_hap1_hprc_r2_v1.0.1	602a08c2fdc07f86	== manifest	1.14 s (GPU decode + copy 0.28)
C558 full	r2_HG03369_hap2_hprc_r2_v1.0.1	1d2d48906008242d	== manifest	1.14 s (GPU decode + copy 0.27)
C558 full	r2_HG03453_mat_hprc_r2_v1.0.1	24221ef25ceeefaa	== manifest	1.15 s (GPU decode + copy 0.28)
C558 full	r2_HG03453_pat_hprc_r2_v1.0.1	c8cf174af590f118	== manifest	1.15 s (GPU decode + copy 0.28)
C558 full	r2_HG03470_hap1_hprc_r2_v1.0.1	5ad32884a0219347	== manifest	1.14 s (GPU decode + copy 0.28)
C558 full	r2_HG03470_hap2_hprc_r2_v1.0.1	a48f236b5c22b36b	== manifest	1.16 s (GPU decode + copy 0.28)
C558 full	r2_HG03471_hap1_hprc_r2_v1.0.1	b192882776af2f97	== manifest	1.11 s (GPU decode + copy 0.27)
C558 full	r2_HG03471_hap2_hprc_r2_v1.0.1	4f5ce05b926d2e6c	== manifest	1.14 s (GPU decode + copy 0.28)
C558 full	r2_HG03486_mat_hprc_r2_v1.0.1	fda3e07a90d70b3b	== manifest	1.14 s (GPU decode + copy 0.28)
C558 full	r2_HG03486_pat_hprc_r2_v1.0.1	4b06df9b9f599579	== manifest	1.15 s (GPU decode + copy 0.28)
C558 full	r2_HG03516_mat_hprc_r2_v1.1.0	5289607dc06de40b	== manifest	1.13 s (GPU decode + copy 0.27)
C558 full	r2_HG03516_pat_hprc_r2_v1.1.0	5b09c2fca5ec631d	== manifest	1.14 s (GPU decode + copy 0.28)
C558 full	r2_HG03521_hap1_hprc_r2_v1.0.1	6b583974f739cada	== manifest	1.10 s (GPU decode + copy 0.27)
C558 full	r2_HG03521_hap2_hprc_r2_v1.0.1	2576a11960214883	== manifest	1.16 s (GPU decode + copy 0.28)
C558 full	r2_HG03540_mat_hprc_r2_v1.0.1	8dd4acc0e4014608	== manifest	1.14 s (GPU decode + copy 0.28)
C558 full	r2_HG03540_pat_hprc_r2_v1.0.1	fefc8bc5300d0f1b	== manifest	1.15 s (GPU decode + copy 0.28)
C558 full	r2_HG03579_mat_hprc_r2_v1.0.1	57a8ba8c4d78fb95	== manifest	1.15 s (GPU decode + copy 0.28)
C558 full	r2_HG03579_pat_hprc_r2_v1.0.1	69995f450b2d5a1b	== manifest	1.13 s (GPU decode + copy 0.27)
C558 full	r2_HG03583_hap1_hprc_r2_v1.0.1	feb944b4c84ea79e	== manifest	1.16 s (GPU decode + copy 0.27)
C558 full	r2_HG03583_hap2_hprc_r2_v1.0.1	98086afcad8a531a	== manifest	1.17 s (GPU decode + copy 0.28)
C558 full	r2_HG03654_mat_hprc_r2_v1.0.1	32a8aa131beb3326	== manifest	1.14 s (GPU decode + copy 0.27)
C558 full	r2_HG03654_pat_hprc_r2_v1.0.1	3917ea1c1c690c2c	== manifest	1.09 s (GPU decode + copy 0.26)
C558 full	r2_HG03669_mat_hprc_r2_v1.0.1	f4111706b8ada66a	== manifest	1.14 s (GPU decode + copy 0.27)
C558 full	r2_HG03669_pat_hprc_r2_v1.0.1	33c1ea9ae31b051a	== manifest	1.14 s (GPU decode + copy 0.27)
C558 full	r2_HG03688_mat_hprc_r2_v1.0.1	38a372338ea34fc3	== manifest	1.14 s (GPU decode + copy 0.27)
C558 full	r2_HG03688_pat_hprc_r2_v1.0.1	3a1708243ba26fe1	== manifest	1.10 s (GPU decode + copy 0.26)
C558 full	r2_HG03704_mat_hprc_r2_v1.0.1	5c4213a4387c6c9d	== manifest	1.14 s (GPU decode + copy 0.27)
C558 full	r2_HG03704_pat_hprc_r2_v1.0.1	298f9f5dfbd3805e	== manifest	1.14 s (GPU decode + copy 0.27)
C558 full	r2_HG03710_mat_hprc_r2_v1.0.1	dee5a1a2ebd55cc8	== manifest	1.14 s (GPU decode + copy 0.27)
C558 full	r2_HG03710_pat_hprc_r2_v1.0.1	2952d94331bf24d3	== manifest	1.11 s (GPU decode + copy 0.26)
C558 full	r2_HG03742_hap1_hprc_r2_v1.0.1	8d94e9180b942472	== manifest	1.13 s (GPU decode + copy 0.27)
C558 full	r2_HG03742_hap2_hprc_r2_v1.0.1	5af1708a66f10408	== manifest	1.17 s (GPU decode + copy 0.27)
C558 full	r2_HG03784_hap1_hprc_r2_v1.0.1	7641df2996afda21	== manifest	1.15 s (GPU decode + copy 0.28)
C558 full	r2_HG03784_hap2_hprc_r2_v1.0.1	3221de62a16670d5	== manifest	1.14 s (GPU decode + copy 0.27)
C558 full	r2_HG03804_mat_hprc_r2_v1.0.1	94681ff2d371874f	== manifest	1.14 s (GPU decode + copy 0.27)
C558 full	r2_HG03804_pat_hprc_r2_v1.0.1	5a099516ccdc0989	== manifest	1.14 s (GPU decode + copy 0.27)
C558 full	r2_HG03816_mat_hprc_r2_v1.0.1	964affa815574ce1	== manifest	1.14 s (GPU decode + copy 0.27)
C558 full	r2_HG03816_pat_hprc_r2_v1.0.1	232ef5bf951c7105	== manifest	1.14 s (GPU decode + copy 0.27)
C558 full	r2_HG03831_mat_hprc_r2_v1.0.1	fa0cda684803d5b1	== manifest	1.16 s (GPU decode + copy 0.27)
C558 full	r2_HG03831_pat_hprc_r2_v1.0.1	1523ecf484ef84d8	== manifest	1.16 s (GPU decode + copy 0.27)
C558 full	r2_HG03834_mat_hprc_r2_v1.0.1	11e3a7f3d2447e1a	== manifest	1.15 s (GPU decode + copy 0.27)
C558 full	r2_HG03834_pat_hprc_r2_v1.0.1	61038e99eaf8ba28	== manifest	1.16 s (GPU decode + copy 0.27)
C558 full	r2_HG03874_hap1_hprc_r2_v1.0.1	85d873a7cfff1359	== manifest	1.16 s (GPU decode + copy 0.27)
C558 full	r2_HG03874_hap2_hprc_r2_v1.0.1	a859c9522d9348d6	== manifest	1.17 s (GPU decode + copy 0.27)
C558 full	r2_HG03927_mat_hprc_r2_v1.0.1	5736d720c262ae62	== manifest	1.17 s (GPU decode + copy 0.27)
C558 full	r2_HG03927_pat_hprc_r2_v1.0.1	5dd60328e73663c7	== manifest	1.17 s (GPU decode + copy 0.27)
C558 full	r2_HG03942_mat_hprc_r2_v1.0.1	4cc9532215885cde	== manifest	1.16 s (GPU decode + copy 0.27)
C558 full	r2_HG03942_pat_hprc_r2_v1.0.1	25b910e2ddf2b217	== manifest	1.12 s (GPU decode + copy 0.26)
C558 full	r2_HG04115_mat_hprc_r2_v1.0.1	bd09955fcbe4b4bf	== manifest	1.17 s (GPU decode + copy 0.27)
C558 full	r2_HG04115_pat_hprc_r2_v1.0.1	d80bb7ca3492bde9	== manifest	1.11 s (GPU decode + copy 0.26)
C558 full	r2_HG04157_mat_hprc_r2_v1.0.1	f026e8d7dfa28091	== manifest	1.15 s (GPU decode + copy 0.27)
C558 full	r2_HG04157_pat_hprc_r2_v1.0.1	1133a9210ea43e5c	== manifest	1.12 s (GPU decode + copy 0.27)
C558 full	r2_HG04160_mat_hprc_r2_v1.0.1	1354f4b1227eb8df	== manifest	1.13 s (GPU decode + copy 0.27)
C558 full	r2_HG04160_pat_hprc_r2_v1.0.1	e3cebd14d04dbd59	== manifest	1.12 s (GPU decode + copy 0.27)
C558 full	r2_HG04184_mat_hprc_r2_v1.0.1	774ee2656135d77d	== manifest	1.15 s (GPU decode + copy 0.27)
C558 full	r2_HG04184_pat_hprc_r2_v1.0.1	cba5e297b49d7ec2	== manifest	1.16 s (GPU decode + copy 0.27)
C558 full	r2_HG04187_mat_hprc_r2_v1.0.1	9d2d634bcd9d20b1	== manifest	1.15 s (GPU decode + copy 0.27)
C558 full	r2_HG04187_pat_hprc_r2_v1.0.1	efb23cc963235612	== manifest	1.11 s (GPU decode + copy 0.26)
C558 full	r2_HG04199_mat_hprc_r2_v1.0.1	8484376d8be51c23	== manifest	1.16 s (GPU decode + copy 0.27)
C558 full	r2_HG04199_pat_hprc_r2_v1.0.1	8b52bd531642dc0a	== manifest	1.12 s (GPU decode + copy 0.26)
C558 full	r2_HG04204_mat_hprc_r2_v1.0.1	7d69117e8d011b04	== manifest	1.16 s (GPU decode + copy 0.27)
C558 full	r2_HG04204_pat_hprc_r2_v1.0.1	9c4ea6ffbd08c5fa	== manifest	1.11 s (GPU decode + copy 0.26)
C558 full	r2_HG04228_mat_hprc_r2_v1.0.1	1e06c4f6e4f19704	== manifest	1.14 s (GPU decode + copy 0.27)
C558 full	r2_HG04228_pat_hprc_r2_v1.0.1	9eb81b3406efe5cb	== manifest	1.10 s (GPU decode + copy 0.26)
C558 full	r2_HG06807_mat_v1	49c76a0d41f655f7	== manifest	1.15 s (GPU decode + copy 0.27)
C558 full	r2_HG06807_pat_v1	e0cae48f7e397f49	== manifest	1.16 s (GPU decode + copy 0.27)
C558 full	r2_NA18505_hap1_hprc_r2_v1.0.1	3370e32c8d95fe1f	== manifest	1.16 s (GPU decode + copy 0.28)
C558 full	r2_NA18505_hap2_hprc_r2_v1.0.1	32ec255d47becc7e	== manifest	1.17 s (GPU decode + copy 0.28)
C558 full	r2_NA18508_hap1_hprc_r2_v1.0.1	c692f46d92d615e8	== manifest	1.16 s (GPU decode + copy 0.27)
C558 full	r2_NA18508_hap2_hprc_r2_v1.0.1	d3c703933591acd2	== manifest	1.16 s (GPU decode + copy 0.28)
C558 full	r2_NA18522_hap1_hprc_r2_v1.0.1	ed0c3f39aee82951	== manifest	1.12 s (GPU decode + copy 0.27)
C558 full	r2_NA18522_hap2_hprc_r2_v1.0.1	a73f60d4e334358e	== manifest	1.15 s (GPU decode + copy 0.28)
C558 full	r2_NA18565_hap1_hprc_r2_v1.0.1	ce661921cc86f2e0	== manifest	1.16 s (GPU decode + copy 0.27)
C558 full	r2_NA18565_hap2_hprc_r2_v1.0.1	a50abe9c9b52db9f	== manifest	1.16 s (GPU decode + copy 0.27)
C558 full	r2_NA18570_hap1_hprc_r2_v1.0.1	2c8c65103243359a	== manifest	1.16 s (GPU decode + copy 0.27)
C558 full	r2_NA18570_hap2_hprc_r2_v1.0.1	54ebbd823c00ed18	== manifest	1.16 s (GPU decode + copy 0.27)
C558 full	r2_NA18608_hap1_hprc_r2_v1.0.1	be3573fcc923ce82	== manifest	1.12 s (GPU decode + copy 0.26)
C558 full	r2_NA18608_hap2_hprc_r2_v1.0.1	605c73511caee40d	== manifest	1.15 s (GPU decode + copy 0.27)
C558 full	r2_NA18620_hap1_hprc_r2_v1.0.1	1ecd98ef047819fa	== manifest	1.13 s (GPU decode + copy 0.27)
C558 full	r2_NA18620_hap2_hprc_r2_v1.0.1	aeb9ff327a8a363b	== manifest	1.17 s (GPU decode + copy 0.27)
C558 full	r2_NA18747_hap1_hprc_r2_v1.0.1	08879ded0b4bd33c	== manifest	1.12 s (GPU decode + copy 0.26)
C558 full	r2_NA18747_hap2_hprc_r2_v1.0.1	033b916e9e0d736b	== manifest	1.16 s (GPU decode + copy 0.27)
C558 full	r2_NA18879_hap1_hprc_r2_v1.0.1	afd350115153f71f	== manifest	1.13 s (GPU decode + copy 0.27)
C558 full	r2_NA18879_hap2_hprc_r2_v1.0.1	b3154afb59ba422a	== manifest	1.17 s (GPU decode + copy 0.28)
C558 full	r2_NA18906_mat_hprc_r2_v1.0.1	122d463323dd111d	== manifest	1.16 s (GPU decode + copy 0.28)
C558 full	r2_NA18906_pat_hprc_r2_v1.0.1	01a7c8e9d7733712	== manifest	1.16 s (GPU decode + copy 0.28)
C558 full	r2_NA18940_hap1_hprc_r2_v1.0.1	7d4bb638c5e983b4	== manifest	1.11 s (GPU decode + copy 0.26)
C558 full	r2_NA18940_hap2_hprc_r2_v1.0.1	da6034a22dd6a348	== manifest	1.14 s (GPU decode + copy 0.27)
C558 full	r2_NA18943_hap1_hprc_r2_v1.0.1	c93d62a7fd144e2a	== manifest	1.11 s (GPU decode + copy 0.26)
C558 full	r2_NA18943_hap2_hprc_r2_v1.0.1	acef8dcd9720d21f	== manifest	1.16 s (GPU decode + copy 0.27)
C558 full	r2_NA18944_hap1_hprc_r2_v1.0.1	63db5c20e87051c3	== manifest	1.13 s (GPU decode + copy 0.26)
C558 full	r2_NA18944_hap2_hprc_r2_v1.0.1	48e4e179d39905f2	== manifest	1.17 s (GPU decode + copy 0.28)
C558 full	r2_NA18945_hap1_hprc_r2_v1.0.1	d5549ef40528b887	== manifest	1.15 s (GPU decode + copy 0.26)
C558 full	r2_NA18945_hap2_hprc_r2_v1.0.1	ad6cd02f587b65b3	== manifest	1.15 s (GPU decode + copy 0.27)
C558 full	r2_NA18948_hap1_hprc_r2_v1.0.1	a8f676550aa71ccf	== manifest	1.12 s (GPU decode + copy 0.26)
C558 full	r2_NA18948_hap2_hprc_r2_v1.0.1	a788491223802ea5	== manifest	1.17 s (GPU decode + copy 0.28)
C558 full	r2_NA18952_hap1_hprc_r2_v1.0.1	38b6ce649e0bda0f	== manifest	1.12 s (GPU decode + copy 0.26)
C558 full	r2_NA18952_hap2_hprc_r2_v1.0.1	859b194030a01997	== manifest	1.17 s (GPU decode + copy 0.27)
C558 full	r2_NA18959_hap1_hprc_r2_v1.0.1	39bca079152291c7	== manifest	1.11 s (GPU decode + copy 0.26)
C558 full	r2_NA18959_hap2_hprc_r2_v1.0.1	21e5a95104fc8ad9	== manifest	1.16 s (GPU decode + copy 0.28)
C558 full	r2_NA18960_hap1_hprc_r2_v1.0.1	091a7b80ead7d620	== manifest	1.11 s (GPU decode + copy 0.26)
C558 full	r2_NA18960_hap2_hprc_r2_v1.0.1	23392e395535222b	== manifest	1.15 s (GPU decode + copy 0.27)
C558 full	r2_NA18967_hap1_hprc_r2_v1.0.1	1787cd3049914468	== manifest	1.13 s (GPU decode + copy 0.27)
C558 full	r2_NA18967_hap2_hprc_r2_v1.0.1	be98e26a7f073a00	== manifest	1.16 s (GPU decode + copy 0.27)
C558 full	r2_NA18970_hap1_hprc_r2_v1.0.1	87974afb80ed3490	== manifest	1.13 s (GPU decode + copy 0.26)
C558 full	r2_NA18970_hap2_hprc_r2_v1.0.1	95d31e54ff30e9d2	== manifest	1.17 s (GPU decode + copy 0.28)
C558 full	r2_NA18971_hap1_hprc_r2_v1.0.1	909a07974e9e9417	== manifest	1.14 s (GPU decode + copy 0.27)
C558 full	r2_NA18971_hap2_hprc_r2_v1.0.1	4c1ecbafd844ec19	== manifest	1.16 s (GPU decode + copy 0.27)
C558 full	r2_NA18974_hap1_hprc_r2_v1.0.1	005d76eabc73ec16	== manifest	1.14 s (GPU decode + copy 0.27)
C558 full	r2_NA18974_hap2_hprc_r2_v1.0.1	f81bd75837b77798	== manifest	1.17 s (GPU decode + copy 0.27)
C558 full	r2_NA18976_hap1_hprc_r2_v1.0.1	c41c1c06c0f7e5ab	== manifest	1.17 s (GPU decode + copy 0.27)
C558 full	r2_NA18976_hap2_hprc_r2_v1.0.1	60d8e1f4931989de	== manifest	1.17 s (GPU decode + copy 0.27)
C558 full	r2_NA18982_hap1_hprc_r2_v1.0.1	c12ca3b7b3471207	== manifest	1.13 s (GPU decode + copy 0.27)
C558 full	r2_NA18982_hap2_hprc_r2_v1.0.1	b96e9d8f0e2b7db6	== manifest	1.16 s (GPU decode + copy 0.27)
C558 full	r2_NA18983_hap1_hprc_r2_v1.0.1	30f19545748276f8	== manifest	1.13 s (GPU decode + copy 0.27)
C558 full	r2_NA18983_hap2_hprc_r2_v1.0.1	06601e401c955ad9	== manifest	1.16 s (GPU decode + copy 0.27)
C558 full	r2_NA19036_hap1_hprc_r2_v1.0.1	0ab271b8e83a8425	== manifest	1.18 s (GPU decode + copy 0.28)
C558 full	r2_NA19036_hap2_hprc_r2_v1.0.1	32a120c9daf979e4	== manifest	1.17 s (GPU decode + copy 0.28)
C558 full	r2_NA19043_hap1_hprc_r2_v1.0.1	e0c0295a60ef3abe	== manifest	1.14 s (GPU decode + copy 0.27)
C558 full	r2_NA19043_hap2_hprc_r2_v1.0.1	829f76d68e0955d3	== manifest	1.17 s (GPU decode + copy 0.28)
C558 full	r2_NA19087_hap1_hprc_r2_v1.0.1	c855d7600e88759d	== manifest	1.17 s (GPU decode + copy 0.27)
C558 full	r2_NA19087_hap2_hprc_r2_v1.0.1	044758df9077437c	== manifest	1.16 s (GPU decode + copy 0.27)
C558 full	r2_NA19159_hap1_hprc_r2_v1.0.1	91bd1fc9924274bb	== manifest	1.18 s (GPU decode + copy 0.28)
C558 full	r2_NA19159_hap2_hprc_r2_v1.0.1	c7819a97740b8e80	== manifest	1.16 s (GPU decode + copy 0.27)
C558 full	r2_NA19185_hap1_hprc_r2_v1.0.1	bce3ce69f45c6578	== manifest	1.17 s (GPU decode + copy 0.28)
C558 full	r2_NA19185_hap2_hprc_r2_v1.0.1	77febb1ec63f27d2	== manifest	1.17 s (GPU decode + copy 0.28)
C558 full	r2_NA19240_mat_hprc_r2_v1.0.1	7f1ec20873552c46	== manifest	1.16 s (GPU decode + copy 0.27)
C558 full	r2_NA19240_pat_hprc_r2_v1.0.1	52dc35f41778c8dd	== manifest	1.17 s (GPU decode + copy 0.28)
C558 full	r2_NA19338_hap1_hprc_r2_v1.0.1	86c4d525d7dab5a5	== manifest	1.18 s (GPU decode + copy 0.28)
C558 full	r2_NA19338_hap2_hprc_r2_v1.0.1	17673184bd5f7575	== manifest	1.18 s (GPU decode + copy 0.28)
C558 full	r2_NA19391_hap1_hprc_r2_v1.0.1	abee88b10f614d63	== manifest	1.18 s (GPU decode + copy 0.28)
C558 full	r2_NA19391_hap2_hprc_r2_v1.0.1	30c1dde28062a0ac	== manifest	1.18 s (GPU decode + copy 0.28)
C558 full	r2_NA19443_hap1_hprc_r2_v1.0.1	60ec4c83c5457a4f	== manifest	1.14 s (GPU decode + copy 0.27)
C558 full	r2_NA19443_hap2_hprc_r2_v1.0.1	6524409a50afdc9e	== manifest	1.16 s (GPU decode + copy 0.28)
C558 full	r2_NA19468_hap1_hprc_r2_v1.0.1	d5b2da835f451b6a	== manifest	1.17 s (GPU decode + copy 0.27)
C558 full	r2_NA19468_hap2_hprc_r2_v1.0.1	2a8031a082abc43a	== manifest	1.17 s (GPU decode + copy 0.28)
C558 full	r2_NA19682_hap1_hprc_r2_v1.0.1	290fd59a033153e7	== manifest	1.12 s (GPU decode + copy 0.26)
C558 full	r2_NA19682_hap2_hprc_r2_v1.0.1	f596071e752f0b0f	== manifest	1.16 s (GPU decode + copy 0.27)
C558 full	r2_NA19700_hap1_hprc_r2_v1.0.1	2005f4d3db1e3714	== manifest	1.13 s (GPU decode + copy 0.27)
C558 full	r2_NA19700_hap2_hprc_r2_v1.0.1	acad66ec26758338	== manifest	1.16 s (GPU decode + copy 0.27)
C558 full	r2_NA19776_hap1_hprc_r2_v1.0.1	182f9dde8f760b4a	== manifest	1.17 s (GPU decode + copy 0.27)
C558 full	r2_NA19776_hap2_hprc_r2_v1.0.1	60cce2e0c220cafa	== manifest	1.18 s (GPU decode + copy 0.27)
C558 full	r2_NA19835_hap1_hprc_r2_v1.0.1	5ff63afecc14036f	== manifest	1.17 s (GPU decode + copy 0.28)
C558 full	r2_NA19835_hap2_hprc_r2_v1.0.1	bcdfe8958c39bda3	== manifest	1.17 s (GPU decode + copy 0.28)
C558 full	r2_NA19909_hap1_hprc_r2_v1.0.1	0905b6a05dd00d5e	== manifest	1.16 s (GPU decode + copy 0.28)
C558 full	r2_NA19909_hap2_hprc_r2_v1.0.1	e94f5dc17f2c4bc0	== manifest	1.17 s (GPU decode + copy 0.28)
C558 full	r2_NA20129_mat_hprc_r2_v1.0.1	1ae1cd06b25d50ad	== manifest	1.16 s (GPU decode + copy 0.28)
C558 full	r2_NA20129_pat_hprc_r2_v1.0.1	2fcf35db17d764d3	== manifest	1.16 s (GPU decode + copy 0.28)
C558 full	r2_NA20282_hap1_hprc_r2_v1.0.1	2d2ceae33a579f98	== manifest	1.16 s (GPU decode + copy 0.28)
C558 full	r2_NA20282_hap2_hprc_r2_v1.0.1	b14d75c080fead12	== manifest	1.15 s (GPU decode + copy 0.28)
C558 full	r2_NA20346_hap1_hprc_r2_v1.0.1	1b757a72ca02297c	== manifest	1.11 s (GPU decode + copy 0.27)
C558 full	r2_NA20346_hap2_hprc_r2_v1.0.1	a7366146475c5f55	== manifest	1.16 s (GPU decode + copy 0.28)
C558 full	r2_NA20503_hap1_hprc_r2_v1.0.1	3e7be677c3619981	== manifest	1.14 s (GPU decode + copy 0.27)
C558 full	r2_NA20503_hap2_hprc_r2_v1.0.1	79f78be1ee7eb41f	== manifest	1.17 s (GPU decode + copy 0.27)
C558 full	r2_NA20752_hap1_hprc_r2_v1.0.1	26737fedfa6b0e87	== manifest	1.13 s (GPU decode + copy 0.26)
C558 full	r2_NA20752_hap2_hprc_r2_v1.0.1	5618e8deea9a1013	== manifest	1.18 s (GPU decode + copy 0.28)
C558 full	r2_NA20762_hap1_hprc_r2_v1.0.1	84eca6fd22998abb	== manifest	1.13 s (GPU decode + copy 0.26)
C558 full	r2_NA20762_hap2_hprc_r2_v1.0.1	b1a0591d2842023c	== manifest	1.17 s (GPU decode + copy 0.27)
C558 full	r2_NA20799_hap1_hprc_r2_v1.0.1	69d68e32174390f6	== manifest	1.17 s (GPU decode + copy 0.28)
C558 full	r2_NA20799_hap2_hprc_r2_v1.0.1	d52648629c4a8e96	== manifest	1.16 s (GPU decode + copy 0.27)
C558 full	r2_NA20805_hap1_hprc_r2_v1.0.1	f0fc791285ba670c	== manifest	1.12 s (GPU decode + copy 0.26)
C558 full	r2_NA20805_hap2_hprc_r2_v1.0.1	419c8e2d4361ccd0	== manifest	1.15 s (GPU decode + copy 0.27)
C558 full	r2_NA20806_hap1_hprc_r2_v1.0.1	af254ca58178ec8a	== manifest	1.10 s (GPU decode + copy 0.26)
C558 full	r2_NA20806_hap2_hprc_r2_v1.0.1	6d7ca7bb4d32fef9	== manifest	1.15 s (GPU decode + copy 0.27)
C558 full	r2_NA20809_hap1_hprc_r2_v1.0.1	63a053b6a1c08b8f	== manifest	1.12 s (GPU decode + copy 0.27)
C558 full	r2_NA20809_hap2_hprc_r2_v1.0.1	9345d0f4f5070f09	== manifest	1.14 s (GPU decode + copy 0.27)
C558 full	r2_NA20827_hap1_hprc_r2_v1.0.1	03923c263b1ec398	== manifest	1.11 s (GPU decode + copy 0.26)
C558 full	r2_NA20827_hap2_hprc_r2_v1.0.1	98795cf754011d16	== manifest	1.17 s (GPU decode + copy 0.27)
C558 full	r2_NA20850_hap1_hprc_r2_v1.0.1	3cbb1e1d35a54a42	== manifest	1.12 s (GPU decode + copy 0.26)
C558 full	r2_NA20850_hap2_hprc_r2_v1.0.1	e985f11c2c78feb8	== manifest	1.16 s (GPU decode + copy 0.27)
C558 full	r2_NA20870_hap1_hprc_r2_v1.0.1	61265353aa14d77b	== manifest	1.12 s (GPU decode + copy 0.26)
C558 full	r2_NA20870_hap2_hprc_r2_v1.0.1	34364952f1a4a176	== manifest	1.17 s (GPU decode + copy 0.27)
C558 full	r2_NA20905_hap1_hprc_r2_v1.0.1	faf27489ff69f0a9	== manifest	1.11 s (GPU decode + copy 0.26)
C558 full	r2_NA20905_hap2_hprc_r2_v1.0.1	7f7b9ea7505e02a0	== manifest	1.16 s (GPU decode + copy 0.27)
C558 full	r2_NA21093_hap1_hprc_r2_v1.0.1	15e6b5b959925856	== manifest	1.13 s (GPU decode + copy 0.27)
C558 full	r2_NA21093_hap2_hprc_r2_v1.0.1	0b7cf25c5133e59c	== manifest	1.16 s (GPU decode + copy 0.27)
C558 full	r2_NA21102_hap1_hprc_r2_v1.0.1	145c69a217314ad3	== manifest	1.16 s (GPU decode + copy 0.27)
C558 full	r2_NA21102_hap2_hprc_r2_v1.0.1	ae6a7f05dfb60457	== manifest	1.16 s (GPU decode + copy 0.27)
C558 full	r2_NA21106_hap1_hprc_r2_v1.0.1	93939dd9b8912f38	== manifest	1.15 s (GPU decode + copy 0.27)
C558 full	r2_NA21106_hap2_hprc_r2_v1.0.1	614951588f031c85	== manifest	1.16 s (GPU decode + copy 0.27)
C558 full	r2_NA21110_hap1_hprc_r2_v1.0.1	ff2305ebca35b59f	== manifest	1.15 s (GPU decode + copy 0.27)
C558 full	r2_NA21110_hap2_hprc_r2_v1.0.1	7ad31c6112464813	== manifest	1.18 s (GPU decode + copy 0.28)
C558 full	r2_NA21144_hap1_hprc_r2_v1.0.1	34a64ac38d74cad3	== manifest	1.16 s (GPU decode + copy 0.27)
C558 full	r2_NA21144_hap2_hprc_r2_v1.0.1	35746c68179f5949	== manifest	1.14 s (GPU decode + copy 0.27)
C558 full	r2_NA21309_mat_hprc_r2_v1.0.1	caec985d0ef519d3	== manifest	1.17 s (GPU decode + copy 0.28)
C558 full	r2_NA21309_pat_hprc_r2_v1.0.1	8ec8c1db86c31d8a	== manifest	1.16 s (GPU decode + copy 0.28)
C558 full	r2_hg002v1.1.mat_MT	0f097dd3fce84c4f	== manifest	1.16 s (GPU decode + copy 0.27)
C558 full	r2_hg002v1.1.pat	a6ac61819a167696	== manifest	1.12 s (GPU decode + copy 0.26)
C558 full	y1_HG002.1	77ff8005d4dbb4d2	== manifest	1.03 s (GPU decode + copy 0.27)
C558 full	y1_HG002.2	41738558472d5f12	== manifest	1.06 s (GPU decode + copy 0.28)
C558 full	y1_HG00438.1	0fae37e31e54fb34	== manifest	1.05 s (GPU decode + copy 0.28)
C558 full	y1_HG00438.2	dd9c58efe72c3e7e	== manifest	1.06 s (GPU decode + copy 0.28)
C558 full	y1_HG005.1	217def02b5c45104	== manifest	1.03 s (GPU decode + copy 0.27)
C558 full	y1_HG005.2	6bfccef3e432d0c6	== manifest	1.05 s (GPU decode + copy 0.28)
C558 full	y1_HG00621.1	92d36c1ffac5c77b	== manifest	1.01 s (GPU decode + copy 0.26)
C558 full	y1_HG00621.2	1ddaf8b98d9bee03	== manifest	1.05 s (GPU decode + copy 0.27)
C558 full	y1_HG00673.1	503057c75802fbde	== manifest	1.01 s (GPU decode + copy 0.27)
C558 full	y1_HG00673.2	58d83e29d3fad021	== manifest	1.06 s (GPU decode + copy 0.28)
C558 full	y1_HG00733.1	54079886175c4372	== manifest	1.06 s (GPU decode + copy 0.28)
C558 full	y1_HG00733.2	a62f97453d5a3e17	== manifest	1.05 s (GPU decode + copy 0.27)
C558 full	y1_HG00735.1	7c0e229355ff2cfb	== manifest	1.06 s (GPU decode + copy 0.28)
C558 full	y1_HG00735.2	125726a7e89394cd	== manifest	1.06 s (GPU decode + copy 0.28)
C558 full	y1_HG00741.1	f609c03aa0d1cf78	== manifest	1.05 s (GPU decode + copy 0.28)
C558 full	y1_HG00741.2	dcb7609c023a013e	== manifest	1.05 s (GPU decode + copy 0.28)
C558 full	y1_HG01071.1	a6bf9eae37e662b3	== manifest	1.06 s (GPU decode + copy 0.28)
C558 full	y1_HG01071.2	dea3a34f74e702c5	== manifest	1.05 s (GPU decode + copy 0.27)
C558 full	y1_HG01106.1	b29756ed23ec0212	== manifest	1.02 s (GPU decode + copy 0.26)
C558 full	y1_HG01106.2	ba611c244d4bbff5	== manifest	1.04 s (GPU decode + copy 0.28)
C558 full	y1_HG01109.1	9fadc2957c4e54ea	== manifest	1.01 s (GPU decode + copy 0.27)
C558 full	y1_HG01109.2	7540111600f698c6	== manifest	1.06 s (GPU decode + copy 0.28)
C558 full	y1_HG01123.1	bb648477494c9c5b	== manifest	1.05 s (GPU decode + copy 0.27)
C558 full	y1_HG01123.2	9375e065910e1cc0	== manifest	1.05 s (GPU decode + copy 0.27)
C558 full	y1_HG01175.1	31529d95d4155b86	== manifest	1.06 s (GPU decode + copy 0.28)
C558 full	y1_HG01175.2	a95c6dd97e3a8bf6	== manifest	1.06 s (GPU decode + copy 0.28)
C558 full	y1_HG01243.1	ad83db0137567422	== manifest	1.02 s (GPU decode + copy 0.27)
C558 full	y1_HG01243.2	968f62f5a3a34289	== manifest	1.05 s (GPU decode + copy 0.28)
C558 full	y1_HG01258.1	d5a6d3121f7fe477	== manifest	1.01 s (GPU decode + copy 0.26)
C558 full	y1_HG01258.2	bd938808e20403b1	== manifest	1.05 s (GPU decode + copy 0.28)
C558 full	y1_HG01358.1	41ef5c4e069aa77f	== manifest	1.02 s (GPU decode + copy 0.27)
C558 full	y1_HG01358.2	6048e6167721da7e	== manifest	1.06 s (GPU decode + copy 0.28)
C558 full	y1_HG01361.1	deca6705d81ed322	== manifest	1.05 s (GPU decode + copy 0.27)
C558 full	y1_HG01361.2	065dfab9752010d4	== manifest	1.05 s (GPU decode + copy 0.27)
C558 full	y1_HG01891.1	5abc96480266c733	== manifest	1.06 s (GPU decode + copy 0.28)
C558 full	y1_HG01891.2	c3a1d0def4dfcd07	== manifest	1.06 s (GPU decode + copy 0.28)
C558 full	y1_HG01928.1	aa1d38406de8d012	== manifest	1.02 s (GPU decode + copy 0.26)
C558 full	y1_HG01928.2	15f8d5ec08e98830	== manifest	1.05 s (GPU decode + copy 0.27)
C558 full	y1_HG01952.1	d81a7df3bd7611da	== manifest	1.01 s (GPU decode + copy 0.26)
C558 full	y1_HG01952.2	fa1fb7086ab53c83	== manifest	1.05 s (GPU decode + copy 0.27)
C558 full	y1_HG01978.1	069b694e45af5ff6	== manifest	1.06 s (GPU decode + copy 0.28)
C558 full	y1_HG01978.2	6ab10412b4f2be95	== manifest	1.06 s (GPU decode + copy 0.28)
C558 full	y1_HG02055.1	eb6ab1e6d4bb2fba	== manifest	1.03 s (GPU decode + copy 0.27)
C558 full	y1_HG02055.2	765be1e180619f63	== manifest	1.05 s (GPU decode + copy 0.28)
C558 full	y1_HG02080.1	4634283aac997faa	== manifest	1.03 s (GPU decode + copy 0.27)
C558 full	y1_HG02080.2	43752166e1fe1029	== manifest	1.05 s (GPU decode + copy 0.28)
C558 full	y1_HG02109.1	8d72d8f6bcd47ff2	== manifest	1.06 s (GPU decode + copy 0.28)
C558 full	y1_HG02109.2	786019365179ff28	== manifest	1.06 s (GPU decode + copy 0.28)
C558 full	y1_HG02145.1	7c31cdc41313789f	== manifest	1.03 s (GPU decode + copy 0.27)
C558 full	y1_HG02145.2	d13042a21901b0d6	== manifest	1.06 s (GPU decode + copy 0.28)
C558 full	y1_HG02148.1	afac31544811d5ff	== manifest	1.05 s (GPU decode + copy 0.28)
C558 full	y1_HG02148.2	1f7196686766d633	== manifest	1.05 s (GPU decode + copy 0.27)
C558 full	y1_HG02257.1	0af02bdee3049b56	== manifest	1.04 s (GPU decode + copy 0.28)
C558 full	y1_HG02257.2	a5ff65b7ce4f117d	== manifest	1.05 s (GPU decode + copy 0.28)
C558 full	y1_HG02486.1	ae7db14e0fda7d7e	== manifest	1.02 s (GPU decode + copy 0.27)
C558 full	y1_HG02486.2	de55d102b3a58aaa	== manifest	1.06 s (GPU decode + copy 0.28)
C558 full	y1_HG02559.1	d3de8bf8657f0599	== manifest	1.03 s (GPU decode + copy 0.28)
C558 full	y1_HG02559.2	c80f9437765be6f0	== manifest	1.04 s (GPU decode + copy 0.28)
C558 full	y1_HG02572.1	6e9475af697afc15	== manifest	1.01 s (GPU decode + copy 0.27)
C558 full	y1_HG02572.2	0a91468da3ed15c3	== manifest	1.05 s (GPU decode + copy 0.28)
C558 full	y1_HG02622.1	9e84fca0a0be7dfd	== manifest	1.06 s (GPU decode + copy 0.28)
C558 full	y1_HG02622.2	71f5a43bbd9dea06	== manifest	1.06 s (GPU decode + copy 0.28)
C558 full	y1_HG02630.1	3dd29861bb5adf1a	== manifest	1.06 s (GPU decode + copy 0.28)
C558 full	y1_HG02630.2	3b1cdee6779ee182	== manifest	1.05 s (GPU decode + copy 0.28)
C558 full	y1_HG02717.1	a09b56df65b21a4a	== manifest	1.03 s (GPU decode + copy 0.27)
C558 full	y1_HG02717.2	391cbab73930a43f	== manifest	1.06 s (GPU decode + copy 0.28)
C558 full	y1_HG02723.1	7218428a6a5b9fa1	== manifest	1.04 s (GPU decode + copy 0.28)
C558 full	y1_HG02723.2	4a1f46107190c1ee	== manifest	1.05 s (GPU decode + copy 0.28)
C558 full	y1_HG02818.1	1bfa862c3bb18246	== manifest	1.05 s (GPU decode + copy 0.28)
C558 full	y1_HG02818.2	0a012f92402e0b56	== manifest	1.06 s (GPU decode + copy 0.28)
C558 full	y1_HG02886.1	5f9f6e88a3da8e26	== manifest	1.05 s (GPU decode + copy 0.28)
C558 full	y1_HG02886.2	380dfb2881b5e27c	== manifest	1.06 s (GPU decode + copy 0.28)
C558 full	y1_HG03098.1	44aa615393c4fb67	== manifest	1.02 s (GPU decode + copy 0.27)
C558 full	y1_HG03098.2	7b7e155e9013875b	== manifest	1.07 s (GPU decode + copy 0.28)
C558 full	y1_HG03453.1	53dfd757260ddbc2	== manifest	1.06 s (GPU decode + copy 0.28)
C558 full	y1_HG03453.2	e847ba7824ea4154	== manifest	1.06 s (GPU decode + copy 0.28)
C558 full	y1_HG03486.1	c632d7637a335c06	== manifest	1.06 s (GPU decode + copy 0.28)
C558 full	y1_HG03486.2	fbe78ccb54f15e69	== manifest	1.06 s (GPU decode + copy 0.28)
C558 full	y1_HG03492.1	73c601f39202b973	== manifest	1.01 s (GPU decode + copy 0.26)
C558 full	y1_HG03492.2	7aa4b6bdaf8a87b8	== manifest	1.03 s (GPU decode + copy 0.27)
C558 full	y1_HG03516.1	74c2da082ac2c79f	== manifest	1.07 s (GPU decode + copy 0.28)
C558 full	y1_HG03516.2	02b3f2a6fe37dba9	== manifest	1.04 s (GPU decode + copy 0.28)
C558 full	y1_HG03540.1	bf0d36c596acc3f0	== manifest	1.06 s (GPU decode + copy 0.28)
C558 full	y1_HG03540.2	8d530d59ca079197	== manifest	1.04 s (GPU decode + copy 0.28)
C558 full	y1_HG03579.1	877449add96955d4	== manifest	1.01 s (GPU decode + copy 0.27)
C558 full	y1_HG03579.2	f8f8761565ddb4b6	== manifest	1.06 s (GPU decode + copy 0.28)
C558 full	y1_NA18906.1	80a1ae306f93ff80	== manifest	1.04 s (GPU decode + copy 0.28)
C558 full	y1_NA18906.2	ab2206e35ddcdf24	== manifest	1.05 s (GPU decode + copy 0.28)
C558 full	y1_NA19240.1	a54203b0c040069b	== manifest	1.05 s (GPU decode + copy 0.28)
C558 full	y1_NA19240.2	6cddc1d72e252674	== manifest	1.05 s (GPU decode + copy 0.28)
C558 full	y1_NA20129.1	aa770f4577a25c49	== manifest	1.06 s (GPU decode + copy 0.28)
C558 full	y1_NA20129.2	589c5ea52eb468b9	== manifest	1.06 s (GPU decode + copy 0.28)
C558 full	y1_NA21309.1	f8a3d91bafdca097	== manifest	1.03 s (GPU decode + copy 0.28)
C558 full	y1_NA21309.2	25519176fa38be5b	== manifest	1.03 s (GPU decode + copy 0.28)
C558 full total	558 assemblies, 1.680 T bases decoded on the GPU	558 == manifest, 0 differ	10.5 min (median per assembly 1.14 s; of it GPU decode + copy to host 0.27 s, sum 2.5 min; 11.06 G bases/s)
C558 RESULT	PASS
C558 form	packed_reference 0	compact_blocks 1
C558 open	558 assemblies (0 of the manifest missing)	q4k Q 4096	30.7 s	resident 13.972 GB (reference 3.117, payload 8.448, block table 2.253, model tables 0.154, case runs 0.000)	torch allocated 13.975 GB	nvidia-smi used 0 -> 13764 MiB
C558 sample	1024 x 8192	median 1.44 ms per call (710,235 windows/s, 5.82 GB/s), 5 calls	474 assemblies hit	== CPU decoder
C558 fetch	1000 coordinates	median 0.31 ms, max 1.7 ms per call (sync)	1000 == CPU decoder, 0 differ
C558 full	r2_HG00097_hap1_hprc_r2_v1.0.1	5e736ee9f8401de6	== manifest	1.16 s (GPU decode + copy 0.28)
C558 full	r2_HG00097_hap2_hprc_r2_v1.0.1	f341e3784db31f1e	== manifest	1.16 s (GPU decode + copy 0.28)
C558 full	r2_HG00099_hap1_hprc_r2_v1.0.1	589d7e870e1b21bc	== manifest	1.18 s (GPU decode + copy 0.28)
C558 full	r2_HG00099_hap2_hprc_r2_v1.0.1	99014e4486a907bc	== manifest	1.16 s (GPU decode + copy 0.28)
C558 full	r2_HG00126_hap1_hprc_r2_v1.0.1	7c8f70323ed22b4e	== manifest	1.14 s (GPU decode + copy 0.27)
C558 full	r2_HG00126_hap2_hprc_r2_v1.0.1	ade121e383b50a4b	== manifest	1.16 s (GPU decode + copy 0.27)
C558 full	r2_HG00128_hap1_hprc_r2_v1.0.1	4ac542314022ffc9	== manifest	1.18 s (GPU decode + copy 0.28)
C558 full	r2_HG00128_hap2_hprc_r2_v1.0.1	f2c99f362fb49236	== manifest	1.16 s (GPU decode + copy 0.28)
C558 full	r2_HG00133_hap1_hprc_r2_v1.0.1	6ad080b53827b13c	== manifest	1.16 s (GPU decode + copy 0.27)
C558 full	r2_HG00133_hap2_hprc_r2_v1.0.1	9f95b538c359b457	== manifest	1.16 s (GPU decode + copy 0.27)
C558 full	r2_HG00140_hap1_hprc_r2_v1.0.1	c74a5ff468458ecd	== manifest	1.11 s (GPU decode + copy 0.27)
C558 full	r2_HG00140_hap2_hprc_r2_v1.0.1	7e2a6e8856f56081	== manifest	1.17 s (GPU decode + copy 0.28)
C558 full	r2_HG00146_hap1_hprc_r2_v1.0.1	212f0e012a752b70	== manifest	1.15 s (GPU decode + copy 0.27)
C558 full	r2_HG00146_hap2_hprc_r2_v1.0.1	c8102b90dbd33f77	== manifest	1.18 s (GPU decode + copy 0.28)
C558 full	r2_HG00232_hap1_hprc_r2_v1.0.1	a9b55f806d643439	== manifest	1.17 s (GPU decode + copy 0.28)
C558 full	r2_HG00232_hap2_hprc_r2_v1.0.1	11e34ac87f3f700e	== manifest	1.18 s (GPU decode + copy 0.28)
C558 full	r2_HG00235_hap1_hprc_r2_v1.0.1	902a9fec09f10d7f	== manifest	1.17 s (GPU decode + copy 0.27)
C558 full	r2_HG00235_hap2_hprc_r2_v1.0.1	fa6d6f945289b153	== manifest	1.18 s (GPU decode + copy 0.28)
C558 full	r2_HG00253_hap1_hprc_r2_v1.0.1	86c08ee660a627f2	== manifest	1.17 s (GPU decode + copy 0.28)
C558 full	r2_HG00253_hap2_hprc_r2_v1.0.1	fc41b79911bc7fad	== manifest	1.18 s (GPU decode + copy 0.28)
C558 full	r2_HG00272_hap1_hprc_r2_v1.0.1	8c56036b18be0db7	== manifest	1.17 s (GPU decode + copy 0.28)
C558 full	r2_HG00272_hap2_hprc_r2_v1.0.1	7a840f79e3b93827	== manifest	1.17 s (GPU decode + copy 0.28)
C558 full	r2_HG00280_hap1_hprc_r2_v1.0.1	1b4593f34b539bd9	== manifest	1.12 s (GPU decode + copy 0.27)
C558 full	r2_HG00280_hap2_hprc_r2_v1.0.1	f3aae00a4950375e	== manifest	1.16 s (GPU decode + copy 0.28)
C558 full	r2_HG00290_hap1_hprc_r2_v1.0.1	fb4154b58b77d41d	== manifest	1.13 s (GPU decode + copy 0.27)
C558 full	r2_HG00290_hap2_hprc_r2_v1.0.1	4e71221ac389eb8e	== manifest	1.16 s (GPU decode + copy 0.28)
C558 full	r2_HG00320_hap1_hprc_r2_v1.0.1	60bddc9260e3c3d8	== manifest	1.18 s (GPU decode + copy 0.28)
C558 full	r2_HG00320_hap2_hprc_r2_v1.0.1	c4dc0ff10e331dc7	== manifest	1.16 s (GPU decode + copy 0.28)
C558 full	r2_HG00321_hap1_hprc_r2_v1.0.1	938c812a67b035e9	== manifest	1.14 s (GPU decode + copy 0.27)
C558 full	r2_HG00321_hap2_hprc_r2_v1.0.1	4bc6c4e0e654e0ed	== manifest	1.16 s (GPU decode + copy 0.27)
C558 full	r2_HG00323_hap1_hprc_r2_v1.0.1	9ccae724fda2b74c	== manifest	1.16 s (GPU decode + copy 0.28)
C558 full	r2_HG00323_hap2_hprc_r2_v1.0.1	7a4b8b5993bd4bb2	== manifest	1.15 s (GPU decode + copy 0.28)
C558 full	r2_HG00329_hap1_hprc_r2_v1.0.1	2dc74bfa603a2bc6	== manifest	1.12 s (GPU decode + copy 0.27)
C558 full	r2_HG00329_hap2_hprc_r2_v1.0.1	edf7cea41105bccd	== manifest	1.17 s (GPU decode + copy 0.28)
C558 full	r2_HG00344_hap1_hprc_r2_v1.0.1	337dedf94c08fe04	== manifest	1.17 s (GPU decode + copy 0.28)
C558 full	r2_HG00344_hap2_hprc_r2_v1.0.1	fdd28ff0e346e1cb	== manifest	1.16 s (GPU decode + copy 0.27)
C558 full	r2_HG00350_hap1_hprc_r2_v1.0.1	6290c2f639240339	== manifest	1.16 s (GPU decode + copy 0.27)
C558 full	r2_HG00350_hap2_hprc_r2_v1.0.1	4e2c4f4ef705d58f	== manifest	1.16 s (GPU decode + copy 0.28)
C558 full	r2_HG00408_mat_hprc_r2_v1.0.1	c47274cc60cfb0f3	== manifest	1.17 s (GPU decode + copy 0.28)
C558 full	r2_HG00408_pat_hprc_r2_v1.0.1	2db605d100844cc7	== manifest	1.19 s (GPU decode + copy 0.28)
C558 full	r2_HG00423_mat_hprc_r2_v1.0.1	d1f201d00bce8969	== manifest	1.18 s (GPU decode + copy 0.28)
C558 full	r2_HG00423_pat_hprc_r2_v1.0.1	e8f168dc9e7188a4	== manifest	1.18 s (GPU decode + copy 0.28)
C558 full	r2_HG00438_mat_hprc_r2_v1.0.1	735107c57d44b3d5	== manifest	1.17 s (GPU decode + copy 0.28)
C558 full	r2_HG00438_pat_hprc_r2_v1.0.1	8f4c39043a73f347	== manifest	1.17 s (GPU decode + copy 0.28)
C558 full	r2_HG00544_mat_hprc_r2_v1.0.1	306f38d8e3126f10	== manifest	1.16 s (GPU decode + copy 0.28)
C558 full	r2_HG00544_pat_hprc_r2_v1.0.1	3baf7a0b7138526a	== manifest	1.16 s (GPU decode + copy 0.27)
C558 full	r2_HG00558_mat_hprc_r2_v1.0.1	5e142b34cbbf06cd	== manifest	1.17 s (GPU decode + copy 0.28)
C558 full	r2_HG00558_pat_hprc_r2_v1.0.1	6ee2ae875791a7e9	== manifest	1.17 s (GPU decode + copy 0.28)
C558 full	r2_HG00597_mat_hprc_r2_v1.0.1	ee0d05a67f243c5b	== manifest	1.17 s (GPU decode + copy 0.28)
C558 full	r2_HG00597_pat_hprc_r2_v1.0.1	2dab215655df30a8	== manifest	1.16 s (GPU decode + copy 0.28)
C558 full	r2_HG005_mat_hprc_r2_v1.0.1	6c9cbbd6423b4e1c	== manifest	1.16 s (GPU decode + copy 0.28)
C558 full	r2_HG005_pat_hprc_r2_v1.0.1	1e1ccef12b05df11	== manifest	1.13 s (GPU decode + copy 0.27)
C558 full	r2_HG00609_mat_hprc_r2_v1.0.1	b9a14f6461b99337	== manifest	1.16 s (GPU decode + copy 0.27)
C558 full	r2_HG00609_pat_hprc_r2_v1.0.1	6cf6f128f97af9bd	== manifest	1.11 s (GPU decode + copy 0.27)
C558 full	r2_HG00621_mat_hprc_r2_v1.0.1	779e3f0ed9094ff1	== manifest	1.16 s (GPU decode + copy 0.28)
C558 full	r2_HG00621_pat_hprc_r2_v1.0.1	54f99acede8ce97a	== manifest	1.12 s (GPU decode + copy 0.27)
C558 full	r2_HG00639_mat_hprc_r2_v1.0.1	95778b1ceb1d8af9	== manifest	1.17 s (GPU decode + copy 0.28)
C558 full	r2_HG00639_pat_hprc_r2_v1.0.1	a02d9eb66f5faf59	== manifest	1.16 s (GPU decode + copy 0.28)
C558 full	r2_HG00642_mat_hprc_r2_v1.0.1	c819023306d66b2a	== manifest	1.17 s (GPU decode + copy 0.28)
C558 full	r2_HG00642_pat_hprc_r2_v1.0.1	350a97cf175fd4f3	== manifest	1.12 s (GPU decode + copy 0.26)
C558 full	r2_HG00658_mat_hprc_r2_v1.0.1	c7fb4ba65de07e3f	== manifest	1.14 s (GPU decode + copy 0.28)
C558 full	r2_HG00658_pat_hprc_r2_v1.0.1	d115e0af2dd059ba	== manifest	1.12 s (GPU decode + copy 0.27)
C558 full	r2_HG00673_mat_hprc_r2_v1.0.1	445233edeba8ecec	== manifest	1.14 s (GPU decode + copy 0.27)
C558 full	r2_HG00673_pat_hprc_r2_v1.0.1	47ca218ce33e8955	== manifest	1.13 s (GPU decode + copy 0.27)
C558 full	r2_HG00706_mat_hprc_r2_v1.0.1	37382e3d24f1f79d	== manifest	1.16 s (GPU decode + copy 0.28)
C558 full	r2_HG00706_pat_hprc_r2_v1.0.1	7fc0834e7e8ec872	== manifest	1.12 s (GPU decode + copy 0.27)
C558 full	r2_HG00733_mat_hprc_r2_v1.0.1	9649c98435e0d8b1	== manifest	1.17 s (GPU decode + copy 0.28)
C558 full	r2_HG00733_pat_hprc_r2_v1.0.1	60351879ec330403	== manifest	1.16 s (GPU decode + copy 0.28)
C558 full	r2_HG00735_mat_hprc_r2_v1.0.1	ad89637fbcd77f0b	== manifest	1.16 s (GPU decode + copy 0.28)
C558 full	r2_HG00735_pat_hprc_r2_v1.0.1	5b8d07fa34da0301	== manifest	1.15 s (GPU decode + copy 0.28)
C558 full	r2_HG00738_mat_hprc_r2_v1.0.1	8fd012edbda8fbe2	== manifest	1.16 s (GPU decode + copy 0.28)
C558 full	r2_HG00738_pat_hprc_r2_v1.0.1	71922f09a6754535	== manifest	1.11 s (GPU decode + copy 0.26)
C558 full	r2_HG00741_mat_hprc_r2_v1.0.1	986dd16892e6524f	== manifest	1.16 s (GPU decode + copy 0.28)
C558 full	r2_HG00741_pat_hprc_r2_v1.0.1	e5ed6d855aebd252	== manifest	1.15 s (GPU decode + copy 0.28)
C558 full	r2_HG01071_mat_hprc_r2_v1.0.1	21717276ed457498	== manifest	1.16 s (GPU decode + copy 0.27)
C558 full	r2_HG01071_pat_hprc_r2_v1.0.1	a4b2787f1a4a854c	== manifest	1.16 s (GPU decode + copy 0.28)
C558 full	r2_HG01074_mat_hprc_r2_v1.0.1	8ea02c39161d20cb	== manifest	1.16 s (GPU decode + copy 0.27)
C558 full	r2_HG01074_pat_hprc_r2_v1.0.1	3320827dc8132400	== manifest	1.12 s (GPU decode + copy 0.27)
C558 full	r2_HG01081_mat_hprc_r2_v1.0.1	b67073ab0e167674	== manifest	1.17 s (GPU decode + copy 0.28)
C558 full	r2_HG01081_pat_hprc_r2_v1.0.1	35666d919a99dc87	== manifest	1.18 s (GPU decode + copy 0.28)
C558 full	r2_HG01099_mat_hprc_r2_v1.0.1	3b2522e1bfe6a382	== manifest	1.15 s (GPU decode + copy 0.28)
C558 full	r2_HG01099_pat_hprc_r2_v1.0.1	eadecc57daccf0a3	== manifest	1.10 s (GPU decode + copy 0.27)
C558 full	r2_HG01106_mat_hprc_r2_v1.0.1	7a8d0050b960991d	== manifest	1.14 s (GPU decode + copy 0.28)
C558 full	r2_HG01106_pat_hprc_r2_v1.0.1	71139ad0d9e3c9a5	== manifest	1.10 s (GPU decode + copy 0.27)
C558 full	r2_HG01109_mat_hprc_r2_v1.0.1	6a2289214f092071	== manifest	1.16 s (GPU decode + copy 0.28)
C558 full	r2_HG01109_pat_hprc_r2_v1.0.1	d9398d4f8a35af93	== manifest	1.12 s (GPU decode + copy 0.27)
C558 full	r2_HG01123_mat_hprc_r2_v1.0.1	662d1394f4d752f1	== manifest	1.16 s (GPU decode + copy 0.28)
C558 full	r2_HG01123_pat_hprc_r2_v1.0.1	3551ea922163bc0a	== manifest	1.16 s (GPU decode + copy 0.28)
C558 full	r2_HG01150_mat_hprc_r2_v1.0.1	91d275e2307c587f	== manifest	1.16 s (GPU decode + copy 0.28)
C558 full	r2_HG01150_pat_hprc_r2_v1.0.1	dac7d61e48833b28	== manifest	1.15 s (GPU decode + copy 0.28)
C558 full	r2_HG01167_hap1_hprc_r2_v1.0.1	46652b7c3534d6a7	== manifest	1.15 s (GPU decode + copy 0.27)
C558 full	r2_HG01167_hap2_hprc_r2_v1.0.1	81fd9b07d01e6726	== manifest	1.17 s (GPU decode + copy 0.28)
C558 full	r2_HG01175_mat_hprc_r2_v1.0.1	85582e10ac3bc799	== manifest	1.18 s (GPU decode + copy 0.28)
C558 full	r2_HG01175_pat_hprc_r2_v1.0.1	4504b4b587c2b58e	== manifest	1.16 s (GPU decode + copy 0.28)
C558 full	r2_HG01192_mat_hprc_r2_v1.0.1	15a0f0a54151be15	== manifest	1.17 s (GPU decode + copy 0.28)
C558 full	r2_HG01192_pat_hprc_r2_v1.0.1	78dae0f041ee127a	== manifest	1.12 s (GPU decode + copy 0.27)
C558 full	r2_HG01243_mat_hprc_r2_v1.0.1	a07ad76009df08b7	== manifest	1.17 s (GPU decode + copy 0.28)
C558 full	r2_HG01243_pat_hprc_r2_v1.0.1	cadf7518e33f62ec	== manifest	1.12 s (GPU decode + copy 0.27)
C558 full	r2_HG01252_mat_hprc_r2_v1.0.1	d3457ae513279b52	== manifest	1.17 s (GPU decode + copy 0.28)
C558 full	r2_HG01252_pat_hprc_r2_v1.0.1	7334d5a555859467	== manifest	1.13 s (GPU decode + copy 0.27)
C558 full	r2_HG01255_mat_hprc_r2_v1.0.1	b9acc4b82de75da2	== manifest	1.17 s (GPU decode + copy 0.28)
C558 full	r2_HG01255_pat_hprc_r2_v1.0.1	3f72f170782a111c	== manifest	1.13 s (GPU decode + copy 0.27)
C558 full	r2_HG01258_mat_hprc_r2_v1.0.1	f48437ed68cf0c24	== manifest	1.17 s (GPU decode + copy 0.28)
C558 full	r2_HG01258_pat_hprc_r2_v1.0.1	7185f2f2775568af	== manifest	1.13 s (GPU decode + copy 0.27)
C558 full	r2_HG01261_mat_hprc_r2_v1.0.1	13d008da971e1bb6	== manifest	1.18 s (GPU decode + copy 0.28)
C558 full	r2_HG01261_pat_hprc_r2_v1.0.1	233732c0685d5ab1	== manifest	1.13 s (GPU decode + copy 0.27)
C558 full	r2_HG01346_mat_hprc_r2_v1.0.1	a96af14b91a702c7	== manifest	1.16 s (GPU decode + copy 0.28)
C558 full	r2_HG01346_pat_hprc_r2_v1.0.1	fba6c20f7931f7e1	== manifest	1.17 s (GPU decode + copy 0.28)
C558 full	r2_HG01358_mat_hprc_r2_v1.0.1	4183cb441269000d	== manifest	1.16 s (GPU decode + copy 0.28)
C558 full	r2_HG01358_pat_hprc_r2_v1.0.1	98d4dc1bc9c309e8	== manifest	1.12 s (GPU decode + copy 0.27)
C558 full	r2_HG01361_mat_hprc_r2_v1.0.1	24685d1a3bc1a585	== manifest	1.16 s (GPU decode + copy 0.28)
C558 full	r2_HG01361_pat_hprc_r2_v1.0.1	b5511f622e06749b	== manifest	1.16 s (GPU decode + copy 0.28)
C558 full	r2_HG01433_mat_hprc_r2_v1.0.1	829ae832b6d48a56	== manifest	1.17 s (GPU decode + copy 0.28)
C558 full	r2_HG01433_pat_hprc_r2_v1.0.1	7f6cdc6ed195843e	== manifest	1.14 s (GPU decode + copy 0.27)
C558 full	r2_HG01496_mat_hprc_r2_v1.0.1	ddba28a71bbcc35c	== manifest	1.18 s (GPU decode + copy 0.28)
C558 full	r2_HG01496_pat_hprc_r2_v1.0.1	edb4e7b99f5fd83b	== manifest	1.19 s (GPU decode + copy 0.28)
C558 full	r2_HG01530_hap1_hprc_r2_v1.0.1	1a94d8b23c67299d	== manifest	1.12 s (GPU decode + copy 0.27)
C558 full	r2_HG01530_hap2_hprc_r2_v1.0.1	641480b10502339b	== manifest	1.16 s (GPU decode + copy 0.28)
C558 full	r2_HG01784_hap1_hprc_r2_v1.0.1	f94a6bd76aa5302f	== manifest	1.17 s (GPU decode + copy 0.28)
C558 full	r2_HG01784_hap2_hprc_r2_v1.0.1	0c839bf975d85b6f	== manifest	1.16 s (GPU decode + copy 0.27)
C558 full	r2_HG01786_hap1_hprc_r2_v1.0.1	bfc205e05fbf22ec	== manifest	1.16 s (GPU decode + copy 0.28)
C558 full	r2_HG01786_hap2_hprc_r2_v1.0.1	d5101e0be564d963	== manifest	1.16 s (GPU decode + copy 0.28)
C558 full	r2_HG01884_mat_hprc_r2_v1.0.1	4935705cd2f89259	== manifest	1.17 s (GPU decode + copy 0.28)
C558 full	r2_HG01884_pat_hprc_r2_v1.0.1	60ce8929965fc651	== manifest	1.17 s (GPU decode + copy 0.28)
C558 full	r2_HG01891_mat_hprc_r2_v1.0.1	3405545b0c65e269	== manifest	1.16 s (GPU decode + copy 0.28)
C558 full	r2_HG01891_pat_hprc_r2_v1.0.1	e2832adae69b55d9	== manifest	1.17 s (GPU decode + copy 0.28)
C558 full	r2_HG01928_mat_hprc_r2_v1.0.1	b86c123a7c18f89a	== manifest	1.17 s (GPU decode + copy 0.28)
C558 full	r2_HG01928_pat_hprc_r2_v1.0.1	d9fe588a45605371	== manifest	1.12 s (GPU decode + copy 0.27)
C558 full	r2_HG01934_mat_hprc_r2_v1.0.1	b6b64b418b4b04fd	== manifest	1.17 s (GPU decode + copy 0.28)
C558 full	r2_HG01934_pat_hprc_r2_v1.0.1	db06e2b4bb190625	== manifest	1.14 s (GPU decode + copy 0.27)
C558 full	r2_HG01940_mat_hprc_r2_v1.0.1	bb30de7a621867a6	== manifest	1.18 s (GPU decode + copy 0.28)
C558 full	r2_HG01940_pat_hprc_r2_v1.0.1	2b95f6689c80eba1	== manifest	1.17 s (GPU decode + copy 0.28)
C558 full	r2_HG01943_mat_hprc_r2_v1.0.1	1da6fd529c51425c	== manifest	1.17 s (GPU decode + copy 0.28)
C558 full	r2_HG01943_pat_hprc_r2_v1.0.1	bda8ab9dd002ee75	== manifest	1.12 s (GPU decode + copy 0.27)
C558 full	r2_HG01952_mat_hprc_r2_v1.0.1	b861876ecf967417	== manifest	1.16 s (GPU decode + copy 0.28)
C558 full	r2_HG01952_pat_hprc_r2_v1.0.1	5af90c9d34bcebf8	== manifest	1.12 s (GPU decode + copy 0.27)
C558 full	r2_HG01960_mat_hprc_r2_v1.0.1	b67140e0f4c2a2a1	== manifest	1.16 s (GPU decode + copy 0.28)
C558 full	r2_HG01960_pat_hprc_r2_v1.0.1	a5025f601b8c9111	== manifest	1.17 s (GPU decode + copy 0.28)
C558 full	r2_HG01969_mat_hprc_r2_v1.0.1	692cb4214deefe0c	== manifest	1.16 s (GPU decode + copy 0.28)
C558 full	r2_HG01969_pat_hprc_r2_v1.0.1	a80373d89200da8a	== manifest	1.17 s (GPU decode + copy 0.28)
C558 full	r2_HG01975_mat_hprc_r2_v1.0.1	87df12d848f452d6	== manifest	1.18 s (GPU decode + copy 0.28)
C558 full	r2_HG01975_pat_hprc_r2_v1.0.1	584f1d84d4567dac	== manifest	1.16 s (GPU decode + copy 0.28)
C558 full	r2_HG01978_mat_hprc_r2_v1.1.0	4cbcf438d8e2f78f	== manifest	1.17 s (GPU decode + copy 0.28)
C558 full	r2_HG01978_pat_hprc_r2_v1.1.0	b3cd959ec77f735b	== manifest	1.17 s (GPU decode + copy 0.28)
C558 full	r2_HG01981_mat_hprc_r2_v1.0.1	8c62855d08f8e420	== manifest	1.17 s (GPU decode + copy 0.28)
C558 full	r2_HG01981_pat_hprc_r2_v1.0.1	8529578a00b7e0a8	== manifest	1.17 s (GPU decode + copy 0.28)
C558 full	r2_HG01993_mat_hprc_r2_v1.0.1	f6209cd3e40a9535	== manifest	1.16 s (GPU decode + copy 0.28)
C558 full	r2_HG01993_pat_hprc_r2_v1.0.1	be5fa3f451f41aab	== manifest	1.16 s (GPU decode + copy 0.28)
C558 full	r2_HG02004_mat_hprc_r2_v1.0.1	fcac32411d4f2fff	== manifest	1.15 s (GPU decode + copy 0.28)
C558 full	r2_HG02004_pat_hprc_r2_v1.0.1	125b19b86e0a8329	== manifest	1.16 s (GPU decode + copy 0.28)
C558 full	r2_HG02015_mat_hprc_r2_v1.0.1	26fdbb6e6853c885	== manifest	1.16 s (GPU decode + copy 0.28)
C558 full	r2_HG02015_pat_hprc_r2_v1.0.1	2e0b1587fe434aaa	== manifest	1.12 s (GPU decode + copy 0.27)
C558 full	r2_HG02027_mat_hprc_r2_v1.0.1	8390475382d5d76e	== manifest	1.18 s (GPU decode + copy 0.28)
C558 full	r2_HG02027_pat_hprc_r2_v1.0.1	091a13ab8c11bb21	== manifest	1.15 s (GPU decode + copy 0.27)
C558 full	r2_HG02040_hap1_hprc_r2_v1.0.1	d9607d0bf2b3451c	== manifest	1.14 s (GPU decode + copy 0.27)
C558 full	r2_HG02040_hap2_hprc_r2_v1.0.1	1cb1f93ba53b8c3a	== manifest	1.18 s (GPU decode + copy 0.28)
C558 full	r2_HG02055_mat_hprc_r2_v1.0.1	38d932870bd708b7	== manifest	1.16 s (GPU decode + copy 0.28)
C558 full	r2_HG02055_pat_hprc_r2_v1.0.1	15a92fac74f2fa52	== manifest	1.14 s (GPU decode + copy 0.27)
C558 full	r2_HG02056_mat_hprc_r2_v1.0.1	569966bbe861567f	== manifest	1.16 s (GPU decode + copy 0.28)
C558 full	r2_HG02056_pat_hprc_r2_v1.0.1	84ca56c53a6ff7dc	== manifest	1.13 s (GPU decode + copy 0.27)
C558 full	r2_HG02071_mat_hprc_r2_v1.0.1	935de6645ebd4042	== manifest	1.17 s (GPU decode + copy 0.28)
C558 full	r2_HG02071_pat_hprc_r2_v1.0.1	188f4f03ff2787cf	== manifest	1.12 s (GPU decode + copy 0.27)
C558 full	r2_HG02074_mat_hprc_r2_v1.0.1	b33ad79dcf063727	== manifest	1.16 s (GPU decode + copy 0.28)
C558 full	r2_HG02074_pat_hprc_r2_v1.0.1	b5bcf76827747e87	== manifest	1.13 s (GPU decode + copy 0.27)
C558 full	r2_HG02080_mat_hprc_r2_v1.0.1	5e2db8f616305b40	== manifest	1.17 s (GPU decode + copy 0.28)
C558 full	r2_HG02080_pat_hprc_r2_v1.0.1	ea9067ce92377eca	== manifest	1.16 s (GPU decode + copy 0.28)
C558 full	r2_HG02083_mat_hprc_r2_v1.0.1	e7e8db28e573b0ca	== manifest	1.16 s (GPU decode + copy 0.28)
C558 full	r2_HG02083_pat_hprc_r2_v1.0.1	5f16130b23dfe2bf	== manifest	1.11 s (GPU decode + copy 0.27)
C558 full	r2_HG02109_mat_hprc_r2_v1.0.1	488011d8abdf5db1	== manifest	1.17 s (GPU decode + copy 0.28)
C558 full	r2_HG02109_pat_hprc_r2_v1.0.1	2ac5ebc1abee3e67	== manifest	1.17 s (GPU decode + copy 0.28)
C558 full	r2_HG02129_mat_hprc_r2_v1.0.1	20ac22323ca459e0	== manifest	1.16 s (GPU decode + copy 0.27)
C558 full	r2_HG02129_pat_hprc_r2_v1.0.1	eeffb68fff783967	== manifest	1.13 s (GPU decode + copy 0.27)
C558 full	r2_HG02132_mat_hprc_r2_v1.0.1	2045b20af9fee73a	== manifest	1.16 s (GPU decode + copy 0.28)
C558 full	r2_HG02132_pat_hprc_r2_v1.0.1	dabded18f7fb2d1f	== manifest	1.12 s (GPU decode + copy 0.27)
C558 full	r2_HG02135_mat_hprc_r2_v1.0.1	91e15ec6f7e84946	== manifest	1.16 s (GPU decode + copy 0.28)
C558 full	r2_HG02135_pat_hprc_r2_v1.0.1	ba1d6f86fd81b17f	== manifest	1.13 s (GPU decode + copy 0.27)
C558 full	r2_HG02145_mat_hprc_r2_v1.0.1	595bfe612c6d5c79	== manifest	1.17 s (GPU decode + copy 0.28)
C558 full	r2_HG02145_pat_hprc_r2_v1.0.1	6882e8672d79f52e	== manifest	1.14 s (GPU decode + copy 0.27)
C558 full	r2_HG02148_mat_hprc_r2_v1.0.1	79aeca54e82bd5c5	== manifest	1.17 s (GPU decode + copy 0.28)
C558 full	r2_HG02148_pat_hprc_r2_v1.0.1	d377668bad966425	== manifest	1.18 s (GPU decode + copy 0.28)
C558 full	r2_HG02155_hap1_hprc_r2_v1.0.1	5e7c053a194bee19	== manifest	1.18 s (GPU decode + copy 0.28)
C558 full	r2_HG02155_hap2_hprc_r2_v1.0.1	0e7b8e1becac8cbc	== manifest	1.17 s (GPU decode + copy 0.28)
C558 full	r2_HG02165_hap1_hprc_r2_v1.0.1	f26d9f8a95830b2a	== manifest	1.17 s (GPU decode + copy 0.28)
C558 full	r2_HG02165_hap2_hprc_r2_v1.0.1	b72ace2f91879d44	== manifest	1.17 s (GPU decode + copy 0.28)
C558 full	r2_HG02178_hap1_hprc_r2_v1.0.1	c77d5fa30d4e3468	== manifest	1.16 s (GPU decode + copy 0.27)
C558 full	r2_HG02178_hap2_hprc_r2_v1.0.1	ca9d024cea4d83a6	== manifest	1.18 s (GPU decode + copy 0.28)
C558 full	r2_HG02257_mat_hprc_r2_v1.1.0	e08c67da359a56be	== manifest	1.17 s (GPU decode + copy 0.28)
C558 full	r2_HG02257_pat_hprc_r2_v1.1.0	715a4a168c995dfe	== manifest	1.17 s (GPU decode + copy 0.28)
C558 full	r2_HG02258_mat_hprc_r2_v1.0.1	332fe54689a07a40	== manifest	1.17 s (GPU decode + copy 0.28)
C558 full	r2_HG02258_pat_hprc_r2_v1.0.1	8de37aa033816839	== manifest	1.14 s (GPU decode + copy 0.27)
C558 full	r2_HG02273_hap1_hprc_r2_v1.0.1	32e09753f7951eb3	== manifest	1.18 s (GPU decode + copy 0.28)
C558 full	r2_HG02273_hap2_hprc_r2_v1.0.1	91cdd29350f8dad8	== manifest	1.18 s (GPU decode + copy 0.28)
C558 full	r2_HG02280_mat_hprc_r2_v1.0.1	b21acb83de87f51e	== manifest	1.19 s (GPU decode + copy 0.28)
C558 full	r2_HG02280_pat_hprc_r2_v1.0.1	c236804b40198fd8	== manifest	1.18 s (GPU decode + copy 0.28)
C558 full	r2_HG02293_mat_hprc_r2_v1.0.1	a527eedc64f59297	== manifest	1.17 s (GPU decode + copy 0.28)
C558 full	r2_HG02293_pat_hprc_r2_v1.0.1	02d31975c6a9798e	== manifest	1.17 s (GPU decode + copy 0.28)
C558 full	r2_HG02300_mat_hprc_r2_v1.0.1	08716c707cf55c5e	== manifest	1.17 s (GPU decode + copy 0.28)
C558 full	r2_HG02300_pat_hprc_r2_v1.0.1	e5d516a282561ee9	== manifest	1.17 s (GPU decode + copy 0.28)
C558 full	r2_HG02391_hap1_hprc_r2_v1.0.1	e8efce1f4b2526ee	== manifest	1.14 s (GPU decode + copy 0.27)
C558 full	r2_HG02391_hap2_hprc_r2_v1.0.1	8808a4cad075bb4b	== manifest	1.17 s (GPU decode + copy 0.28)
C558 full	r2_HG02392_hap1_hprc_r2_v1.0.1	bb2f04a1bef99c27	== manifest	1.13 s (GPU decode + copy 0.27)
C558 full	r2_HG02392_hap2_hprc_r2_v1.0.1	f54731e918881e01	== manifest	1.16 s (GPU decode + copy 0.28)
C558 full	r2_HG02451_mat_hprc_r2_v1.0.1	1a3bc51611975b7c	== manifest	1.16 s (GPU decode + copy 0.28)
C558 full	r2_HG02451_pat_hprc_r2_v1.0.1	c0e37553e4eec4a3	== manifest	1.16 s (GPU decode + copy 0.28)
C558 full	r2_HG02486_mat_hprc_r2_v1.0.1	fe6a4393fdb6eab7	== manifest	1.17 s (GPU decode + copy 0.28)
C558 full	r2_HG02486_pat_hprc_r2_v1.0.1	16ffbddbd27d2efa	== manifest	1.13 s (GPU decode + copy 0.27)
C558 full	r2_HG02514_mat_hprc_r2_v1.0.1	34722f2236a077fb	== manifest	1.15 s (GPU decode + copy 0.27)
C558 full	r2_HG02514_pat_hprc_r2_v1.0.1	c096f69bbfcdcc29	== manifest	1.12 s (GPU decode + copy 0.27)
C558 full	r2_HG02523_mat_hprc_r2_v1.0.1	e92f829a413e61a9	== manifest	1.14 s (GPU decode + copy 0.28)
C558 full	r2_HG02523_pat_hprc_r2_v1.0.1	a35319fd046ce551	== manifest	1.14 s (GPU decode + copy 0.28)
C558 full	r2_HG02559_mat_hprc_r2_v1.0.1	5260ec7d559f453b	== manifest	1.15 s (GPU decode + copy 0.28)
C558 full	r2_HG02559_pat_hprc_r2_v1.0.1	630aaa6ab90298cb	== manifest	1.17 s (GPU decode + copy 0.28)
C558 full	r2_HG02572_mat_hprc_r2_v1.0.1	070071f7f1ff9a1d	== manifest	1.17 s (GPU decode + copy 0.28)
C558 full	r2_HG02572_pat_hprc_r2_v1.0.1	2cc715243b2f03ad	== manifest	1.12 s (GPU decode + copy 0.27)
C558 full	r2_HG02583_hap1_hprc_r2_v1.0.1	da328b1c599e657c	== manifest	1.18 s (GPU decode + copy 0.28)
C558 full	r2_HG02583_hap2_hprc_r2_v1.0.1	996abc6b2e9caf77	== manifest	1.18 s (GPU decode + copy 0.28)
C558 full	r2_HG02602_mat_hprc_r2_v1.0.1	7945a5a5a1f83892	== manifest	1.17 s (GPU decode + copy 0.28)
C558 full	r2_HG02602_pat_hprc_r2_v1.0.1	848235db79661270	== manifest	1.14 s (GPU decode + copy 0.27)
C558 full	r2_HG02615_mat_hprc_r2_v1.0.1	94aba103b97c9570	== manifest	1.17 s (GPU decode + copy 0.28)
C558 full	r2_HG02615_pat_hprc_r2_v1.0.1	a334041666dbc90d	== manifest	1.16 s (GPU decode + copy 0.28)
C558 full	r2_HG02622_mat_hprc_r2_v1.0.1	5982ee1795af9b09	== manifest	1.17 s (GPU decode + copy 0.28)
C558 full	r2_HG02622_pat_hprc_r2_v1.0.1	b3ca3469c016fa5c	== manifest	1.16 s (GPU decode + copy 0.28)
C558 full	r2_HG02630_mat_hprc_r2_v1.0.1	13af9df36e06249d	== manifest	1.14 s (GPU decode + copy 0.28)
C558 full	r2_HG02630_pat_hprc_r2_v1.0.1	8a83ce6ddbd77d5b	== manifest	1.15 s (GPU decode + copy 0.28)
C558 full	r2_HG02647_mat_hprc_r2_v1.0.1	3ab1ff3241c2cec1	== manifest	1.15 s (GPU decode + copy 0.28)
C558 full	r2_HG02647_pat_hprc_r2_v1.0.1	359a586ca6043319	== manifest	1.11 s (GPU decode + copy 0.27)
C558 full	r2_HG02668_mat_hprc_r2_v1.0.1	0aa718ccb62b50f1	== manifest	1.14 s (GPU decode + copy 0.28)
C558 full	r2_HG02668_pat_hprc_r2_v1.0.1	0bf1b2c1bfcc318f	== manifest	1.13 s (GPU decode + copy 0.27)
C558 full	r2_HG02698_mat_hprc_r2_v1.0.1	0a1071aee21c085e	== manifest	1.17 s (GPU decode + copy 0.28)
C558 full	r2_HG02698_pat_hprc_r2_v1.0.1	5016e7073fbaa0e5	== manifest	1.13 s (GPU decode + copy 0.26)
C558 full	r2_HG02717_mat_hprc_r2_v1.0.1	c84bf9303e339472	== manifest	1.18 s (GPU decode + copy 0.28)
C558 full	r2_HG02717_pat_hprc_r2_v1.0.1	17c281f3abef5524	== manifest	1.11 s (GPU decode + copy 0.27)
C558 full	r2_HG02723_mat_hprc_r2_v1.0.1	e5fbc5122d97a9a6	== manifest	1.14 s (GPU decode + copy 0.28)
C558 full	r2_HG02723_pat_hprc_r2_v1.0.1	b6584dc314264a82	== manifest	1.15 s (GPU decode + copy 0.28)
C558 full	r2_HG02735_mat_hprc_r2_v1.0.1	9bdb15cc58f9ebfd	== manifest	1.14 s (GPU decode + copy 0.28)
C558 full	r2_HG02735_pat_hprc_r2_v1.0.1	cf6b902923a3c3b7	== manifest	1.13 s (GPU decode + copy 0.27)
C558 full	r2_HG02738_mat_hprc_r2_v1.0.1	944933f95aae3aac	== manifest	1.16 s (GPU decode + copy 0.28)
C558 full	r2_HG02738_pat_hprc_r2_v1.0.1	7385a8854af6d703	== manifest	1.13 s (GPU decode + copy 0.27)
C558 full	r2_HG02809_mat_hprc_r2_v1.0.1	ee1bb2061f8265a1	== manifest	1.17 s (GPU decode + copy 0.28)
C558 full	r2_HG02809_pat_hprc_r2_v1.0.1	55e2d466095ced94	== manifest	1.17 s (GPU decode + copy 0.28)
C558 full	r2_HG02818_mat_hprc_r2_v1.0.1	885283357b323257	== manifest	1.18 s (GPU decode + copy 0.28)
C558 full	r2_HG02818_pat_hprc_r2_v1.0.1	77a68ac5bb6242bc	== manifest	1.17 s (GPU decode + copy 0.28)
C558 full	r2_HG02841_mat_hprc_r2_v1.0.1	a9f6e35e9778c7cb	== manifest	1.17 s (GPU decode + copy 0.28)
C558 full	r2_HG02841_pat_hprc_r2_v1.0.1	5f56504c230c0f73	== manifest	1.18 s (GPU decode + copy 0.28)
C558 full	r2_HG02886_mat_hprc_r2_v1.0.1	11ce58001ff84a5e	== manifest	1.17 s (GPU decode + copy 0.28)
C558 full	r2_HG02886_pat_hprc_r2_v1.0.1	208706a290ff6622	== manifest	1.17 s (GPU decode + copy 0.28)
C558 full	r2_HG02922_hap1_hprc_r2_v1.0.1	dc6e46d1deaf020d	== manifest	1.18 s (GPU decode + copy 0.28)
C558 full	r2_HG02922_hap2_hprc_r2_v1.0.1	aa92dbe86df7c6ea	== manifest	1.16 s (GPU decode + copy 0.28)
C558 full	r2_HG02965_hap1_hprc_r2_v1.0.1	63e4145d5f2d620e	== manifest	1.13 s (GPU decode + copy 0.27)
C558 full	r2_HG02965_hap2_hprc_r2_v1.0.1	65298bcbbb84f036	== manifest	1.18 s (GPU decode + copy 0.28)
C558 full	r2_HG02976_hap1_hprc_r2_v1.0.1	c3201c96ebd2b446	== manifest	1.17 s (GPU decode + copy 0.28)
C558 full	r2_HG02976_hap2_hprc_r2_v1.0.1	2dc2279e333b06e5	== manifest	1.17 s (GPU decode + copy 0.28)
C558 full	r2_HG02984_mat_hprc_r2_v1.0.1	3827babff0b46e4a	== manifest	1.18 s (GPU decode + copy 0.28)
C558 full	r2_HG02984_pat_hprc_r2_v1.0.1	1014c5e3225cae8c	== manifest	1.12 s (GPU decode + copy 0.27)
C558 full	r2_HG03017_mat_hprc_r2_v1.0.1	a458f675b8b65a4f	== manifest	1.16 s (GPU decode + copy 0.28)
C558 full	r2_HG03017_pat_hprc_r2_v1.0.1	72c7127d7e51180a	== manifest	1.14 s (GPU decode + copy 0.27)
C558 full	r2_HG03041_mat_hprc_r2_v1.0.1	fe88d8ac17730bf3	== manifest	1.17 s (GPU decode + copy 0.28)
C558 full	r2_HG03041_pat_hprc_r2_v1.0.1	20a05aa3bf696968	== manifest	1.17 s (GPU decode + copy 0.28)
C558 full	r2_HG03050_mat_hprc_r2_v1.0.1	c9422686dc6074cf	== manifest	1.17 s (GPU decode + copy 0.28)
C558 full	r2_HG03050_pat_hprc_r2_v1.0.1	1a4f1ac6944dbf18	== manifest	1.13 s (GPU decode + copy 0.27)
C558 full	r2_HG03098_mat_hprc_r2_v1.0.1	75a339a9ad630f8a	== manifest	1.18 s (GPU decode + copy 0.28)
C558 full	r2_HG03098_pat_hprc_r2_v1.0.1	ede7786472f4a089	== manifest	1.13 s (GPU decode + copy 0.27)
C558 full	r2_HG03130_hap1_hprc_r2_v1.0.1	c1b3b150a5c691c8	== manifest	1.12 s (GPU decode + copy 0.27)
C558 full	r2_HG03130_hap2_hprc_r2_v1.0.1	86610dafef5cc939	== manifest	1.17 s (GPU decode + copy 0.28)
C558 full	r2_HG03139_hap1_hprc_r2_v1.0.1	fc82151696355866	== manifest	1.13 s (GPU decode + copy 0.27)
C558 full	r2_HG03139_hap2_hprc_r2_v1.0.1	e4f881839c4f7b48	== manifest	1.17 s (GPU decode + copy 0.28)
C558 full	r2_HG03195_hap1_hprc_r2_v1.0.1	56e45fe61523ac75	== manifest	1.18 s (GPU decode + copy 0.28)
C558 full	r2_HG03195_hap2_hprc_r2_v1.0.1	2facc3da1f48d06d	== manifest	1.18 s (GPU decode + copy 0.28)
C558 full	r2_HG03209_hap1_hprc_r2_v1.0.1	25ff5bf70f451be9	== manifest	1.14 s (GPU decode + copy 0.27)
C558 full	r2_HG03209_hap2_hprc_r2_v1.0.1	a08a71730a8c1e85	== manifest	1.17 s (GPU decode + copy 0.28)
C558 full	r2_HG03225_hap1_hprc_r2_v1.0.1	98acb1fb8f592b23	== manifest	1.12 s (GPU decode + copy 0.27)
C558 full	r2_HG03225_hap2_hprc_r2_v1.0.1	1541c126c0a20b67	== manifest	1.15 s (GPU decode + copy 0.28)
C558 full	r2_HG03239_mat_hprc_r2_v1.0.1	38bea91d4f140bb4	== manifest	1.14 s (GPU decode + copy 0.28)
C558 full	r2_HG03239_pat_hprc_r2_v1.0.1	6610b6c1b99d02d2	== manifest	1.14 s (GPU decode + copy 0.28)
C558 full	r2_HG03270_hap1_hprc_r2_v1.0.1	e9999ab914628a7c	== manifest	1.15 s (GPU decode + copy 0.28)
C558 full	r2_HG03270_hap2_hprc_r2_v1.0.1	9a9a167aa2ba7dba	== manifest	1.15 s (GPU decode + copy 0.28)
C558 full	r2_HG03369_hap1_hprc_r2_v1.0.1	602a08c2fdc07f86	== manifest	1.15 s (GPU decode + copy 0.28)
C558 full	r2_HG03369_hap2_hprc_r2_v1.0.1	1d2d48906008242d	== manifest	1.14 s (GPU decode + copy 0.28)
C558 full	r2_HG03453_mat_hprc_r2_v1.0.1	24221ef25ceeefaa	== manifest	1.17 s (GPU decode + copy 0.28)
C558 full	r2_HG03453_pat_hprc_r2_v1.0.1	c8cf174af590f118	== manifest	1.16 s (GPU decode + copy 0.28)
C558 full	r2_HG03470_hap1_hprc_r2_v1.0.1	5ad32884a0219347	== manifest	1.17 s (GPU decode + copy 0.28)
C558 full	r2_HG03470_hap2_hprc_r2_v1.0.1	a48f236b5c22b36b	== manifest	1.17 s (GPU decode + copy 0.28)
C558 full	r2_HG03471_hap1_hprc_r2_v1.0.1	b192882776af2f97	== manifest	1.13 s (GPU decode + copy 0.28)
C558 full	r2_HG03471_hap2_hprc_r2_v1.0.1	4f5ce05b926d2e6c	== manifest	1.16 s (GPU decode + copy 0.28)
C558 full	r2_HG03486_mat_hprc_r2_v1.0.1	fda3e07a90d70b3b	== manifest	1.16 s (GPU decode + copy 0.28)
C558 full	r2_HG03486_pat_hprc_r2_v1.0.1	4b06df9b9f599579	== manifest	1.17 s (GPU decode + copy 0.28)
C558 full	r2_HG03516_mat_hprc_r2_v1.1.0	5289607dc06de40b	== manifest	1.14 s (GPU decode + copy 0.28)
C558 full	r2_HG03516_pat_hprc_r2_v1.1.0	5b09c2fca5ec631d	== manifest	1.16 s (GPU decode + copy 0.28)
C558 full	r2_HG03521_hap1_hprc_r2_v1.0.1	6b583974f739cada	== manifest	1.11 s (GPU decode + copy 0.27)
C558 full	r2_HG03521_hap2_hprc_r2_v1.0.1	2576a11960214883	== manifest	1.17 s (GPU decode + copy 0.29)
C558 full	r2_HG03540_mat_hprc_r2_v1.0.1	8dd4acc0e4014608	== manifest	1.16 s (GPU decode + copy 0.28)
C558 full	r2_HG03540_pat_hprc_r2_v1.0.1	fefc8bc5300d0f1b	== manifest	1.17 s (GPU decode + copy 0.28)
C558 full	r2_HG03579_mat_hprc_r2_v1.0.1	57a8ba8c4d78fb95	== manifest	1.17 s (GPU decode + copy 0.28)
C558 full	r2_HG03579_pat_hprc_r2_v1.0.1	69995f450b2d5a1b	== manifest	1.14 s (GPU decode + copy 0.27)
C558 full	r2_HG03583_hap1_hprc_r2_v1.0.1	feb944b4c84ea79e	== manifest	1.17 s (GPU decode + copy 0.28)
C558 full	r2_HG03583_hap2_hprc_r2_v1.0.1	98086afcad8a531a	== manifest	1.14 s (GPU decode + copy 0.28)
C558 full	r2_HG03654_mat_hprc_r2_v1.0.1	32a8aa131beb3326	== manifest	1.16 s (GPU decode + copy 0.28)
C558 full	r2_HG03654_pat_hprc_r2_v1.0.1	3917ea1c1c690c2c	== manifest	1.11 s (GPU decode + copy 0.27)
C558 full	r2_HG03669_mat_hprc_r2_v1.0.1	f4111706b8ada66a	== manifest	1.15 s (GPU decode + copy 0.28)
C558 full	r2_HG03669_pat_hprc_r2_v1.0.1	33c1ea9ae31b051a	== manifest	1.16 s (GPU decode + copy 0.28)
C558 full	r2_HG03688_mat_hprc_r2_v1.0.1	38a372338ea34fc3	== manifest	1.16 s (GPU decode + copy 0.28)
C558 full	r2_HG03688_pat_hprc_r2_v1.0.1	3a1708243ba26fe1	== manifest	1.12 s (GPU decode + copy 0.27)
C558 full	r2_HG03704_mat_hprc_r2_v1.0.1	5c4213a4387c6c9d	== manifest	1.17 s (GPU decode + copy 0.28)
C558 full	r2_HG03704_pat_hprc_r2_v1.0.1	298f9f5dfbd3805e	== manifest	1.17 s (GPU decode + copy 0.28)
C558 full	r2_HG03710_mat_hprc_r2_v1.0.1	dee5a1a2ebd55cc8	== manifest	1.16 s (GPU decode + copy 0.28)
C558 full	r2_HG03710_pat_hprc_r2_v1.0.1	2952d94331bf24d3	== manifest	1.11 s (GPU decode + copy 0.27)
C558 full	r2_HG03742_hap1_hprc_r2_v1.0.1	8d94e9180b942472	== manifest	1.14 s (GPU decode + copy 0.27)
C558 full	r2_HG03742_hap2_hprc_r2_v1.0.1	5af1708a66f10408	== manifest	1.16 s (GPU decode + copy 0.28)
C558 full	r2_HG03784_hap1_hprc_r2_v1.0.1	7641df2996afda21	== manifest	1.16 s (GPU decode + copy 0.28)
C558 full	r2_HG03784_hap2_hprc_r2_v1.0.1	3221de62a16670d5	== manifest	1.14 s (GPU decode + copy 0.28)
C558 full	r2_HG03804_mat_hprc_r2_v1.0.1	94681ff2d371874f	== manifest	1.17 s (GPU decode + copy 0.28)
C558 full	r2_HG03804_pat_hprc_r2_v1.0.1	5a099516ccdc0989	== manifest	1.15 s (GPU decode + copy 0.28)
C558 full	r2_HG03816_mat_hprc_r2_v1.0.1	964affa815574ce1	== manifest	1.14 s (GPU decode + copy 0.28)
C558 full	r2_HG03816_pat_hprc_r2_v1.0.1	232ef5bf951c7105	== manifest	1.17 s (GPU decode + copy 0.28)
C558 full	r2_HG03831_mat_hprc_r2_v1.0.1	fa0cda684803d5b1	== manifest	1.16 s (GPU decode + copy 0.28)
C558 full	r2_HG03831_pat_hprc_r2_v1.0.1	1523ecf484ef84d8	== manifest	1.16 s (GPU decode + copy 0.28)
C558 full	r2_HG03834_mat_hprc_r2_v1.0.1	11e3a7f3d2447e1a	== manifest	1.17 s (GPU decode + copy 0.28)
C558 full	r2_HG03834_pat_hprc_r2_v1.0.1	61038e99eaf8ba28	== manifest	1.17 s (GPU decode + copy 0.28)
C558 full	r2_HG03874_hap1_hprc_r2_v1.0.1	85d873a7cfff1359	== manifest	1.16 s (GPU decode + copy 0.28)
C558 full	r2_HG03874_hap2_hprc_r2_v1.0.1	a859c9522d9348d6	== manifest	1.17 s (GPU decode + copy 0.28)
C558 full	r2_HG03927_mat_hprc_r2_v1.0.1	5736d720c262ae62	== manifest	1.16 s (GPU decode + copy 0.28)
C558 full	r2_HG03927_pat_hprc_r2_v1.0.1	5dd60328e73663c7	== manifest	1.16 s (GPU decode + copy 0.28)
C558 full	r2_HG03942_mat_hprc_r2_v1.0.1	4cc9532215885cde	== manifest	1.16 s (GPU decode + copy 0.28)
C558 full	r2_HG03942_pat_hprc_r2_v1.0.1	25b910e2ddf2b217	== manifest	1.12 s (GPU decode + copy 0.27)
C558 full	r2_HG04115_mat_hprc_r2_v1.0.1	bd09955fcbe4b4bf	== manifest	1.17 s (GPU decode + copy 0.28)
C558 full	r2_HG04115_pat_hprc_r2_v1.0.1	d80bb7ca3492bde9	== manifest	1.13 s (GPU decode + copy 0.27)
C558 full	r2_HG04157_mat_hprc_r2_v1.0.1	f026e8d7dfa28091	== manifest	1.15 s (GPU decode + copy 0.27)
C558 full	r2_HG04157_pat_hprc_r2_v1.0.1	1133a9210ea43e5c	== manifest	1.13 s (GPU decode + copy 0.27)
C558 full	r2_HG04160_mat_hprc_r2_v1.0.1	1354f4b1227eb8df	== manifest	1.16 s (GPU decode + copy 0.28)
C558 full	r2_HG04160_pat_hprc_r2_v1.0.1	e3cebd14d04dbd59	== manifest	1.13 s (GPU decode + copy 0.27)
C558 full	r2_HG04184_mat_hprc_r2_v1.0.1	774ee2656135d77d	== manifest	1.17 s (GPU decode + copy 0.28)
C558 full	r2_HG04184_pat_hprc_r2_v1.0.1	cba5e297b49d7ec2	== manifest	1.18 s (GPU decode + copy 0.28)
C558 full	r2_HG04187_mat_hprc_r2_v1.0.1	9d2d634bcd9d20b1	== manifest	1.17 s (GPU decode + copy 0.28)
C558 full	r2_HG04187_pat_hprc_r2_v1.0.1	efb23cc963235612	== manifest	1.12 s (GPU decode + copy 0.26)
C558 full	r2_HG04199_mat_hprc_r2_v1.0.1	8484376d8be51c23	== manifest	1.16 s (GPU decode + copy 0.28)
C558 full	r2_HG04199_pat_hprc_r2_v1.0.1	8b52bd531642dc0a	== manifest	1.12 s (GPU decode + copy 0.27)
C558 full	r2_HG04204_mat_hprc_r2_v1.0.1	7d69117e8d011b04	== manifest	1.16 s (GPU decode + copy 0.28)
C558 full	r2_HG04204_pat_hprc_r2_v1.0.1	9c4ea6ffbd08c5fa	== manifest	1.12 s (GPU decode + copy 0.27)
C558 full	r2_HG04228_mat_hprc_r2_v1.0.1	1e06c4f6e4f19704	== manifest	1.16 s (GPU decode + copy 0.27)
C558 full	r2_HG04228_pat_hprc_r2_v1.0.1	9eb81b3406efe5cb	== manifest	1.12 s (GPU decode + copy 0.27)
C558 full	r2_HG06807_mat_v1	49c76a0d41f655f7	== manifest	1.16 s (GPU decode + copy 0.28)
C558 full	r2_HG06807_pat_v1	e0cae48f7e397f49	== manifest	1.17 s (GPU decode + copy 0.28)
C558 full	r2_NA18505_hap1_hprc_r2_v1.0.1	3370e32c8d95fe1f	== manifest	1.17 s (GPU decode + copy 0.28)
C558 full	r2_NA18505_hap2_hprc_r2_v1.0.1	32ec255d47becc7e	== manifest	1.17 s (GPU decode + copy 0.28)
C558 full	r2_NA18508_hap1_hprc_r2_v1.0.1	c692f46d92d615e8	== manifest	1.17 s (GPU decode + copy 0.28)
C558 full	r2_NA18508_hap2_hprc_r2_v1.0.1	d3c703933591acd2	== manifest	1.16 s (GPU decode + copy 0.28)
C558 full	r2_NA18522_hap1_hprc_r2_v1.0.1	ed0c3f39aee82951	== manifest	1.13 s (GPU decode + copy 0.27)
C558 full	r2_NA18522_hap2_hprc_r2_v1.0.1	a73f60d4e334358e	== manifest	1.16 s (GPU decode + copy 0.28)
C558 full	r2_NA18565_hap1_hprc_r2_v1.0.1	ce661921cc86f2e0	== manifest	1.16 s (GPU decode + copy 0.28)
C558 full	r2_NA18565_hap2_hprc_r2_v1.0.1	a50abe9c9b52db9f	== manifest	1.16 s (GPU decode + copy 0.28)
C558 full	r2_NA18570_hap1_hprc_r2_v1.0.1	2c8c65103243359a	== manifest	1.17 s (GPU decode + copy 0.28)
C558 full	r2_NA18570_hap2_hprc_r2_v1.0.1	54ebbd823c00ed18	== manifest	1.17 s (GPU decode + copy 0.28)
C558 full	r2_NA18608_hap1_hprc_r2_v1.0.1	be3573fcc923ce82	== manifest	1.12 s (GPU decode + copy 0.27)
C558 full	r2_NA18608_hap2_hprc_r2_v1.0.1	605c73511caee40d	== manifest	1.16 s (GPU decode + copy 0.27)
C558 full	r2_NA18620_hap1_hprc_r2_v1.0.1	1ecd98ef047819fa	== manifest	1.14 s (GPU decode + copy 0.27)
C558 full	r2_NA18620_hap2_hprc_r2_v1.0.1	aeb9ff327a8a363b	== manifest	1.18 s (GPU decode + copy 0.28)
C558 full	r2_NA18747_hap1_hprc_r2_v1.0.1	08879ded0b4bd33c	== manifest	1.13 s (GPU decode + copy 0.27)
C558 full	r2_NA18747_hap2_hprc_r2_v1.0.1	033b916e9e0d736b	== manifest	1.15 s (GPU decode + copy 0.28)
C558 full	r2_NA18879_hap1_hprc_r2_v1.0.1	afd350115153f71f	== manifest	1.13 s (GPU decode + copy 0.27)
C558 full	r2_NA18879_hap2_hprc_r2_v1.0.1	b3154afb59ba422a	== manifest	1.17 s (GPU decode + copy 0.28)
C558 full	r2_NA18906_mat_hprc_r2_v1.0.1	122d463323dd111d	== manifest	1.16 s (GPU decode + copy 0.28)
C558 full	r2_NA18906_pat_hprc_r2_v1.0.1	01a7c8e9d7733712	== manifest	1.16 s (GPU decode + copy 0.28)
C558 full	r2_NA18940_hap1_hprc_r2_v1.0.1	7d4bb638c5e983b4	== manifest	1.09 s (GPU decode + copy 0.26)
C558 full	r2_NA18940_hap2_hprc_r2_v1.0.1	da6034a22dd6a348	== manifest	1.13 s (GPU decode + copy 0.27)
C558 full	r2_NA18943_hap1_hprc_r2_v1.0.1	c93d62a7fd144e2a	== manifest	1.11 s (GPU decode + copy 0.27)
C558 full	r2_NA18943_hap2_hprc_r2_v1.0.1	acef8dcd9720d21f	== manifest	1.15 s (GPU decode + copy 0.28)
C558 full	r2_NA18944_hap1_hprc_r2_v1.0.1	63db5c20e87051c3	== manifest	1.12 s (GPU decode + copy 0.27)
C558 full	r2_NA18944_hap2_hprc_r2_v1.0.1	48e4e179d39905f2	== manifest	1.17 s (GPU decode + copy 0.28)
C558 full	r2_NA18945_hap1_hprc_r2_v1.0.1	d5549ef40528b887	== manifest	1.12 s (GPU decode + copy 0.27)
C558 full	r2_NA18945_hap2_hprc_r2_v1.0.1	ad6cd02f587b65b3	== manifest	1.16 s (GPU decode + copy 0.27)
C558 full	r2_NA18948_hap1_hprc_r2_v1.0.1	a8f676550aa71ccf	== manifest	1.12 s (GPU decode + copy 0.27)
C558 full	r2_NA18948_hap2_hprc_r2_v1.0.1	a788491223802ea5	== manifest	1.15 s (GPU decode + copy 0.28)
C558 full	r2_NA18952_hap1_hprc_r2_v1.0.1	38b6ce649e0bda0f	== manifest	1.11 s (GPU decode + copy 0.27)
C558 full	r2_NA18952_hap2_hprc_r2_v1.0.1	859b194030a01997	== manifest	1.16 s (GPU decode + copy 0.28)
C558 full	r2_NA18959_hap1_hprc_r2_v1.0.1	39bca079152291c7	== manifest	1.11 s (GPU decode + copy 0.26)
C558 full	r2_NA18959_hap2_hprc_r2_v1.0.1	21e5a95104fc8ad9	== manifest	1.18 s (GPU decode + copy 0.28)
C558 full	r2_NA18960_hap1_hprc_r2_v1.0.1	091a7b80ead7d620	== manifest	1.12 s (GPU decode + copy 0.27)
C558 full	r2_NA18960_hap2_hprc_r2_v1.0.1	23392e395535222b	== manifest	1.16 s (GPU decode + copy 0.28)
C558 full	r2_NA18967_hap1_hprc_r2_v1.0.1	1787cd3049914468	== manifest	1.13 s (GPU decode + copy 0.27)
C558 full	r2_NA18967_hap2_hprc_r2_v1.0.1	be98e26a7f073a00	== manifest	1.15 s (GPU decode + copy 0.28)
C558 full	r2_NA18970_hap1_hprc_r2_v1.0.1	87974afb80ed3490	== manifest	1.13 s (GPU decode + copy 0.27)
C558 full	r2_NA18970_hap2_hprc_r2_v1.0.1	95d31e54ff30e9d2	== manifest	1.17 s (GPU decode + copy 0.28)
C558 full	r2_NA18971_hap1_hprc_r2_v1.0.1	909a07974e9e9417	== manifest	1.13 s (GPU decode + copy 0.27)
C558 full	r2_NA18971_hap2_hprc_r2_v1.0.1	4c1ecbafd844ec19	== manifest	1.16 s (GPU decode + copy 0.28)
C558 full	r2_NA18974_hap1_hprc_r2_v1.0.1	005d76eabc73ec16	== manifest	1.13 s (GPU decode + copy 0.27)
C558 full	r2_NA18974_hap2_hprc_r2_v1.0.1	f81bd75837b77798	== manifest	1.15 s (GPU decode + copy 0.28)
C558 full	r2_NA18976_hap1_hprc_r2_v1.0.1	c41c1c06c0f7e5ab	== manifest	1.16 s (GPU decode + copy 0.28)
C558 full	r2_NA18976_hap2_hprc_r2_v1.0.1	60d8e1f4931989de	== manifest	1.15 s (GPU decode + copy 0.28)
C558 full	r2_NA18982_hap1_hprc_r2_v1.0.1	c12ca3b7b3471207	== manifest	1.13 s (GPU decode + copy 0.27)
C558 full	r2_NA18982_hap2_hprc_r2_v1.0.1	b96e9d8f0e2b7db6	== manifest	1.14 s (GPU decode + copy 0.27)
C558 full	r2_NA18983_hap1_hprc_r2_v1.0.1	30f19545748276f8	== manifest	1.12 s (GPU decode + copy 0.27)
C558 full	r2_NA18983_hap2_hprc_r2_v1.0.1	06601e401c955ad9	== manifest	1.15 s (GPU decode + copy 0.28)
C558 full	r2_NA19036_hap1_hprc_r2_v1.0.1	0ab271b8e83a8425	== manifest	1.15 s (GPU decode + copy 0.28)
C558 full	r2_NA19036_hap2_hprc_r2_v1.0.1	32a120c9daf979e4	== manifest	1.16 s (GPU decode + copy 0.28)
C558 full	r2_NA19043_hap1_hprc_r2_v1.0.1	e0c0295a60ef3abe	== manifest	1.12 s (GPU decode + copy 0.27)
C558 full	r2_NA19043_hap2_hprc_r2_v1.0.1	829f76d68e0955d3	== manifest	1.16 s (GPU decode + copy 0.28)
C558 full	r2_NA19087_hap1_hprc_r2_v1.0.1	c855d7600e88759d	== manifest	1.16 s (GPU decode + copy 0.28)
C558 full	r2_NA19087_hap2_hprc_r2_v1.0.1	044758df9077437c	== manifest	1.16 s (GPU decode + copy 0.28)
C558 full	r2_NA19159_hap1_hprc_r2_v1.0.1	91bd1fc9924274bb	== manifest	1.16 s (GPU decode + copy 0.28)
C558 full	r2_NA19159_hap2_hprc_r2_v1.0.1	c7819a97740b8e80	== manifest	1.15 s (GPU decode + copy 0.28)
C558 full	r2_NA19185_hap1_hprc_r2_v1.0.1	bce3ce69f45c6578	== manifest	1.17 s (GPU decode + copy 0.28)
C558 full	r2_NA19185_hap2_hprc_r2_v1.0.1	77febb1ec63f27d2	== manifest	1.17 s (GPU decode + copy 0.28)
C558 full	r2_NA19240_mat_hprc_r2_v1.0.1	7f1ec20873552c46	== manifest	1.16 s (GPU decode + copy 0.28)
C558 full	r2_NA19240_pat_hprc_r2_v1.0.1	52dc35f41778c8dd	== manifest	1.16 s (GPU decode + copy 0.28)
C558 full	r2_NA19338_hap1_hprc_r2_v1.0.1	86c4d525d7dab5a5	== manifest	1.17 s (GPU decode + copy 0.28)
C558 full	r2_NA19338_hap2_hprc_r2_v1.0.1	17673184bd5f7575	== manifest	1.17 s (GPU decode + copy 0.28)
C558 full	r2_NA19391_hap1_hprc_r2_v1.0.1	abee88b10f614d63	== manifest	1.18 s (GPU decode + copy 0.28)
C558 full	r2_NA19391_hap2_hprc_r2_v1.0.1	30c1dde28062a0ac	== manifest	1.16 s (GPU decode + copy 0.28)
C558 full	r2_NA19443_hap1_hprc_r2_v1.0.1	60ec4c83c5457a4f	== manifest	1.14 s (GPU decode + copy 0.27)
C558 full	r2_NA19443_hap2_hprc_r2_v1.0.1	6524409a50afdc9e	== manifest	1.16 s (GPU decode + copy 0.28)
C558 full	r2_NA19468_hap1_hprc_r2_v1.0.1	d5b2da835f451b6a	== manifest	1.16 s (GPU decode + copy 0.28)
C558 full	r2_NA19468_hap2_hprc_r2_v1.0.1	2a8031a082abc43a	== manifest	1.18 s (GPU decode + copy 0.28)
C558 full	r2_NA19682_hap1_hprc_r2_v1.0.1	290fd59a033153e7	== manifest	1.12 s (GPU decode + copy 0.27)
C558 full	r2_NA19682_hap2_hprc_r2_v1.0.1	f596071e752f0b0f	== manifest	1.16 s (GPU decode + copy 0.28)
C558 full	r2_NA19700_hap1_hprc_r2_v1.0.1	2005f4d3db1e3714	== manifest	1.13 s (GPU decode + copy 0.27)
C558 full	r2_NA19700_hap2_hprc_r2_v1.0.1	acad66ec26758338	== manifest	1.16 s (GPU decode + copy 0.28)
C558 full	r2_NA19776_hap1_hprc_r2_v1.0.1	182f9dde8f760b4a	== manifest	1.17 s (GPU decode + copy 0.28)
C558 full	r2_NA19776_hap2_hprc_r2_v1.0.1	60cce2e0c220cafa	== manifest	1.18 s (GPU decode + copy 0.28)
C558 full	r2_NA19835_hap1_hprc_r2_v1.0.1	5ff63afecc14036f	== manifest	1.17 s (GPU decode + copy 0.28)
C558 full	r2_NA19835_hap2_hprc_r2_v1.0.1	bcdfe8958c39bda3	== manifest	1.17 s (GPU decode + copy 0.28)
C558 full	r2_NA19909_hap1_hprc_r2_v1.0.1	0905b6a05dd00d5e	== manifest	1.15 s (GPU decode + copy 0.28)
C558 full	r2_NA19909_hap2_hprc_r2_v1.0.1	e94f5dc17f2c4bc0	== manifest	1.16 s (GPU decode + copy 0.28)
C558 full	r2_NA20129_mat_hprc_r2_v1.0.1	1ae1cd06b25d50ad	== manifest	1.16 s (GPU decode + copy 0.28)
C558 full	r2_NA20129_pat_hprc_r2_v1.0.1	2fcf35db17d764d3	== manifest	1.15 s (GPU decode + copy 0.28)
C558 full	r2_NA20282_hap1_hprc_r2_v1.0.1	2d2ceae33a579f98	== manifest	1.15 s (GPU decode + copy 0.28)
C558 full	r2_NA20282_hap2_hprc_r2_v1.0.1	b14d75c080fead12	== manifest	1.15 s (GPU decode + copy 0.28)
C558 full	r2_NA20346_hap1_hprc_r2_v1.0.1	1b757a72ca02297c	== manifest	1.13 s (GPU decode + copy 0.27)
C558 full	r2_NA20346_hap2_hprc_r2_v1.0.1	a7366146475c5f55	== manifest	1.17 s (GPU decode + copy 0.28)
C558 full	r2_NA20503_hap1_hprc_r2_v1.0.1	3e7be677c3619981	== manifest	1.16 s (GPU decode + copy 0.27)
C558 full	r2_NA20503_hap2_hprc_r2_v1.0.1	79f78be1ee7eb41f	== manifest	1.16 s (GPU decode + copy 0.27)
C558 full	r2_NA20752_hap1_hprc_r2_v1.0.1	26737fedfa6b0e87	== manifest	1.12 s (GPU decode + copy 0.27)
C558 full	r2_NA20752_hap2_hprc_r2_v1.0.1	5618e8deea9a1013	== manifest	1.18 s (GPU decode + copy 0.28)
C558 full	r2_NA20762_hap1_hprc_r2_v1.0.1	84eca6fd22998abb	== manifest	1.12 s (GPU decode + copy 0.27)
C558 full	r2_NA20762_hap2_hprc_r2_v1.0.1	b1a0591d2842023c	== manifest	1.15 s (GPU decode + copy 0.28)
C558 full	r2_NA20799_hap1_hprc_r2_v1.0.1	69d68e32174390f6	== manifest	1.17 s (GPU decode + copy 0.28)
C558 full	r2_NA20799_hap2_hprc_r2_v1.0.1	d52648629c4a8e96	== manifest	1.15 s (GPU decode + copy 0.27)
C558 full	r2_NA20805_hap1_hprc_r2_v1.0.1	f0fc791285ba670c	== manifest	1.10 s (GPU decode + copy 0.27)
C558 full	r2_NA20805_hap2_hprc_r2_v1.0.1	419c8e2d4361ccd0	== manifest	1.15 s (GPU decode + copy 0.28)
C558 full	r2_NA20806_hap1_hprc_r2_v1.0.1	af254ca58178ec8a	== manifest	1.09 s (GPU decode + copy 0.26)
C558 full	r2_NA20806_hap2_hprc_r2_v1.0.1	6d7ca7bb4d32fef9	== manifest	1.14 s (GPU decode + copy 0.28)
C558 full	r2_NA20809_hap1_hprc_r2_v1.0.1	63a053b6a1c08b8f	== manifest	1.11 s (GPU decode + copy 0.27)
C558 full	r2_NA20809_hap2_hprc_r2_v1.0.1	9345d0f4f5070f09	== manifest	1.13 s (GPU decode + copy 0.27)
C558 full	r2_NA20827_hap1_hprc_r2_v1.0.1	03923c263b1ec398	== manifest	1.10 s (GPU decode + copy 0.26)
C558 full	r2_NA20827_hap2_hprc_r2_v1.0.1	98795cf754011d16	== manifest	1.15 s (GPU decode + copy 0.28)
C558 full	r2_NA20850_hap1_hprc_r2_v1.0.1	3cbb1e1d35a54a42	== manifest	1.11 s (GPU decode + copy 0.27)
C558 full	r2_NA20850_hap2_hprc_r2_v1.0.1	e985f11c2c78feb8	== manifest	1.15 s (GPU decode + copy 0.28)
C558 full	r2_NA20870_hap1_hprc_r2_v1.0.1	61265353aa14d77b	== manifest	1.13 s (GPU decode + copy 0.27)
C558 full	r2_NA20870_hap2_hprc_r2_v1.0.1	34364952f1a4a176	== manifest	1.16 s (GPU decode + copy 0.28)
C558 full	r2_NA20905_hap1_hprc_r2_v1.0.1	faf27489ff69f0a9	== manifest	1.12 s (GPU decode + copy 0.26)
C558 full	r2_NA20905_hap2_hprc_r2_v1.0.1	7f7b9ea7505e02a0	== manifest	1.16 s (GPU decode + copy 0.28)
C558 full	r2_NA21093_hap1_hprc_r2_v1.0.1	15e6b5b959925856	== manifest	1.13 s (GPU decode + copy 0.27)
C558 full	r2_NA21093_hap2_hprc_r2_v1.0.1	0b7cf25c5133e59c	== manifest	1.15 s (GPU decode + copy 0.28)
C558 full	r2_NA21102_hap1_hprc_r2_v1.0.1	145c69a217314ad3	== manifest	1.16 s (GPU decode + copy 0.28)
C558 full	r2_NA21102_hap2_hprc_r2_v1.0.1	ae6a7f05dfb60457	== manifest	1.16 s (GPU decode + copy 0.28)
C558 full	r2_NA21106_hap1_hprc_r2_v1.0.1	93939dd9b8912f38	== manifest	1.16 s (GPU decode + copy 0.27)
C558 full	r2_NA21106_hap2_hprc_r2_v1.0.1	614951588f031c85	== manifest	1.17 s (GPU decode + copy 0.28)
C558 full	r2_NA21110_hap1_hprc_r2_v1.0.1	ff2305ebca35b59f	== manifest	1.16 s (GPU decode + copy 0.28)
C558 full	r2_NA21110_hap2_hprc_r2_v1.0.1	7ad31c6112464813	== manifest	1.17 s (GPU decode + copy 0.28)
C558 full	r2_NA21144_hap1_hprc_r2_v1.0.1	34a64ac38d74cad3	== manifest	1.16 s (GPU decode + copy 0.28)
C558 full	r2_NA21144_hap2_hprc_r2_v1.0.1	35746c68179f5949	== manifest	1.16 s (GPU decode + copy 0.27)
C558 full	r2_NA21309_mat_hprc_r2_v1.0.1	caec985d0ef519d3	== manifest	1.17 s (GPU decode + copy 0.28)
C558 full	r2_NA21309_pat_hprc_r2_v1.0.1	8ec8c1db86c31d8a	== manifest	1.17 s (GPU decode + copy 0.28)
C558 full	r2_hg002v1.1.mat_MT	0f097dd3fce84c4f	== manifest	1.17 s (GPU decode + copy 0.28)
C558 full	r2_hg002v1.1.pat	a6ac61819a167696	== manifest	1.12 s (GPU decode + copy 0.27)
C558 full	y1_HG002.1	77ff8005d4dbb4d2	== manifest	1.03 s (GPU decode + copy 0.28)
C558 full	y1_HG002.2	41738558472d5f12	== manifest	1.06 s (GPU decode + copy 0.28)
C558 full	y1_HG00438.1	0fae37e31e54fb34	== manifest	1.06 s (GPU decode + copy 0.28)
C558 full	y1_HG00438.2	dd9c58efe72c3e7e	== manifest	1.06 s (GPU decode + copy 0.28)
C558 full	y1_HG005.1	217def02b5c45104	== manifest	1.04 s (GPU decode + copy 0.27)
C558 full	y1_HG005.2	6bfccef3e432d0c6	== manifest	1.06 s (GPU decode + copy 0.28)
C558 full	y1_HG00621.1	92d36c1ffac5c77b	== manifest	1.02 s (GPU decode + copy 0.27)
C558 full	y1_HG00621.2	1ddaf8b98d9bee03	== manifest	1.06 s (GPU decode + copy 0.28)
C558 full	y1_HG00673.1	503057c75802fbde	== manifest	1.03 s (GPU decode + copy 0.27)
C558 full	y1_HG00673.2	58d83e29d3fad021	== manifest	1.07 s (GPU decode + copy 0.28)
C558 full	y1_HG00733.1	54079886175c4372	== manifest	1.06 s (GPU decode + copy 0.28)
C558 full	y1_HG00733.2	a62f97453d5a3e17	== manifest	1.05 s (GPU decode + copy 0.28)
C558 full	y1_HG00735.1	7c0e229355ff2cfb	== manifest	1.06 s (GPU decode + copy 0.28)
C558 full	y1_HG00735.2	125726a7e89394cd	== manifest	1.06 s (GPU decode + copy 0.28)
C558 full	y1_HG00741.1	f609c03aa0d1cf78	== manifest	1.06 s (GPU decode + copy 0.28)
C558 full	y1_HG00741.2	dcb7609c023a013e	== manifest	1.06 s (GPU decode + copy 0.28)
C558 full	y1_HG01071.1	a6bf9eae37e662b3	== manifest	1.07 s (GPU decode + copy 0.28)
C558 full	y1_HG01071.2	dea3a34f74e702c5	== manifest	1.05 s (GPU decode + copy 0.28)
C558 full	y1_HG01106.1	b29756ed23ec0212	== manifest	1.03 s (GPU decode + copy 0.27)
C558 full	y1_HG01106.2	ba611c244d4bbff5	== manifest	1.07 s (GPU decode + copy 0.28)
C558 full	y1_HG01109.1	9fadc2957c4e54ea	== manifest	1.03 s (GPU decode + copy 0.27)
C558 full	y1_HG01109.2	7540111600f698c6	== manifest	1.06 s (GPU decode + copy 0.29)
C558 full	y1_HG01123.1	bb648477494c9c5b	== manifest	1.06 s (GPU decode + copy 0.28)
C558 full	y1_HG01123.2	9375e065910e1cc0	== manifest	1.05 s (GPU decode + copy 0.28)
C558 full	y1_HG01175.1	31529d95d4155b86	== manifest	1.06 s (GPU decode + copy 0.28)
C558 full	y1_HG01175.2	a95c6dd97e3a8bf6	== manifest	1.06 s (GPU decode + copy 0.28)
C558 full	y1_HG01243.1	ad83db0137567422	== manifest	1.02 s (GPU decode + copy 0.27)
C558 full	y1_HG01243.2	968f62f5a3a34289	== manifest	1.06 s (GPU decode + copy 0.28)
C558 full	y1_HG01258.1	d5a6d3121f7fe477	== manifest	1.02 s (GPU decode + copy 0.27)
C558 full	y1_HG01258.2	bd938808e20403b1	== manifest	1.06 s (GPU decode + copy 0.28)
C558 full	y1_HG01358.1	41ef5c4e069aa77f	== manifest	1.01 s (GPU decode + copy 0.27)
C558 full	y1_HG01358.2	6048e6167721da7e	== manifest	1.06 s (GPU decode + copy 0.28)
C558 full	y1_HG01361.1	deca6705d81ed322	== manifest	1.06 s (GPU decode + copy 0.28)
C558 full	y1_HG01361.2	065dfab9752010d4	== manifest	1.07 s (GPU decode + copy 0.28)
C558 full	y1_HG01891.1	5abc96480266c733	== manifest	1.07 s (GPU decode + copy 0.29)
C558 full	y1_HG01891.2	c3a1d0def4dfcd07	== manifest	1.07 s (GPU decode + copy 0.29)
C558 full	y1_HG01928.1	aa1d38406de8d012	== manifest	1.03 s (GPU decode + copy 0.27)
C558 full	y1_HG01928.2	15f8d5ec08e98830	== manifest	1.06 s (GPU decode + copy 0.28)
C558 full	y1_HG01952.1	d81a7df3bd7611da	== manifest	1.02 s (GPU decode + copy 0.27)
C558 full	y1_HG01952.2	fa1fb7086ab53c83	== manifest	1.06 s (GPU decode + copy 0.28)
C558 full	y1_HG01978.1	069b694e45af5ff6	== manifest	1.06 s (GPU decode + copy 0.29)
C558 full	y1_HG01978.2	6ab10412b4f2be95	== manifest	1.07 s (GPU decode + copy 0.28)
C558 full	y1_HG02055.1	eb6ab1e6d4bb2fba	== manifest	1.03 s (GPU decode + copy 0.28)
C558 full	y1_HG02055.2	765be1e180619f63	== manifest	1.06 s (GPU decode + copy 0.29)
C558 full	y1_HG02080.1	4634283aac997faa	== manifest	1.06 s (GPU decode + copy 0.28)
C558 full	y1_HG02080.2	43752166e1fe1029	== manifest	1.06 s (GPU decode + copy 0.28)
C558 full	y1_HG02109.1	8d72d8f6bcd47ff2	== manifest	1.06 s (GPU decode + copy 0.29)
C558 full	y1_HG02109.2	786019365179ff28	== manifest	1.05 s (GPU decode + copy 0.28)
C558 full	y1_HG02145.1	7c31cdc41313789f	== manifest	1.01 s (GPU decode + copy 0.28)
C558 full	y1_HG02145.2	d13042a21901b0d6	== manifest	1.06 s (GPU decode + copy 0.29)
C558 full	y1_HG02148.1	afac31544811d5ff	== manifest	1.06 s (GPU decode + copy 0.28)
C558 full	y1_HG02148.2	1f7196686766d633	== manifest	1.06 s (GPU decode + copy 0.28)
C558 full	y1_HG02257.1	0af02bdee3049b56	== manifest	1.06 s (GPU decode + copy 0.29)
C558 full	y1_HG02257.2	a5ff65b7ce4f117d	== manifest	1.06 s (GPU decode + copy 0.29)
C558 full	y1_HG02486.1	ae7db14e0fda7d7e	== manifest	1.02 s (GPU decode + copy 0.28)
C558 full	y1_HG02486.2	de55d102b3a58aaa	== manifest	1.06 s (GPU decode + copy 0.28)
C558 full	y1_HG02559.1	d3de8bf8657f0599	== manifest	1.05 s (GPU decode + copy 0.29)
C558 full	y1_HG02559.2	c80f9437765be6f0	== manifest	1.06 s (GPU decode + copy 0.29)
C558 full	y1_HG02572.1	6e9475af697afc15	== manifest	1.03 s (GPU decode + copy 0.28)
C558 full	y1_HG02572.2	0a91468da3ed15c3	== manifest	1.07 s (GPU decode + copy 0.29)
C558 full	y1_HG02622.1	9e84fca0a0be7dfd	== manifest	1.07 s (GPU decode + copy 0.29)
C558 full	y1_HG02622.2	71f5a43bbd9dea06	== manifest	1.07 s (GPU decode + copy 0.28)
C558 full	y1_HG02630.1	3dd29861bb5adf1a	== manifest	1.07 s (GPU decode + copy 0.29)
C558 full	y1_HG02630.2	3b1cdee6779ee182	== manifest	1.07 s (GPU decode + copy 0.29)
C558 full	y1_HG02717.1	a09b56df65b21a4a	== manifest	1.02 s (GPU decode + copy 0.28)
C558 full	y1_HG02717.2	391cbab73930a43f	== manifest	1.07 s (GPU decode + copy 0.29)
C558 full	y1_HG02723.1	7218428a6a5b9fa1	== manifest	1.07 s (GPU decode + copy 0.29)
C558 full	y1_HG02723.2	4a1f46107190c1ee	== manifest	1.06 s (GPU decode + copy 0.29)
C558 full	y1_HG02818.1	1bfa862c3bb18246	== manifest	1.06 s (GPU decode + copy 0.28)
C558 full	y1_HG02818.2	0a012f92402e0b56	== manifest	1.06 s (GPU decode + copy 0.29)
C558 full	y1_HG02886.1	5f9f6e88a3da8e26	== manifest	1.07 s (GPU decode + copy 0.29)
C558 full	y1_HG02886.2	380dfb2881b5e27c	== manifest	1.07 s (GPU decode + copy 0.29)
C558 full	y1_HG03098.1	44aa615393c4fb67	== manifest	1.03 s (GPU decode + copy 0.28)
C558 full	y1_HG03098.2	7b7e155e9013875b	== manifest	1.06 s (GPU decode + copy 0.29)
C558 full	y1_HG03453.1	53dfd757260ddbc2	== manifest	1.07 s (GPU decode + copy 0.29)
C558 full	y1_HG03453.2	e847ba7824ea4154	== manifest	1.07 s (GPU decode + copy 0.29)
C558 full	y1_HG03486.1	c632d7637a335c06	== manifest	1.07 s (GPU decode + copy 0.29)
C558 full	y1_HG03486.2	fbe78ccb54f15e69	== manifest	1.06 s (GPU decode + copy 0.29)
C558 full	y1_HG03492.1	73c601f39202b973	== manifest	1.02 s (GPU decode + copy 0.27)
C558 full	y1_HG03492.2	7aa4b6bdaf8a87b8	== manifest	1.06 s (GPU decode + copy 0.28)
C558 full	y1_HG03516.1	74c2da082ac2c79f	== manifest	1.08 s (GPU decode + copy 0.29)
C558 full	y1_HG03516.2	02b3f2a6fe37dba9	== manifest	1.06 s (GPU decode + copy 0.28)
C558 full	y1_HG03540.1	bf0d36c596acc3f0	== manifest	1.08 s (GPU decode + copy 0.29)
C558 full	y1_HG03540.2	8d530d59ca079197	== manifest	1.07 s (GPU decode + copy 0.29)
C558 full	y1_HG03579.1	877449add96955d4	== manifest	1.03 s (GPU decode + copy 0.28)
C558 full	y1_HG03579.2	f8f8761565ddb4b6	== manifest	1.06 s (GPU decode + copy 0.28)
C558 full	y1_NA18906.1	80a1ae306f93ff80	== manifest	1.08 s (GPU decode + copy 0.29)
C558 full	y1_NA18906.2	ab2206e35ddcdf24	== manifest	1.08 s (GPU decode + copy 0.29)
C558 full	y1_NA19240.1	a54203b0c040069b	== manifest	1.07 s (GPU decode + copy 0.29)
C558 full	y1_NA19240.2	6cddc1d72e252674	== manifest	1.07 s (GPU decode + copy 0.28)
C558 full	y1_NA20129.1	aa770f4577a25c49	== manifest	1.07 s (GPU decode + copy 0.29)
C558 full	y1_NA20129.2	589c5ea52eb468b9	== manifest	1.07 s (GPU decode + copy 0.29)
C558 full	y1_NA21309.1	f8a3d91bafdca097	== manifest	1.06 s (GPU decode + copy 0.28)
C558 full	y1_NA21309.2	25519176fa38be5b	== manifest	1.07 s (GPU decode + copy 0.28)
C558 full total	558 assemblies, 1.680 T bases decoded on the GPU	558 == manifest, 0 differ	10.6 min (median per assembly 1.16 s; of it GPU decode + copy to host 0.28 s, sum 2.6 min; 10.89 G bases/s)
C558 RESULT	PASS
C558 form	packed_reference 1	compact_blocks 1
C558 open	558 assemblies (0 of the manifest missing)	q4k Q 4096	55.1 s	resident 11.634 GB (reference 0.779, payload 8.448, block table 2.253, model tables 0.154, case runs 0.000)	torch allocated 11.638 GB	nvidia-smi used 0 -> 11534 MiB
C558 sample	1024 x 8192	median 1.39 ms per call (736,762 windows/s, 6.04 GB/s), 5 calls	474 assemblies hit	== CPU decoder
C558 fetch	1000 coordinates	median 0.32 ms, max 1.7 ms per call (sync)	1000 == CPU decoder, 0 differ
C558 full	r2_HG00097_hap1_hprc_r2_v1.0.1	5e736ee9f8401de6	== manifest	1.16 s (GPU decode + copy 0.28)
C558 full	r2_HG00097_hap2_hprc_r2_v1.0.1	f341e3784db31f1e	== manifest	1.16 s (GPU decode + copy 0.28)
C558 full	r2_HG00099_hap1_hprc_r2_v1.0.1	589d7e870e1b21bc	== manifest	1.16 s (GPU decode + copy 0.27)
C558 full	r2_HG00099_hap2_hprc_r2_v1.0.1	99014e4486a907bc	== manifest	1.17 s (GPU decode + copy 0.27)
C558 full	r2_HG00126_hap1_hprc_r2_v1.0.1	7c8f70323ed22b4e	== manifest	1.13 s (GPU decode + copy 0.27)
C558 full	r2_HG00126_hap2_hprc_r2_v1.0.1	ade121e383b50a4b	== manifest	1.15 s (GPU decode + copy 0.27)
C558 full	r2_HG00128_hap1_hprc_r2_v1.0.1	4ac542314022ffc9	== manifest	1.17 s (GPU decode + copy 0.28)
C558 full	r2_HG00128_hap2_hprc_r2_v1.0.1	f2c99f362fb49236	== manifest	1.15 s (GPU decode + copy 0.27)
C558 full	r2_HG00133_hap1_hprc_r2_v1.0.1	6ad080b53827b13c	== manifest	1.15 s (GPU decode + copy 0.27)
C558 full	r2_HG00133_hap2_hprc_r2_v1.0.1	9f95b538c359b457	== manifest	1.16 s (GPU decode + copy 0.27)
C558 full	r2_HG00140_hap1_hprc_r2_v1.0.1	c74a5ff468458ecd	== manifest	1.12 s (GPU decode + copy 0.27)
C558 full	r2_HG00140_hap2_hprc_r2_v1.0.1	7e2a6e8856f56081	== manifest	1.16 s (GPU decode + copy 0.27)
C558 full	r2_HG00146_hap1_hprc_r2_v1.0.1	212f0e012a752b70	== manifest	1.15 s (GPU decode + copy 0.27)
C558 full	r2_HG00146_hap2_hprc_r2_v1.0.1	c8102b90dbd33f77	== manifest	1.17 s (GPU decode + copy 0.28)
C558 full	r2_HG00232_hap1_hprc_r2_v1.0.1	a9b55f806d643439	== manifest	1.16 s (GPU decode + copy 0.27)
C558 full	r2_HG00232_hap2_hprc_r2_v1.0.1	11e34ac87f3f700e	== manifest	1.17 s (GPU decode + copy 0.28)
C558 full	r2_HG00235_hap1_hprc_r2_v1.0.1	902a9fec09f10d7f	== manifest	1.16 s (GPU decode + copy 0.27)
C558 full	r2_HG00235_hap2_hprc_r2_v1.0.1	fa6d6f945289b153	== manifest	1.17 s (GPU decode + copy 0.28)
C558 full	r2_HG00253_hap1_hprc_r2_v1.0.1	86c08ee660a627f2	== manifest	1.16 s (GPU decode + copy 0.27)
C558 full	r2_HG00253_hap2_hprc_r2_v1.0.1	fc41b79911bc7fad	== manifest	1.18 s (GPU decode + copy 0.28)
C558 full	r2_HG00272_hap1_hprc_r2_v1.0.1	8c56036b18be0db7	== manifest	1.17 s (GPU decode + copy 0.28)
C558 full	r2_HG00272_hap2_hprc_r2_v1.0.1	7a840f79e3b93827	== manifest	1.16 s (GPU decode + copy 0.28)
C558 full	r2_HG00280_hap1_hprc_r2_v1.0.1	1b4593f34b539bd9	== manifest	1.12 s (GPU decode + copy 0.27)
C558 full	r2_HG00280_hap2_hprc_r2_v1.0.1	f3aae00a4950375e	== manifest	1.16 s (GPU decode + copy 0.28)
C558 full	r2_HG00290_hap1_hprc_r2_v1.0.1	fb4154b58b77d41d	== manifest	1.12 s (GPU decode + copy 0.27)
C558 full	r2_HG00290_hap2_hprc_r2_v1.0.1	4e71221ac389eb8e	== manifest	1.16 s (GPU decode + copy 0.28)
C558 full	r2_HG00320_hap1_hprc_r2_v1.0.1	60bddc9260e3c3d8	== manifest	1.16 s (GPU decode + copy 0.28)
C558 full	r2_HG00320_hap2_hprc_r2_v1.0.1	c4dc0ff10e331dc7	== manifest	1.16 s (GPU decode + copy 0.28)
C558 full	r2_HG00321_hap1_hprc_r2_v1.0.1	938c812a67b035e9	== manifest	1.14 s (GPU decode + copy 0.27)
C558 full	r2_HG00321_hap2_hprc_r2_v1.0.1	4bc6c4e0e654e0ed	== manifest	1.16 s (GPU decode + copy 0.27)
C558 full	r2_HG00323_hap1_hprc_r2_v1.0.1	9ccae724fda2b74c	== manifest	1.17 s (GPU decode + copy 0.28)
C558 full	r2_HG00323_hap2_hprc_r2_v1.0.1	7a4b8b5993bd4bb2	== manifest	1.16 s (GPU decode + copy 0.28)
C558 full	r2_HG00329_hap1_hprc_r2_v1.0.1	2dc74bfa603a2bc6	== manifest	1.12 s (GPU decode + copy 0.27)
C558 full	r2_HG00329_hap2_hprc_r2_v1.0.1	edf7cea41105bccd	== manifest	1.16 s (GPU decode + copy 0.28)
C558 full	r2_HG00344_hap1_hprc_r2_v1.0.1	337dedf94c08fe04	== manifest	1.16 s (GPU decode + copy 0.28)
C558 full	r2_HG00344_hap2_hprc_r2_v1.0.1	fdd28ff0e346e1cb	== manifest	1.15 s (GPU decode + copy 0.27)
C558 full	r2_HG00350_hap1_hprc_r2_v1.0.1	6290c2f639240339	== manifest	1.16 s (GPU decode + copy 0.27)
C558 full	r2_HG00350_hap2_hprc_r2_v1.0.1	4e2c4f4ef705d58f	== manifest	1.15 s (GPU decode + copy 0.27)
C558 full	r2_HG00408_mat_hprc_r2_v1.0.1	c47274cc60cfb0f3	== manifest	1.16 s (GPU decode + copy 0.28)
C558 full	r2_HG00408_pat_hprc_r2_v1.0.1	2db605d100844cc7	== manifest	1.17 s (GPU decode + copy 0.28)
C558 full	r2_HG00423_mat_hprc_r2_v1.0.1	d1f201d00bce8969	== manifest	1.16 s (GPU decode + copy 0.28)
C558 full	r2_HG00423_pat_hprc_r2_v1.0.1	e8f168dc9e7188a4	== manifest	1.16 s (GPU decode + copy 0.28)
C558 full	r2_HG00438_mat_hprc_r2_v1.0.1	735107c57d44b3d5	== manifest	1.16 s (GPU decode + copy 0.27)
C558 full	r2_HG00438_pat_hprc_r2_v1.0.1	8f4c39043a73f347	== manifest	1.16 s (GPU decode + copy 0.27)
C558 full	r2_HG00544_mat_hprc_r2_v1.0.1	306f38d8e3126f10	== manifest	1.16 s (GPU decode + copy 0.27)
C558 full	r2_HG00544_pat_hprc_r2_v1.0.1	3baf7a0b7138526a	== manifest	1.16 s (GPU decode + copy 0.27)
C558 full	r2_HG00558_mat_hprc_r2_v1.0.1	5e142b34cbbf06cd	== manifest	1.17 s (GPU decode + copy 0.28)
C558 full	r2_HG00558_pat_hprc_r2_v1.0.1	6ee2ae875791a7e9	== manifest	1.17 s (GPU decode + copy 0.28)
C558 full	r2_HG00597_mat_hprc_r2_v1.0.1	ee0d05a67f243c5b	== manifest	1.16 s (GPU decode + copy 0.28)
C558 full	r2_HG00597_pat_hprc_r2_v1.0.1	2dab215655df30a8	== manifest	1.15 s (GPU decode + copy 0.27)
C558 full	r2_HG005_mat_hprc_r2_v1.0.1	6c9cbbd6423b4e1c	== manifest	1.16 s (GPU decode + copy 0.28)
C558 full	r2_HG005_pat_hprc_r2_v1.0.1	1e1ccef12b05df11	== manifest	1.12 s (GPU decode + copy 0.27)
C558 full	r2_HG00609_mat_hprc_r2_v1.0.1	b9a14f6461b99337	== manifest	1.16 s (GPU decode + copy 0.27)
C558 full	r2_HG00609_pat_hprc_r2_v1.0.1	6cf6f128f97af9bd	== manifest	1.13 s (GPU decode + copy 0.27)
C558 full	r2_HG00621_mat_hprc_r2_v1.0.1	779e3f0ed9094ff1	== manifest	1.15 s (GPU decode + copy 0.28)
C558 full	r2_HG00621_pat_hprc_r2_v1.0.1	54f99acede8ce97a	== manifest	1.11 s (GPU decode + copy 0.26)
C558 full	r2_HG00639_mat_hprc_r2_v1.0.1	95778b1ceb1d8af9	== manifest	1.16 s (GPU decode + copy 0.28)
C558 full	r2_HG00639_pat_hprc_r2_v1.0.1	a02d9eb66f5faf59	== manifest	1.14 s (GPU decode + copy 0.27)
C558 full	r2_HG00642_mat_hprc_r2_v1.0.1	c819023306d66b2a	== manifest	1.14 s (GPU decode + copy 0.27)
C558 full	r2_HG00642_pat_hprc_r2_v1.0.1	350a97cf175fd4f3	== manifest	1.11 s (GPU decode + copy 0.26)
C558 full	r2_HG00658_mat_hprc_r2_v1.0.1	c7fb4ba65de07e3f	== manifest	1.15 s (GPU decode + copy 0.27)
C558 full	r2_HG00658_pat_hprc_r2_v1.0.1	d115e0af2dd059ba	== manifest	1.11 s (GPU decode + copy 0.26)
C558 full	r2_HG00673_mat_hprc_r2_v1.0.1	445233edeba8ecec	== manifest	1.16 s (GPU decode + copy 0.27)
C558 full	r2_HG00673_pat_hprc_r2_v1.0.1	47ca218ce33e8955	== manifest	1.12 s (GPU decode + copy 0.27)
C558 full	r2_HG00706_mat_hprc_r2_v1.0.1	37382e3d24f1f79d	== manifest	1.16 s (GPU decode + copy 0.28)
C558 full	r2_HG00706_pat_hprc_r2_v1.0.1	7fc0834e7e8ec872	== manifest	1.11 s (GPU decode + copy 0.27)
C558 full	r2_HG00733_mat_hprc_r2_v1.0.1	9649c98435e0d8b1	== manifest	1.16 s (GPU decode + copy 0.28)
C558 full	r2_HG00733_pat_hprc_r2_v1.0.1	60351879ec330403	== manifest	1.15 s (GPU decode + copy 0.27)
C558 full	r2_HG00735_mat_hprc_r2_v1.0.1	ad89637fbcd77f0b	== manifest	1.16 s (GPU decode + copy 0.28)
C558 full	r2_HG00735_pat_hprc_r2_v1.0.1	5b8d07fa34da0301	== manifest	1.14 s (GPU decode + copy 0.27)
C558 full	r2_HG00738_mat_hprc_r2_v1.0.1	8fd012edbda8fbe2	== manifest	1.15 s (GPU decode + copy 0.28)
C558 full	r2_HG00738_pat_hprc_r2_v1.0.1	71922f09a6754535	== manifest	1.10 s (GPU decode + copy 0.26)
C558 full	r2_HG00741_mat_hprc_r2_v1.0.1	986dd16892e6524f	== manifest	1.16 s (GPU decode + copy 0.28)
C558 full	r2_HG00741_pat_hprc_r2_v1.0.1	e5ed6d855aebd252	== manifest	1.15 s (GPU decode + copy 0.27)
C558 full	r2_HG01071_mat_hprc_r2_v1.0.1	21717276ed457498	== manifest	1.16 s (GPU decode + copy 0.27)
C558 full	r2_HG01071_pat_hprc_r2_v1.0.1	a4b2787f1a4a854c	== manifest	1.14 s (GPU decode + copy 0.28)
C558 full	r2_HG01074_mat_hprc_r2_v1.0.1	8ea02c39161d20cb	== manifest	1.14 s (GPU decode + copy 0.27)
C558 full	r2_HG01074_pat_hprc_r2_v1.0.1	3320827dc8132400	== manifest	1.12 s (GPU decode + copy 0.26)
C558 full	r2_HG01081_mat_hprc_r2_v1.0.1	b67073ab0e167674	== manifest	1.17 s (GPU decode + copy 0.28)
C558 full	r2_HG01081_pat_hprc_r2_v1.0.1	35666d919a99dc87	== manifest	1.16 s (GPU decode + copy 0.28)
C558 full	r2_HG01099_mat_hprc_r2_v1.0.1	3b2522e1bfe6a382	== manifest	1.16 s (GPU decode + copy 0.28)
C558 full	r2_HG01099_pat_hprc_r2_v1.0.1	eadecc57daccf0a3	== manifest	1.11 s (GPU decode + copy 0.26)
C558 full	r2_HG01106_mat_hprc_r2_v1.0.1	7a8d0050b960991d	== manifest	1.16 s (GPU decode + copy 0.27)
C558 full	r2_HG01106_pat_hprc_r2_v1.0.1	71139ad0d9e3c9a5	== manifest	1.13 s (GPU decode + copy 0.27)
C558 full	r2_HG01109_mat_hprc_r2_v1.0.1	6a2289214f092071	== manifest	1.15 s (GPU decode + copy 0.28)
C558 full	r2_HG01109_pat_hprc_r2_v1.0.1	d9398d4f8a35af93	== manifest	1.11 s (GPU decode + copy 0.26)
C558 full	r2_HG01123_mat_hprc_r2_v1.0.1	662d1394f4d752f1	== manifest	1.16 s (GPU decode + copy 0.27)
C558 full	r2_HG01123_pat_hprc_r2_v1.0.1	3551ea922163bc0a	== manifest	1.15 s (GPU decode + copy 0.27)
C558 full	r2_HG01150_mat_hprc_r2_v1.0.1	91d275e2307c587f	== manifest	1.16 s (GPU decode + copy 0.28)
C558 full	r2_HG01150_pat_hprc_r2_v1.0.1	dac7d61e48833b28	== manifest	1.16 s (GPU decode + copy 0.27)
C558 full	r2_HG01167_hap1_hprc_r2_v1.0.1	46652b7c3534d6a7	== manifest	1.13 s (GPU decode + copy 0.27)
C558 full	r2_HG01167_hap2_hprc_r2_v1.0.1	81fd9b07d01e6726	== manifest	1.16 s (GPU decode + copy 0.27)
C558 full	r2_HG01175_mat_hprc_r2_v1.0.1	85582e10ac3bc799	== manifest	1.16 s (GPU decode + copy 0.27)
C558 full	r2_HG01175_pat_hprc_r2_v1.0.1	4504b4b587c2b58e	== manifest	1.17 s (GPU decode + copy 0.27)
C558 full	r2_HG01192_mat_hprc_r2_v1.0.1	15a0f0a54151be15	== manifest	1.16 s (GPU decode + copy 0.28)
C558 full	r2_HG01192_pat_hprc_r2_v1.0.1	78dae0f041ee127a	== manifest	1.10 s (GPU decode + copy 0.26)
C558 full	r2_HG01243_mat_hprc_r2_v1.0.1	a07ad76009df08b7	== manifest	1.14 s (GPU decode + copy 0.28)
C558 full	r2_HG01243_pat_hprc_r2_v1.0.1	cadf7518e33f62ec	== manifest	1.10 s (GPU decode + copy 0.27)
C558 full	r2_HG01252_mat_hprc_r2_v1.0.1	d3457ae513279b52	== manifest	1.14 s (GPU decode + copy 0.27)
C558 full	r2_HG01252_pat_hprc_r2_v1.0.1	7334d5a555859467	== manifest	1.11 s (GPU decode + copy 0.26)
C558 full	r2_HG01255_mat_hprc_r2_v1.0.1	b9acc4b82de75da2	== manifest	1.15 s (GPU decode + copy 0.28)
C558 full	r2_HG01255_pat_hprc_r2_v1.0.1	3f72f170782a111c	== manifest	1.12 s (GPU decode + copy 0.26)
C558 full	r2_HG01258_mat_hprc_r2_v1.0.1	f48437ed68cf0c24	== manifest	1.15 s (GPU decode + copy 0.28)
C558 full	r2_HG01258_pat_hprc_r2_v1.0.1	7185f2f2775568af	== manifest	1.11 s (GPU decode + copy 0.26)
C558 full	r2_HG01261_mat_hprc_r2_v1.0.1	13d008da971e1bb6	== manifest	1.17 s (GPU decode + copy 0.28)
C558 full	r2_HG01261_pat_hprc_r2_v1.0.1	233732c0685d5ab1	== manifest	1.12 s (GPU decode + copy 0.27)
C558 full	r2_HG01346_mat_hprc_r2_v1.0.1	a96af14b91a702c7	== manifest	1.16 s (GPU decode + copy 0.27)
C558 full	r2_HG01346_pat_hprc_r2_v1.0.1	fba6c20f7931f7e1	== manifest	1.17 s (GPU decode + copy 0.28)
C558 full	r2_HG01358_mat_hprc_r2_v1.0.1	4183cb441269000d	== manifest	1.16 s (GPU decode + copy 0.27)
C558 full	r2_HG01358_pat_hprc_r2_v1.0.1	98d4dc1bc9c309e8	== manifest	1.12 s (GPU decode + copy 0.27)
C558 full	r2_HG01361_mat_hprc_r2_v1.0.1	24685d1a3bc1a585	== manifest	1.16 s (GPU decode + copy 0.28)
C558 full	r2_HG01361_pat_hprc_r2_v1.0.1	b5511f622e06749b	== manifest	1.16 s (GPU decode + copy 0.27)
C558 full	r2_HG01433_mat_hprc_r2_v1.0.1	829ae832b6d48a56	== manifest	1.15 s (GPU decode + copy 0.28)
C558 full	r2_HG01433_pat_hprc_r2_v1.0.1	7f6cdc6ed195843e	== manifest	1.13 s (GPU decode + copy 0.27)
C558 full	r2_HG01496_mat_hprc_r2_v1.0.1	ddba28a71bbcc35c	== manifest	1.16 s (GPU decode + copy 0.28)
C558 full	r2_HG01496_pat_hprc_r2_v1.0.1	edb4e7b99f5fd83b	== manifest	1.17 s (GPU decode + copy 0.28)
C558 full	r2_HG01530_hap1_hprc_r2_v1.0.1	1a94d8b23c67299d	== manifest	1.11 s (GPU decode + copy 0.26)
C558 full	r2_HG01530_hap2_hprc_r2_v1.0.1	641480b10502339b	== manifest	1.16 s (GPU decode + copy 0.27)
C558 full	r2_HG01784_hap1_hprc_r2_v1.0.1	f94a6bd76aa5302f	== manifest	1.17 s (GPU decode + copy 0.28)
C558 full	r2_HG01784_hap2_hprc_r2_v1.0.1	0c839bf975d85b6f	== manifest	1.16 s (GPU decode + copy 0.27)
C558 full	r2_HG01786_hap1_hprc_r2_v1.0.1	bfc205e05fbf22ec	== manifest	1.16 s (GPU decode + copy 0.27)
C558 full	r2_HG01786_hap2_hprc_r2_v1.0.1	d5101e0be564d963	== manifest	1.16 s (GPU decode + copy 0.27)
C558 full	r2_HG01884_mat_hprc_r2_v1.0.1	4935705cd2f89259	== manifest	1.17 s (GPU decode + copy 0.28)
C558 full	r2_HG01884_pat_hprc_r2_v1.0.1	60ce8929965fc651	== manifest	1.16 s (GPU decode + copy 0.28)
C558 full	r2_HG01891_mat_hprc_r2_v1.0.1	3405545b0c65e269	== manifest	1.16 s (GPU decode + copy 0.28)
C558 full	r2_HG01891_pat_hprc_r2_v1.0.1	e2832adae69b55d9	== manifest	1.17 s (GPU decode + copy 0.28)
C558 full	r2_HG01928_mat_hprc_r2_v1.0.1	b86c123a7c18f89a	== manifest	1.15 s (GPU decode + copy 0.28)
C558 full	r2_HG01928_pat_hprc_r2_v1.0.1	d9fe588a45605371	== manifest	1.12 s (GPU decode + copy 0.26)
C558 full	r2_HG01934_mat_hprc_r2_v1.0.1	b6b64b418b4b04fd	== manifest	1.16 s (GPU decode + copy 0.27)
C558 full	r2_HG01934_pat_hprc_r2_v1.0.1	db06e2b4bb190625	== manifest	1.13 s (GPU decode + copy 0.27)
C558 full	r2_HG01940_mat_hprc_r2_v1.0.1	bb30de7a621867a6	== manifest	1.16 s (GPU decode + copy 0.28)
C558 full	r2_HG01940_pat_hprc_r2_v1.0.1	2b95f6689c80eba1	== manifest	1.16 s (GPU decode + copy 0.28)
C558 full	r2_HG01943_mat_hprc_r2_v1.0.1	1da6fd529c51425c	== manifest	1.18 s (GPU decode + copy 0.28)
C558 full	r2_HG01943_pat_hprc_r2_v1.0.1	bda8ab9dd002ee75	== manifest	1.11 s (GPU decode + copy 0.26)
C558 full	r2_HG01952_mat_hprc_r2_v1.0.1	b861876ecf967417	== manifest	1.16 s (GPU decode + copy 0.27)
C558 full	r2_HG01952_pat_hprc_r2_v1.0.1	5af90c9d34bcebf8	== manifest	1.10 s (GPU decode + copy 0.26)
C558 full	r2_HG01960_mat_hprc_r2_v1.0.1	b67140e0f4c2a2a1	== manifest	1.14 s (GPU decode + copy 0.28)
C558 full	r2_HG01960_pat_hprc_r2_v1.0.1	a5025f601b8c9111	== manifest	1.17 s (GPU decode + copy 0.28)
C558 full	r2_HG01969_mat_hprc_r2_v1.0.1	692cb4214deefe0c	== manifest	1.15 s (GPU decode + copy 0.28)
C558 full	r2_HG01969_pat_hprc_r2_v1.0.1	a80373d89200da8a	== manifest	1.16 s (GPU decode + copy 0.27)
C558 full	r2_HG01975_mat_hprc_r2_v1.0.1	87df12d848f452d6	== manifest	1.16 s (GPU decode + copy 0.28)
C558 full	r2_HG01975_pat_hprc_r2_v1.0.1	584f1d84d4567dac	== manifest	1.15 s (GPU decode + copy 0.27)
C558 full	r2_HG01978_mat_hprc_r2_v1.1.0	4cbcf438d8e2f78f	== manifest	1.15 s (GPU decode + copy 0.27)
C558 full	r2_HG01978_pat_hprc_r2_v1.1.0	b3cd959ec77f735b	== manifest	1.17 s (GPU decode + copy 0.28)
C558 full	r2_HG01981_mat_hprc_r2_v1.0.1	8c62855d08f8e420	== manifest	1.15 s (GPU decode + copy 0.28)
C558 full	r2_HG01981_pat_hprc_r2_v1.0.1	8529578a00b7e0a8	== manifest	1.17 s (GPU decode + copy 0.28)
C558 full	r2_HG01993_mat_hprc_r2_v1.0.1	f6209cd3e40a9535	== manifest	1.16 s (GPU decode + copy 0.28)
C558 full	r2_HG01993_pat_hprc_r2_v1.0.1	be5fa3f451f41aab	== manifest	1.15 s (GPU decode + copy 0.28)
C558 full	r2_HG02004_mat_hprc_r2_v1.0.1	fcac32411d4f2fff	== manifest	1.15 s (GPU decode + copy 0.27)
C558 full	r2_HG02004_pat_hprc_r2_v1.0.1	125b19b86e0a8329	== manifest	1.15 s (GPU decode + copy 0.28)
C558 full	r2_HG02015_mat_hprc_r2_v1.0.1	26fdbb6e6853c885	== manifest	1.16 s (GPU decode + copy 0.28)
C558 full	r2_HG02015_pat_hprc_r2_v1.0.1	2e0b1587fe434aaa	== manifest	1.11 s (GPU decode + copy 0.26)
C558 full	r2_HG02027_mat_hprc_r2_v1.0.1	8390475382d5d76e	== manifest	1.16 s (GPU decode + copy 0.28)
C558 full	r2_HG02027_pat_hprc_r2_v1.0.1	091a13ab8c11bb21	== manifest	1.13 s (GPU decode + copy 0.27)
C558 full	r2_HG02040_hap1_hprc_r2_v1.0.1	d9607d0bf2b3451c	== manifest	1.12 s (GPU decode + copy 0.27)
C558 full	r2_HG02040_hap2_hprc_r2_v1.0.1	1cb1f93ba53b8c3a	== manifest	1.16 s (GPU decode + copy 0.28)
C558 full	r2_HG02055_mat_hprc_r2_v1.0.1	38d932870bd708b7	== manifest	1.16 s (GPU decode + copy 0.28)
C558 full	r2_HG02055_pat_hprc_r2_v1.0.1	15a92fac74f2fa52	== manifest	1.14 s (GPU decode + copy 0.27)
C558 full	r2_HG02056_mat_hprc_r2_v1.0.1	569966bbe861567f	== manifest	1.16 s (GPU decode + copy 0.27)
C558 full	r2_HG02056_pat_hprc_r2_v1.0.1	84ca56c53a6ff7dc	== manifest	1.12 s (GPU decode + copy 0.27)
C558 full	r2_HG02071_mat_hprc_r2_v1.0.1	935de6645ebd4042	== manifest	1.16 s (GPU decode + copy 0.27)
C558 full	r2_HG02071_pat_hprc_r2_v1.0.1	188f4f03ff2787cf	== manifest	1.12 s (GPU decode + copy 0.26)
C558 full	r2_HG02074_mat_hprc_r2_v1.0.1	b33ad79dcf063727	== manifest	1.16 s (GPU decode + copy 0.28)
C558 full	r2_HG02074_pat_hprc_r2_v1.0.1	b5bcf76827747e87	== manifest	1.12 s (GPU decode + copy 0.27)
C558 full	r2_HG02080_mat_hprc_r2_v1.0.1	5e2db8f616305b40	== manifest	1.16 s (GPU decode + copy 0.28)
C558 full	r2_HG02080_pat_hprc_r2_v1.0.1	ea9067ce92377eca	== manifest	1.16 s (GPU decode + copy 0.28)
C558 full	r2_HG02083_mat_hprc_r2_v1.0.1	e7e8db28e573b0ca	== manifest	1.15 s (GPU decode + copy 0.28)
C558 full	r2_HG02083_pat_hprc_r2_v1.0.1	5f16130b23dfe2bf	== manifest	1.13 s (GPU decode + copy 0.27)
C558 full	r2_HG02109_mat_hprc_r2_v1.0.1	488011d8abdf5db1	== manifest	1.16 s (GPU decode + copy 0.28)
C558 full	r2_HG02109_pat_hprc_r2_v1.0.1	2ac5ebc1abee3e67	== manifest	1.17 s (GPU decode + copy 0.28)
C558 full	r2_HG02129_mat_hprc_r2_v1.0.1	20ac22323ca459e0	== manifest	1.17 s (GPU decode + copy 0.27)
C558 full	r2_HG02129_pat_hprc_r2_v1.0.1	eeffb68fff783967	== manifest	1.13 s (GPU decode + copy 0.27)
C558 full	r2_HG02132_mat_hprc_r2_v1.0.1	2045b20af9fee73a	== manifest	1.16 s (GPU decode + copy 0.27)
C558 full	r2_HG02132_pat_hprc_r2_v1.0.1	dabded18f7fb2d1f	== manifest	1.12 s (GPU decode + copy 0.27)
C558 full	r2_HG02135_mat_hprc_r2_v1.0.1	91e15ec6f7e84946	== manifest	1.16 s (GPU decode + copy 0.28)
C558 full	r2_HG02135_pat_hprc_r2_v1.0.1	ba1d6f86fd81b17f	== manifest	1.13 s (GPU decode + copy 0.27)
C558 full	r2_HG02145_mat_hprc_r2_v1.0.1	595bfe612c6d5c79	== manifest	1.16 s (GPU decode + copy 0.28)
C558 full	r2_HG02145_pat_hprc_r2_v1.0.1	6882e8672d79f52e	== manifest	1.13 s (GPU decode + copy 0.27)
C558 full	r2_HG02148_mat_hprc_r2_v1.0.1	79aeca54e82bd5c5	== manifest	1.17 s (GPU decode + copy 0.28)
C558 full	r2_HG02148_pat_hprc_r2_v1.0.1	d377668bad966425	== manifest	1.17 s (GPU decode + copy 0.28)
C558 full	r2_HG02155_hap1_hprc_r2_v1.0.1	5e7c053a194bee19	== manifest	1.17 s (GPU decode + copy 0.28)
C558 full	r2_HG02155_hap2_hprc_r2_v1.0.1	0e7b8e1becac8cbc	== manifest	1.16 s (GPU decode + copy 0.28)
C558 full	r2_HG02165_hap1_hprc_r2_v1.0.1	f26d9f8a95830b2a	== manifest	1.18 s (GPU decode + copy 0.28)
C558 full	r2_HG02165_hap2_hprc_r2_v1.0.1	b72ace2f91879d44	== manifest	1.17 s (GPU decode + copy 0.28)
C558 full	r2_HG02178_hap1_hprc_r2_v1.0.1	c77d5fa30d4e3468	== manifest	1.16 s (GPU decode + copy 0.27)
C558 full	r2_HG02178_hap2_hprc_r2_v1.0.1	ca9d024cea4d83a6	== manifest	1.16 s (GPU decode + copy 0.28)
C558 full	r2_HG02257_mat_hprc_r2_v1.1.0	e08c67da359a56be	== manifest	1.16 s (GPU decode + copy 0.28)
C558 full	r2_HG02257_pat_hprc_r2_v1.1.0	715a4a168c995dfe	== manifest	1.15 s (GPU decode + copy 0.28)
C558 full	r2_HG02258_mat_hprc_r2_v1.0.1	332fe54689a07a40	== manifest	1.16 s (GPU decode + copy 0.28)
C558 full	r2_HG02258_pat_hprc_r2_v1.0.1	8de37aa033816839	== manifest	1.13 s (GPU decode + copy 0.27)
C558 full	r2_HG02273_hap1_hprc_r2_v1.0.1	32e09753f7951eb3	== manifest	1.17 s (GPU decode + copy 0.27)
C558 full	r2_HG02273_hap2_hprc_r2_v1.0.1	91cdd29350f8dad8	== manifest	1.17 s (GPU decode + copy 0.28)
C558 full	r2_HG02280_mat_hprc_r2_v1.0.1	b21acb83de87f51e	== manifest	1.18 s (GPU decode + copy 0.28)
C558 full	r2_HG02280_pat_hprc_r2_v1.0.1	c236804b40198fd8	== manifest	1.18 s (GPU decode + copy 0.28)
C558 full	r2_HG02293_mat_hprc_r2_v1.0.1	a527eedc64f59297	== manifest	1.18 s (GPU decode + copy 0.28)
C558 full	r2_HG02293_pat_hprc_r2_v1.0.1	02d31975c6a9798e	== manifest	1.17 s (GPU decode + copy 0.28)
C558 full	r2_HG02300_mat_hprc_r2_v1.0.1	08716c707cf55c5e	== manifest	1.16 s (GPU decode + copy 0.28)
C558 full	r2_HG02300_pat_hprc_r2_v1.0.1	e5d516a282561ee9	== manifest	1.17 s (GPU decode + copy 0.28)
C558 full	r2_HG02391_hap1_hprc_r2_v1.0.1	e8efce1f4b2526ee	== manifest	1.12 s (GPU decode + copy 0.27)
C558 full	r2_HG02391_hap2_hprc_r2_v1.0.1	8808a4cad075bb4b	== manifest	1.17 s (GPU decode + copy 0.28)
C558 full	r2_HG02392_hap1_hprc_r2_v1.0.1	bb2f04a1bef99c27	== manifest	1.12 s (GPU decode + copy 0.27)
C558 full	r2_HG02392_hap2_hprc_r2_v1.0.1	f54731e918881e01	== manifest	1.16 s (GPU decode + copy 0.28)
C558 full	r2_HG02451_mat_hprc_r2_v1.0.1	1a3bc51611975b7c	== manifest	1.16 s (GPU decode + copy 0.28)
C558 full	r2_HG02451_pat_hprc_r2_v1.0.1	c0e37553e4eec4a3	== manifest	1.17 s (GPU decode + copy 0.28)
C558 full	r2_HG02486_mat_hprc_r2_v1.0.1	fe6a4393fdb6eab7	== manifest	1.17 s (GPU decode + copy 0.28)
C558 full	r2_HG02486_pat_hprc_r2_v1.0.1	16ffbddbd27d2efa	== manifest	1.13 s (GPU decode + copy 0.27)
C558 full	r2_HG02514_mat_hprc_r2_v1.0.1	34722f2236a077fb	== manifest	1.15 s (GPU decode + copy 0.27)
C558 full	r2_HG02514_pat_hprc_r2_v1.0.1	c096f69bbfcdcc29	== manifest	1.13 s (GPU decode + copy 0.27)
C558 full	r2_HG02523_mat_hprc_r2_v1.0.1	e92f829a413e61a9	== manifest	1.17 s (GPU decode + copy 0.28)
C558 full	r2_HG02523_pat_hprc_r2_v1.0.1	a35319fd046ce551	== manifest	1.16 s (GPU decode + copy 0.28)
C558 full	r2_HG02559_mat_hprc_r2_v1.0.1	5260ec7d559f453b	== manifest	1.16 s (GPU decode + copy 0.28)
C558 full	r2_HG02559_pat_hprc_r2_v1.0.1	630aaa6ab90298cb	== manifest	1.15 s (GPU decode + copy 0.28)
C558 full	r2_HG02572_mat_hprc_r2_v1.0.1	070071f7f1ff9a1d	== manifest	1.16 s (GPU decode + copy 0.28)
C558 full	r2_HG02572_pat_hprc_r2_v1.0.1	2cc715243b2f03ad	== manifest	1.13 s (GPU decode + copy 0.27)
C558 full	r2_HG02583_hap1_hprc_r2_v1.0.1	da328b1c599e657c	== manifest	1.18 s (GPU decode + copy 0.28)
C558 full	r2_HG02583_hap2_hprc_r2_v1.0.1	996abc6b2e9caf77	== manifest	1.16 s (GPU decode + copy 0.28)
C558 full	r2_HG02602_mat_hprc_r2_v1.0.1	7945a5a5a1f83892	== manifest	1.16 s (GPU decode + copy 0.27)
C558 full	r2_HG02602_pat_hprc_r2_v1.0.1	848235db79661270	== manifest	1.13 s (GPU decode + copy 0.27)
C558 full	r2_HG02615_mat_hprc_r2_v1.0.1	94aba103b97c9570	== manifest	1.18 s (GPU decode + copy 0.28)
C558 full	r2_HG02615_pat_hprc_r2_v1.0.1	a334041666dbc90d	== manifest	1.18 s (GPU decode + copy 0.28)
C558 full	r2_HG02622_mat_hprc_r2_v1.0.1	5982ee1795af9b09	== manifest	1.19 s (GPU decode + copy 0.28)
C558 full	r2_HG02622_pat_hprc_r2_v1.0.1	b3ca3469c016fa5c	== manifest	1.18 s (GPU decode + copy 0.28)
C558 full	r2_HG02630_mat_hprc_r2_v1.0.1	13af9df36e06249d	== manifest	1.17 s (GPU decode + copy 0.28)
C558 full	r2_HG02630_pat_hprc_r2_v1.0.1	8a83ce6ddbd77d5b	== manifest	1.17 s (GPU decode + copy 0.28)
C558 full	r2_HG02647_mat_hprc_r2_v1.0.1	3ab1ff3241c2cec1	== manifest	1.16 s (GPU decode + copy 0.28)
C558 full	r2_HG02647_pat_hprc_r2_v1.0.1	359a586ca6043319	== manifest	1.13 s (GPU decode + copy 0.27)
C558 full	r2_HG02668_mat_hprc_r2_v1.0.1	0aa718ccb62b50f1	== manifest	1.16 s (GPU decode + copy 0.28)
C558 full	r2_HG02668_pat_hprc_r2_v1.0.1	0bf1b2c1bfcc318f	== manifest	1.11 s (GPU decode + copy 0.27)
C558 full	r2_HG02698_mat_hprc_r2_v1.0.1	0a1071aee21c085e	== manifest	1.15 s (GPU decode + copy 0.28)
C558 full	r2_HG02698_pat_hprc_r2_v1.0.1	5016e7073fbaa0e5	== manifest	1.10 s (GPU decode + copy 0.26)
C558 full	r2_HG02717_mat_hprc_r2_v1.0.1	c84bf9303e339472	== manifest	1.16 s (GPU decode + copy 0.28)
C558 full	r2_HG02717_pat_hprc_r2_v1.0.1	17c281f3abef5524	== manifest	1.14 s (GPU decode + copy 0.27)
C558 full	r2_HG02723_mat_hprc_r2_v1.0.1	e5fbc5122d97a9a6	== manifest	1.17 s (GPU decode + copy 0.28)
C558 full	r2_HG02723_pat_hprc_r2_v1.0.1	b6584dc314264a82	== manifest	1.16 s (GPU decode + copy 0.28)
C558 full	r2_HG02735_mat_hprc_r2_v1.0.1	9bdb15cc58f9ebfd	== manifest	1.17 s (GPU decode + copy 0.28)
C558 full	r2_HG02735_pat_hprc_r2_v1.0.1	cf6b902923a3c3b7	== manifest	1.11 s (GPU decode + copy 0.27)
C558 full	r2_HG02738_mat_hprc_r2_v1.0.1	944933f95aae3aac	== manifest	1.14 s (GPU decode + copy 0.28)
C558 full	r2_HG02738_pat_hprc_r2_v1.0.1	7385a8854af6d703	== manifest	1.10 s (GPU decode + copy 0.26)
C558 full	r2_HG02809_mat_hprc_r2_v1.0.1	ee1bb2061f8265a1	== manifest	1.14 s (GPU decode + copy 0.28)
C558 full	r2_HG02809_pat_hprc_r2_v1.0.1	55e2d466095ced94	== manifest	1.15 s (GPU decode + copy 0.28)
C558 full	r2_HG02818_mat_hprc_r2_v1.0.1	885283357b323257	== manifest	1.15 s (GPU decode + copy 0.28)
C558 full	r2_HG02818_pat_hprc_r2_v1.0.1	77a68ac5bb6242bc	== manifest	1.15 s (GPU decode + copy 0.28)
C558 full	r2_HG02841_mat_hprc_r2_v1.0.1	a9f6e35e9778c7cb	== manifest	1.15 s (GPU decode + copy 0.28)
C558 full	r2_HG02841_pat_hprc_r2_v1.0.1	5f56504c230c0f73	== manifest	1.17 s (GPU decode + copy 0.28)
C558 full	r2_HG02886_mat_hprc_r2_v1.0.1	11ce58001ff84a5e	== manifest	1.17 s (GPU decode + copy 0.28)
C558 full	r2_HG02886_pat_hprc_r2_v1.0.1	208706a290ff6622	== manifest	1.16 s (GPU decode + copy 0.28)
C558 full	r2_HG02922_hap1_hprc_r2_v1.0.1	dc6e46d1deaf020d	== manifest	1.18 s (GPU decode + copy 0.28)
C558 full	r2_HG02922_hap2_hprc_r2_v1.0.1	aa92dbe86df7c6ea	== manifest	1.16 s (GPU decode + copy 0.28)
C558 full	r2_HG02965_hap1_hprc_r2_v1.0.1	63e4145d5f2d620e	== manifest	1.10 s (GPU decode + copy 0.27)
C558 full	r2_HG02965_hap2_hprc_r2_v1.0.1	65298bcbbb84f036	== manifest	1.15 s (GPU decode + copy 0.28)
C558 full	r2_HG02976_hap1_hprc_r2_v1.0.1	c3201c96ebd2b446	== manifest	1.15 s (GPU decode + copy 0.28)
C558 full	r2_HG02976_hap2_hprc_r2_v1.0.1	2dc2279e333b06e5	== manifest	1.15 s (GPU decode + copy 0.28)
C558 full	r2_HG02984_mat_hprc_r2_v1.0.1	3827babff0b46e4a	== manifest	1.15 s (GPU decode + copy 0.28)
C558 full	r2_HG02984_pat_hprc_r2_v1.0.1	1014c5e3225cae8c	== manifest	1.12 s (GPU decode + copy 0.27)
C558 full	r2_HG03017_mat_hprc_r2_v1.0.1	a458f675b8b65a4f	== manifest	1.16 s (GPU decode + copy 0.28)
C558 full	r2_HG03017_pat_hprc_r2_v1.0.1	72c7127d7e51180a	== manifest	1.10 s (GPU decode + copy 0.27)
C558 full	r2_HG03041_mat_hprc_r2_v1.0.1	fe88d8ac17730bf3	== manifest	1.17 s (GPU decode + copy 0.28)
C558 full	r2_HG03041_pat_hprc_r2_v1.0.1	20a05aa3bf696968	== manifest	1.17 s (GPU decode + copy 0.28)
C558 full	r2_HG03050_mat_hprc_r2_v1.0.1	c9422686dc6074cf	== manifest	1.18 s (GPU decode + copy 0.28)
C558 full	r2_HG03050_pat_hprc_r2_v1.0.1	1a4f1ac6944dbf18	== manifest	1.14 s (GPU decode + copy 0.27)
C558 full	r2_HG03098_mat_hprc_r2_v1.0.1	75a339a9ad630f8a	== manifest	1.19 s (GPU decode + copy 0.28)
C558 full	r2_HG03098_pat_hprc_r2_v1.0.1	ede7786472f4a089	== manifest	1.14 s (GPU decode + copy 0.27)
C558 full	r2_HG03130_hap1_hprc_r2_v1.0.1	c1b3b150a5c691c8	== manifest	1.15 s (GPU decode + copy 0.27)
C558 full	r2_HG03130_hap2_hprc_r2_v1.0.1	86610dafef5cc939	== manifest	1.17 s (GPU decode + copy 0.28)
C558 full	r2_HG03139_hap1_hprc_r2_v1.0.1	fc82151696355866	== manifest	1.13 s (GPU decode + copy 0.27)
C558 full	r2_HG03139_hap2_hprc_r2_v1.0.1	e4f881839c4f7b48	== manifest	1.17 s (GPU decode + copy 0.28)
C558 full	r2_HG03195_hap1_hprc_r2_v1.0.1	56e45fe61523ac75	== manifest	1.16 s (GPU decode + copy 0.28)
C558 full	r2_HG03195_hap2_hprc_r2_v1.0.1	2facc3da1f48d06d	== manifest	1.17 s (GPU decode + copy 0.28)
C558 full	r2_HG03209_hap1_hprc_r2_v1.0.1	25ff5bf70f451be9	== manifest	1.14 s (GPU decode + copy 0.27)
C558 full	r2_HG03209_hap2_hprc_r2_v1.0.1	a08a71730a8c1e85	== manifest	1.18 s (GPU decode + copy 0.28)
C558 full	r2_HG03225_hap1_hprc_r2_v1.0.1	98acb1fb8f592b23	== manifest	1.13 s (GPU decode + copy 0.27)
C558 full	r2_HG03225_hap2_hprc_r2_v1.0.1	1541c126c0a20b67	== manifest	1.17 s (GPU decode + copy 0.28)
C558 full	r2_HG03239_mat_hprc_r2_v1.0.1	38bea91d4f140bb4	== manifest	1.15 s (GPU decode + copy 0.27)
C558 full	r2_HG03239_pat_hprc_r2_v1.0.1	6610b6c1b99d02d2	== manifest	1.16 s (GPU decode + copy 0.28)
C558 full	r2_HG03270_hap1_hprc_r2_v1.0.1	e9999ab914628a7c	== manifest	1.17 s (GPU decode + copy 0.28)
C558 full	r2_HG03270_hap2_hprc_r2_v1.0.1	9a9a167aa2ba7dba	== manifest	1.16 s (GPU decode + copy 0.28)
C558 full	r2_HG03369_hap1_hprc_r2_v1.0.1	602a08c2fdc07f86	== manifest	1.16 s (GPU decode + copy 0.28)
C558 full	r2_HG03369_hap2_hprc_r2_v1.0.1	1d2d48906008242d	== manifest	1.14 s (GPU decode + copy 0.28)
C558 full	r2_HG03453_mat_hprc_r2_v1.0.1	24221ef25ceeefaa	== manifest	1.15 s (GPU decode + copy 0.28)
C558 full	r2_HG03453_pat_hprc_r2_v1.0.1	c8cf174af590f118	== manifest	1.17 s (GPU decode + copy 0.28)
C558 full	r2_HG03470_hap1_hprc_r2_v1.0.1	5ad32884a0219347	== manifest	1.17 s (GPU decode + copy 0.28)
C558 full	r2_HG03470_hap2_hprc_r2_v1.0.1	a48f236b5c22b36b	== manifest	1.17 s (GPU decode + copy 0.28)
C558 full	r2_HG03471_hap1_hprc_r2_v1.0.1	b192882776af2f97	== manifest	1.12 s (GPU decode + copy 0.27)
C558 full	r2_HG03471_hap2_hprc_r2_v1.0.1	4f5ce05b926d2e6c	== manifest	1.16 s (GPU decode + copy 0.28)
C558 full	r2_HG03486_mat_hprc_r2_v1.0.1	fda3e07a90d70b3b	== manifest	1.15 s (GPU decode + copy 0.28)
C558 full	r2_HG03486_pat_hprc_r2_v1.0.1	4b06df9b9f599579	== manifest	1.17 s (GPU decode + copy 0.28)
C558 full	r2_HG03516_mat_hprc_r2_v1.1.0	5289607dc06de40b	== manifest	1.16 s (GPU decode + copy 0.28)
C558 full	r2_HG03516_pat_hprc_r2_v1.1.0	5b09c2fca5ec631d	== manifest	1.17 s (GPU decode + copy 0.28)
C558 full	r2_HG03521_hap1_hprc_r2_v1.0.1	6b583974f739cada	== manifest	1.13 s (GPU decode + copy 0.27)
C558 full	r2_HG03521_hap2_hprc_r2_v1.0.1	2576a11960214883	== manifest	1.19 s (GPU decode + copy 0.28)
C558 full	r2_HG03540_mat_hprc_r2_v1.0.1	8dd4acc0e4014608	== manifest	1.17 s (GPU decode + copy 0.28)
C558 full	r2_HG03540_pat_hprc_r2_v1.0.1	fefc8bc5300d0f1b	== manifest	1.17 s (GPU decode + copy 0.28)
C558 full	r2_HG03579_mat_hprc_r2_v1.0.1	57a8ba8c4d78fb95	== manifest	1.17 s (GPU decode + copy 0.28)
C558 full	r2_HG03579_pat_hprc_r2_v1.0.1	69995f450b2d5a1b	== manifest	1.13 s (GPU decode + copy 0.27)
C558 full	r2_HG03583_hap1_hprc_r2_v1.0.1	feb944b4c84ea79e	== manifest	1.17 s (GPU decode + copy 0.28)
C558 full	r2_HG03583_hap2_hprc_r2_v1.0.1	98086afcad8a531a	== manifest	1.18 s (GPU decode + copy 0.28)
C558 full	r2_HG03654_mat_hprc_r2_v1.0.1	32a8aa131beb3326	== manifest	1.17 s (GPU decode + copy 0.28)
C558 full	r2_HG03654_pat_hprc_r2_v1.0.1	3917ea1c1c690c2c	== manifest	1.13 s (GPU decode + copy 0.27)
C558 full	r2_HG03669_mat_hprc_r2_v1.0.1	f4111706b8ada66a	== manifest	1.16 s (GPU decode + copy 0.27)
C558 full	r2_HG03669_pat_hprc_r2_v1.0.1	33c1ea9ae31b051a	== manifest	1.16 s (GPU decode + copy 0.28)
C558 full	r2_HG03688_mat_hprc_r2_v1.0.1	38a372338ea34fc3	== manifest	1.17 s (GPU decode + copy 0.28)
C558 full	r2_HG03688_pat_hprc_r2_v1.0.1	3a1708243ba26fe1	== manifest	1.13 s (GPU decode + copy 0.27)
C558 full	r2_HG03704_mat_hprc_r2_v1.0.1	5c4213a4387c6c9d	== manifest	1.17 s (GPU decode + copy 0.28)
C558 full	r2_HG03704_pat_hprc_r2_v1.0.1	298f9f5dfbd3805e	== manifest	1.17 s (GPU decode + copy 0.28)
C558 full	r2_HG03710_mat_hprc_r2_v1.0.1	dee5a1a2ebd55cc8	== manifest	1.16 s (GPU decode + copy 0.27)
C558 full	r2_HG03710_pat_hprc_r2_v1.0.1	2952d94331bf24d3	== manifest	1.12 s (GPU decode + copy 0.27)
C558 full	r2_HG03742_hap1_hprc_r2_v1.0.1	8d94e9180b942472	== manifest	1.14 s (GPU decode + copy 0.27)
C558 full	r2_HG03742_hap2_hprc_r2_v1.0.1	5af1708a66f10408	== manifest	1.18 s (GPU decode + copy 0.28)
C558 full	r2_HG03784_hap1_hprc_r2_v1.0.1	7641df2996afda21	== manifest	1.19 s (GPU decode + copy 0.28)
C558 full	r2_HG03784_hap2_hprc_r2_v1.0.1	3221de62a16670d5	== manifest	1.16 s (GPU decode + copy 0.28)
C558 full	r2_HG03804_mat_hprc_r2_v1.0.1	94681ff2d371874f	== manifest	1.17 s (GPU decode + copy 0.28)
C558 full	r2_HG03804_pat_hprc_r2_v1.0.1	5a099516ccdc0989	== manifest	1.17 s (GPU decode + copy 0.28)
C558 full	r2_HG03816_mat_hprc_r2_v1.0.1	964affa815574ce1	== manifest	1.16 s (GPU decode + copy 0.28)
C558 full	r2_HG03816_pat_hprc_r2_v1.0.1	232ef5bf951c7105	== manifest	1.17 s (GPU decode + copy 0.28)
C558 full	r2_HG03831_mat_hprc_r2_v1.0.1	fa0cda684803d5b1	== manifest	1.16 s (GPU decode + copy 0.28)
C558 full	r2_HG03831_pat_hprc_r2_v1.0.1	1523ecf484ef84d8	== manifest	1.16 s (GPU decode + copy 0.27)
C558 full	r2_HG03834_mat_hprc_r2_v1.0.1	11e3a7f3d2447e1a	== manifest	1.17 s (GPU decode + copy 0.27)
C558 full	r2_HG03834_pat_hprc_r2_v1.0.1	61038e99eaf8ba28	== manifest	1.17 s (GPU decode + copy 0.28)
C558 full	r2_HG03874_hap1_hprc_r2_v1.0.1	85d873a7cfff1359	== manifest	1.17 s (GPU decode + copy 0.28)
C558 full	r2_HG03874_hap2_hprc_r2_v1.0.1	a859c9522d9348d6	== manifest	1.19 s (GPU decode + copy 0.28)
C558 full	r2_HG03927_mat_hprc_r2_v1.0.1	5736d720c262ae62	== manifest	1.17 s (GPU decode + copy 0.28)
C558 full	r2_HG03927_pat_hprc_r2_v1.0.1	5dd60328e73663c7	== manifest	1.18 s (GPU decode + copy 0.28)
C558 full	r2_HG03942_mat_hprc_r2_v1.0.1	4cc9532215885cde	== manifest	1.16 s (GPU decode + copy 0.27)
C558 full	r2_HG03942_pat_hprc_r2_v1.0.1	25b910e2ddf2b217	== manifest	1.12 s (GPU decode + copy 0.26)
C558 full	r2_HG04115_mat_hprc_r2_v1.0.1	bd09955fcbe4b4bf	== manifest	1.17 s (GPU decode + copy 0.28)
C558 full	r2_HG04115_pat_hprc_r2_v1.0.1	d80bb7ca3492bde9	== manifest	1.12 s (GPU decode + copy 0.27)
C558 full	r2_HG04157_mat_hprc_r2_v1.0.1	f026e8d7dfa28091	== manifest	1.15 s (GPU decode + copy 0.27)
C558 full	r2_HG04157_pat_hprc_r2_v1.0.1	1133a9210ea43e5c	== manifest	1.12 s (GPU decode + copy 0.27)
C558 full	r2_HG04160_mat_hprc_r2_v1.0.1	1354f4b1227eb8df	== manifest	1.16 s (GPU decode + copy 0.27)
C558 full	r2_HG04160_pat_hprc_r2_v1.0.1	e3cebd14d04dbd59	== manifest	1.12 s (GPU decode + copy 0.27)
C558 full	r2_HG04184_mat_hprc_r2_v1.0.1	774ee2656135d77d	== manifest	1.16 s (GPU decode + copy 0.27)
C558 full	r2_HG04184_pat_hprc_r2_v1.0.1	cba5e297b49d7ec2	== manifest	1.17 s (GPU decode + copy 0.28)
C558 full	r2_HG04187_mat_hprc_r2_v1.0.1	9d2d634bcd9d20b1	== manifest	1.16 s (GPU decode + copy 0.27)
C558 full	r2_HG04187_pat_hprc_r2_v1.0.1	efb23cc963235612	== manifest	1.12 s (GPU decode + copy 0.26)
C558 full	r2_HG04199_mat_hprc_r2_v1.0.1	8484376d8be51c23	== manifest	1.17 s (GPU decode + copy 0.28)
C558 full	r2_HG04199_pat_hprc_r2_v1.0.1	8b52bd531642dc0a	== manifest	1.12 s (GPU decode + copy 0.27)
C558 full	r2_HG04204_mat_hprc_r2_v1.0.1	7d69117e8d011b04	== manifest	1.16 s (GPU decode + copy 0.28)
C558 full	r2_HG04204_pat_hprc_r2_v1.0.1	9c4ea6ffbd08c5fa	== manifest	1.12 s (GPU decode + copy 0.27)
C558 full	r2_HG04228_mat_hprc_r2_v1.0.1	1e06c4f6e4f19704	== manifest	1.14 s (GPU decode + copy 0.27)
C558 full	r2_HG04228_pat_hprc_r2_v1.0.1	9eb81b3406efe5cb	== manifest	1.12 s (GPU decode + copy 0.27)
C558 full	r2_HG06807_mat_v1	49c76a0d41f655f7	== manifest	1.16 s (GPU decode + copy 0.28)
C558 full	r2_HG06807_pat_v1	e0cae48f7e397f49	== manifest	1.16 s (GPU decode + copy 0.28)
C558 full	r2_NA18505_hap1_hprc_r2_v1.0.1	3370e32c8d95fe1f	== manifest	1.15 s (GPU decode + copy 0.28)
C558 full	r2_NA18505_hap2_hprc_r2_v1.0.1	32ec255d47becc7e	== manifest	1.17 s (GPU decode + copy 0.28)
C558 full	r2_NA18508_hap1_hprc_r2_v1.0.1	c692f46d92d615e8	== manifest	1.17 s (GPU decode + copy 0.28)
C558 full	r2_NA18508_hap2_hprc_r2_v1.0.1	d3c703933591acd2	== manifest	1.18 s (GPU decode + copy 0.28)
C558 full	r2_NA18522_hap1_hprc_r2_v1.0.1	ed0c3f39aee82951	== manifest	1.14 s (GPU decode + copy 0.27)
C558 full	r2_NA18522_hap2_hprc_r2_v1.0.1	a73f60d4e334358e	== manifest	1.18 s (GPU decode + copy 0.28)
C558 full	r2_NA18565_hap1_hprc_r2_v1.0.1	ce661921cc86f2e0	== manifest	1.16 s (GPU decode + copy 0.28)
C558 full	r2_NA18565_hap2_hprc_r2_v1.0.1	a50abe9c9b52db9f	== manifest	1.16 s (GPU decode + copy 0.27)
C558 full	r2_NA18570_hap1_hprc_r2_v1.0.1	2c8c65103243359a	== manifest	1.16 s (GPU decode + copy 0.28)
C558 full	r2_NA18570_hap2_hprc_r2_v1.0.1	54ebbd823c00ed18	== manifest	1.16 s (GPU decode + copy 0.28)
C558 full	r2_NA18608_hap1_hprc_r2_v1.0.1	be3573fcc923ce82	== manifest	1.12 s (GPU decode + copy 0.27)
C558 full	r2_NA18608_hap2_hprc_r2_v1.0.1	605c73511caee40d	== manifest	1.15 s (GPU decode + copy 0.27)
C558 full	r2_NA18620_hap1_hprc_r2_v1.0.1	1ecd98ef047819fa	== manifest	1.12 s (GPU decode + copy 0.27)
C558 full	r2_NA18620_hap2_hprc_r2_v1.0.1	aeb9ff327a8a363b	== manifest	1.16 s (GPU decode + copy 0.27)
C558 full	r2_NA18747_hap1_hprc_r2_v1.0.1	08879ded0b4bd33c	== manifest	1.13 s (GPU decode + copy 0.27)
C558 full	r2_NA18747_hap2_hprc_r2_v1.0.1	033b916e9e0d736b	== manifest	1.17 s (GPU decode + copy 0.28)
C558 full	r2_NA18879_hap1_hprc_r2_v1.0.1	afd350115153f71f	== manifest	1.14 s (GPU decode + copy 0.27)
C558 full	r2_NA18879_hap2_hprc_r2_v1.0.1	b3154afb59ba422a	== manifest	1.18 s (GPU decode + copy 0.28)
C558 full	r2_NA18906_mat_hprc_r2_v1.0.1	122d463323dd111d	== manifest	1.17 s (GPU decode + copy 0.28)
C558 full	r2_NA18906_pat_hprc_r2_v1.0.1	01a7c8e9d7733712	== manifest	1.16 s (GPU decode + copy 0.28)
C558 full	r2_NA18940_hap1_hprc_r2_v1.0.1	7d4bb638c5e983b4	== manifest	1.11 s (GPU decode + copy 0.26)
C558 full	r2_NA18940_hap2_hprc_r2_v1.0.1	da6034a22dd6a348	== manifest	1.14 s (GPU decode + copy 0.27)
C558 full	r2_NA18943_hap1_hprc_r2_v1.0.1	c93d62a7fd144e2a	== manifest	1.12 s (GPU decode + copy 0.26)
C558 full	r2_NA18943_hap2_hprc_r2_v1.0.1	acef8dcd9720d21f	== manifest	1.16 s (GPU decode + copy 0.28)
C558 full	r2_NA18944_hap1_hprc_r2_v1.0.1	63db5c20e87051c3	== manifest	1.12 s (GPU decode + copy 0.27)
C558 full	r2_NA18944_hap2_hprc_r2_v1.0.1	48e4e179d39905f2	== manifest	1.16 s (GPU decode + copy 0.28)
C558 full	r2_NA18945_hap1_hprc_r2_v1.0.1	d5549ef40528b887	== manifest	1.12 s (GPU decode + copy 0.27)
C558 full	r2_NA18945_hap2_hprc_r2_v1.0.1	ad6cd02f587b65b3	== manifest	1.16 s (GPU decode + copy 0.27)
C558 full	r2_NA18948_hap1_hprc_r2_v1.0.1	a8f676550aa71ccf	== manifest	1.13 s (GPU decode + copy 0.26)
C558 full	r2_NA18948_hap2_hprc_r2_v1.0.1	a788491223802ea5	== manifest	1.20 s (GPU decode + copy 0.28)
C558 full	r2_NA18952_hap1_hprc_r2_v1.0.1	38b6ce649e0bda0f	== manifest	1.13 s (GPU decode + copy 0.27)
C558 full	r2_NA18952_hap2_hprc_r2_v1.0.1	859b194030a01997	== manifest	1.16 s (GPU decode + copy 0.28)
C558 full	r2_NA18959_hap1_hprc_r2_v1.0.1	39bca079152291c7	== manifest	1.11 s (GPU decode + copy 0.26)
C558 full	r2_NA18959_hap2_hprc_r2_v1.0.1	21e5a95104fc8ad9	== manifest	1.17 s (GPU decode + copy 0.28)
C558 full	r2_NA18960_hap1_hprc_r2_v1.0.1	091a7b80ead7d620	== manifest	1.12 s (GPU decode + copy 0.27)
C558 full	r2_NA18960_hap2_hprc_r2_v1.0.1	23392e395535222b	== manifest	1.16 s (GPU decode + copy 0.27)
C558 full	r2_NA18967_hap1_hprc_r2_v1.0.1	1787cd3049914468	== manifest	1.14 s (GPU decode + copy 0.27)
C558 full	r2_NA18967_hap2_hprc_r2_v1.0.1	be98e26a7f073a00	== manifest	1.15 s (GPU decode + copy 0.27)
C558 full	r2_NA18970_hap1_hprc_r2_v1.0.1	87974afb80ed3490	== manifest	1.12 s (GPU decode + copy 0.27)
C558 full	r2_NA18970_hap2_hprc_r2_v1.0.1	95d31e54ff30e9d2	== manifest	1.16 s (GPU decode + copy 0.28)
C558 full	r2_NA18971_hap1_hprc_r2_v1.0.1	909a07974e9e9417	== manifest	1.13 s (GPU decode + copy 0.27)
C558 full	r2_NA18971_hap2_hprc_r2_v1.0.1	4c1ecbafd844ec19	== manifest	1.16 s (GPU decode + copy 0.28)
C558 full	r2_NA18974_hap1_hprc_r2_v1.0.1	005d76eabc73ec16	== manifest	1.14 s (GPU decode + copy 0.27)
C558 full	r2_NA18974_hap2_hprc_r2_v1.0.1	f81bd75837b77798	== manifest	1.17 s (GPU decode + copy 0.28)
C558 full	r2_NA18976_hap1_hprc_r2_v1.0.1	c41c1c06c0f7e5ab	== manifest	1.16 s (GPU decode + copy 0.27)
C558 full	r2_NA18976_hap2_hprc_r2_v1.0.1	60d8e1f4931989de	== manifest	1.16 s (GPU decode + copy 0.28)
C558 full	r2_NA18982_hap1_hprc_r2_v1.0.1	c12ca3b7b3471207	== manifest	1.14 s (GPU decode + copy 0.27)
C558 full	r2_NA18982_hap2_hprc_r2_v1.0.1	b96e9d8f0e2b7db6	== manifest	1.15 s (GPU decode + copy 0.27)
C558 full	r2_NA18983_hap1_hprc_r2_v1.0.1	30f19545748276f8	== manifest	1.13 s (GPU decode + copy 0.27)
C558 full	r2_NA18983_hap2_hprc_r2_v1.0.1	06601e401c955ad9	== manifest	1.16 s (GPU decode + copy 0.28)
C558 full	r2_NA19036_hap1_hprc_r2_v1.0.1	0ab271b8e83a8425	== manifest	1.17 s (GPU decode + copy 0.28)
C558 full	r2_NA19036_hap2_hprc_r2_v1.0.1	32a120c9daf979e4	== manifest	1.16 s (GPU decode + copy 0.28)
C558 full	r2_NA19043_hap1_hprc_r2_v1.0.1	e0c0295a60ef3abe	== manifest	1.12 s (GPU decode + copy 0.27)
C558 full	r2_NA19043_hap2_hprc_r2_v1.0.1	829f76d68e0955d3	== manifest	1.16 s (GPU decode + copy 0.28)
C558 full	r2_NA19087_hap1_hprc_r2_v1.0.1	c855d7600e88759d	== manifest	1.17 s (GPU decode + copy 0.28)
C558 full	r2_NA19087_hap2_hprc_r2_v1.0.1	044758df9077437c	== manifest	1.17 s (GPU decode + copy 0.28)
C558 full	r2_NA19159_hap1_hprc_r2_v1.0.1	91bd1fc9924274bb	== manifest	1.18 s (GPU decode + copy 0.28)
C558 full	r2_NA19159_hap2_hprc_r2_v1.0.1	c7819a97740b8e80	== manifest	1.16 s (GPU decode + copy 0.28)
C558 full	r2_NA19185_hap1_hprc_r2_v1.0.1	bce3ce69f45c6578	== manifest	1.15 s (GPU decode + copy 0.28)
C558 full	r2_NA19185_hap2_hprc_r2_v1.0.1	77febb1ec63f27d2	== manifest	1.18 s (GPU decode + copy 0.28)
C558 full	r2_NA19240_mat_hprc_r2_v1.0.1	7f1ec20873552c46	== manifest	1.15 s (GPU decode + copy 0.28)
C558 full	r2_NA19240_pat_hprc_r2_v1.0.1	52dc35f41778c8dd	== manifest	1.16 s (GPU decode + copy 0.28)
C558 full	r2_NA19338_hap1_hprc_r2_v1.0.1	86c4d525d7dab5a5	== manifest	1.17 s (GPU decode + copy 0.28)
C558 full	r2_NA19338_hap2_hprc_r2_v1.0.1	17673184bd5f7575	== manifest	1.17 s (GPU decode + copy 0.28)
C558 full	r2_NA19391_hap1_hprc_r2_v1.0.1	abee88b10f614d63	== manifest	1.17 s (GPU decode + copy 0.28)
C558 full	r2_NA19391_hap2_hprc_r2_v1.0.1	30c1dde28062a0ac	== manifest	1.17 s (GPU decode + copy 0.28)
C558 full	r2_NA19443_hap1_hprc_r2_v1.0.1	60ec4c83c5457a4f	== manifest	1.14 s (GPU decode + copy 0.27)
C558 full	r2_NA19443_hap2_hprc_r2_v1.0.1	6524409a50afdc9e	== manifest	1.16 s (GPU decode + copy 0.28)
C558 full	r2_NA19468_hap1_hprc_r2_v1.0.1	d5b2da835f451b6a	== manifest	1.17 s (GPU decode + copy 0.28)
C558 full	r2_NA19468_hap2_hprc_r2_v1.0.1	2a8031a082abc43a	== manifest	1.17 s (GPU decode + copy 0.28)
C558 full	r2_NA19682_hap1_hprc_r2_v1.0.1	290fd59a033153e7	== manifest	1.12 s (GPU decode + copy 0.27)
C558 full	r2_NA19682_hap2_hprc_r2_v1.0.1	f596071e752f0b0f	== manifest	1.15 s (GPU decode + copy 0.28)
C558 full	r2_NA19700_hap1_hprc_r2_v1.0.1	2005f4d3db1e3714	== manifest	1.13 s (GPU decode + copy 0.27)
C558 full	r2_NA19700_hap2_hprc_r2_v1.0.1	acad66ec26758338	== manifest	1.16 s (GPU decode + copy 0.28)
C558 full	r2_NA19776_hap1_hprc_r2_v1.0.1	182f9dde8f760b4a	== manifest	1.15 s (GPU decode + copy 0.28)
C558 full	r2_NA19776_hap2_hprc_r2_v1.0.1	60cce2e0c220cafa	== manifest	1.16 s (GPU decode + copy 0.28)
C558 full	r2_NA19835_hap1_hprc_r2_v1.0.1	5ff63afecc14036f	== manifest	1.16 s (GPU decode + copy 0.28)
C558 full	r2_NA19835_hap2_hprc_r2_v1.0.1	bcdfe8958c39bda3	== manifest	1.17 s (GPU decode + copy 0.28)
C558 full	r2_NA19909_hap1_hprc_r2_v1.0.1	0905b6a05dd00d5e	== manifest	1.16 s (GPU decode + copy 0.28)
C558 full	r2_NA19909_hap2_hprc_r2_v1.0.1	e94f5dc17f2c4bc0	== manifest	1.16 s (GPU decode + copy 0.28)
C558 full	r2_NA20129_mat_hprc_r2_v1.0.1	1ae1cd06b25d50ad	== manifest	1.17 s (GPU decode + copy 0.28)
C558 full	r2_NA20129_pat_hprc_r2_v1.0.1	2fcf35db17d764d3	== manifest	1.16 s (GPU decode + copy 0.28)
C558 full	r2_NA20282_hap1_hprc_r2_v1.0.1	2d2ceae33a579f98	== manifest	1.17 s (GPU decode + copy 0.28)
C558 full	r2_NA20282_hap2_hprc_r2_v1.0.1	b14d75c080fead12	== manifest	1.15 s (GPU decode + copy 0.28)
C558 full	r2_NA20346_hap1_hprc_r2_v1.0.1	1b757a72ca02297c	== manifest	1.13 s (GPU decode + copy 0.27)
C558 full	r2_NA20346_hap2_hprc_r2_v1.0.1	a7366146475c5f55	== manifest	1.15 s (GPU decode + copy 0.28)
C558 full	r2_NA20503_hap1_hprc_r2_v1.0.1	3e7be677c3619981	== manifest	1.13 s (GPU decode + copy 0.27)
C558 full	r2_NA20503_hap2_hprc_r2_v1.0.1	79f78be1ee7eb41f	== manifest	1.14 s (GPU decode + copy 0.27)
C558 full	r2_NA20752_hap1_hprc_r2_v1.0.1	26737fedfa6b0e87	== manifest	1.11 s (GPU decode + copy 0.26)
C558 full	r2_NA20752_hap2_hprc_r2_v1.0.1	5618e8deea9a1013	== manifest	1.16 s (GPU decode + copy 0.28)
C558 full	r2_NA20762_hap1_hprc_r2_v1.0.1	84eca6fd22998abb	== manifest	1.12 s (GPU decode + copy 0.26)
C558 full	r2_NA20762_hap2_hprc_r2_v1.0.1	b1a0591d2842023c	== manifest	1.16 s (GPU decode + copy 0.27)
C558 full	r2_NA20799_hap1_hprc_r2_v1.0.1	69d68e32174390f6	== manifest	1.17 s (GPU decode + copy 0.28)
C558 full	r2_NA20799_hap2_hprc_r2_v1.0.1	d52648629c4a8e96	== manifest	1.14 s (GPU decode + copy 0.27)
C558 full	r2_NA20805_hap1_hprc_r2_v1.0.1	f0fc791285ba670c	== manifest	1.12 s (GPU decode + copy 0.26)
C558 full	r2_NA20805_hap2_hprc_r2_v1.0.1	419c8e2d4361ccd0	== manifest	1.16 s (GPU decode + copy 0.27)
C558 full	r2_NA20806_hap1_hprc_r2_v1.0.1	af254ca58178ec8a	== manifest	1.11 s (GPU decode + copy 0.26)
C558 full	r2_NA20806_hap2_hprc_r2_v1.0.1	6d7ca7bb4d32fef9	== manifest	1.16 s (GPU decode + copy 0.28)
C558 full	r2_NA20809_hap1_hprc_r2_v1.0.1	63a053b6a1c08b8f	== manifest	1.14 s (GPU decode + copy 0.27)
C558 full	r2_NA20809_hap2_hprc_r2_v1.0.1	9345d0f4f5070f09	== manifest	1.15 s (GPU decode + copy 0.27)
C558 full	r2_NA20827_hap1_hprc_r2_v1.0.1	03923c263b1ec398	== manifest	1.12 s (GPU decode + copy 0.26)
C558 full	r2_NA20827_hap2_hprc_r2_v1.0.1	98795cf754011d16	== manifest	1.16 s (GPU decode + copy 0.28)
C558 full	r2_NA20850_hap1_hprc_r2_v1.0.1	3cbb1e1d35a54a42	== manifest	1.12 s (GPU decode + copy 0.26)
C558 full	r2_NA20850_hap2_hprc_r2_v1.0.1	e985f11c2c78feb8	== manifest	1.16 s (GPU decode + copy 0.28)
C558 full	r2_NA20870_hap1_hprc_r2_v1.0.1	61265353aa14d77b	== manifest	1.12 s (GPU decode + copy 0.27)
C558 full	r2_NA20870_hap2_hprc_r2_v1.0.1	34364952f1a4a176	== manifest	1.16 s (GPU decode + copy 0.27)
C558 full	r2_NA20905_hap1_hprc_r2_v1.0.1	faf27489ff69f0a9	== manifest	1.12 s (GPU decode + copy 0.26)
C558 full	r2_NA20905_hap2_hprc_r2_v1.0.1	7f7b9ea7505e02a0	== manifest	1.16 s (GPU decode + copy 0.28)
C558 full	r2_NA21093_hap1_hprc_r2_v1.0.1	15e6b5b959925856	== manifest	1.11 s (GPU decode + copy 0.27)
C558 full	r2_NA21093_hap2_hprc_r2_v1.0.1	0b7cf25c5133e59c	== manifest	1.14 s (GPU decode + copy 0.27)
C558 full	r2_NA21102_hap1_hprc_r2_v1.0.1	145c69a217314ad3	== manifest	1.15 s (GPU decode + copy 0.28)
C558 full	r2_NA21102_hap2_hprc_r2_v1.0.1	ae6a7f05dfb60457	== manifest	1.15 s (GPU decode + copy 0.27)
C558 full	r2_NA21106_hap1_hprc_r2_v1.0.1	93939dd9b8912f38	== manifest	1.14 s (GPU decode + copy 0.27)
C558 full	r2_NA21106_hap2_hprc_r2_v1.0.1	614951588f031c85	== manifest	1.15 s (GPU decode + copy 0.28)
C558 full	r2_NA21110_hap1_hprc_r2_v1.0.1	ff2305ebca35b59f	== manifest	1.14 s (GPU decode + copy 0.27)
C558 full	r2_NA21110_hap2_hprc_r2_v1.0.1	7ad31c6112464813	== manifest	1.15 s (GPU decode + copy 0.28)
C558 full	r2_NA21144_hap1_hprc_r2_v1.0.1	34a64ac38d74cad3	== manifest	1.16 s (GPU decode + copy 0.28)
C558 full	r2_NA21144_hap2_hprc_r2_v1.0.1	35746c68179f5949	== manifest	1.15 s (GPU decode + copy 0.27)
C558 full	r2_NA21309_mat_hprc_r2_v1.0.1	caec985d0ef519d3	== manifest	1.16 s (GPU decode + copy 0.28)
C558 full	r2_NA21309_pat_hprc_r2_v1.0.1	8ec8c1db86c31d8a	== manifest	1.16 s (GPU decode + copy 0.28)
C558 full	r2_hg002v1.1.mat_MT	0f097dd3fce84c4f	== manifest	1.16 s (GPU decode + copy 0.28)
C558 full	r2_hg002v1.1.pat	a6ac61819a167696	== manifest	1.13 s (GPU decode + copy 0.27)
C558 full	y1_HG002.1	77ff8005d4dbb4d2	== manifest	1.03 s (GPU decode + copy 0.27)
C558 full	y1_HG002.2	41738558472d5f12	== manifest	1.07 s (GPU decode + copy 0.28)
C558 full	y1_HG00438.1	0fae37e31e54fb34	== manifest	1.05 s (GPU decode + copy 0.28)
C558 full	y1_HG00438.2	dd9c58efe72c3e7e	== manifest	1.06 s (GPU decode + copy 0.28)
C558 full	y1_HG005.1	217def02b5c45104	== manifest	1.03 s (GPU decode + copy 0.27)
C558 full	y1_HG005.2	6bfccef3e432d0c6	== manifest	1.05 s (GPU decode + copy 0.28)
C558 full	y1_HG00621.1	92d36c1ffac5c77b	== manifest	1.01 s (GPU decode + copy 0.27)
C558 full	y1_HG00621.2	1ddaf8b98d9bee03	== manifest	1.05 s (GPU decode + copy 0.28)
C558 full	y1_HG00673.1	503057c75802fbde	== manifest	1.02 s (GPU decode + copy 0.27)
C558 full	y1_HG00673.2	58d83e29d3fad021	== manifest	1.07 s (GPU decode + copy 0.28)
C558 full	y1_HG00733.1	54079886175c4372	== manifest	1.06 s (GPU decode + copy 0.28)
C558 full	y1_HG00733.2	a62f97453d5a3e17	== manifest	1.06 s (GPU decode + copy 0.28)
C558 full	y1_HG00735.1	7c0e229355ff2cfb	== manifest	1.06 s (GPU decode + copy 0.28)
C558 full	y1_HG00735.2	125726a7e89394cd	== manifest	1.06 s (GPU decode + copy 0.28)
C558 full	y1_HG00741.1	f609c03aa0d1cf78	== manifest	1.06 s (GPU decode + copy 0.28)
C558 full	y1_HG00741.2	dcb7609c023a013e	== manifest	1.06 s (GPU decode + copy 0.28)
C558 full	y1_HG01071.1	a6bf9eae37e662b3	== manifest	1.07 s (GPU decode + copy 0.28)
C558 full	y1_HG01071.2	dea3a34f74e702c5	== manifest	1.05 s (GPU decode + copy 0.27)
C558 full	y1_HG01106.1	b29756ed23ec0212	== manifest	1.02 s (GPU decode + copy 0.27)
C558 full	y1_HG01106.2	ba611c244d4bbff5	== manifest	1.06 s (GPU decode + copy 0.28)
C558 full	y1_HG01109.1	9fadc2957c4e54ea	== manifest	1.02 s (GPU decode + copy 0.27)
C558 full	y1_HG01109.2	7540111600f698c6	== manifest	1.07 s (GPU decode + copy 0.28)
C558 full	y1_HG01123.1	bb648477494c9c5b	== manifest	1.05 s (GPU decode + copy 0.28)
C558 full	y1_HG01123.2	9375e065910e1cc0	== manifest	1.06 s (GPU decode + copy 0.28)
C558 full	y1_HG01175.1	31529d95d4155b86	== manifest	1.06 s (GPU decode + copy 0.28)
C558 full	y1_HG01175.2	a95c6dd97e3a8bf6	== manifest	1.06 s (GPU decode + copy 0.28)
C558 full	y1_HG01243.1	ad83db0137567422	== manifest	1.02 s (GPU decode + copy 0.27)
C558 full	y1_HG01243.2	968f62f5a3a34289	== manifest	1.06 s (GPU decode + copy 0.28)
C558 full	y1_HG01258.1	d5a6d3121f7fe477	== manifest	1.02 s (GPU decode + copy 0.27)
C558 full	y1_HG01258.2	bd938808e20403b1	== manifest	1.06 s (GPU decode + copy 0.28)
C558 full	y1_HG01358.1	41ef5c4e069aa77f	== manifest	1.02 s (GPU decode + copy 0.27)
C558 full	y1_HG01358.2	6048e6167721da7e	== manifest	1.06 s (GPU decode + copy 0.28)
C558 full	y1_HG01361.1	deca6705d81ed322	== manifest	1.05 s (GPU decode + copy 0.28)
C558 full	y1_HG01361.2	065dfab9752010d4	== manifest	1.05 s (GPU decode + copy 0.28)
C558 full	y1_HG01891.1	5abc96480266c733	== manifest	1.06 s (GPU decode + copy 0.28)
C558 full	y1_HG01891.2	c3a1d0def4dfcd07	== manifest	1.06 s (GPU decode + copy 0.28)
C558 full	y1_HG01928.1	aa1d38406de8d012	== manifest	1.02 s (GPU decode + copy 0.27)
C558 full	y1_HG01928.2	15f8d5ec08e98830	== manifest	1.05 s (GPU decode + copy 0.28)
C558 full	y1_HG01952.1	d81a7df3bd7611da	== manifest	1.02 s (GPU decode + copy 0.27)
C558 full	y1_HG01952.2	fa1fb7086ab53c83	== manifest	1.05 s (GPU decode + copy 0.28)
C558 full	y1_HG01978.1	069b694e45af5ff6	== manifest	1.05 s (GPU decode + copy 0.28)
C558 full	y1_HG01978.2	6ab10412b4f2be95	== manifest	1.06 s (GPU decode + copy 0.28)
C558 full	y1_HG02055.1	eb6ab1e6d4bb2fba	== manifest	1.03 s (GPU decode + copy 0.27)
C558 full	y1_HG02055.2	765be1e180619f63	== manifest	1.06 s (GPU decode + copy 0.28)
C558 full	y1_HG02080.1	4634283aac997faa	== manifest	1.04 s (GPU decode + copy 0.28)
C558 full	y1_HG02080.2	43752166e1fe1029	== manifest	1.06 s (GPU decode + copy 0.28)
C558 full	y1_HG02109.1	8d72d8f6bcd47ff2	== manifest	1.06 s (GPU decode + copy 0.28)
C558 full	y1_HG02109.2	786019365179ff28	== manifest	1.05 s (GPU decode + copy 0.28)
C558 full	y1_HG02145.1	7c31cdc41313789f	== manifest	1.02 s (GPU decode + copy 0.27)
C558 full	y1_HG02145.2	d13042a21901b0d6	== manifest	1.05 s (GPU decode + copy 0.28)
C558 full	y1_HG02148.1	afac31544811d5ff	== manifest	1.06 s (GPU decode + copy 0.28)
C558 full	y1_HG02148.2	1f7196686766d633	== manifest	1.06 s (GPU decode + copy 0.28)
C558 full	y1_HG02257.1	0af02bdee3049b56	== manifest	1.07 s (GPU decode + copy 0.28)
C558 full	y1_HG02257.2	a5ff65b7ce4f117d	== manifest	1.06 s (GPU decode + copy 0.28)
C558 full	y1_HG02486.1	ae7db14e0fda7d7e	== manifest	1.02 s (GPU decode + copy 0.27)
C558 full	y1_HG02486.2	de55d102b3a58aaa	== manifest	1.06 s (GPU decode + copy 0.28)
C558 full	y1_HG02559.1	d3de8bf8657f0599	== manifest	1.05 s (GPU decode + copy 0.28)
C558 full	y1_HG02559.2	c80f9437765be6f0	== manifest	1.07 s (GPU decode + copy 0.28)
C558 full	y1_HG02572.1	6e9475af697afc15	== manifest	1.03 s (GPU decode + copy 0.27)
C558 full	y1_HG02572.2	0a91468da3ed15c3	== manifest	1.04 s (GPU decode + copy 0.28)
C558 full	y1_HG02622.1	9e84fca0a0be7dfd	== manifest	1.06 s (GPU decode + copy 0.28)
C558 full	y1_HG02622.2	71f5a43bbd9dea06	== manifest	1.06 s (GPU decode + copy 0.28)
C558 full	y1_HG02630.1	3dd29861bb5adf1a	== manifest	1.05 s (GPU decode + copy 0.28)
C558 full	y1_HG02630.2	3b1cdee6779ee182	== manifest	1.06 s (GPU decode + copy 0.28)
C558 full	y1_HG02717.1	a09b56df65b21a4a	== manifest	1.01 s (GPU decode + copy 0.27)
C558 full	y1_HG02717.2	391cbab73930a43f	== manifest	1.06 s (GPU decode + copy 0.28)
C558 full	y1_HG02723.1	7218428a6a5b9fa1	== manifest	1.07 s (GPU decode + copy 0.28)
C558 full	y1_HG02723.2	4a1f46107190c1ee	== manifest	1.06 s (GPU decode + copy 0.28)
C558 full	y1_HG02818.1	1bfa862c3bb18246	== manifest	1.05 s (GPU decode + copy 0.28)
C558 full	y1_HG02818.2	0a012f92402e0b56	== manifest	1.06 s (GPU decode + copy 0.28)
C558 full	y1_HG02886.1	5f9f6e88a3da8e26	== manifest	1.06 s (GPU decode + copy 0.28)
C558 full	y1_HG02886.2	380dfb2881b5e27c	== manifest	1.06 s (GPU decode + copy 0.28)
C558 full	y1_HG03098.1	44aa615393c4fb67	== manifest	1.02 s (GPU decode + copy 0.27)
C558 full	y1_HG03098.2	7b7e155e9013875b	== manifest	1.07 s (GPU decode + copy 0.28)
C558 full	y1_HG03453.1	53dfd757260ddbc2	== manifest	1.06 s (GPU decode + copy 0.28)
C558 full	y1_HG03453.2	e847ba7824ea4154	== manifest	1.06 s (GPU decode + copy 0.28)
C558 full	y1_HG03486.1	c632d7637a335c06	== manifest	1.06 s (GPU decode + copy 0.28)
C558 full	y1_HG03486.2	fbe78ccb54f15e69	== manifest	1.06 s (GPU decode + copy 0.28)
C558 full	y1_HG03492.1	73c601f39202b973	== manifest	1.02 s (GPU decode + copy 0.27)
C558 full	y1_HG03492.2	7aa4b6bdaf8a87b8	== manifest	1.06 s (GPU decode + copy 0.28)
C558 full	y1_HG03516.1	74c2da082ac2c79f	== manifest	1.08 s (GPU decode + copy 0.28)
C558 full	y1_HG03516.2	02b3f2a6fe37dba9	== manifest	1.06 s (GPU decode + copy 0.28)
C558 full	y1_HG03540.1	bf0d36c596acc3f0	== manifest	1.08 s (GPU decode + copy 0.28)
C558 full	y1_HG03540.2	8d530d59ca079197	== manifest	1.06 s (GPU decode + copy 0.28)
C558 full	y1_HG03579.1	877449add96955d4	== manifest	1.03 s (GPU decode + copy 0.27)
C558 full	y1_HG03579.2	f8f8761565ddb4b6	== manifest	1.06 s (GPU decode + copy 0.28)
C558 full	y1_NA18906.1	80a1ae306f93ff80	== manifest	1.06 s (GPU decode + copy 0.28)
C558 full	y1_NA18906.2	ab2206e35ddcdf24	== manifest	1.07 s (GPU decode + copy 0.28)
C558 full	y1_NA19240.1	a54203b0c040069b	== manifest	1.04 s (GPU decode + copy 0.28)
C558 full	y1_NA19240.2	6cddc1d72e252674	== manifest	1.04 s (GPU decode + copy 0.28)
C558 full	y1_NA20129.1	aa770f4577a25c49	== manifest	1.05 s (GPU decode + copy 0.28)
C558 full	y1_NA20129.2	589c5ea52eb468b9	== manifest	1.05 s (GPU decode + copy 0.28)
C558 full	y1_NA21309.1	f8a3d91bafdca097	== manifest	1.04 s (GPU decode + copy 0.28)
C558 full	y1_NA21309.2	25519176fa38be5b	== manifest	1.05 s (GPU decode + copy 0.28)
C558 full total	558 assemblies, 1.680 T bases decoded on the GPU	558 == manifest, 0 differ	10.6 min (median per assembly 1.15 s; of it GPU decode + copy to host 0.28 s, sum 2.6 min; 10.97 G bases/s)
C558 RESULT	PASS
S3 skipped: no /content/drive/MyDrive/panvram/cohort_region/requests.tsv + truth.tsv
written: /content/drive/MyDrive/aceapex_logs/panvram_cohort558_2026-10-07.txt
DONE — выключи runtime
