id	assembly_id	contig_id	start0	end0
y1_HG00438.1#0	y1_HG00438.1	HG00438#1#JAHBCB010000097.1	13403689	13807984
y1_HG00438.1#1	y1_HG00438.1	HG00438#1#JAHBCB010000042.1	5629802	5629809
y1_HG00438.1#2	y1_HG00438.1	HG00438#1#JAHBCB010000016.1	71937603	71947664
y1_HG00438.1#3	y1_HG00438.1	HG00438#1#JAHBCB010000042.1	53123687	53215373
y1_HG00438.1#4	y1_HG00438.1	HG00438#1#JAHBCB010000018.1	69233157	69233161
y1_HG00438.1#5	y1_HG00438.1	HG00438#1#JAHBCB010000019.1	72150733	72150848
y1_HG00438.1#6	y1_HG00438.1	HG00438#1#JAHBCB010000033.1	28105052	28105276
y1_HG00438.1#7	y1_HG00438.1	HG00438#1#JAHBCB010000085.1	1116888	1353356
y1_HG00438.1#8	y1_HG00438.1	HG00438#1#JAHBCB010000051.1	6763927	6764573
y1_HG00438.1#9	y1_HG00438.1	HG00438#1#JAHBCB010000041.1	38518633	38519027
y1_HG00438.1#10	y1_HG00438.1	HG00438#1#JAHBCB010000050.1	21982514	22109703
y1_HG00438.1#11	y1_HG00438.1	HG00438#1#JAHBCB010000027.1	31051535	31197070
y1_HG00438.1#12	y1_HG00438.1	HG00438#1#JAHBCB010000030.1	32759860	32759976
y1_HG00438.1#13	y1_HG00438.1	HG00438#1#JAHBCB010000037.1	99996402	100086131
y1_HG00438.1#14	y1_HG00438.1	HG00438#1#JAHBCB010000018.1	95286783	95547631
y1_HG00438.1#15	y1_HG00438.1	HG00438#1#JAHBCB010000040.1	13061669	13785799
y1_HG00438.1#16	y1_HG00438.1	HG00438#1#JAHBCB010000078.1	6978490	6978494
y1_HG00438.1#17	y1_HG00438.1	HG00438#1#JAHBCB010000010.1	985813	985817
y1_HG00438.1#18	y1_HG00438.1	HG00438#1#JAHBCB010000034.1	4210911	4211292
y1_HG00438.1#19	y1_HG00438.1	HG00438#1#JAHBCB010000016.1	69185497	69185499
y1_HG00438.1#20	y1_HG00438.1	HG00438#1#JAHBCB010000027.1	38154051	38162347
y1_HG00438.1#21	y1_HG00438.1	HG00438#1#JAHBCB010000031.1	24162532	24162536
y1_HG00438.1#22	y1_HG00438.1	HG00438#1#JAHBCB010000109.1	1335579	1488493
y1_HG00438.1#23	y1_HG00438.1	HG00438#1#JAHBCB010000057.1	388377	434300
y1_HG00438.1#24	y1_HG00438.1	HG00438#1#JAHBCB010000032.1	35577689	35653612
y1_HG00438.1#25	y1_HG00438.1	HG00438#1#JAHBCB010000102.1	1241097	1241102
y1_HG00438.1#26	y1_HG00438.1	HG00438#1#JAHBCB010000075.1	2863464	2864844
y1_HG00438.1#27	y1_HG00438.1	HG00438#1#JAHBCB010000010.1	26736692	26743413
y1_HG00438.1#28	y1_HG00438.1	HG00438#1#JAHBCB010000018.1	10352435	10891938
y1_HG00438.1#29	y1_HG00438.1	HG00438#1#JAHBCB010000006.1	49093617	49143185
y1_HG00438.1#30	y1_HG00438.1	HG00438#1#JAHBCB010000023.1	11953435	11953499
y1_HG00438.1#31	y1_HG00438.1	HG00438#1#JAHBCB010000017.1	13052844	13052869
y1_HG00438.1#32	y1_HG00438.1	HG00438#1#JAHBCB010000097.1	15079431	15081134
y1_HG00438.1#33	y1_HG00438.1	HG00438#1#JAHBCB010000045.1	16563665	16563940
y1_HG00438.1#34	y1_HG00438.1	HG00438#1#JAHBCB010000011.1	48364466	48364468
y1_HG00438.1#35	y1_HG00438.1	HG00438#1#JAHBCB010000065.1	10887999	10888843
y1_HG00438.1#36	y1_HG00438.1	HG00438#1#JAHBCB010000100.1	258543	259689
y1_HG00438.1#37	y1_HG00438.1	HG00438#1#JAHBCB010000014.1	43455203	43951039
y1_HG00438.1#38	y1_HG00438.1	HG00438#1#JAHBCB010000066.1	12298619	12350296
y1_HG00438.1#39	y1_HG00438.1	HG00438#1#JAHBCB010000074.1	29794573	29795040
y1_HG00438.1#40	y1_HG00438.1	HG00438#1#JAHBCB010000016.1	70601103	70602218
y1_HG00438.1#41	y1_HG00438.1	HG00438#1#JAHBCB010000019.1	16171119	17008904
y1_HG00438.1#42	y1_HG00438.1	HG00438#1#JAHBCB010000001.1	40122277	40262855
y1_HG00438.1#43	y1_HG00438.1	HG00438#1#JAHBCB010000008.1	89690618	89938071
y1_HG00438.1#44	y1_HG00438.1	HG00438#1#JAHBCB010000011.1	63966247	63981129
y1_HG00438.1#45	y1_HG00438.1	HG00438#1#JAHBCB010000032.1	41136801	41823136
y1_HG00438.1#46	y1_HG00438.1	HG00438#1#JAHBCB010000045.1	7997376	7997378
y1_HG00438.1#47	y1_HG00438.1	HG00438#1#JAHBCB010000042.1	30463158	30480590
y1_HG00438.1#48	y1_HG00438.1	HG00438#1#JAHBCB010000018.1	27989304	27991135
y1_HG00438.1#49	y1_HG00438.1	HG00438#1#JAHBCB010000045.1	64893118	64903659
y1_HG00438.1#50	y1_HG00438.1	HG00438#1#JAHBCB010000074.1	5203806	5250254
y1_HG00438.1#51	y1_HG00438.1	HG00438#1#JAHBCB010000041.1	19389695	19522662
y1_HG00438.1#52	y1_HG00438.1	HG00438#1#JAHBCB010000016.1	80139183	80139294
y1_HG00438.1#53	y1_HG00438.1	HG00438#1#JAHBCB010000015.1	30704780	30721226
y1_HG00438.1#54	y1_HG00438.1	HG00438#1#JAHBCB010000059.1	958441	958624
y1_HG00438.1#55	y1_HG00438.1	HG00438#1#JAHBCB010000020.1	11423210	11456609
y1_HG00438.1#56	y1_HG00438.1	HG00438#1#JAHBCB010000098.1	4990068	4991203
y1_HG00438.1#57	y1_HG00438.1	HG00438#1#JAHBCB010000006.1	25081841	25081843
y1_HG00438.1#58	y1_HG00438.1	HG00438#1#JAHBCB010000031.1	21091905	21096116
y1_HG00438.1#59	y1_HG00438.1	HG00438#1#JAHBCB010000116.1	2835791	2841574
y1_HG00438.1#60	y1_HG00438.1	HG00438#1#JAHBCB010000036.1	1111722	1529967
y1_HG00438.1#61	y1_HG00438.1	HG00438#1#JAHBCB010000162.1	299730	389993
y1_HG00438.1#62	y1_HG00438.1	HG00438#1#JAHBCB010000061.1	7043545	7044741
y1_HG00438.1#63	y1_HG00438.1	HG00438#1#JAHBCB010000061.1	4360651	4360896
y1_HG00438.1#64	y1_HG00438.1	HG00438#1#JAHBCB010000018.1	530682	530684
y1_HG00438.1#65	y1_HG00438.1	HG00438#1#JAHBCB010000018.1	21052348	21052350
y1_HG00438.1#66	y1_HG00438.1	HG00438#1#JAHBCB010000041.1	57304129	57315929
y1_HG00438.1#67	y1_HG00438.1	HG00438#1#JAHBCB010000006.1	16747667	16841380
y1_HG00438.1#68	y1_HG00438.1	HG00438#1#JAHBCB010000078.1	1947182	1984703
y1_HG00438.1#69	y1_HG00438.1	HG00438#1#JAHBCB010000028.1	15415125	15415134
y1_HG00438.1#70	y1_HG00438.1	HG00438#1#JAHBCB010000022.1	52041122	52121213
y1_HG00438.1#71	y1_HG00438.1	HG00438#1#JAHBCB010000008.1	67840045	67840153
y1_HG00438.1#72	y1_HG00438.1	HG00438#1#JAHBCB010000016.1	19533792	19607953
y1_HG00438.1#73	y1_HG00438.1	HG00438#1#JAHBCB010000017.1	13811809	13811882
y1_HG00438.1#74	y1_HG00438.1	HG00438#1#JAHBCB010000019.1	97431382	97431388
y1_HG00438.1#75	y1_HG00438.1	HG00438#1#JAHBCB010000043.1	3593434	3593439
y1_HG00438.1#76	y1_HG00438.1	HG00438#1#JAHBCB010000018.1	25295798	25295817
y1_HG00438.1#77	y1_HG00438.1	HG00438#1#JAHBCB010000048.1	23241812	23241814
y1_HG00438.1#78	y1_HG00438.1	HG00438#1#JAHBCB010000114.1	491194	491244
y1_HG00438.1#79	y1_HG00438.1	HG00438#1#JAHBCB010000057.1	41403216	41403226
y1_HG00438.1#80	y1_HG00438.1	HG00438#1#JAHBCB010000008.1	8100470	8101305
y1_HG00438.1#81	y1_HG00438.1	HG00438#1#JAHBCB010000037.1	56615799	56615808
y1_HG00438.1#82	y1_HG00438.1	HG00438#1#JAHBCB010000023.1	18986436	18986450
y1_HG00438.1#83	y1_HG00438.1	HG00438#1#JAHBCB010000011.1	61762315	61944458
y1_HG00438.1#84	y1_HG00438.1	HG00438#1#JAHBCB010000003.1	77579092	77635054
y1_HG00438.1#85	y1_HG00438.1	HG00438#1#JAHBCB010000045.1	28553307	28557364
y1_HG00438.1#86	y1_HG00438.1	HG00438#1#JAHBCB010000076.1	343503	725505
y1_HG00438.1#87	y1_HG00438.1	HG00438#1#JAHBCB010000023.1	25831597	25836160
y1_HG00438.1#88	y1_HG00438.1	HG00438#1#JAHBCB010000024.1	45433335	45645595
y1_HG00438.1#89	y1_HG00438.1	HG00438#1#JAHBCB010000074.1	2941089	2941095
y1_HG00438.1#90	y1_HG00438.1	HG00438#1#JAHBCB010000097.1	4338711	4338760
y1_HG00438.1#91	y1_HG00438.1	HG00438#1#JAHBCB010000019.1	68643115	68643390
y1_HG00438.1#92	y1_HG00438.1	HG00438#1#JAHBCB010000025.1	26263186	26263191
y1_HG00438.1#93	y1_HG00438.1	HG00438#1#JAHBCB010000024.1	3570994	3571023
y1_HG00438.1#94	y1_HG00438.1	HG00438#1#JAHBCB010000075.1	4264593	4264602
y1_HG00438.1#95	y1_HG00438.1	HG00438#1#JAHBCB010000082.1	4295805	4295970
y1_HG00438.1#96	y1_HG00438.1	HG00438#1#JAHBCB010000044.1	17452372	17471125
y1_HG00438.1#97	y1_HG00438.1	HG00438#1#JAHBCB010000085.1	21010866	21105437
y1_HG00438.1#98	y1_HG00438.1	HG00438#1#JAHBCB010000001.1	7125619	7225697
y1_HG00438.1#99	y1_HG00438.1	HG00438#1#JAHBCB010000052.1	6572623	6572858
y1_HG00438.1#100	y1_HG00438.1	HG00438#1#JAHBCB010000001.1	24508062	24508695
y1_HG00438.1#101	y1_HG00438.1	HG00438#1#JAHBCB010000067.1	4770156	4771922
y1_HG00438.1#102	y1_HG00438.1	HG00438#1#JAHBCB010000020.1	28219633	28223380
y1_HG00438.1#103	y1_HG00438.1	HG00438#1#JAHBCB010000003.1	79646219	79646639
y1_HG00438.1#104	y1_HG00438.1	HG00438#1#JAHBCB010000068.1	25298382	25299421
y1_HG00438.1#105	y1_HG00438.1	HG00438#1#JAHBCB010000039.1	8465044	8465160
y1_HG00438.1#106	y1_HG00438.1	HG00438#1#JAHBCB010000011.1	32286396	32286822
y1_HG00438.1#107	y1_HG00438.1	HG00438#1#JAHBCB010000022.1	14935689	15141608
y1_HG00438.1#108	y1_HG00438.1	HG00438#1#JAHBCB010000025.1	22549755	22551105
y1_HG00438.1#109	y1_HG00438.1	HG00438#1#JAHBCB010000001.1	3563395	3565506
y1_HG00438.1#110	y1_HG00438.1	HG00438#1#JAHBCB010000050.1	18094328	18563202
y1_HG00438.1#111	y1_HG00438.1	HG00438#1#JAHBCB010000004.1	54489972	55160197
y1_HG00438.1#112	y1_HG00438.1	HG00438#1#JAHBCB010000030.1	19046263	19046301
y1_HG00438.1#113	y1_HG00438.1	HG00438#1#JAHBCB010000004.1	54253274	54260479
y1_HG00438.1#114	y1_HG00438.1	HG00438#1#JAHBCB010000062.1	3612830	3613169
y1_HG00438.1#115	y1_HG00438.1	HG00438#1#JAHBCB010000040.1	28841861	28842787
y1_HG00438.1#116	y1_HG00438.1	HG00438#1#JAHBCB010000097.1	28578716	28752695
y1_HG00438.1#117	y1_HG00438.1	HG00438#1#JAHBCB010000005.1	14624623	14624645
y1_HG00438.1#118	y1_HG00438.1	HG00438#1#JAHBCB010000039.1	3586885	3586995
y1_HG00438.1#119	y1_HG00438.1	HG00438#1#JAHBCB010000071.1	689011	689013
y1_HG00438.1#120	y1_HG00438.1	HG00438#1#JAHBCB010000011.1	49981134	49981167
y1_HG00438.1#121	y1_HG00438.1	HG00438#1#JAHBCB010000022.1	63500957	63500982
y1_HG00438.1#122	y1_HG00438.1	HG00438#1#JAHBCB010000015.1	59442967	59445624
y1_HG00438.1#123	y1_HG00438.1	HG00438#1#JAHBCB010000024.1	67118622	67120612
y1_HG00438.1#124	y1_HG00438.1	HG00438#1#JAHBCB010000018.1	93864672	94043963
y1_HG00438.1#125	y1_HG00438.1	HG00438#1#JAHBCB010000008.1	26483300	26506501
y1_HG00438.1#126	y1_HG00438.1	HG00438#1#JAHBCB010000008.1	52461007	52502518
y1_HG00438.1#127	y1_HG00438.1	HG00438#1#JAHBCB010000017.1	5324564	5324566
y1_HG00438.1#128	y1_HG00438.1	HG00438#1#JAHBCB010000085.1	12448359	12448365
y1_HG00438.1#129	y1_HG00438.1	HG00438#1#JAHBCB010000061.1	1098466	1100938
y1_HG00438.1#130	y1_HG00438.1	HG00438#1#JAHBCB010000004.1	36608090	36608132
y1_HG00438.1#131	y1_HG00438.1	HG00438#1#JAHBCB010000079.1	190996	192082
y1_HG00438.1#132	y1_HG00438.1	HG00438#1#JAHBCB010000011.1	12206419	12206424
y1_HG00438.1#133	y1_HG00438.1	HG00438#1#JAHBCB010000012.1	16605763	16674286
y1_HG00438.1#134	y1_HG00438.1	HG00438#1#JAHBCB010000015.1	47196553	47300760
y1_HG00438.1#135	y1_HG00438.1	HG00438#1#JAHBCB010000067.1	12223769	12223771
y1_HG00438.1#136	y1_HG00438.1	HG00438#1#JAHBCB010000003.1	93722932	93726715
y1_HG00438.1#137	y1_HG00438.1	HG00438#1#JAHBCB010000018.1	98579122	98579128
y1_HG00438.1#138	y1_HG00438.1	HG00438#1#JAHBCB010000054.1	843895	1714574
y1_HG00438.1#139	y1_HG00438.1	HG00438#1#JAHBCB010000041.1	50907711	50954763
y1_HG00438.1#140	y1_HG00438.1	HG00438#1#JAHBCB010000097.1	41587188	41591624
y1_HG00438.1#141	y1_HG00438.1	HG00438#1#JAHBCB010000008.1	62411856	62411928
y1_HG00438.1#142	y1_HG00438.1	HG00438#1#JAHBCB010000037.1	42699813	42699822
y1_HG00438.1#143	y1_HG00438.1	HG00438#1#JAHBCB010000008.1	52337947	52355175
y1_HG00438.1#144	y1_HG00438.1	HG00438#1#JAHBCB010000073.1	3177910	3177922
y1_HG00438.1#145	y1_HG00438.1	HG00438#1#JAHBCB010000019.1	99851139	100008489
y1_HG00438.1#146	y1_HG00438.1	HG00438#1#JAHBCB010000022.1	5877054	5877130
y1_HG00438.1#147	y1_HG00438.1	HG00438#1#JAHBCB010000018.1	106749266	107548009
y1_HG00438.1#148	y1_HG00438.1	HG00438#1#JAHBCB010000037.1	88195097	88195108
y1_HG00438.1#149	y1_HG00438.1	HG00438#1#JAHBCB010000072.1	10791940	11079670
y1_HG00438.1#150	y1_HG00438.1	HG00438#1#JAHBCB010000065.1	17349972	17350039
y1_HG00438.1#151	y1_HG00438.1	HG00438#1#JAHBCB010000053.1	9030688	9032232
y1_HG00438.1#152	y1_HG00438.1	HG00438#1#JAHBCB010000016.1	84233820	84233826
y1_HG00438.1#153	y1_HG00438.1	HG00438#1#JAHBCB010000093.1	6197580	6209367
y1_HG00438.1#154	y1_HG00438.1	HG00438#1#JAHBCB010000016.1	34980790	34981942
y1_HG00438.1#155	y1_HG00438.1	HG00438#1#JAHBCB010000048.1	22405594	22405797
y1_HG00438.1#156	y1_HG00438.1	HG00438#1#JAHBCB010000127.1	1521054	1521075
y1_HG00438.1#157	y1_HG00438.1	HG00438#1#JAHBCB010000045.1	37700298	37700326
y1_HG00438.1#158	y1_HG00438.1	HG00438#1#JAHBCB010000066.1	16603244	16603264
y1_HG00438.1#159	y1_HG00438.1	HG00438#1#JAHBCB010000045.1	27774756	27870322
y1_HG00438.1#160	y1_HG00438.1	HG00438#1#JAHBCB010000013.1	10496126	10496258
y1_HG00438.1#161	y1_HG00438.1	HG00438#1#JAHBCB010000045.1	61380360	61381734
y1_HG00438.1#162	y1_HG00438.1	HG00438#1#JAHBCB010000038.1	18836943	18836998
y1_HG00438.1#163	y1_HG00438.1	HG00438#1#JAHBCB010000003.1	58459294	58468669
y1_HG00438.1#164	y1_HG00438.1	HG00438#1#JAHBCB010000033.1	17314645	17418868
y1_HG00438.1#165	y1_HG00438.1	HG00438#1#JAHBCB010000016.1	34358637	34358648
y1_HG00438.1#166	y1_HG00438.1	HG00438#1#JAHBCB010000011.1	69371852	69373059
y1_HG00438.1#167	y1_HG00438.1	HG00438#1#JAHBCB010000026.1	10670366	10683144
y1_HG00438.1#168	y1_HG00438.1	HG00438#1#JAHBCB010000036.1	7835609	7835984
y1_HG00438.1#169	y1_HG00438.1	HG00438#1#JAHBCB010000085.1	23996572	23996577
y1_HG00438.1#170	y1_HG00438.1	HG00438#1#JAHBCB010000022.1	50841079	51584616
y1_HG00438.1#171	y1_HG00438.1	HG00438#1#JAHBCB010000057.1	40025517	40025522
y1_HG00438.1#172	y1_HG00438.1	HG00438#1#JAHBCB010000009.1	9830323	9831574
y1_HG00438.1#173	y1_HG00438.1	HG00438#1#JAHBCB010000037.1	59711034	59739660
y1_HG00438.1#174	y1_HG00438.1	HG00438#1#JAHBCB010000045.1	42581268	42581273
y1_HG00438.1#175	y1_HG00438.1	HG00438#1#JAHBCB010000130.1	311945	319123
y1_HG00438.1#176	y1_HG00438.1	HG00438#1#JAHBCB010000002.1	8267293	8272161
y1_HG00438.1#177	y1_HG00438.1	HG00438#1#JAHBCB010000016.1	74189061	74189070
y1_HG00438.1#178	y1_HG00438.1	HG00438#1#JAHBCB010000082.1	7471590	7471593
y1_HG00438.1#179	y1_HG00438.1	HG00438#1#JAHBCB010000004.1	10524952	11563383
y1_HG00438.1#180	y1_HG00438.1	HG00438#1#JAHBCB010000016.1	35644472	35911524
y1_HG00438.1#181	y1_HG00438.1	HG00438#1#JAHBCB010000028.1	3400271	3400685
y1_HG00438.1#182	y1_HG00438.1	HG00438#1#JAHBCB010000003.1	81637897	81639522
y1_HG00438.1#183	y1_HG00438.1	HG00438#1#JAHBCB010000099.1	2696156	2722443
y1_HG00438.1#184	y1_HG00438.1	HG00438#1#JAHBCB010000021.1	49005603	49005623
y1_HG00438.1#185	y1_HG00438.1	HG00438#1#JAHBCB010000004.1	58207206	58775947
y1_HG00438.1#186	y1_HG00438.1	HG00438#1#JAHBCB010000012.1	10590431	10590433
y1_HG00438.1#187	y1_HG00438.1	HG00438#1#JAHBCB010000025.1	9843280	9845163
y1_HG00438.1#188	y1_HG00438.1	HG00438#1#JAHBCB010000029.1	526604	526730
y1_HG00438.1#189	y1_HG00438.1	HG00438#1#JAHBCB010000016.1	14730750	14745835
y1_HG00438.1#190	y1_HG00438.1	HG00438#1#JAHBCB010000002.1	295034	387693
y1_HG00438.1#191	y1_HG00438.1	HG00438#1#JAHBCB010000012.1	10430498	10462425
y1_HG00438.1#192	y1_HG00438.1	HG00438#1#JAHBCB010000003.1	84100568	84114897
y1_HG00438.1#193	y1_HG00438.1	HG00438#1#JAHBCB010000037.1	87623745	87624057
y1_HG00438.1#194	y1_HG00438.1	HG00438#1#JAHBCB010000050.1	15414013	15417245
y1_HG00438.1#195	y1_HG00438.1	HG00438#1#JAHBCB010000055.1	14866376	14866421
y1_HG00438.1#196	y1_HG00438.1	HG00438#1#JAHBCB010000041.1	35717153	35718617
y1_HG00438.1#197	y1_HG00438.1	HG00438#1#JAHBCB010000045.1	50099506	50099577
y1_HG00438.1#198	y1_HG00438.1	HG00438#1#JAHBCB010000008.1	3515011	3515021
y1_HG00438.1#199	y1_HG00438.1	HG00438#1#JAHBCB010000037.1	28107920	28109242
y1_HG00438.1#200	y1_HG00438.1	HG00438#1#JAHBCB010000020.1	3796518	3817723
y1_HG00438.1#201	y1_HG00438.1	HG00438#1#JAHBCB010000031.1	18060162	18070589
y1_HG00438.1#202	y1_HG00438.1	HG00438#1#JAHBCB010000004.1	52483850	52483856
y1_HG00438.1#203	y1_HG00438.1	HG00438#1#JAHBCB010000048.1	7472929	7915950
y1_HG00438.1#204	y1_HG00438.1	HG00438#1#JAHBCB010000097.1	34126822	34180712
y1_HG00438.1#205	y1_HG00438.1	HG00438#1#JAHBCB010000071.1	516007	516421
y1_HG00438.1#206	y1_HG00438.1	HG00438#1#JAHBCB010000019.1	9264454	9264458
y1_HG00438.1#207	y1_HG00438.1	HG00438#1#JAHBCB010000018.1	20214978	20214986
y1_HG00438.1#208	y1_HG00438.1	HG00438#1#JAHBCB010000014.1	42665478	42665481
y1_HG00438.1#209	y1_HG00438.1	HG00438#1#JAHBCB010000014.1	39814514	39832106
y1_HG00438.1#210	y1_HG00438.1	HG00438#1#JAHBCB010000008.1	50826972	50827006
y1_HG00438.1#211	y1_HG00438.1	HG00438#1#JAHBCB010000053.1	4419335	4419337
y1_HG00438.1#212	y1_HG00438.1	HG00438#1#JAHBCB010000058.1	1460386	1460504
y1_HG00438.1#213	y1_HG00438.1	HG00438#1#JAHBCB010000075.1	17879638	17879643
y1_HG00438.1#214	y1_HG00438.1	HG00438#1#JAHBCB010000024.1	36324315	36342956
y1_HG00438.1#215	y1_HG00438.1	HG00438#1#JAHBCB010000044.1	25494278	25494282
y1_HG00438.1#216	y1_HG00438.1	HG00438#1#JAHBCB010000011.1	33308866	33324274
y1_HG00438.1#217	y1_HG00438.1	HG00438#1#JAHBCB010000023.1	15081032	15084752
y1_HG00438.1#218	y1_HG00438.1	HG00438#1#JAHBCB010000065.1	48096	93845
y1_HG00438.1#219	y1_HG00438.1	HG00438#1#JAHBCB010000003.1	81921968	81930492
y1_HG00438.1#220	y1_HG00438.1	HG00438#1#JAHBCB010000014.1	22848953	22848955
y1_HG00438.1#221	y1_HG00438.1	HG00438#1#JAHBCB010000016.1	85808540	86332474
y1_HG00438.1#222	y1_HG00438.1	HG00438#1#JAHBCB010000003.1	29372602	29883956
y1_HG00438.1#223	y1_HG00438.1	HG00438#1#JAHBCB010000003.1	70020194	70032145
y1_HG00438.1#224	y1_HG00438.1	HG00438#1#JAHBCB010000021.1	44949789	44949792
y1_HG00438.1#225	y1_HG00438.1	HG00438#1#JAHBCB010000065.1	5672200	5943275
y1_HG00438.1#226	y1_HG00438.1	HG00438#1#JAHBCB010000047.1	15132109	15646167
y1_HG00438.1#227	y1_HG00438.1	HG00438#1#JAHBCB010000044.1	35677299	35677302
y1_HG00438.1#228	y1_HG00438.1	HG00438#1#JAHBCB010000050.1	11805881	11805939
y1_HG00438.1#229	y1_HG00438.1	HG00438#1#JAHBCB010000045.1	12454628	12454981
y1_HG00438.1#230	y1_HG00438.1	HG00438#1#JAHBCB010000085.1	9755886	9756252
y1_HG00438.1#231	y1_HG00438.1	HG00438#1#JAHBCB010000015.1	80125705	80268260
y1_HG00438.1#232	y1_HG00438.1	HG00438#1#JAHBCB010000081.1	1672912	1672945
y1_HG00438.1#233	y1_HG00438.1	HG00438#1#JAHBCB010000068.1	4515865	4534301
y1_HG00438.1#234	y1_HG00438.1	HG00438#1#JAHBCB010000017.1	5393298	5565233
y1_HG00438.1#235	y1_HG00438.1	HG00438#1#JAHBCB010000099.1	5756628	5763485
y1_HG00438.1#236	y1_HG00438.1	HG00438#1#JAHBCB010000008.1	83870596	83870650
y1_HG00438.1#237	y1_HG00438.1	HG00438#1#JAHBCB010000121.1	135389	135987
y1_HG00438.1#238	y1_HG00438.1	HG00438#1#JAHBCB010000027.1	33642093	34452317
y1_HG00438.1#239	y1_HG00438.1	HG00438#1#JAHBCB010000022.1	17125679	17125832
y1_HG00438.1#240	y1_HG00438.1	HG00438#1#JAHBCB010000022.1	4414681	4468371
y1_HG00438.1#241	y1_HG00438.1	HG00438#1#JAHBCB010000041.1	10378887	10378894
y1_HG00438.1#242	y1_HG00438.1	HG00438#1#JAHBCB010000067.1	8453244	8460278
y1_HG00438.1#243	y1_HG00438.1	HG00438#1#JAHBCB010000129.1	2728496	2728509
y1_HG00438.1#244	y1_HG00438.1	HG00438#1#JAHBCB010000008.1	79496855	79509626
y1_HG00438.1#245	y1_HG00438.1	HG00438#1#JAHBCB010000047.1	2257838	2257986
y1_HG00438.1#246	y1_HG00438.1	HG00438#1#JAHBCB010000008.1	64571346	64573571
y1_HG00438.1#247	y1_HG00438.1	HG00438#1#JAHBCB010000041.1	8576023	8576035
y1_HG00438.1#248	y1_HG00438.1	HG00438#1#JAHBCB010000037.1	7277110	7277150
y1_HG00438.1#249	y1_HG00438.1	HG00438#1#JAHBCB010000034.1	1989926	2069926
y1_HG00438.1#250	y1_HG00438.1	HG00438#1#JAHBCB010000030.1	26871777	26871784
y1_HG00438.1#251	y1_HG00438.1	HG00438#1#JAHBCB010000062.1	1187263	1187267
y1_HG00438.1#252	y1_HG00438.1	HG00438#1#JAHBCB010000024.1	52744579	52744581
y1_HG00438.1#253	y1_HG00438.1	HG00438#1#JAHBCB010000011.1	37279106	38245445
y1_HG00438.1#254	y1_HG00438.1	HG00438#1#JAHBCB010000003.1	38756571	38756610
y1_HG00438.1#255	y1_HG00438.1	HG00438#1#JAHBCB010000024.1	50027535	50438630
y1_HG00438.1#256	y1_HG00438.1	HG00438#1#JAHBCB010000018.1	99257190	99952632
y1_HG00438.1#257	y1_HG00438.1	HG00438#1#JAHBCB010000084.1	9117931	9165574
y1_HG00438.1#258	y1_HG00438.1	HG00438#1#JAHBCB010000025.1	27356731	27356733
y1_HG00438.1#259	y1_HG00438.1	HG00438#1#JAHBCB010000094.1	2503183	2503193
y1_HG00438.1#260	y1_HG00438.1	HG00438#1#JAHBCB010000075.1	2910957	2914570
y1_HG00438.1#261	y1_HG00438.1	HG00438#1#JAHBCB010000134.1	548126	592573
y1_HG00438.1#262	y1_HG00438.1	HG00438#1#JAHBCB010000006.1	28035605	28035713
y1_HG00438.1#263	y1_HG00438.1	HG00438#1#JAHBCB010000004.1	75668	76474
y1_HG00438.1#264	y1_HG00438.1	HG00438#1#JAHBCB010000068.1	21294914	21328734
y1_HG00438.1#265	y1_HG00438.1	HG00438#1#JAHBCB010000014.1	1403199	1868599
y1_HG00438.1#266	y1_HG00438.1	HG00438#1#JAHBCB010000008.1	49644747	50683024
y1_HG00438.1#267	y1_HG00438.1	HG00438#1#JAHBCB010000032.1	3835498	3835505
y1_HG00438.1#268	y1_HG00438.1	HG00438#1#JAHBCB010000010.1	15879307	15879310
y1_HG00438.1#269	y1_HG00438.1	HG00438#1#JAHBCB010000019.1	18638247	18638249
y1_HG00438.1#270	y1_HG00438.1	HG00438#1#JAHBCB010000067.1	16654192	16654199
y1_HG00438.1#271	y1_HG00438.1	HG00438#1#JAHBCB010000022.1	41925139	41925156
y1_HG00438.1#272	y1_HG00438.1	HG00438#1#JAHBCB010000019.1	86015128	86017716
y1_HG00438.1#273	y1_HG00438.1	HG00438#1#JAHBCB010000019.1	7166034	7292919
y1_HG00438.1#274	y1_HG00438.1	HG00438#1#JAHBCB010000057.1	30431608	31189576
y1_HG00438.1#275	y1_HG00438.1	HG00438#1#JAHBCB010000049.1	16452068	16670615
y1_HG00438.1#276	y1_HG00438.1	HG00438#1#JAHBCB010000050.1	15201617	15737887
y1_HG00438.1#277	y1_HG00438.1	HG00438#1#JAHBCB010000076.1	3611292	3704679
y1_HG00438.1#278	y1_HG00438.1	HG00438#1#JAHBCB010000010.1	197425	197445
y1_HG00438.1#279	y1_HG00438.1	HG00438#1#JAHBCB010000008.1	79181828	79246325
y1_HG00438.1#280	y1_HG00438.1	HG00438#1#JAHBCB010000008.1	64482587	64492479
y1_HG00438.1#281	y1_HG00438.1	HG00438#1#JAHBCB010000009.1	7212059	7212287
y1_HG00438.1#282	y1_HG00438.1	HG00438#1#JAHBCB010000003.1	14242699	14401018
y1_HG00438.1#283	y1_HG00438.1	HG00438#1#JAHBCB010000074.1	31307930	31307932
y1_HG00438.1#284	y1_HG00438.1	HG00438#1#JAHBCB010000020.1	23899884	24486170
y1_HG00438.1#285	y1_HG00438.1	HG00438#1#JAHBCB010000046.1	13220262	13229623
y1_HG00438.1#286	y1_HG00438.1	HG00438#1#JAHBCB010000008.1	23257735	23473097
y1_HG00438.1#287	y1_HG00438.1	HG00438#1#JAHBCB010000094.1	6130236	6131209
y1_HG00438.1#288	y1_HG00438.1	HG00438#1#JAHBCB010000011.1	16961879	16992437
y1_HG00438.1#289	y1_HG00438.1	HG00438#1#JAHBCB010000022.1	33250822	33251083
y1_HG00438.1#290	y1_HG00438.1	HG00438#1#JAHBCB010000091.1	1069606	1069767
y1_HG00438.1#291	y1_HG00438.1	HG00438#1#JAHBCB010000044.1	41113546	41115989
y1_HG00438.1#292	y1_HG00438.1	HG00438#1#JAHBCB010000046.1	23172716	23172813
y1_HG00438.1#293	y1_HG00438.1	HG00438#1#JAHBCB010000006.1	10530614	10531390
y1_HG00438.1#294	y1_HG00438.1	HG00438#1#JAHBCB010000097.1	22710364	22711090
y1_HG00438.1#295	y1_HG00438.1	HG00438#1#JAHBCB010000018.1	56644172	56646695
y1_HG00438.1#296	y1_HG00438.1	HG00438#1#JAHBCB010000065.1	15665284	15673179
y1_HG00438.1#297	y1_HG00438.1	HG00438#1#JAHBCB010000047.1	522807	522852
y1_HG00438.1#298	y1_HG00438.1	HG00438#1#JAHBCB010000045.1	15835377	15835379
y1_HG00438.1#299	y1_HG00438.1	HG00438#1#JAHBCB010000053.1	15193289	16043613
y1_HG00438.1#300	y1_HG00438.1	HG00438#1#JAHBCB010000031.1	16193598	16207123
y1_HG00438.1#301	y1_HG00438.1	HG00438#1#JAHBCB010000006.1	10884655	10937577
y1_HG00438.1#302	y1_HG00438.1	HG00438#1#JAHBCB010000019.1	86433405	86433427
y1_HG00438.1#303	y1_HG00438.1	HG00438#1#JAHBCB010000074.1	6389407	6877526
y1_HG00438.1#304	y1_HG00438.1	HG00438#1#JAHBCB010000053.1	3032937	3963778
y1_HG00438.1#305	y1_HG00438.1	HG00438#1#JAHBCB010000014.1	16366374	16367463
y1_HG00438.1#306	y1_HG00438.1	HG00438#1#JAHBCB010000020.1	713016	713023
y1_HG00438.1#307	y1_HG00438.1	HG00438#1#JAHBCB010000057.1	48273475	48273478
y1_HG00438.1#308	y1_HG00438.1	HG00438#1#JAHBCB010000027.1	20250855	20289145
y1_HG00438.1#309	y1_HG00438.1	HG00438#1#JAHBCB010000014.1	46368726	46422095
y1_HG00438.1#310	y1_HG00438.1	HG00438#1#JAHBCB010000006.1	33388570	33388572
y1_HG00438.1#311	y1_HG00438.1	HG00438#1#JAHBCB010000020.1	20708407	20708453
y1_HG00438.1#312	y1_HG00438.1	HG00438#1#JAHBCB010000038.1	11552339	11659932
y1_HG00438.1#313	y1_HG00438.1	HG00438#1#JAHBCB010000015.1	66368467	66368486
y1_HG00438.1#314	y1_HG00438.1	HG00438#1#JAHBCB010000006.1	42291093	42306341
y1_HG00438.1#315	y1_HG00438.1	HG00438#1#JAHBCB010000079.1	903202	903286
y1_HG00438.1#316	y1_HG00438.1	HG00438#1#JAHBCB010000048.1	35075178	35075586
y1_HG00438.1#317	y1_HG00438.1	HG00438#1#JAHBCB010000006.1	25725658	25865261
y1_HG00438.1#318	y1_HG00438.1	HG00438#1#JAHBCB010000019.1	53960891	53960894
y1_HG00438.1#319	y1_HG00438.1	HG00438#1#JAHBCB010000112.1	351145	1023669
y1_HG00438.1#320	y1_HG00438.1	HG00438#1#JAHBCB010000015.1	5006996	5007000
y1_HG00438.1#321	y1_HG00438.1	HG00438#1#JAHBCB010000024.1	72308164	72308257
y1_HG00438.1#322	y1_HG00438.1	HG00438#1#JAHBCB010000092.1	10865093	10865277
y1_HG00438.1#323	y1_HG00438.1	HG00438#1#JAHBCB010000129.1	3927355	4028490
y1_HG00438.1#324	y1_HG00438.1	HG00438#1#JAHBCB010000031.1	28052049	28052109
y1_HG00438.1#325	y1_HG00438.1	HG00438#1#JAHBCB010000074.1	19758124	19759345
y1_HG00438.1#326	y1_HG00438.1	HG00438#1#JAHBCB010000066.1	1527983	1528963
y1_HG00438.1#327	y1_HG00438.1	HG00438#1#JAHBCB010000018.1	65247361	65252757
y1_HG00438.1#328	y1_HG00438.1	HG00438#1#JAHBCB010000029.1	6114293	6114655
y1_HG00438.1#329	y1_HG00438.1	HG00438#1#JAHBCB010000120.1	272758	272771
y1_HG00438.1#330	y1_HG00438.1	HG00438#1#JAHBCB010000042.1	11094405	11519605
y1_HG00438.1#331	y1_HG00438.1	HG00438#1#JAHBCB010000076.1	13395078	13395632
y1_HG00438.1#332	y1_HG00438.1	HG00438#1#JAHBCB010000014.1	32289818	32290047
y1_HG00438.1#333	y1_HG00438.1	HG00438#1#JAHBCB010000037.1	48268434	48333740
y1_HG00438.1#334	y1_HG00438.1	HG00438#1#JAHBCB010000010.1	18212783	18212788
y1_HG00438.1#335	y1_HG00438.1	HG00438#1#JAHBCB010000025.1	21374446	21384029
y1_HG00438.1#336	y1_HG00438.1	HG00438#1#JAHBCB010000085.1	12020787	12020818
y1_HG00438.1#337	y1_HG00438.1	HG00438#1#JAHBCB010000028.1	15143835	15144393
y1_HG00438.1#338	y1_HG00438.1	HG00438#1#JAHBCB010000018.1	125195088	125195092
y1_HG00438.1#339	y1_HG00438.1	HG00438#1#JAHBCB010000001.1	32512424	32529716
y1_HG00438.1#340	y1_HG00438.1	HG00438#1#JAHBCB010000029.1	11336414	11336856
y1_HG00438.1#341	y1_HG00438.1	HG00438#1#JAHBCB010000024.1	69818014	69818021
y1_HG00438.1#342	y1_HG00438.1	HG00438#1#JAHBCB010000037.1	73933578	74046206
y1_HG00438.1#343	y1_HG00438.1	HG00438#1#JAHBCB010000002.1	31613658	31613660
y1_HG00438.1#344	y1_HG00438.1	HG00438#1#JAHBCB010000024.1	2602166	2603305
y1_HG00438.1#345	y1_HG00438.1	HG00438#1#JAHBCB010000072.1	6164050	6164156
y1_HG00438.1#346	y1_HG00438.1	HG00438#1#JAHBCB010000093.1	1395411	1395428
y1_HG00438.1#347	y1_HG00438.1	HG00438#1#JAHBCB010000057.1	18096457	18096551
y1_HG00438.1#348	y1_HG00438.1	HG00438#1#JAHBCB010000018.1	6074284	6074286
y1_HG00438.1#349	y1_HG00438.1	HG00438#1#JAHBCB010000008.1	58677254	58677268
y1_HG00438.1#350	y1_HG00438.1	HG00438#1#JAHBCB010000011.1	39242332	39245938
y1_HG00438.1#351	y1_HG00438.1	HG00438#1#JAHBCB010000022.1	38792812	38796008
y1_HG00438.1#352	y1_HG00438.1	HG00438#1#JAHBCB010000014.1	38925357	38925517
y1_HG00438.1#353	y1_HG00438.1	HG00438#1#JAHBCB010000010.1	20992713	20992715
y1_HG00438.1#354	y1_HG00438.1	HG00438#1#JAHBCB010000041.1	48214990	48214994
y1_HG00438.1#355	y1_HG00438.1	HG00438#1#JAHBCB010000027.1	854473	855400
y1_HG00438.1#356	y1_HG00438.1	HG00438#1#JAHBCB010000042.1	49618838	49618852
y1_HG00438.1#357	y1_HG00438.1	HG00438#1#JAHBCB010000031.1	29399285	29400279
y1_HG00438.1#358	y1_HG00438.1	HG00438#1#JAHBCB010000042.1	31936030	32131991
y1_HG00438.1#359	y1_HG00438.1	HG00438#1#JAHBCB010000018.1	67937268	67937271
y1_HG00438.1#360	y1_HG00438.1	HG00438#1#JAHBCB010000045.1	12475706	12528603
y1_HG00438.1#361	y1_HG00438.1	HG00438#1#JAHBCB010000021.1	8310403	8854461
y1_HG00438.1#362	y1_HG00438.1	HG00438#1#JAHBCB010000085.1	6594882	6594903
y1_HG00438.1#363	y1_HG00438.1	HG00438#1#JAHBCB010000018.1	56009805	56604033
y1_HG00438.1#364	y1_HG00438.1	HG00438#1#JAHBCB010000050.1	19962749	19962755
y1_HG00438.1#365	y1_HG00438.1	HG00438#1#JAHBCB010000053.1	8032423	8032425
y1_HG00438.1#366	y1_HG00438.1	HG00438#1#JAHBCB010000018.1	25167483	25184970
y1_HG00438.1#367	y1_HG00438.1	HG00438#1#JAHBCB010000015.1	71696072	71696961
y1_HG00438.1#368	y1_HG00438.1	HG00438#1#JAHBCB010000009.1	5751794	5766502
y1_HG00438.1#369	y1_HG00438.1	HG00438#1#JAHBCB010000154.1	382385	383947
y1_HG00438.1#370	y1_HG00438.1	HG00438#1#JAHBCB010000043.1	523761	557327
y1_HG00438.1#371	y1_HG00438.1	HG00438#1#JAHBCB010000038.1	10391998	10394807
y1_HG00438.1#372	y1_HG00438.1	HG00438#1#JAHBCB010000116.1	2867523	2867525
y1_HG00438.1#373	y1_HG00438.1	HG00438#1#JAHBCB010000051.1	15766579	15767348
y1_HG00438.1#374	y1_HG00438.1	HG00438#1#JAHBCB010000058.1	21796116	22057909
y1_HG00438.1#375	y1_HG00438.1	HG00438#1#JAHBCB010000051.1	15998599	15998616
y1_HG00438.1#376	y1_HG00438.1	HG00438#1#JAHBCB010000033.1	5903354	5906405
y1_HG00438.1#377	y1_HG00438.1	HG00438#1#JAHBCB010000040.1	14441420	14441433
y1_HG00438.1#378	y1_HG00438.1	HG00438#1#JAHBCB010000025.1	21019521	21019619
y1_HG00438.1#379	y1_HG00438.1	HG00438#1#JAHBCB010000001.1	2823444	2823528
y1_HG00438.1#380	y1_HG00438.1	HG00438#1#JAHBCB010000062.1	6098152	6098278
y1_HG00438.1#381	y1_HG00438.1	HG00438#1#JAHBCB010000008.1	17735616	17741378
y1_HG00438.1#382	y1_HG00438.1	HG00438#1#JAHBCB010000050.1	14219824	14219838
y1_HG00438.1#383	y1_HG00438.1	HG00438#1#JAHBCB010000018.1	94524825	94524836
y1_HG00438.1#384	y1_HG00438.1	HG00438#1#JAHBCB010000031.1	9755919	9756146
y1_HG00438.1#385	y1_HG00438.1	HG00438#1#JAHBCB010000036.1	14268677	14269066
y1_HG00438.1#386	y1_HG00438.1	HG00438#1#JAHBCB010000024.1	15257807	15551210
y1_HG00438.1#387	y1_HG00438.1	HG00438#1#JAHBCB010000003.1	24227449	24227453
y1_HG00438.1#388	y1_HG00438.1	HG00438#1#JAHBCB010000011.1	1798079	1798115
y1_HG00438.1#389	y1_HG00438.1	HG00438#1#JAHBCB010000041.1	54018610	54133973
y1_HG00438.1#390	y1_HG00438.1	HG00438#1#JAHBCB010000004.1	14800933	14800935
y1_HG00438.1#391	y1_HG00438.1	HG00438#1#JAHBCB010000082.1	5753958	5767298
y1_HG00438.1#392	y1_HG00438.1	HG00438#1#JAHBCB010000031.1	25011605	25024166
y1_HG00438.1#393	y1_HG00438.1	HG00438#1#JAHBCB010000008.1	63685960	63689317
y1_HG00438.1#394	y1_HG00438.1	HG00438#1#JAHBCB010000044.1	42085771	42085787
y1_HG00438.1#395	y1_HG00438.1	HG00438#1#JAHBCB010000025.1	14232922	14233252
y1_HG00438.1#396	y1_HG00438.1	HG00438#1#JAHBCB010000076.1	2493976	2494137
y1_HG00438.1#397	y1_HG00438.1	HG00438#1#JAHBCB010000002.1	47730632	47736287
y1_HG00438.1#398	y1_HG00438.1	HG00438#1#JAHBCB010000032.1	8963640	8972839
y1_HG00438.1#399	y1_HG00438.1	HG00438#1#JAHBCB010000011.1	52228595	52228969
y1_HG00438.1#400	y1_HG00438.1	HG00438#1#JAHBCB010000016.1	85573674	85573699
y1_HG00438.1#401	y1_HG00438.1	HG00438#1#JAHBCB010000021.1	9634814	9638961
y1_HG00438.1#402	y1_HG00438.1	HG00438#1#JAHBCB010000024.1	8246690	8260570
y1_HG00438.1#403	y1_HG00438.1	HG00438#1#JAHBCB010000042.1	38672407	38698954
y1_HG00438.1#404	y1_HG00438.1	HG00438#1#JAHBCB010000008.1	15970778	15986998
y1_HG00438.1#405	y1_HG00438.1	HG00438#1#JAHBCB010000023.1	6878520	7266602
y1_HG00438.1#406	y1_HG00438.1	HG00438#1#JAHBCB010000010.1	17479951	17479960
y1_HG00438.1#407	y1_HG00438.1	HG00438#1#JAHBCB010000001.1	40198525	40199174
y1_HG00438.1#408	y1_HG00438.1	HG00438#1#JAHBCB010000022.1	22524065	22524069
y1_HG00438.1#409	y1_HG00438.1	HG00438#1#JAHBCB010000085.1	3774008	3774046
y1_HG00438.1#410	y1_HG00438.1	HG00438#1#JAHBCB010000006.1	22308093	22441078
y1_HG00438.1#411	y1_HG00438.1	HG00438#1#JAHBCB010000009.1	10773023	10773987
y1_HG00438.1#412	y1_HG00438.1	HG00438#1#JAHBCB010000024.1	58365635	58366612
y1_HG00438.1#413	y1_HG00438.1	HG00438#1#JAHBCB010000019.1	71531115	71531117
y1_HG00438.1#414	y1_HG00438.1	HG00438#1#JAHBCB010000037.1	65100120	65105048
y1_HG00438.1#415	y1_HG00438.1	HG00438#1#JAHBCB010000008.1	60070691	60083769
y1_HG00438.1#416	y1_HG00438.1	HG00438#1#JAHBCB010000074.1	17398840	17398843
y1_HG00438.1#417	y1_HG00438.1	HG00438#1#JAHBCB010000042.1	5242939	5244445
y1_HG00438.1#418	y1_HG00438.1	HG00438#1#JAHBCB010000020.1	493659	493728
y1_HG00438.1#419	y1_HG00438.1	HG00438#1#JAHBCB010000045.1	5475553	6097349
y1_HG00438.1#420	y1_HG00438.1	HG00438#1#JAHBCB010000003.1	123356733	123772971
y1_HG00438.1#421	y1_HG00438.1	HG00438#1#JAHBCB010000058.1	20331415	20331663
y1_HG00438.1#422	y1_HG00438.1	HG00438#1#JAHBCB010000037.1	56288239	56299088
y1_HG00438.1#423	y1_HG00438.1	HG00438#1#JAHBCB010000041.1	29671510	30622040
y1_HG00438.1#424	y1_HG00438.1	HG00438#1#JAHBCB010000033.1	12017026	12040430
y1_HG00438.1#425	y1_HG00438.1	HG00438#1#JAHBCB010000066.1	19173984	19189973
y1_HG00438.1#426	y1_HG00438.1	HG00438#1#JAHBCB010000018.1	113650963	113657676
y1_HG00438.1#427	y1_HG00438.1	HG00438#1#JAHBCB010000016.1	76084203	76084244
y1_HG00438.1#428	y1_HG00438.1	HG00438#1#JAHBCB010000008.1	69113856	69113860
y1_HG00438.1#429	y1_HG00438.1	HG00438#1#JAHBCB010000063.1	7436633	7436672
y1_HG00438.1#430	y1_HG00438.1	HG00438#1#JAHBCB010000022.1	7517198	8561981
y1_HG00438.1#431	y1_HG00438.1	HG00438#1#JAHBCB010000018.1	116482491	116484706
y1_HG00438.1#432	y1_HG00438.1	HG00438#1#JAHBCB010000085.1	25353213	25404410
y1_HG00438.1#433	y1_HG00438.1	HG00438#1#JAHBCB010000011.1	58770774	58771217
y1_HG00438.1#434	y1_HG00438.1	HG00438#1#JAHBCB010000018.1	117684306	117686304
y1_HG00438.1#435	y1_HG00438.1	HG00438#1#JAHBCB010000049.1	829753	831761
y1_HG00438.1#436	y1_HG00438.1	HG00438#1#JAHBCB010000032.1	46560797	46560811
y1_HG00438.1#437	y1_HG00438.1	HG00438#1#JAHBCB010000019.1	59108598	59511645
y1_HG00438.1#438	y1_HG00438.1	HG00438#1#JAHBCB010000003.1	119793421	119840231
y1_HG00438.1#439	y1_HG00438.1	HG00438#1#JAHBCB010000047.1	3121968	3121972
y1_HG00438.1#440	y1_HG00438.1	HG00438#1#JAHBCB010000015.1	4964193	5874254
y1_HG00438.1#441	y1_HG00438.1	HG00438#1#JAHBCB010000016.1	61453533	61453737
y1_HG00438.1#442	y1_HG00438.1	HG00438#1#JAHBCB010000043.1	3436778	3437227
y1_HG00438.1#443	y1_HG00438.1	HG00438#1#JAHBCB010000096.1	3229017	3229030
y1_HG00438.1#444	y1_HG00438.1	HG00438#1#JAHBCB010000062.1	2449865	2449875
y1_HG00438.1#445	y1_HG00438.1	HG00438#1#JAHBCB010000140.1	2792079	2792949
y1_HG00438.1#446	y1_HG00438.1	HG00438#1#JAHBCB010000083.1	196377	196401
y1_HG00438.1#447	y1_HG00438.1	HG00438#1#JAHBCB010000018.1	110063408	110314085
y1_HG00438.1#448	y1_HG00438.1	HG00438#1#JAHBCB010000008.1	5345740	5348591
y1_HG00438.1#449	y1_HG00438.1	HG00438#1#JAHBCB010000003.1	98248235	98286538
y1_HG00438.1#450	y1_HG00438.1	HG00438#1#JAHBCB010000033.1	21214482	21279472
y1_HG00438.1#451	y1_HG00438.1	HG00438#1#JAHBCB010000024.1	89393592	89553887
y1_HG00438.1#452	y1_HG00438.1	HG00438#1#JAHBCB010000008.1	75649177	75649372
y1_HG00438.1#453	y1_HG00438.1	HG00438#1#JAHBCB010000030.1	7168635	7175163
y1_HG00438.1#454	y1_HG00438.1	HG00438#1#JAHBCB010000016.1	78148641	78524070
y1_HG00438.1#455	y1_HG00438.1	HG00438#1#JAHBCB010000024.1	4821276	4821288
y1_HG00438.1#456	y1_HG00438.1	HG00438#1#JAHBCB010000084.1	7878261	7878263
y1_HG00438.1#457	y1_HG00438.1	HG00438#1#JAHBCB010000037.1	8318816	8318823
y1_HG00438.1#458	y1_HG00438.1	HG00438#1#JAHBCB010000067.1	12876615	12884661
y1_HG00438.1#459	y1_HG00438.1	HG00438#1#JAHBCB010000089.1	4671501	4671546
y1_HG00438.1#460	y1_HG00438.1	HG00438#1#JAHBCB010000076.1	6182788	6182790
y1_HG00438.1#461	y1_HG00438.1	HG00438#1#JAHBCB010000085.1	27468239	27468495
y1_HG00438.1#462	y1_HG00438.1	HG00438#1#JAHBCB010000068.1	359421	568034
y1_HG00438.1#463	y1_HG00438.1	HG00438#1#JAHBCB010000093.1	7372674	7394883
y1_HG00438.1#464	y1_HG00438.1	HG00438#1#JAHBCB010000032.1	49365754	49365756
y1_HG00438.1#465	y1_HG00438.1	HG00438#1#JAHBCB010000057.1	43350462	43350478
y1_HG00438.1#466	y1_HG00438.1	HG00438#1#JAHBCB010000002.1	45607053	45607061
y1_HG00438.1#467	y1_HG00438.1	HG00438#1#JAHBCB010000006.1	9510741	10007603
y1_HG00438.1#468	y1_HG00438.1	HG00438#1#JAHBCB010000016.1	40972602	40998667
y1_HG00438.1#469	y1_HG00438.1	HG00438#1#JAHBCB010000037.1	100795163	100795696
y1_HG00438.1#470	y1_HG00438.1	HG00438#1#JAHBCB010000048.1	10503308	10503320
y1_HG00438.1#471	y1_HG00438.1	HG00438#1#JAHBCB010000031.1	2452950	2480072
y1_HG00438.1#472	y1_HG00438.1	HG00438#1#JAHBCB010000003.1	43909862	43909865
y1_HG00438.1#473	y1_HG00438.1	HG00438#1#JAHBCB010000008.1	50167192	50167237
y1_HG00438.1#474	y1_HG00438.1	HG00438#1#JAHBCB010000040.1	11670399	11677790
y1_HG00438.1#475	y1_HG00438.1	HG00438#1#JAHBCB010000031.1	2662967	3618571
y1_HG00438.1#476	y1_HG00438.1	HG00438#1#JAHBCB010000032.1	41587741	41588067
y1_HG00438.1#477	y1_HG00438.1	HG00438#1#JAHBCB010000071.1	11632533	11632826
y1_HG00438.1#478	y1_HG00438.1	HG00438#1#JAHBCB010000066.1	101432	107954
y1_HG00438.1#479	y1_HG00438.1	HG00438#1#JAHBCB010000016.1	113548	119666
y1_HG00438.1#480	y1_HG00438.1	HG00438#1#JAHBCB010000031.1	17437774	17437776
y1_HG00438.1#481	y1_HG00438.1	HG00438#1#JAHBCB010000057.1	42068936	42068953
y1_HG00438.1#482	y1_HG00438.1	HG00438#1#JAHBCB010000009.1	5369065	6110145
y1_HG00438.1#483	y1_HG00438.1	HG00438#1#JAHBCB010000008.1	11930342	12022127
y1_HG00438.1#484	y1_HG00438.1	HG00438#1#JAHBCB010000037.1	42745240	43065016
y1_HG00438.1#485	y1_HG00438.1	HG00438#1#JAHBCB010000045.1	8160382	9118258
y1_HG00438.1#486	y1_HG00438.1	HG00438#1#JAHBCB010000047.1	19105736	19415903
y1_HG00438.1#487	y1_HG00438.1	HG00438#1#JAHBCB010000074.1	10130702	10138281
y1_HG00438.1#488	y1_HG00438.1	HG00438#1#JAHBCB010000011.1	1912166	1912169
y1_HG00438.1#489	y1_HG00438.1	HG00438#1#JAHBCB010000010.1	2147891	2393016
y1_HG00438.1#490	y1_HG00438.1	HG00438#1#JAHBCB010000014.1	17450093	17453904
y1_HG00438.1#491	y1_HG00438.1	HG00438#1#JAHBCB010000082.1	7179573	7181803
y1_HG00438.1#492	y1_HG00438.1	HG00438#1#JAHBCB010000075.1	5150795	5770644
y1_HG00438.1#493	y1_HG00438.1	HG00438#1#JAHBCB010000011.1	12547307	12547312
y1_HG00438.1#494	y1_HG00438.1	HG00438#1#JAHBCB010000021.1	25712865	25713083
y1_HG00438.1#495	y1_HG00438.1	HG00438#1#JAHBCB010000007.1	287992	296140
y1_HG00438.1#496	y1_HG00438.1	HG00438#1#JAHBCB010000006.1	18431008	18431011
y1_HG00438.1#497	y1_HG00438.1	HG00438#1#JAHBCB010000050.1	26378736	26630190
y1_HG00438.1#498	y1_HG00438.1	HG00438#1#JAHBCB010000024.1	87697456	87697518
y1_HG00438.1#499	y1_HG00438.1	HG00438#1#JAHBCB010000049.1	13521289	13521374
y1_HG00438.1#500	y1_HG00438.1	HG00438#1#JAHBCB010000016.1	47800386	47800535
y1_HG00438.1#501	y1_HG00438.1	HG00438#1#JAHBCB010000066.1	7763707	7765283
y1_HG00438.1#502	y1_HG00438.1	HG00438#1#JAHBCB010000046.1	26473319	26473338
y1_HG00438.1#503	y1_HG00438.1	HG00438#1#JAHBCB010000111.1	588447	588502
y1_HG00438.1#504	y1_HG00438.1	HG00438#1#JAHBCB010000050.1	12631900	12632043
y1_HG00438.1#505	y1_HG00438.1	HG00438#1#JAHBCB010000080.1	936559	936604
y1_HG00438.1#506	y1_HG00438.1	HG00438#1#JAHBCB010000045.1	67721179	67722378
y1_HG00438.1#507	y1_HG00438.1	HG00438#1#JAHBCB010000015.1	72975010	72975536
y1_HG00438.1#508	y1_HG00438.1	HG00438#1#JAHBCB010000074.1	17833404	18870046
y1_HG00438.1#509	y1_HG00438.1	HG00438#1#JAHBCB010000036.1	21914634	22228713
y1_HG00438.1#510	y1_HG00438.1	HG00438#1#JAHBCB010000019.1	37199445	37199448
y1_HG00438.1#511	y1_HG00438.1	HG00438#1#JAHBCB010000019.1	285830	285906
y1_HG00438.1#512	y1_HG00438.1	HG00438#1#JAHBCB010000026.1	1728055	1736540
y1_HG00438.1#513	y1_HG00438.1	HG00438#1#JAHBCB010000015.1	32673292	33285390
y1_HG00438.1#514	y1_HG00438.1	HG00438#1#JAHBCB010000063.1	12384511	12421479
y1_HG00438.1#515	y1_HG00438.1	HG00438#1#JAHBCB010000031.1	3273465	3282617
y1_HG00438.1#516	y1_HG00438.1	HG00438#1#JAHBCB010000011.1	45263137	45263146
y1_HG00438.1#517	y1_HG00438.1	HG00438#1#JAHBCB010000010.1	34030341	34035636
y1_HG00438.1#518	y1_HG00438.1	HG00438#1#JAHBCB010000008.1	9886948	9886952
y1_HG00438.1#519	y1_HG00438.1	HG00438#1#JAHBCB010000102.1	1713011	1713111
y1_HG00438.1#520	y1_HG00438.1	HG00438#1#JAHBCB010000016.1	33493247	33500284
y1_HG00438.1#521	y1_HG00438.1	HG00438#1#JAHBCB010000027.1	18725212	18985092
y1_HG00438.1#522	y1_HG00438.1	HG00438#1#JAHBCB010000027.1	1652416	1666790
y1_HG00438.1#523	y1_HG00438.1	HG00438#1#JAHBCB010000033.1	6528890	6528937
y1_HG00438.1#524	y1_HG00438.1	HG00438#1#JAHBCB010000037.1	83704808	83994234
y1_HG00438.1#525	y1_HG00438.1	HG00438#1#JAHBCB010000008.1	36958590	36958650
y1_HG00438.1#526	y1_HG00438.1	HG00438#1#JAHBCB010000048.1	37843969	37845023
y1_HG00438.1#527	y1_HG00438.1	HG00438#1#JAHBCB010000048.1	21475285	21476295
y1_HG00438.1#528	y1_HG00438.1	HG00438#1#JAHBCB010000008.1	63526008	63527403
y1_HG00438.1#529	y1_HG00438.1	HG00438#1#JAHBCB010000008.1	42912095	42953740
y1_HG00438.1#530	y1_HG00438.1	HG00438#1#JAHBCB010000042.1	45301271	45301274
y1_HG00438.1#531	y1_HG00438.1	HG00438#1#JAHBCB010000057.1	49938525	49938566
y1_HG00438.1#532	y1_HG00438.1	HG00438#1#JAHBCB010000003.1	42337479	42342025
y1_HG00438.1#533	y1_HG00438.1	HG00438#1#JAHBCB010000023.1	18644358	18644366
y1_HG00438.1#534	y1_HG00438.1	HG00438#1#JAHBCB010000097.1	15823534	15823672
y1_HG00438.1#535	y1_HG00438.1	HG00438#1#JAHBCB010000022.1	26264413	26325979
y1_HG00438.1#536	y1_HG00438.1	HG00438#1#JAHBCB010000087.1	2867556	2867716
y1_HG00438.1#537	y1_HG00438.1	HG00438#1#JAHBCB010000078.1	9465077	9759250
y1_HG00438.1#538	y1_HG00438.1	HG00438#1#JAHBCB010000092.1	16483549	16483606
y1_HG00438.1#539	y1_HG00438.1	HG00438#1#JAHBCB010000002.1	6688871	7653040
y1_HG00438.1#540	y1_HG00438.1	HG00438#1#JAHBCB010000004.1	45551014	45551041
y1_HG00438.1#541	y1_HG00438.1	HG00438#1#JAHBCB010000027.1	33779936	33799969
y1_HG00438.1#542	y1_HG00438.1	HG00438#1#JAHBCB010000008.1	5080254	5668695
y1_HG00438.1#543	y1_HG00438.1	HG00438#1#JAHBCB010000011.1	571182	571194
y1_HG00438.1#544	y1_HG00438.1	HG00438#1#JAHBCB010000032.1	18666183	18666186
y1_HG00438.1#545	y1_HG00438.1	HG00438#1#JAHBCB010000016.1	89883722	89883725
y1_HG00438.1#546	y1_HG00438.1	HG00438#1#JAHBCB010000006.1	21549435	21549560
y1_HG00438.1#547	y1_HG00438.1	HG00438#1#JAHBCB010000018.1	68693145	68693497
y1_HG00438.1#548	y1_HG00438.1	HG00438#1#JAHBCB010000011.1	78992454	78994634
y1_HG00438.1#549	y1_HG00438.1	HG00438#1#JAHBCB010000098.1	738338	738409
y1_HG00438.1#550	y1_HG00438.1	HG00438#1#JAHBCB010000022.1	61931797	62230378
y1_HG00438.1#551	y1_HG00438.1	HG00438#1#JAHBCB010000024.1	41756626	41796730
y1_HG00438.1#552	y1_HG00438.1	HG00438#1#JAHBCB010000040.1	29519423	29519618
y1_HG00438.1#553	y1_HG00438.1	HG00438#1#JAHBCB010000003.1	79607771	79612515
y1_HG00438.1#554	y1_HG00438.1	HG00438#1#JAHBCB010000015.1	18297526	18301416
y1_HG00438.1#555	y1_HG00438.1	HG00438#1#JAHBCB010000042.1	20622536	20622588
y1_HG00438.1#556	y1_HG00438.1	HG00438#1#JAHBCB010000159.1	2749589	2883355
y1_HG00438.1#557	y1_HG00438.1	HG00438#1#JAHBCB010000045.1	53935371	53935376
y1_HG00438.1#558	y1_HG00438.1	HG00438#1#JAHBCB010000006.1	50451178	50461655
y1_HG00438.1#559	y1_HG00438.1	HG00438#1#JAHBCB010000012.1	16025435	16025463
y1_HG00438.1#560	y1_HG00438.1	HG00438#1#JAHBCB010000018.1	121735003	121753981
y1_HG00438.1#561	y1_HG00438.1	HG00438#1#JAHBCB010000018.1	42593900	42593906
y1_HG00438.1#562	y1_HG00438.1	HG00438#1#JAHBCB010000067.1	19737095	19766488
y1_HG00438.1#563	y1_HG00438.1	HG00438#1#JAHBCB010000003.1	116655222	116655228
y1_HG00438.1#564	y1_HG00438.1	HG00438#1#JAHBCB010000058.1	23492858	23492918
y1_HG00438.1#565	y1_HG00438.1	HG00438#1#JAHBCB010000002.1	43512149	43512234
y1_HG00438.1#566	y1_HG00438.1	HG00438#1#JAHBCB010000030.1	24229112	24247406
y1_HG00438.1#567	y1_HG00438.1	HG00438#1#JAHBCB010000045.1	9218542	9218544
y1_HG00438.1#568	y1_HG00438.1	HG00438#1#JAHBCB010000044.1	38258210	38258661
y1_HG00438.1#569	y1_HG00438.1	HG00438#1#JAHBCB010000037.1	55084336	55084351
y1_HG00438.1#570	y1_HG00438.1	HG00438#1#JAHBCB010000038.1	2367638	2368268
y1_HG00438.1#571	y1_HG00438.1	HG00438#1#JAHBCB010000032.1	22461979	22462030
y1_HG00438.1#572	y1_HG00438.1	HG00438#1#JAHBCB010000075.1	18472139	18472439
y1_HG00438.1#573	y1_HG00438.1	HG00438#1#JAHBCB010000011.1	53465411	53465556
y1_HG00438.1#574	y1_HG00438.1	HG00438#1#JAHBCB010000006.1	31938722	31938780
y1_HG00438.1#575	y1_HG00438.1	HG00438#1#JAHBCB010000074.1	14153218	14153223
y1_HG00438.1#576	y1_HG00438.1	HG00438#1#JAHBCB010000065.1	13740390	13753109
y1_HG00438.1#577	y1_HG00438.1	HG00438#1#JAHBCB010000074.1	31757458	31758033
y1_HG00438.1#578	y1_HG00438.1	HG00438#1#JAHBCB010000076.1	6267921	6268334
y1_HG00438.1#579	y1_HG00438.1	HG00438#1#JAHBCB010000037.1	88288356	88319600
y1_HG00438.1#580	y1_HG00438.1	HG00438#1#JAHBCB010000028.1	17969878	18214830
y1_HG00438.1#581	y1_HG00438.1	HG00438#1#JAHBCB010000023.1	21811503	21811506
y1_HG00438.1#582	y1_HG00438.1	HG00438#1#JAHBCB010000071.1	1603178	1611937
y1_HG00438.1#583	y1_HG00438.1	HG00438#1#JAHBCB010000011.1	67154007	67154256
y1_HG00438.1#584	y1_HG00438.1	HG00438#1#JAHBCB010000093.1	927176	959605
y1_HG00438.1#585	y1_HG00438.1	HG00438#1#JAHBCB010000026.1	6530487	6530519
y1_HG00438.1#586	y1_HG00438.1	HG00438#1#JAHBCB010000074.1	11315462	11315474
y1_HG00438.1#587	y1_HG00438.1	HG00438#1#JAHBCB010000037.1	80211051	80248054
y1_HG00438.1#588	y1_HG00438.1	HG00438#1#JAHBCB010000044.1	31347539	31386592
y1_HG00438.1#589	y1_HG00438.1	HG00438#1#JAHBCB010000002.1	9755514	9789289
y1_HG00438.1#590	y1_HG00438.1	HG00438#1#JAHBCB010000016.1	46320896	46967455
y1_HG00438.1#591	y1_HG00438.1	HG00438#1#JAHBCB010000044.1	22534690	22539301
y1_HG00438.1#592	y1_HG00438.1	HG00438#1#JAHBCB010000021.1	8618175	8689031
y1_HG00438.1#593	y1_HG00438.1	HG00438#1#JAHBCB010000076.1	3712318	3743623
y1_HG00438.1#594	y1_HG00438.1	HG00438#1#JAHBCB010000055.1	8595820	8603930
y1_HG00438.1#595	y1_HG00438.1	HG00438#1#JAHBCB010000027.1	22513175	22895819
y1_HG00438.1#596	y1_HG00438.1	HG00438#1#JAHBCB010000050.1	8638940	8639012
y1_HG00438.1#597	y1_HG00438.1	HG00438#1#JAHBCB010000090.1	2140164	2234419
y1_HG00438.1#598	y1_HG00438.1	HG00438#1#JAHBCB010000057.1	17294183	17308755
y1_HG00438.1#599	y1_HG00438.1	HG00438#1#JAHBCB010000037.1	94262689	94280526
y1_HG00438.1#600	y1_HG00438.1	HG00438#1#JAHBCB010000006.1	51116357	51116521
y1_HG00438.1#601	y1_HG00438.1	HG00438#1#JAHBCB010000027.1	27859611	27860455
y1_HG00438.1#602	y1_HG00438.1	HG00438#1#JAHBCB010000002.1	44998490	45000533
y1_HG00438.1#603	y1_HG00438.1	HG00438#1#JAHBCB010000069.1	6410717	6413051
y1_HG00438.1#604	y1_HG00438.1	HG00438#1#JAHBCB010000026.1	6863581	6863584
y1_HG00438.1#605	y1_HG00438.1	HG00438#1#JAHBCB010000061.1	3128396	3128402
y1_HG00438.1#606	y1_HG00438.1	HG00438#1#JAHBCB010000099.1	5934674	5934682
y1_HG00438.1#607	y1_HG00438.1	HG00438#1#JAHBCB010000010.1	17801918	17801921
y1_HG00438.1#608	y1_HG00438.1	HG00438#1#JAHBCB010000057.1	53498804	53498864
y1_HG00438.1#609	y1_HG00438.1	HG00438#1#JAHBCB010000023.1	16113127	16157408
y1_HG00438.1#610	y1_HG00438.1	HG00438#1#JAHBCB010000041.1	39716286	39719481
y1_HG00438.1#611	y1_HG00438.1	HG00438#1#JAHBCB010000015.1	41293618	41293740
y1_HG00438.1#612	y1_HG00438.1	HG00438#1#JAHBCB010000019.1	26032534	26032566
y1_HG00438.1#613	y1_HG00438.1	HG00438#1#JAHBCB010000084.1	3244096	3829555
y1_HG00438.1#614	y1_HG00438.1	HG00438#1#JAHBCB010000092.1	16582012	17524787
y1_HG00438.1#615	y1_HG00438.1	HG00438#1#JAHBCB010000005.1	8489395	8489559
y1_HG00438.1#616	y1_HG00438.1	HG00438#1#JAHBCB010000057.1	11128664	11129154
y1_HG00438.1#617	y1_HG00438.1	HG00438#1#JAHBCB010000072.1	6069502	6069504
y1_HG00438.1#618	y1_HG00438.1	HG00438#1#JAHBCB010000015.1	33275788	33285236
y1_HG00438.1#619	y1_HG00438.1	HG00438#1#JAHBCB010000004.1	50029340	50029376
y1_HG00438.1#620	y1_HG00438.1	HG00438#1#JAHBCB010000008.1	16107385	16107388
y1_HG00438.1#621	y1_HG00438.1	HG00438#1#JAHBCB010000023.1	1107874	1661204
y1_HG00438.1#622	y1_HG00438.1	HG00438#1#JAHBCB010000024.1	42027392	42027711
y1_HG00438.1#623	y1_HG00438.1	HG00438#1#JAHBCB010000048.1	26606766	26632143
y1_HG00438.1#624	y1_HG00438.1	HG00438#1#JAHBCB010000041.1	30076819	30078012
y1_HG00438.1#625	y1_HG00438.1	HG00438#1#JAHBCB010000006.1	5564508	5564515
y1_HG00438.1#626	y1_HG00438.1	HG00438#1#JAHBCB010000016.1	73609003	73609495
y1_HG00438.1#627	y1_HG00438.1	HG00438#1#JAHBCB010000045.1	31775291	31778839
y1_HG00438.1#628	y1_HG00438.1	HG00438#1#JAHBCB010000023.1	24386450	24682317
y1_HG00438.1#629	y1_HG00438.1	HG00438#1#JAHBCB010000097.1	10804486	10807537
y1_HG00438.1#630	y1_HG00438.1	HG00438#1#JAHBCB010000004.1	47162022	47181390
y1_HG00438.1#631	y1_HG00438.1	HG00438#1#JAHBCB010000031.1	14645838	14725836
y1_HG00438.1#632	y1_HG00438.1	HG00438#1#JAHBCB010000010.1	24700380	24879954
y1_HG00438.1#633	y1_HG00438.1	HG00438#1#JAHBCB010000008.1	51894824	51932232
y1_HG00438.1#634	y1_HG00438.1	HG00438#1#JAHBCB010000017.1	28772425	28772479
y1_HG00438.1#635	y1_HG00438.1	HG00438#1#JAHBCB010000067.1	19397635	19397960
y1_HG00438.1#636	y1_HG00438.1	HG00438#1#JAHBCB010000037.1	66611681	66611708
y1_HG00438.1#637	y1_HG00438.1	HG00438#1#JAHBCB010000040.1	2978553	2979958
y1_HG00438.1#638	y1_HG00438.1	HG00438#1#JAHBCB010000041.1	43892325	43892330
y1_HG00438.1#639	y1_HG00438.1	HG00438#1#JAHBCB010000014.1	11623897	11624520
y1_HG00438.1#640	y1_HG00438.1	HG00438#1#JAHBCB010000045.1	28404069	28474378
y1_HG00438.1#641	y1_HG00438.1	HG00438#1#JAHBCB010000076.1	8492678	8497554
y1_HG00438.1#642	y1_HG00438.1	HG00438#1#JAHBCB010000018.1	49359093	49944519
y1_HG00438.1#643	y1_HG00438.1	HG00438#1#JAHBCB010000044.1	5383510	5386462
y1_HG00438.1#644	y1_HG00438.1	HG00438#1#JAHBCB010000058.1	1331448	1331577
y1_HG00438.1#645	y1_HG00438.1	HG00438#1#JAHBCB010000019.1	88290005	88360907
y1_HG00438.1#646	y1_HG00438.1	HG00438#1#JAHBCB010000003.1	26436090	26449722
y1_HG00438.1#647	y1_HG00438.1	HG00438#1#JAHBCB010000030.1	30190758	30190844
y1_HG00438.1#648	y1_HG00438.1	HG00438#1#JAHBCB010000058.1	1600727	1634137
y1_HG00438.1#649	y1_HG00438.1	HG00438#1#JAHBCB010000072.1	15685620	15705395
y1_HG00438.1#650	y1_HG00438.1	HG00438#1#JAHBCB010000019.1	17366767	17366778
y1_HG00438.1#651	y1_HG00438.1	HG00438#1#JAHBCB010000022.1	27839816	27840458
y1_HG00438.1#652	y1_HG00438.1	HG00438#1#JAHBCB010000087.1	485366	485368
y1_HG00438.1#653	y1_HG00438.1	HG00438#1#JAHBCB010000008.1	72358286	72358288
y1_HG00438.1#654	y1_HG00438.1	HG00438#1#JAHBCB010000077.1	797085	807592
y1_HG00438.1#655	y1_HG00438.1	HG00438#1#JAHBCB010000005.1	19991428	19991522
y1_HG00438.1#656	y1_HG00438.1	HG00438#1#JAHBCB010000088.1	712083	714456
y1_HG00438.1#657	y1_HG00438.1	HG00438#1#JAHBCB010000006.1	52696629	52696632
y1_HG00438.1#658	y1_HG00438.1	HG00438#1#JAHBCB010000024.1	86851703	86852419
y1_HG00438.1#659	y1_HG00438.1	HG00438#1#JAHBCB010000006.1	37885601	37885603
y1_HG00438.1#660	y1_HG00438.1	HG00438#1#JAHBCB010000074.1	5330239	5375588
y1_HG00438.1#661	y1_HG00438.1	HG00438#1#JAHBCB010000067.1	10883061	10883071
y1_HG00438.1#662	y1_HG00438.1	HG00438#1#JAHBCB010000096.1	4096143	4096417
y1_HG00438.1#663	y1_HG00438.1	HG00438#1#JAHBCB010000018.1	108585974	108606652
y1_HG00438.1#664	y1_HG00438.1	HG00438#1#JAHBCB010000063.1	4016548	4016560
y1_HG00438.1#665	y1_HG00438.1	HG00438#1#JAHBCB010000002.1	42213756	42283190
y1_HG00438.1#666	y1_HG00438.1	HG00438#1#JAHBCB010000008.1	64801838	64801987
y1_HG00438.1#667	y1_HG00438.1	HG00438#1#JAHBCB010000065.1	14042014	14141639
y1_HG00438.1#668	y1_HG00438.1	HG00438#1#JAHBCB010000049.1	20780383	20780458
y1_HG00438.1#669	y1_HG00438.1	HG00438#1#JAHBCB010000085.1	15035307	15035470
y1_HG00438.1#670	y1_HG00438.1	HG00438#1#JAHBCB010000008.1	78714085	78714123
y1_HG00438.1#671	y1_HG00438.1	HG00438#1#JAHBCB010000030.1	1012576	1016147
y1_HG00438.1#672	y1_HG00438.1	HG00438#1#JAHBCB010000031.1	22793548	23067259
y1_HG00438.1#673	y1_HG00438.1	HG00438#1#JAHBCB010000010.1	1181403	1181447
y1_HG00438.1#674	y1_HG00438.1	HG00438#1#JAHBCB010000090.1	4862281	4864937
y1_HG00438.1#675	y1_HG00438.1	HG00438#1#JAHBCB010000048.1	22653614	22667994
y1_HG00438.1#676	y1_HG00438.1	HG00438#1#JAHBCB010000008.1	18047310	18053139
y1_HG00438.1#677	y1_HG00438.1	HG00438#1#JAHBCB010000018.1	63200948	63544116
y1_HG00438.1#678	y1_HG00438.1	HG00438#1#JAHBCB010000019.1	90267496	90268588
y1_HG00438.1#679	y1_HG00438.1	HG00438#1#JAHBCB010000030.1	29966633	29966892
y1_HG00438.1#680	y1_HG00438.1	HG00438#1#JAHBCB010000050.1	778246	779424
y1_HG00438.1#681	y1_HG00438.1	HG00438#1#JAHBCB010000057.1	50084832	50087807
y1_HG00438.1#682	y1_HG00438.1	HG00438#1#JAHBCB010000032.1	41416889	41423524
y1_HG00438.1#683	y1_HG00438.1	HG00438#1#JAHBCB010000011.1	45069779	45069781
y1_HG00438.1#684	y1_HG00438.1	HG00438#1#JAHBCB010000025.1	12773290	12774088
y1_HG00438.1#685	y1_HG00438.1	HG00438#1#JAHBCB010000025.1	4623799	4632182
y1_HG00438.1#686	y1_HG00438.1	HG00438#1#JAHBCB010000082.1	130280	130282
y1_HG00438.1#687	y1_HG00438.1	HG00438#1#JAHBCB010000067.1	17465894	17465901
y1_HG00438.1#688	y1_HG00438.1	HG00438#1#JAHBCB010000009.1	8384874	8385597
y1_HG00438.1#689	y1_HG00438.1	HG00438#1#JAHBCB010000015.1	76187321	76187461
y1_HG00438.1#690	y1_HG00438.1	HG00438#1#JAHBCB010000021.1	15677960	15787529
y1_HG00438.1#691	y1_HG00438.1	HG00438#1#JAHBCB010000027.1	15770162	15770165
y1_HG00438.1#692	y1_HG00438.1	HG00438#1#JAHBCB010000018.1	113414965	113414967
y1_HG00438.1#693	y1_HG00438.1	HG00438#1#JAHBCB010000022.1	67536651	67552328
y1_HG00438.1#694	y1_HG00438.1	HG00438#1#JAHBCB010000092.1	14350921	14353669
y1_HG00438.1#695	y1_HG00438.1	HG00438#1#JAHBCB010000034.1	2719583	2981311
y1_HG00438.1#696	y1_HG00438.1	HG00438#1#JAHBCB010000001.1	35978155	36399788
y1_HG00438.1#697	y1_HG00438.1	HG00438#1#JAHBCB010000085.1	23500602	23835715
y1_HG00438.1#698	y1_HG00438.1	HG00438#1#JAHBCB010000085.1	17774653	18044848
y1_HG00438.1#699	y1_HG00438.1	HG00438#1#JAHBCB010000017.1	23954890	23955021
y1_HG00438.1#700	y1_HG00438.1	HG00438#1#JAHBCB010000011.1	45876284	45882750
y1_HG00438.1#701	y1_HG00438.1	HG00438#1#JAHBCB010000037.1	98577662	98577664
y1_HG00438.1#702	y1_HG00438.1	HG00438#1#JAHBCB010000048.1	32517069	32540652
y1_HG00438.1#703	y1_HG00438.1	HG00438#1#JAHBCB010000003.1	72874677	72874680
y1_HG00438.1#704	y1_HG00438.1	HG00438#1#JAHBCB010000045.1	9775663	9780456
y1_HG00438.1#705	y1_HG00438.1	HG00438#1#JAHBCB010000019.1	20217308	20341227
y1_HG00438.1#706	y1_HG00438.1	HG00438#1#JAHBCB010000048.1	16835709	16835829
y1_HG00438.1#707	y1_HG00438.1	HG00438#1#JAHBCB010000085.1	4208536	4407293
y1_HG00438.1#708	y1_HG00438.1	HG00438#1#JAHBCB010000097.1	261899	344504
y1_HG00438.1#709	y1_HG00438.1	HG00438#1#JAHBCB010000030.1	24866567	25003932
y1_HG00438.1#710	y1_HG00438.1	HG00438#1#JAHBCB010000128.1	0	69312
y1_HG00438.1#711	y1_HG00438.1	HG00438#1#JAHBCB010000010.1	31116887	31177713
y1_HG00438.1#712	y1_HG00438.1	HG00438#1#JAHBCB010000052.1	1276399	1276407
y1_HG00438.1#713	y1_HG00438.1	HG00438#1#JAHBCB010000039.1	7766879	7766922
y1_HG00438.1#714	y1_HG00438.1	HG00438#1#JAHBCB010000036.1	8642295	8651403
y1_HG00438.1#715	y1_HG00438.1	HG00438#1#JAHBCB010000010.1	9093130	9093132
y1_HG00438.1#716	y1_HG00438.1	HG00438#1#JAHBCB010000031.1	7830765	7830779
y1_HG00438.1#717	y1_HG00438.1	HG00438#1#JAHBCB010000089.1	7877774	7882201
y1_HG00438.1#718	y1_HG00438.1	HG00438#1#JAHBCB010000097.1	29412831	29412869
y1_HG00438.1#719	y1_HG00438.1	HG00438#1#JAHBCB010000010.1	9963105	9963107
y1_HG00438.1#720	y1_HG00438.1	HG00438#1#JAHBCB010000015.1	24487950	24489479
y1_HG00438.1#721	y1_HG00438.1	HG00438#1#JAHBCB010000032.1	15694611	15694613
y1_HG00438.1#722	y1_HG00438.1	HG00438#1#JAHBCB010000047.1	14222903	14222918
y1_HG00438.1#723	y1_HG00438.1	HG00438#1#JAHBCB010000011.1	67238461	67242638
y1_HG00438.1#724	y1_HG00438.1	HG00438#1#JAHBCB010000037.1	8242093	8242104
y1_HG00438.1#725	y1_HG00438.1	HG00438#1#JAHBCB010000097.1	31562810	31814319
y1_HG00438.1#726	y1_HG00438.1	HG00438#1#JAHBCB010000001.1	38824041	38876124
y1_HG00438.1#727	y1_HG00438.1	HG00438#1#JAHBCB010000041.1	23127013	23127421
y1_HG00438.1#728	y1_HG00438.1	HG00438#1#JAHBCB010000041.1	6789850	6875362
y1_HG00438.1#729	y1_HG00438.1	HG00438#1#JAHBCB010000076.1	1882524	1882532
y1_HG00438.1#730	y1_HG00438.1	HG00438#1#JAHBCB010000123.1	1043573	1044297
y1_HG00438.1#731	y1_HG00438.1	HG00438#1#JAHBCB010000011.1	54720231	54915902
y1_HG00438.1#732	y1_HG00438.1	HG00438#1#JAHBCB010000021.1	49745964	49798419
y1_HG00438.1#733	y1_HG00438.1	HG00438#1#JAHBCB010000014.1	26119876	26136928
y1_HG00438.1#734	y1_HG00438.1	HG00438#1#JAHBCB010000030.1	3930675	3943777
y1_HG00438.1#735	y1_HG00438.1	HG00438#1#JAHBCB010000016.1	50803924	50804022
y1_HG00438.1#736	y1_HG00438.1	HG00438#1#JAHBCB010000006.1	50229545	50229573
y1_HG00438.1#737	y1_HG00438.1	HG00438#1#JAHBCB010000053.1	14691550	14693066
y1_HG00438.1#738	y1_HG00438.1	HG00438#1#JAHBCB010000003.1	58529941	58529949
y1_HG00438.1#739	y1_HG00438.1	HG00438#1#JAHBCB010000021.1	16891905	16891910
y1_HG00438.1#740	y1_HG00438.1	HG00438#1#JAHBCB010000003.1	40510450	40510452
y1_HG00438.1#741	y1_HG00438.1	HG00438#1#JAHBCB010000093.1	2903826	2903829
y1_HG00438.1#742	y1_HG00438.1	HG00438#1#JAHBCB010000032.1	7892456	8031601
y1_HG00438.1#743	y1_HG00438.1	HG00438#1#JAHBCB010000049.1	23398143	23398153
y1_HG00438.1#744	y1_HG00438.1	HG00438#1#JAHBCB010000068.1	21399541	21466062
y1_HG00438.1#745	y1_HG00438.1	HG00438#1#JAHBCB010000006.1	16000387	16000520
y1_HG00438.1#746	y1_HG00438.1	HG00438#1#JAHBCB010000051.1	15567627	15570865
y1_HG00438.1#747	y1_HG00438.1	HG00438#1#JAHBCB010000008.1	77480761	77480816
y1_HG00438.1#748	y1_HG00438.1	HG00438#1#JAHBCB010000019.1	58674547	58675626
y1_HG00438.1#749	y1_HG00438.1	HG00438#1#JAHBCB010000063.1	9340645	9378443
y1_HG00438.1#750	y1_HG00438.1	HG00438#1#JAHBCB010000002.1	20292614	20292619
y1_HG00438.1#751	y1_HG00438.1	HG00438#1#JAHBCB010000010.1	5006103	5007072
y1_HG00438.1#752	y1_HG00438.1	HG00438#1#JAHBCB010000002.1	32057020	32068661
y1_HG00438.1#753	y1_HG00438.1	HG00438#1#JAHBCB010000021.1	14431177	14431244
y1_HG00438.1#754	y1_HG00438.1	HG00438#1#JAHBCB010000008.1	16734605	16749207
y1_HG00438.1#755	y1_HG00438.1	HG00438#1#JAHBCB010000026.1	8548418	8820939
y1_HG00438.1#756	y1_HG00438.1	HG00438#1#JAHBCB010000008.1	67206039	67236629
y1_HG00438.1#757	y1_HG00438.1	HG00438#1#JAHBCB010000024.1	14967514	14974382
y1_HG00438.1#758	y1_HG00438.1	HG00438#1#JAHBCB010000016.1	3637434	3637436
y1_HG00438.1#759	y1_HG00438.1	HG00438#1#JAHBCB010000038.1	1581330	1585025
y1_HG00438.1#760	y1_HG00438.1	HG00438#1#JAHBCB010000010.1	7457276	7505361
y1_HG00438.1#761	y1_HG00438.1	HG00438#1#JAHBCB010000073.1	3863708	3863721
y1_HG00438.1#762	y1_HG00438.1	HG00438#1#JAHBCB010000001.1	8341938	8341947
y1_HG00438.1#763	y1_HG00438.1	HG00438#1#JAHBCB010000032.1	146508	146511
y1_HG00438.1#764	y1_HG00438.1	HG00438#1#JAHBCB010000089.1	296874	311581
y1_HG00438.1#765	y1_HG00438.1	HG00438#1#JAHBCB010000019.1	52407643	52407656
y1_HG00438.1#766	y1_HG00438.1	HG00438#1#JAHBCB010000003.1	125476300	125476304
y1_HG00438.1#767	y1_HG00438.1	HG00438#1#JAHBCB010000019.1	49784346	49845828
y1_HG00438.1#768	y1_HG00438.1	HG00438#1#JAHBCB010000018.1	89426025	90373686
y1_HG00438.1#769	y1_HG00438.1	HG00438#1#JAHBCB010000078.1	9420327	9421092
y1_HG00438.1#770	y1_HG00438.1	HG00438#1#JAHBCB010000066.1	20637933	20638577
y1_HG00438.1#771	y1_HG00438.1	HG00438#1#JAHBCB010000016.1	11423415	11423505
y1_HG00438.1#772	y1_HG00438.1	HG00438#1#JAHBCB010000005.1	32324441	32324447
y1_HG00438.1#773	y1_HG00438.1	HG00438#1#JAHBCB010000018.1	135521671	135528704
y1_HG00438.1#774	y1_HG00438.1	HG00438#1#JAHBCB010000022.1	24544921	24544926
y1_HG00438.1#775	y1_HG00438.1	HG00438#1#JAHBCB010000041.1	90246	423528
y1_HG00438.1#776	y1_HG00438.1	HG00438#1#JAHBCB010000084.1	2855431	3637752
y1_HG00438.1#777	y1_HG00438.1	HG00438#1#JAHBCB010000050.1	10790998	10868020
y1_HG00438.1#778	y1_HG00438.1	HG00438#1#JAHBCB010000004.1	38554162	38554177
y1_HG00438.1#779	y1_HG00438.1	HG00438#1#JAHBCB010000010.1	20678734	20826376
y1_HG00438.1#780	y1_HG00438.1	HG00438#1#JAHBCB010000006.1	59871535	59879008
y1_HG00438.1#781	y1_HG00438.1	HG00438#1#JAHBCB010000006.1	22170607	22170609
y1_HG00438.1#782	y1_HG00438.1	HG00438#1#JAHBCB010000032.1	44687883	44871228
y1_HG00438.1#783	y1_HG00438.1	HG00438#1#JAHBCB010000004.1	24862837	24862850
y1_HG00438.1#784	y1_HG00438.1	HG00438#1#JAHBCB010000008.1	15503773	16476362
y1_HG00438.1#785	y1_HG00438.1	HG00438#1#JAHBCB010000036.1	21943374	21943585
y1_HG00438.1#786	y1_HG00438.1	HG00438#1#JAHBCB010000006.1	43334877	43336698
y1_HG00438.1#787	y1_HG00438.1	HG00438#1#JAHBCB010000081.1	2174601	2174604
y1_HG00438.1#788	y1_HG00438.1	HG00438#1#JAHBCB010000008.1	3374522	3378653
y1_HG00438.1#789	y1_HG00438.1	HG00438#1#JAHBCB010000057.1	49521254	49521267
y1_HG00438.1#790	y1_HG00438.1	HG00438#1#JAHBCB010000062.1	16115181	16119892
y1_HG00438.1#791	y1_HG00438.1	HG00438#1#JAHBCB010000066.1	2862783	2866680
y1_HG00438.1#792	y1_HG00438.1	HG00438#1#JAHBCB010000018.1	80584857	80696685
y1_HG00438.1#793	y1_HG00438.1	HG00438#1#JAHBCB010000004.1	13516962	13517523
y1_HG00438.1#794	y1_HG00438.1	HG00438#1#JAHBCB010000048.1	23108362	23118573
y1_HG00438.1#795	y1_HG00438.1	HG00438#1#JAHBCB010000001.1	4074286	4074324
y1_HG00438.1#796	y1_HG00438.1	HG00438#1#JAHBCB010000024.1	3815028	3815030
y1_HG00438.1#797	y1_HG00438.1	HG00438#1#JAHBCB010000022.1	28755407	28755436
y1_HG00438.1#798	y1_HG00438.1	HG00438#1#JAHBCB010000125.1	523785	525733
y1_HG00438.1#799	y1_HG00438.1	HG00438#1#JAHBCB010000018.1	116641629	116641663
y1_HG00438.1#800	y1_HG00438.1	HG00438#1#JAHBCB010000075.1	17822737	17822755
y1_HG00438.1#801	y1_HG00438.1	HG00438#1#JAHBCB010000057.1	27441411	27441422
y1_HG00438.1#802	y1_HG00438.1	HG00438#1#JAHBCB010000060.1	157164	192792
y1_HG00438.1#803	y1_HG00438.1	HG00438#1#JAHBCB010000015.1	32003463	32033555
y1_HG00438.1#804	y1_HG00438.1	HG00438#1#JAHBCB010000055.1	16939325	16942674
y1_HG00438.1#805	y1_HG00438.1	HG00438#1#JAHBCB010000044.1	864937	864997
y1_HG00438.1#806	y1_HG00438.1	HG00438#1#JAHBCB010000082.1	12016985	12016988
y1_HG00438.1#807	y1_HG00438.1	HG00438#1#JAHBCB010000058.1	8773369	8773521
y1_HG00438.1#808	y1_HG00438.1	HG00438#1#JAHBCB010000085.1	22147121	22147367
y1_HG00438.1#809	y1_HG00438.1	HG00438#1#JAHBCB010000010.1	24123042	24123772
y1_HG00438.1#810	y1_HG00438.1	HG00438#1#JAHBCB010000045.1	47145181	47148095
y1_HG00438.1#811	y1_HG00438.1	HG00438#1#JAHBCB010000045.1	26080179	26082242
y1_HG00438.1#812	y1_HG00438.1	HG00438#1#JAHBCB010000029.1	8454733	8487643
y1_HG00438.1#813	y1_HG00438.1	HG00438#1#JAHBCB010000019.1	11239892	11247643
y1_HG00438.1#814	y1_HG00438.1	HG00438#1#JAHBCB010000011.1	15743393	15751707
y1_HG00438.1#815	y1_HG00438.1	HG00438#1#JAHBCB010000041.1	47416103	47416107
y1_HG00438.1#816	y1_HG00438.1	HG00438#1#JAHBCB010000014.1	30793717	30794027
y1_HG00438.1#817	y1_HG00438.1	HG00438#1#JAHBCB010000074.1	6226502	6251172
y1_HG00438.1#818	y1_HG00438.1	HG00438#1#JAHBCB010000126.1	954116	954292
y1_HG00438.1#819	y1_HG00438.1	HG00438#1#JAHBCB010000023.1	12617108	12979344
y1_HG00438.1#820	y1_HG00438.1	HG00438#1#JAHBCB010000074.1	13358757	13358788
y1_HG00438.1#821	y1_HG00438.1	HG00438#1#JAHBCB010000024.1	49599622	49761674
y1_HG00438.1#822	y1_HG00438.1	HG00438#1#JAHBCB010000049.1	4537244	4537342
y1_HG00438.1#823	y1_HG00438.1	HG00438#1#JAHBCB010000047.1	10559738	10580043
y1_HG00438.1#824	y1_HG00438.1	HG00438#1#JAHBCB010000031.1	24789601	25428928
y1_HG00438.1#825	y1_HG00438.1	HG00438#1#JAHBCB010000016.1	83064943	83065453
y1_HG00438.1#826	y1_HG00438.1	HG00438#1#JAHBCB010000023.1	7944038	7944170
y1_HG00438.1#827	y1_HG00438.1	HG00438#1#JAHBCB010000038.1	1361292	1553530
y1_HG00438.1#828	y1_HG00438.1	HG00438#1#JAHBCB010000004.1	38999735	38999781
y1_HG00438.1#829	y1_HG00438.1	HG00438#1#JAHBCB010000001.1	13422282	13422550
y1_HG00438.1#830	y1_HG00438.1	HG00438#1#JAHBCB010000037.1	12546253	12817014
y1_HG00438.1#831	y1_HG00438.1	HG00438#1#JAHBCB010000058.1	24090966	24091098
y1_HG00438.1#832	y1_HG00438.1	HG00438#1#JAHBCB010000037.1	86553370	86699196
y1_HG00438.1#833	y1_HG00438.1	HG00438#1#JAHBCB010000061.1	1584065	1584069
y1_HG00438.1#834	y1_HG00438.1	HG00438#1#JAHBCB010000008.1	75523456	75523460
y1_HG00438.1#835	y1_HG00438.1	HG00438#1#JAHBCB010000057.1	18412431	18414156
y1_HG00438.1#836	y1_HG00438.1	HG00438#1#JAHBCB010000040.1	29117661	29117701
y1_HG00438.1#837	y1_HG00438.1	HG00438#1#JAHBCB010000010.1	32097770	32176583
y1_HG00438.1#838	y1_HG00438.1	HG00438#1#JAHBCB010000018.1	673059	673064
y1_HG00438.1#839	y1_HG00438.1	HG00438#1#JAHBCB010000037.1	72500150	72500565
y1_HG00438.1#840	y1_HG00438.1	HG00438#1#JAHBCB010000014.1	11917436	12102195
y1_HG00438.1#841	y1_HG00438.1	HG00438#1#JAHBCB010000041.1	61486986	61487000
y1_HG00438.1#842	y1_HG00438.1	HG00438#1#JAHBCB010000037.1	48652163	48697181
y1_HG00438.1#843	y1_HG00438.1	HG00438#1#JAHBCB010000003.1	101595458	101811517
y1_HG00438.1#844	y1_HG00438.1	HG00438#1#JAHBCB010000031.1	8076941	8076978
y1_HG00438.1#845	y1_HG00438.1	HG00438#1#JAHBCB010000002.1	45513750	45513752
y1_HG00438.1#846	y1_HG00438.1	HG00438#1#JAHBCB010000012.1	12959899	13168186
y1_HG00438.1#847	y1_HG00438.1	HG00438#1#JAHBCB010000048.1	12477023	12477027
y1_HG00438.1#848	y1_HG00438.1	HG00438#1#JAHBCB010000008.1	70452001	70474392
y1_HG00438.1#849	y1_HG00438.1	HG00438#1#JAHBCB010000004.1	4598244	4607568
y1_HG00438.1#850	y1_HG00438.1	HG00438#1#JAHBCB010000008.1	17237148	17240526
y1_HG00438.1#851	y1_HG00438.1	HG00438#1#JAHBCB010000013.1	13349445	13349447
y1_HG00438.1#852	y1_HG00438.1	HG00438#1#JAHBCB010000008.1	36482296	36482595
y1_HG00438.1#853	y1_HG00438.1	HG00438#1#JAHBCB010000096.1	639266	639332
y1_HG00438.1#854	y1_HG00438.1	HG00438#1#JAHBCB010000037.1	7566126	7566227
y1_HG00438.1#855	y1_HG00438.1	HG00438#1#JAHBCB010000061.1	12439944	12439950
y1_HG00438.1#856	y1_HG00438.1	HG00438#1#JAHBCB010000041.1	36724111	36724317
y1_HG00438.1#857	y1_HG00438.1	HG00438#1#JAHBCB010000024.1	44079546	44080007
y1_HG00438.1#858	y1_HG00438.1	HG00438#1#JAHBCB010000025.1	14586180	14591425
y1_HG00438.1#859	y1_HG00438.1	HG00438#1#JAHBCB010000075.1	24141556	24195933
y1_HG00438.1#860	y1_HG00438.1	HG00438#1#JAHBCB010000030.1	19948248	19948253
y1_HG00438.1#861	y1_HG00438.1	HG00438#1#JAHBCB010000024.1	24405614	24405620
y1_HG00438.1#862	y1_HG00438.1	HG00438#1#JAHBCB010000016.1	68011209	68011291
y1_HG00438.1#863	y1_HG00438.1	HG00438#1#JAHBCB010000010.1	22401134	22401142
y1_HG00438.1#864	y1_HG00438.1	HG00438#1#JAHBCB010000068.1	13037432	13037436
y1_HG00438.1#865	y1_HG00438.1	HG00438#1#JAHBCB010000047.1	5548028	5551772
y1_HG00438.1#866	y1_HG00438.1	HG00438#1#JAHBCB010000032.1	260793	260797
y1_HG00438.1#867	y1_HG00438.1	HG00438#1#JAHBCB010000022.1	2590989	3085421
y1_HG00438.1#868	y1_HG00438.1	HG00438#1#JAHBCB010000008.1	51472615	52353446
y1_HG00438.1#869	y1_HG00438.1	HG00438#1#JAHBCB010000020.1	9896969	9896994
y1_HG00438.1#870	y1_HG00438.1	HG00438#1#JAHBCB010000053.1	9487029	9487033
y1_HG00438.1#871	y1_HG00438.1	HG00438#1#JAHBCB010000011.1	65736886	65736888
y1_HG00438.1#872	y1_HG00438.1	HG00438#1#JAHBCB010000033.1	24080508	24082051
y1_HG00438.1#873	y1_HG00438.1	HG00438#1#JAHBCB010000026.1	11082154	11540965
y1_HG00438.1#874	y1_HG00438.1	HG00438#1#JAHBCB010000169.1	87992	227386
y1_HG00438.1#875	y1_HG00438.1	HG00438#1#JAHBCB010000021.1	7990579	7990612
y1_HG00438.1#876	y1_HG00438.1	HG00438#1#JAHBCB010000037.1	84900721	84900734
y1_HG00438.1#877	y1_HG00438.1	HG00438#1#JAHBCB010000037.1	73522785	73522792
y1_HG00438.1#878	y1_HG00438.1	HG00438#1#JAHBCB010000041.1	3252477	3257573
y1_HG00438.1#879	y1_HG00438.1	HG00438#1#JAHBCB010000045.1	60487044	60487052
y1_HG00438.1#880	y1_HG00438.1	HG00438#1#JAHBCB010000037.1	93695199	93695208
y1_HG00438.1#881	y1_HG00438.1	HG00438#1#JAHBCB010000019.1	10235385	10235410
y1_HG00438.1#882	y1_HG00438.1	HG00438#1#JAHBCB010000067.1	8276323	8305549
y1_HG00438.1#883	y1_HG00438.1	HG00438#1#JAHBCB010000044.1	5242948	5244131
y1_HG00438.1#884	y1_HG00438.1	HG00438#1#JAHBCB010000023.1	16769655	16769658
y1_HG00438.1#885	y1_HG00438.1	HG00438#1#JAHBCB010000066.1	13913638	14026448
y1_HG00438.1#886	y1_HG00438.1	HG00438#1#JAHBCB010000006.1	6023865	6032470
y1_HG00438.1#887	y1_HG00438.1	HG00438#1#JAHBCB010000021.1	30274610	30274646
y1_HG00438.1#888	y1_HG00438.1	HG00438#1#JAHBCB010000005.1	19790976	19790984
y1_HG00438.1#889	y1_HG00438.1	HG00438#1#JAHBCB010000037.1	11381511	11381590
y1_HG00438.1#890	y1_HG00438.1	HG00438#1#JAHBCB010000031.1	3112967	3112970
y1_HG00438.1#891	y1_HG00438.1	HG00438#1#JAHBCB010000048.1	6006411	6006425
y1_HG00438.1#892	y1_HG00438.1	HG00438#1#JAHBCB010000043.1	4281967	5224450
y1_HG00438.1#893	y1_HG00438.1	HG00438#1#JAHBCB010000020.1	3297024	3306422
y1_HG00438.1#894	y1_HG00438.1	HG00438#1#JAHBCB010000024.1	5950307	5950376
y1_HG00438.1#895	y1_HG00438.1	HG00438#1#JAHBCB010000025.1	23092311	23093505
y1_HG00438.1#896	y1_HG00438.1	HG00438#1#JAHBCB010000078.1	1340461	1340841
y1_HG00438.1#897	y1_HG00438.1	HG00438#1#JAHBCB010000042.1	9884913	9886005
y1_HG00438.1#898	y1_HG00438.1	HG00438#1#JAHBCB010000097.1	2366636	2366714
y1_HG00438.1#899	y1_HG00438.1	HG00438#1#JAHBCB010000031.1	1819635	1826881
y1_HG00438.1#900	y1_HG00438.1	HG00438#1#JAHBCB010000004.1	9545822	9606868
y1_HG00438.1#901	y1_HG00438.1	HG00438#1#JAHBCB010000066.1	6440550	6491909
y1_HG00438.1#902	y1_HG00438.1	HG00438#1#JAHBCB010000041.1	30314952	30336185
y1_HG00438.1#903	y1_HG00438.1	HG00438#1#JAHBCB010000094.1	180468	180471
y1_HG00438.1#904	y1_HG00438.1	HG00438#1#JAHBCB010000028.1	8266537	8266539
y1_HG00438.1#905	y1_HG00438.1	HG00438#1#JAHBCB010000191.1	9142	9144
y1_HG00438.1#906	y1_HG00438.1	HG00438#1#JAHBCB010000008.1	21513520	21540270
y1_HG00438.1#907	y1_HG00438.1	HG00438#1#JAHBCB010000032.1	48802339	48802463
y1_HG00438.1#908	y1_HG00438.1	HG00438#1#JAHBCB010000018.1	21042500	21042510
y1_HG00438.1#909	y1_HG00438.1	HG00438#1#JAHBCB010000088.1	5685845	5685850
y1_HG00438.1#910	y1_HG00438.1	HG00438#1#JAHBCB010000050.1	236101	240406
y1_HG00438.1#911	y1_HG00438.1	HG00438#1#JAHBCB010000016.1	4263592	4301821
y1_HG00438.1#912	y1_HG00438.1	HG00438#1#JAHBCB010000006.1	43258480	43258482
y1_HG00438.1#913	y1_HG00438.1	HG00438#1#JAHBCB010000027.1	33903056	33903077
y1_HG00438.1#914	y1_HG00438.1	HG00438#1#JAHBCB010000023.1	9615250	9615274
y1_HG00438.1#915	y1_HG00438.1	HG00438#1#JAHBCB010000159.1	1441077	1441435
y1_HG00438.1#916	y1_HG00438.1	HG00438#1#JAHBCB010000001.1	28988167	28988206
y1_HG00438.1#917	y1_HG00438.1	HG00438#1#JAHBCB010000017.1	8212672	8833032
y1_HG00438.1#918	y1_HG00438.1	HG00438#1#JAHBCB010000037.1	53836812	53836827
y1_HG00438.1#919	y1_HG00438.1	HG00438#1#JAHBCB010000044.1	37341503	37773028
y1_HG00438.1#920	y1_HG00438.1	HG00438#1#JAHBCB010000022.1	16568177	16816121
y1_HG00438.1#921	y1_HG00438.1	HG00438#1#JAHBCB010000037.1	99947421	99947423
y1_HG00438.1#922	y1_HG00438.1	HG00438#1#JAHBCB010000009.1	7556001	7625797
y1_HG00438.1#923	y1_HG00438.1	HG00438#1#JAHBCB010000041.1	2882287	2882302
y1_HG00438.1#924	y1_HG00438.1	HG00438#1#JAHBCB010000032.1	5443857	5444647
y1_HG00438.1#925	y1_HG00438.1	HG00438#1#JAHBCB010000024.1	11676909	11677533
y1_HG00438.1#926	y1_HG00438.1	HG00438#1#JAHBCB010000097.1	6939702	6940270
y1_HG00438.1#927	y1_HG00438.1	HG00438#1#JAHBCB010000006.1	1256888	1274399
y1_HG00438.1#928	y1_HG00438.1	HG00438#1#JAHBCB010000018.1	35923334	35923419
y1_HG00438.1#929	y1_HG00438.1	HG00438#1#JAHBCB010000010.1	3215735	3216160
y1_HG00438.1#930	y1_HG00438.1	HG00438#1#JAHBCB010000048.1	26660296	26660553
y1_HG00438.1#931	y1_HG00438.1	HG00438#1#JAHBCB010000002.1	16294440	16333003
y1_HG00438.1#932	y1_HG00438.1	HG00438#1#JAHBCB010000097.1	4277477	4280650
y1_HG00438.1#933	y1_HG00438.1	HG00438#1#JAHBCB010000040.1	31140542	31150862
y1_HG00438.1#934	y1_HG00438.1	HG00438#1#JAHBCB010000018.1	34106195	34106199
y1_HG00438.1#935	y1_HG00438.1	HG00438#1#JAHBCB010000067.1	19759691	19779961
y1_HG00438.1#936	y1_HG00438.1	HG00438#1#JAHBCB010000065.1	3131976	3204546
y1_HG00438.1#937	y1_HG00438.1	HG00438#1#JAHBCB010000068.1	3796977	4155602
y1_HG00438.1#938	y1_HG00438.1	HG00438#1#JAHBCB010000023.1	8388147	8388192
y1_HG00438.1#939	y1_HG00438.1	HG00438#1#JAHBCB010000097.1	35977440	35977493
y1_HG00438.1#940	y1_HG00438.1	HG00438#1#JAHBCB010000058.1	14237572	14237818
y1_HG00438.1#941	y1_HG00438.1	HG00438#1#JAHBCB010000040.1	17068453	17115411
y1_HG00438.1#942	y1_HG00438.1	HG00438#1#JAHBCB010000011.1	39730474	39730509
y1_HG00438.1#943	y1_HG00438.1	HG00438#1#JAHBCB010000049.1	16155563	16157484
y1_HG00438.1#944	y1_HG00438.1	HG00438#1#JAHBCB010000027.1	6159367	6160548
y1_HG00438.1#945	y1_HG00438.1	HG00438#1#JAHBCB010000011.1	68263216	68295888
y1_HG00438.1#946	y1_HG00438.1	HG00438#1#JAHBCB010000042.1	25130227	25136068
y1_HG00438.1#947	y1_HG00438.1	HG00438#1#JAHBCB010000094.1	418415	536531
y1_HG00438.1#948	y1_HG00438.1	HG00438#1#JAHBCB010000059.1	176031	1181534
y1_HG00438.1#949	y1_HG00438.1	HG00438#1#JAHBCB010000004.1	9787058	9787062
y1_HG00438.1#950	y1_HG00438.1	HG00438#1#JAHBCB010000005.1	5631331	5657346
y1_HG00438.1#951	y1_HG00438.1	HG00438#1#JAHBCB010000017.1	23830466	23830470
y1_HG00438.1#952	y1_HG00438.1	HG00438#1#JAHBCB010000003.1	34178818	34241559
y1_HG00438.1#953	y1_HG00438.1	HG00438#1#JAHBCB010000028.1	5637543	5637556
y1_HG00438.1#954	y1_HG00438.1	HG00438#1#JAHBCB010000032.1	35036771	35041891
y1_HG00438.1#955	y1_HG00438.1	HG00438#1#JAHBCB010000038.1	10812096	10855414
y1_HG00438.1#956	y1_HG00438.1	HG00438#1#JAHBCB010000026.1	158550	166367
y1_HG00438.1#957	y1_HG00438.1	HG00438#1#JAHBCB010000004.1	13314842	13316311
y1_HG00438.1#958	y1_HG00438.1	HG00438#1#JAHBCB010000005.1	23388769	23410414
y1_HG00438.1#959	y1_HG00438.1	HG00438#1#JAHBCB010000003.1	56694027	56801190
y1_HG00438.1#960	y1_HG00438.1	HG00438#1#JAHBCB010000048.1	24086312	24270510
y1_HG00438.1#961	y1_HG00438.1	HG00438#1#JAHBCB010000037.1	16295554	16295559
y1_HG00438.1#962	y1_HG00438.1	HG00438#1#JAHBCB010000021.1	13117437	13231628
y1_HG00438.1#963	y1_HG00438.1	HG00438#1#JAHBCB010000008.1	44497281	44516473
y1_HG00438.1#964	y1_HG00438.1	HG00438#1#JAHBCB010000008.1	41259045	41259966
y1_HG00438.1#965	y1_HG00438.1	HG00438#1#JAHBCB010000041.1	61805776	61805781
y1_HG00438.1#966	y1_HG00438.1	HG00438#1#JAHBCB010000058.1	15969267	15969381
y1_HG00438.1#967	y1_HG00438.1	HG00438#1#JAHBCB010000024.1	81374436	81379373
y1_HG00438.1#968	y1_HG00438.1	HG00438#1#JAHBCB010000033.1	19185641	19206847
y1_HG00438.1#969	y1_HG00438.1	HG00438#1#JAHBCB010000076.1	3708167	3708258
y1_HG00438.1#970	y1_HG00438.1	HG00438#1#JAHBCB010000010.1	14312451	14316548
y1_HG00438.1#971	y1_HG00438.1	HG00438#1#JAHBCB010000023.1	21702805	21751946
y1_HG00438.1#972	y1_HG00438.1	HG00438#1#JAHBCB010000022.1	58376069	58377113
y1_HG00438.1#973	y1_HG00438.1	HG00438#1#JAHBCB010000018.1	6175218	6175276
y1_HG00438.1#974	y1_HG00438.1	HG00438#1#JAHBCB010000037.1	17645087	17645161
y1_HG00438.1#975	y1_HG00438.1	HG00438#1#JAHBCB010000003.1	104398854	104408029
y1_HG00438.1#976	y1_HG00438.1	HG00438#1#JAHBCB010000062.1	9537716	9561336
y1_HG00438.1#977	y1_HG00438.1	HG00438#1#JAHBCB010000024.1	38851728	38896746
y1_HG00438.1#978	y1_HG00438.1	HG00438#1#JAHBCB010000052.1	1881757	2837211
y1_HG00438.1#979	y1_HG00438.1	HG00438#1#JAHBCB010000031.1	23299440	23382771
y1_HG00438.1#980	y1_HG00438.1	HG00438#1#JAHBCB010000016.1	50155172	50155175
y1_HG00438.1#981	y1_HG00438.1	HG00438#1#JAHBCB010000003.1	93806178	93867874
y1_HG00438.1#982	y1_HG00438.1	HG00438#1#JAHBCB010000032.1	16949318	16970929
y1_HG00438.1#983	y1_HG00438.1	HG00438#1#JAHBCB010000019.1	96999331	96999334
y1_HG00438.1#984	y1_HG00438.1	HG00438#1#JAHBCB010000010.1	15458932	15458937
y1_HG00438.1#985	y1_HG00438.1	HG00438#1#JAHBCB010000033.1	15455389	15469988
y1_HG00438.1#986	y1_HG00438.1	HG00438#1#JAHBCB010000051.1	12972992	13002568
y1_HG00438.1#987	y1_HG00438.1	HG00438#1#JAHBCB010000046.1	11838775	12090544
y1_HG00438.1#988	y1_HG00438.1	HG00438#1#JAHBCB010000047.1	15104363	15166604
y1_HG00438.1#989	y1_HG00438.1	HG00438#1#JAHBCB010000045.1	66204366	67082080
y1_HG00438.1#990	y1_HG00438.1	HG00438#1#JAHBCB010000129.1	3950239	3950675
y1_HG00438.1#991	y1_HG00438.1	HG00438#1#JAHBCB010000014.1	2457464	2457565
y1_HG00438.1#992	y1_HG00438.1	HG00438#1#JAHBCB010000047.1	18511211	18511216
y1_HG00438.1#993	y1_HG00438.1	HG00438#1#JAHBCB010000104.1	2195479	2212005
y1_HG00438.1#994	y1_HG00438.1	HG00438#1#JAHBCB010000027.1	29923037	29923039
y1_HG00438.1#995	y1_HG00438.1	HG00438#1#JAHBCB010000057.1	38688373	38688375
y1_HG00438.1#996	y1_HG00438.1	HG00438#1#JAHBCB010000019.1	20812647	21413081
y1_HG00438.1#997	y1_HG00438.1	HG00438#1#JAHBCB010000019.1	69103269	69103287
y1_HG00438.1#998	y1_HG00438.1	HG00438#1#JAHBCB010000003.1	12591610	12591976
y1_HG00438.1#999	y1_HG00438.1	HG00438#1#JAHBCB010000022.1	35576207	35576269
y1_HG00438.2#0	y1_HG00438.2	HG00438#2#JAHBCA010000031.1	1415334	1415360
y1_HG00438.2#1	y1_HG00438.2	HG00438#2#JAHBCA010000018.1	21943572	21943669
y1_HG00438.2#2	y1_HG00438.2	HG00438#2#JAHBCA010000032.1	11651846	11651880
y1_HG00438.2#3	y1_HG00438.2	HG00438#2#JAHBCA010000011.1	60824703	60824935
y1_HG00438.2#4	y1_HG00438.2	HG00438#2#JAHBCA010000001.1	34437970	34491788
y1_HG00438.2#5	y1_HG00438.2	HG00438#2#JAHBCA010000022.1	40593851	40593945
y1_HG00438.2#6	y1_HG00438.2	HG00438#2#JAHBCA010000011.1	39028778	39028793
y1_HG00438.2#7	y1_HG00438.2	HG00438#2#JAHBCA010000022.1	6208235	6208240
y1_HG00438.2#8	y1_HG00438.2	HG00438#2#JAHBCA010000103.1	4467602	4467605
y1_HG00438.2#9	y1_HG00438.2	HG00438#2#JAHBCA010000024.1	26426898	26630987
y1_HG00438.2#10	y1_HG00438.2	HG00438#2#JAHBCA010000022.1	30493228	30504533
y1_HG00438.2#11	y1_HG00438.2	HG00438#2#JAHBCA010000035.1	52982441	52982448
y1_HG00438.2#12	y1_HG00438.2	HG00438#2#JAHBCA010000055.1	2624596	2626471
y1_HG00438.2#13	y1_HG00438.2	HG00438#2#JAHBCA010000053.1	55543334	55543667
y1_HG00438.2#14	y1_HG00438.2	HG00438#2#JAHBCA010000068.1	574961	574981
y1_HG00438.2#15	y1_HG00438.2	HG00438#2#JAHBCA010000055.1	20462992	20463097
y1_HG00438.2#16	y1_HG00438.2	HG00438#2#JAHBCA010000070.1	11374451	11378088
y1_HG00438.2#17	y1_HG00438.2	HG00438#2#JAHBCA010000070.1	3521708	3522037
y1_HG00438.2#18	y1_HG00438.2	HG00438#2#JAHBCA010000099.1	1688169	1689911
y1_HG00438.2#19	y1_HG00438.2	HG00438#2#JAHBCA010000040.1	785551	785556
y1_HG00438.2#20	y1_HG00438.2	HG00438#2#JAHBCA010000046.1	37562124	37562959
y1_HG00438.2#21	y1_HG00438.2	HG00438#2#JAHBCA010000010.1	96828963	96828965
y1_HG00438.2#22	y1_HG00438.2	HG00438#2#JAHBCA010000052.1	10238005	10238009
y1_HG00438.2#23	y1_HG00438.2	HG00438#2#JAHBCA010000053.1	32953997	32954348
y1_HG00438.2#24	y1_HG00438.2	HG00438#2#JAHBCA010000056.1	3606907	3606948
y1_HG00438.2#25	y1_HG00438.2	HG00438#2#JAHBCA010000063.1	21645331	21645345
y1_HG00438.2#26	y1_HG00438.2	HG00438#2#JAHBCA010000022.1	5173755	5173877
y1_HG00438.2#27	y1_HG00438.2	HG00438#2#JAHBCA010000021.1	8813283	8813325
y1_HG00438.2#28	y1_HG00438.2	HG00438#2#JAHBCA010000003.1	70741570	71387191
y1_HG00438.2#29	y1_HG00438.2	HG00438#2#JAHBCA010000089.1	21359598	21359607
y1_HG00438.2#30	y1_HG00438.2	HG00438#2#JAHBCA010000018.1	100922	112837
y1_HG00438.2#31	y1_HG00438.2	HG00438#2#JAHBCA010000014.1	38341930	38341938
y1_HG00438.2#32	y1_HG00438.2	HG00438#2#JAHBCA010000073.1	3785374	3786849
y1_HG00438.2#33	y1_HG00438.2	HG00438#2#JAHBCA010000094.1	1230595	1327391
y1_HG00438.2#34	y1_HG00438.2	HG00438#2#JAHBCA010000050.1	7479852	7539804
y1_HG00438.2#35	y1_HG00438.2	HG00438#2#JAHBCA010000035.1	73600330	73600337
y1_HG00438.2#36	y1_HG00438.2	HG00438#2#JAHBCA010000010.1	33392668	33395285
y1_HG00438.2#37	y1_HG00438.2	HG00438#2#JAHBCA010000002.1	4825368	4825370
y1_HG00438.2#38	y1_HG00438.2	HG00438#2#JAHBCA010000044.1	13430803	13511230
y1_HG00438.2#39	y1_HG00438.2	HG00438#2#JAHBCA010000046.1	19237975	19237980
y1_HG00438.2#40	y1_HG00438.2	HG00438#2#JAHBCA010000010.1	21162521	21162617
y1_HG00438.2#41	y1_HG00438.2	HG00438#2#JAHBCA010000057.1	27709081	27759351
y1_HG00438.2#42	y1_HG00438.2	HG00438#2#JAHBCA010000073.1	20223062	20223064
y1_HG00438.2#43	y1_HG00438.2	HG00438#2#JAHBCA010000057.1	15238306	15242513
y1_HG00438.2#44	y1_HG00438.2	HG00438#2#JAHBCA010000043.1	67763439	67763628
y1_HG00438.2#45	y1_HG00438.2	HG00438#2#JAHBCA010000030.1	4840617	4840622
y1_HG00438.2#46	y1_HG00438.2	HG00438#2#JAHBCA010000050.1	23488157	23490445
y1_HG00438.2#47	y1_HG00438.2	HG00438#2#JAHBCA010000046.1	54427199	54434782
y1_HG00438.2#48	y1_HG00438.2	HG00438#2#JAHBCA010000012.1	77305449	78098691
y1_HG00438.2#49	y1_HG00438.2	HG00438#2#JAHBCA010000003.1	47232661	47232723
y1_HG00438.2#50	y1_HG00438.2	HG00438#2#JAHBCA010000036.1	7984508	8944016
y1_HG00438.2#51	y1_HG00438.2	HG00438#2#JAHBCA010000016.1	31607213	31631674
y1_HG00438.2#52	y1_HG00438.2	HG00438#2#JAHBCA010000037.1	25365923	25376236
y1_HG00438.2#53	y1_HG00438.2	HG00438#2#JAHBCA010000055.1	21243941	21312552
y1_HG00438.2#54	y1_HG00438.2	HG00438#2#JAHBCA010000037.1	331135	331316
y1_HG00438.2#55	y1_HG00438.2	HG00438#2#JAHBCA010000011.1	2656061	2656616
y1_HG00438.2#56	y1_HG00438.2	HG00438#2#JAHBCA010000016.1	58775966	58777795
y1_HG00438.2#57	y1_HG00438.2	HG00438#2#JAHBCA010000162.1	97550	282498
y1_HG00438.2#58	y1_HG00438.2	HG00438#2#JAHBCA010000005.1	71753101	71753130
y1_HG00438.2#59	y1_HG00438.2	HG00438#2#JAHBCA010000066.1	11309920	11395037
y1_HG00438.2#60	y1_HG00438.2	HG00438#2#JAHBCA010000019.1	31774444	31937359
y1_HG00438.2#61	y1_HG00438.2	HG00438#2#JAHBCA010000055.1	24231756	24231758
y1_HG00438.2#62	y1_HG00438.2	HG00438#2#JAHBCA010000017.1	7371833	7406300
y1_HG00438.2#63	y1_HG00438.2	HG00438#2#JAHBCA010000037.1	9068037	9068039
y1_HG00438.2#64	y1_HG00438.2	HG00438#2#JAHBCA010000010.1	49726826	49726896
y1_HG00438.2#65	y1_HG00438.2	HG00438#2#JAHBCA010000043.1	25326129	25326131
y1_HG00438.2#66	y1_HG00438.2	HG00438#2#JAHBCA010000040.1	17022870	17022872
y1_HG00438.2#67	y1_HG00438.2	HG00438#2#JAHBCA010000069.1	9191235	9191429
y1_HG00438.2#68	y1_HG00438.2	HG00438#2#JAHBCA010000087.1	1541206	1541210
y1_HG00438.2#69	y1_HG00438.2	HG00438#2#JAHBCA010000094.1	15162495	15256430
y1_HG00438.2#70	y1_HG00438.2	HG00438#2#JAHBCA010000008.1	5259745	5267688
y1_HG00438.2#71	y1_HG00438.2	HG00438#2#JAHBCA010000053.1	3592729	3709995
y1_HG00438.2#72	y1_HG00438.2	HG00438#2#JAHBCA010000069.1	175058	177018
y1_HG00438.2#73	y1_HG00438.2	HG00438#2#JAHBCA010000055.1	25707591	26366166
y1_HG00438.2#74	y1_HG00438.2	HG00438#2#JAHBCA010000090.1	725141	784826
y1_HG00438.2#75	y1_HG00438.2	HG00438#2#JAHBCA010000035.1	59238373	59238379
y1_HG00438.2#76	y1_HG00438.2	HG00438#2#JAHBCA010000005.1	86218729	86964478
y1_HG00438.2#77	y1_HG00438.2	HG00438#2#JAHBCA010000042.1	18117192	18117274
y1_HG00438.2#78	y1_HG00438.2	HG00438#2#JAHBCA010000010.1	97037224	97037245
y1_HG00438.2#79	y1_HG00438.2	HG00438#2#JAHBCA010000057.1	23169705	23169707
y1_HG00438.2#80	y1_HG00438.2	HG00438#2#JAHBCA010000053.1	7336965	7766898
y1_HG00438.2#81	y1_HG00438.2	HG00438#2#JAHBCA010000117.1	1610470	2004763
y1_HG00438.2#82	y1_HG00438.2	HG00438#2#JAHBCA010000003.1	39420948	39422468
y1_HG00438.2#83	y1_HG00438.2	HG00438#2#JAHBCA010000052.1	11754022	11754038
y1_HG00438.2#84	y1_HG00438.2	HG00438#2#JAHBCA010000046.1	51594344	51663061
y1_HG00438.2#85	y1_HG00438.2	HG00438#2#JAHBCA010000081.1	1747698	1797257
y1_HG00438.2#86	y1_HG00438.2	HG00438#2#JAHBCA010000005.1	33893643	33896016
y1_HG00438.2#87	y1_HG00438.2	HG00438#2#JAHBCA010000026.1	8294913	9159913
y1_HG00438.2#88	y1_HG00438.2	HG00438#2#JAHBCA010000019.1	9364952	9404109
y1_HG00438.2#89	y1_HG00438.2	HG00438#2#JAHBCA010000016.1	48782187	48982178
y1_HG00438.2#90	y1_HG00438.2	HG00438#2#JAHBCA010000002.1	7777206	7781365
y1_HG00438.2#91	y1_HG00438.2	HG00438#2#JAHBCA010000052.1	28071929	28571685
y1_HG00438.2#92	y1_HG00438.2	HG00438#2#JAHBCA010000046.1	74095794	74102751
y1_HG00438.2#93	y1_HG00438.2	HG00438#2#JAHBCA010000019.1	570296	570629
y1_HG00438.2#94	y1_HG00438.2	HG00438#2#JAHBCA010000012.1	65860274	65860287
y1_HG00438.2#95	y1_HG00438.2	HG00438#2#JAHBCA010000016.1	38710184	38767214
y1_HG00438.2#96	y1_HG00438.2	HG00438#2#JAHBCA010000011.1	60668225	61338082
y1_HG00438.2#97	y1_HG00438.2	HG00438#2#JAHBCA010000011.1	9506840	9557836
y1_HG00438.2#98	y1_HG00438.2	HG00438#2#JAHBCA010000035.1	81470391	81470967
y1_HG00438.2#99	y1_HG00438.2	HG00438#2#JAHBCA010000073.1	13342073	13342511
y1_HG00438.2#100	y1_HG00438.2	HG00438#2#JAHBCA010000043.1	24170312	24171754
y1_HG00438.2#101	y1_HG00438.2	HG00438#2#JAHBCA010000024.1	15896791	15896871
y1_HG00438.2#102	y1_HG00438.2	HG00438#2#JAHBCA010000046.1	20161806	20181808
y1_HG00438.2#103	y1_HG00438.2	HG00438#2#JAHBCA010000112.1	4074954	4075078
y1_HG00438.2#104	y1_HG00438.2	HG00438#2#JAHBCA010000040.1	48667927	48696501
y1_HG00438.2#105	y1_HG00438.2	HG00438#2#JAHBCA010000001.1	8893261	8896612
y1_HG00438.2#106	y1_HG00438.2	HG00438#2#JAHBCA010000015.1	31399537	31399990
y1_HG00438.2#107	y1_HG00438.2	HG00438#2#JAHBCA010000092.1	2183733	2760513
y1_HG00438.2#108	y1_HG00438.2	HG00438#2#JAHBCA010000042.1	45846388	45846475
y1_HG00438.2#109	y1_HG00438.2	HG00438#2#JAHBCA010000012.1	43148096	43148129
y1_HG00438.2#110	y1_HG00438.2	HG00438#2#JAHBCA010000033.1	2522173	2524900
y1_HG00438.2#111	y1_HG00438.2	HG00438#2#JAHBCA010000033.1	4191166	5061379
y1_HG00438.2#112	y1_HG00438.2	HG00438#2#JAHBCA010000011.1	2790265	2790302
y1_HG00438.2#113	y1_HG00438.2	HG00438#2#JAHBCA010000079.1	762434	764652
y1_HG00438.2#114	y1_HG00438.2	HG00438#2#JAHBCA010000001.1	10804730	10807209
y1_HG00438.2#115	y1_HG00438.2	HG00438#2#JAHBCA010000099.1	2050493	2050572
y1_HG00438.2#116	y1_HG00438.2	HG00438#2#JAHBCA010000003.1	63216846	63217182
y1_HG00438.2#117	y1_HG00438.2	HG00438#2#JAHBCA010000042.1	48798242	48798551
y1_HG00438.2#118	y1_HG00438.2	HG00438#2#JAHBCA010000089.1	5992999	6011674
y1_HG00438.2#119	y1_HG00438.2	HG00438#2#JAHBCA010000016.1	15797000	15797005
y1_HG00438.2#120	y1_HG00438.2	HG00438#2#JAHBCA010000020.1	14728931	14729019
y1_HG00438.2#121	y1_HG00438.2	HG00438#2#JAHBCA010000038.1	4871888	4878620
y1_HG00438.2#122	y1_HG00438.2	HG00438#2#JAHBCA010000001.1	15691804	15691809
y1_HG00438.2#123	y1_HG00438.2	HG00438#2#JAHBCA010000008.1	48982019	48982022
y1_HG00438.2#124	y1_HG00438.2	HG00438#2#JAHBCA010000077.1	1166062	1166231
y1_HG00438.2#125	y1_HG00438.2	HG00438#2#JAHBCA010000069.1	1014086	1014090
y1_HG00438.2#126	y1_HG00438.2	HG00438#2#JAHBCA010000020.1	29666460	29670136
y1_HG00438.2#127	y1_HG00438.2	HG00438#2#JAHBCA010000043.1	52570406	52570408
y1_HG00438.2#128	y1_HG00438.2	HG00438#2#JAHBCA010000086.1	7783066	7787289
y1_HG00438.2#129	y1_HG00438.2	HG00438#2#JAHBCA010000003.1	54789411	54789916
y1_HG00438.2#130	y1_HG00438.2	HG00438#2#JAHBCA010000017.1	11407027	11425624
y1_HG00438.2#131	y1_HG00438.2	HG00438#2#JAHBCA010000010.1	65287015	65298704
y1_HG00438.2#132	y1_HG00438.2	HG00438#2#JAHBCA010000029.1	879267	1114651
y1_HG00438.2#133	y1_HG00438.2	HG00438#2#JAHBCA010000065.1	5012338	5054686
y1_HG00438.2#134	y1_HG00438.2	HG00438#2#JAHBCA010000002.1	30793123	30793129
y1_HG00438.2#135	y1_HG00438.2	HG00438#2#JAHBCA010000005.1	46278546	46279592
y1_HG00438.2#136	y1_HG00438.2	HG00438#2#JAHBCA010000056.1	3652307	3652312
y1_HG00438.2#137	y1_HG00438.2	HG00438#2#JAHBCA010000050.1	28474062	28474064
y1_HG00438.2#138	y1_HG00438.2	HG00438#2#JAHBCA010000035.1	76974277	76974327
y1_HG00438.2#139	y1_HG00438.2	HG00438#2#JAHBCA010000002.1	94241886	94241938
y1_HG00438.2#140	y1_HG00438.2	HG00438#2#JAHBCA010000012.1	39886670	39886714
y1_HG00438.2#141	y1_HG00438.2	HG00438#2#JAHBCA010000028.1	2105276	2105278
y1_HG00438.2#142	y1_HG00438.2	HG00438#2#JAHBCA010000070.1	6595976	6596003
y1_HG00438.2#143	y1_HG00438.2	HG00438#2#JAHBCA010000005.1	53189695	53511651
y1_HG00438.2#144	y1_HG00438.2	HG00438#2#JAHBCA010000046.1	54498991	54509857
y1_HG00438.2#145	y1_HG00438.2	HG00438#2#JAHBCA010000040.1	11103991	11130144
y1_HG00438.2#146	y1_HG00438.2	HG00438#2#JAHBCA010000053.1	42128102	42128543
y1_HG00438.2#147	y1_HG00438.2	HG00438#2#JAHBCA010000063.1	18672377	18672380
y1_HG00438.2#148	y1_HG00438.2	HG00438#2#JAHBCA010000103.1	12314603	12315992
y1_HG00438.2#149	y1_HG00438.2	HG00438#2#JAHBCA010000015.1	29454100	29454106
y1_HG00438.2#150	y1_HG00438.2	HG00438#2#JAHBCA010000008.1	26716555	26723407
y1_HG00438.2#151	y1_HG00438.2	HG00438#2#JAHBCA010000022.1	1926637	1933772
y1_HG00438.2#152	y1_HG00438.2	HG00438#2#JAHBCA010000082.1	9703556	9703560
y1_HG00438.2#153	y1_HG00438.2	HG00438#2#JAHBCA010000084.1	9473848	9474212
y1_HG00438.2#154	y1_HG00438.2	HG00438#2#JAHBCA010000002.1	93910213	93910507
y1_HG00438.2#155	y1_HG00438.2	HG00438#2#JAHBCA010000033.1	51358745	51358748
y1_HG00438.2#156	y1_HG00438.2	HG00438#2#JAHBCA010000019.1	23051602	23205780
y1_HG00438.2#157	y1_HG00438.2	HG00438#2#JAHBCA010000004.1	31489555	31489580
y1_HG00438.2#158	y1_HG00438.2	HG00438#2#JAHBCA010000010.1	84801936	84802062
y1_HG00438.2#159	y1_HG00438.2	HG00438#2#JAHBCA010000072.1	5042262	5042270
y1_HG00438.2#160	y1_HG00438.2	HG00438#2#JAHBCA010000019.1	489880	490027
y1_HG00438.2#161	y1_HG00438.2	HG00438#2#JAHBCA010000040.1	19462194	19727037
y1_HG00438.2#162	y1_HG00438.2	HG00438#2#JAHBCA010000005.1	97791017	98067216
y1_HG00438.2#163	y1_HG00438.2	HG00438#2#JAHBCA010000016.1	74594846	74594910
y1_HG00438.2#164	y1_HG00438.2	HG00438#2#JAHBCA010000033.1	7773318	7773353
y1_HG00438.2#165	y1_HG00438.2	HG00438#2#JAHBCA010000033.1	50064152	50064352
y1_HG00438.2#166	y1_HG00438.2	HG00438#2#JAHBCA010000043.1	45923375	45923439
y1_HG00438.2#167	y1_HG00438.2	HG00438#2#JAHBCA010000031.1	6535347	6535362
y1_HG00438.2#168	y1_HG00438.2	HG00438#2#JAHBCA010000001.1	34803494	34803496
y1_HG00438.2#169	y1_HG00438.2	HG00438#2#JAHBCA010000012.1	23684764	23684771
y1_HG00438.2#170	y1_HG00438.2	HG00438#2#JAHBCA010000037.1	21036274	21036447
y1_HG00438.2#171	y1_HG00438.2	HG00438#2#JAHBCA010000019.1	46035152	46037378
y1_HG00438.2#172	y1_HG00438.2	HG00438#2#JAHBCA010000022.1	11919200	12546062
y1_HG00438.2#173	y1_HG00438.2	HG00438#2#JAHBCA010000002.1	94275997	94277049
y1_HG00438.2#174	y1_HG00438.2	HG00438#2#JAHBCA010000073.1	16430249	16503101
y1_HG00438.2#175	y1_HG00438.2	HG00438#2#JAHBCA010000011.1	74997318	75012710
y1_HG00438.2#176	y1_HG00438.2	HG00438#2#JAHBCA010000011.1	26238141	26256215
y1_HG00438.2#177	y1_HG00438.2	HG00438#2#JAHBCA010000027.1	1363404	2029455
y1_HG00438.2#178	y1_HG00438.2	HG00438#2#JAHBCA010000036.1	33976740	34055977
y1_HG00438.2#179	y1_HG00438.2	HG00438#2#JAHBCA010000020.1	8858475	8858482
y1_HG00438.2#180	y1_HG00438.2	HG00438#2#JAHBCA010000043.1	28987041	28988575
y1_HG00438.2#181	y1_HG00438.2	HG00438#2#JAHBCA010000063.1	16028023	16028974
y1_HG00438.2#182	y1_HG00438.2	HG00438#2#JAHBCA010000019.1	39947287	39947480
y1_HG00438.2#183	y1_HG00438.2	HG00438#2#JAHBCA010000058.1	15633514	15633723
y1_HG00438.2#184	y1_HG00438.2	HG00438#2#JAHBCA010000059.1	2344575	2344942
y1_HG00438.2#185	y1_HG00438.2	HG00438#2#JAHBCA010000054.1	17803022	17803027
y1_HG00438.2#186	y1_HG00438.2	HG00438#2#JAHBCA010000010.1	109578400	109592933
y1_HG00438.2#187	y1_HG00438.2	HG00438#2#JAHBCA010000073.1	13138703	13138729
y1_HG00438.2#188	y1_HG00438.2	HG00438#2#JAHBCA010000088.1	9803155	9830431
y1_HG00438.2#189	y1_HG00438.2	HG00438#2#JAHBCA010000045.1	12541714	12541814
y1_HG00438.2#190	y1_HG00438.2	HG00438#2#JAHBCA010000003.1	58443305	58671009
y1_HG00438.2#191	y1_HG00438.2	HG00438#2#JAHBCA010000036.1	17410842	18201753
y1_HG00438.2#192	y1_HG00438.2	HG00438#2#JAHBCA010000019.1	45875320	45877649
y1_HG00438.2#193	y1_HG00438.2	HG00438#2#JAHBCA010000031.1	20073719	20084227
y1_HG00438.2#194	y1_HG00438.2	HG00438#2#JAHBCA010000002.1	11782515	11782574
y1_HG00438.2#195	y1_HG00438.2	HG00438#2#JAHBCA010000048.1	17314445	17314464
y1_HG00438.2#196	y1_HG00438.2	HG00438#2#JAHBCA010000076.1	18633918	18633921
y1_HG00438.2#197	y1_HG00438.2	HG00438#2#JAHBCA010000056.1	6460780	6728983
y1_HG00438.2#198	y1_HG00438.2	HG00438#2#JAHBCA010000046.1	72056614	72056622
y1_HG00438.2#199	y1_HG00438.2	HG00438#2#JAHBCA010000086.1	3728286	3728414
y1_HG00438.2#200	y1_HG00438.2	HG00438#2#JAHBCA010000001.1	18786416	18788337
y1_HG00438.2#201	y1_HG00438.2	HG00438#2#JAHBCA010000045.1	26362362	26362387
y1_HG00438.2#202	y1_HG00438.2	HG00438#2#JAHBCA010000035.1	8741521	9417344
y1_HG00438.2#203	y1_HG00438.2	HG00438#2#JAHBCA010000008.1	68361080	68361128
y1_HG00438.2#204	y1_HG00438.2	HG00438#2#JAHBCA010000053.1	27248119	27259422
y1_HG00438.2#205	y1_HG00438.2	HG00438#2#JAHBCA010000018.1	35347596	35347608
y1_HG00438.2#206	y1_HG00438.2	HG00438#2#JAHBCA010000010.1	49418447	49968618
y1_HG00438.2#207	y1_HG00438.2	HG00438#2#JAHBCA010000002.1	20452570	20452595
y1_HG00438.2#208	y1_HG00438.2	HG00438#2#JAHBCA010000046.1	10984251	11175319
y1_HG00438.2#209	y1_HG00438.2	HG00438#2#JAHBCA010000043.1	55409711	55873313
y1_HG00438.2#210	y1_HG00438.2	HG00438#2#JAHBCA010000004.1	11976503	12281012
y1_HG00438.2#211	y1_HG00438.2	HG00438#2#JAHBCA010000042.1	47118298	47118470
y1_HG00438.2#212	y1_HG00438.2	HG00438#2#JAHBCA010000002.1	59147313	59265974
y1_HG00438.2#213	y1_HG00438.2	HG00438#2#JAHBCA010000007.1	4171255	4546175
y1_HG00438.2#214	y1_HG00438.2	HG00438#2#JAHBCA010000084.1	6875866	6875869
y1_HG00438.2#215	y1_HG00438.2	HG00438#2#JAHBCA010000152.1	548607	548625
y1_HG00438.2#216	y1_HG00438.2	HG00438#2#JAHBCA010000043.1	71181963	71457204
y1_HG00438.2#217	y1_HG00438.2	HG00438#2#JAHBCA010000053.1	22732147	22732150
y1_HG00438.2#218	y1_HG00438.2	HG00438#2#JAHBCA010000030.1	5791790	5860432
y1_HG00438.2#219	y1_HG00438.2	HG00438#2#JAHBCA010000043.1	29663771	29664043
y1_HG00438.2#220	y1_HG00438.2	HG00438#2#JAHBCA010000052.1	12342932	12343064
y1_HG00438.2#221	y1_HG00438.2	HG00438#2#JAHBCA010000019.1	49207116	49207651
y1_HG00438.2#222	y1_HG00438.2	HG00438#2#JAHBCA010000005.1	37769997	37770105
y1_HG00438.2#223	y1_HG00438.2	HG00438#2#JAHBCA010000011.1	99822944	99822948
y1_HG00438.2#224	y1_HG00438.2	HG00438#2#JAHBCA010000036.1	21460049	21460052
y1_HG00438.2#225	y1_HG00438.2	HG00438#2#JAHBCA010000072.1	6120405	6120407
y1_HG00438.2#226	y1_HG00438.2	HG00438#2#JAHBCA010000022.1	31281096	31284532
y1_HG00438.2#227	y1_HG00438.2	HG00438#2#JAHBCA010000010.1	53733574	53807840
y1_HG00438.2#228	y1_HG00438.2	HG00438#2#JAHBCA010000040.1	30271847	30271849
y1_HG00438.2#229	y1_HG00438.2	HG00438#2#JAHBCA010000008.1	35419986	35419990
y1_HG00438.2#230	y1_HG00438.2	HG00438#2#JAHBCA010000017.1	12915527	12915638
y1_HG00438.2#231	y1_HG00438.2	HG00438#2#JAHBCA010000032.1	27063306	27064290
y1_HG00438.2#232	y1_HG00438.2	HG00438#2#JAHBCA010000046.1	3337661	3337665
y1_HG00438.2#233	y1_HG00438.2	HG00438#2#JAHBCA010000043.1	34970618	35032539
y1_HG00438.2#234	y1_HG00438.2	HG00438#2#JAHBCA010000052.1	697214	697217
y1_HG00438.2#235	y1_HG00438.2	HG00438#2#JAHBCA010000012.1	25157942	25158030
y1_HG00438.2#236	y1_HG00438.2	HG00438#2#JAHBCA010000008.1	38990515	38990534
y1_HG00438.2#237	y1_HG00438.2	HG00438#2#JAHBCA010000017.1	22586206	22660816
y1_HG00438.2#238	y1_HG00438.2	HG00438#2#JAHBCA010000091.1	46540	46542
y1_HG00438.2#239	y1_HG00438.2	HG00438#2#JAHBCA010000008.1	95777216	96332164
y1_HG00438.2#240	y1_HG00438.2	HG00438#2#JAHBCA010000025.1	37905454	38090549
y1_HG00438.2#241	y1_HG00438.2	HG00438#2#JAHBCA010000020.1	48797945	48798270
y1_HG00438.2#242	y1_HG00438.2	HG00438#2#JAHBCA010000010.1	72365572	72365574
y1_HG00438.2#243	y1_HG00438.2	HG00438#2#JAHBCA010000018.1	27642714	27642794
y1_HG00438.2#244	y1_HG00438.2	HG00438#2#JAHBCA010000019.1	36615126	36615133
y1_HG00438.2#245	y1_HG00438.2	HG00438#2#JAHBCA010000043.1	17017893	17017897
y1_HG00438.2#246	y1_HG00438.2	HG00438#2#JAHBCA010000005.1	78025854	78103534
y1_HG00438.2#247	y1_HG00438.2	HG00438#2#JAHBCA010000042.1	25099460	25344978
y1_HG00438.2#248	y1_HG00438.2	HG00438#2#JAHBCA010000049.1	6833848	7530687
y1_HG00438.2#249	y1_HG00438.2	HG00438#2#JAHBCA010000057.1	10838795	10868700
y1_HG00438.2#250	y1_HG00438.2	HG00438#2#JAHBCA010000065.1	1316175	1316521
y1_HG00438.2#251	y1_HG00438.2	HG00438#2#JAHBCA010000043.1	30134969	30401213
y1_HG00438.2#252	y1_HG00438.2	HG00438#2#JAHBCA010000020.1	61108225	61108228
y1_HG00438.2#253	y1_HG00438.2	HG00438#2#JAHBCA010000030.1	11170067	11170070
y1_HG00438.2#254	y1_HG00438.2	HG00438#2#JAHBCA010000024.1	21132757	21132777
y1_HG00438.2#255	y1_HG00438.2	HG00438#2#JAHBCA010000068.1	79503	80736
y1_HG00438.2#256	y1_HG00438.2	HG00438#2#JAHBCA010000012.1	37193898	37194002
y1_HG00438.2#257	y1_HG00438.2	HG00438#2#JAHBCA010000060.1	6183646	6204330
y1_HG00438.2#258	y1_HG00438.2	HG00438#2#JAHBCA010000003.1	78418289	78425362
y1_HG00438.2#259	y1_HG00438.2	HG00438#2#JAHBCA010000126.1	3256615	3258193
y1_HG00438.2#260	y1_HG00438.2	HG00438#2#JAHBCA010000002.1	77357509	77394535
y1_HG00438.2#261	y1_HG00438.2	HG00438#2#JAHBCA010000042.1	19931065	19938654
y1_HG00438.2#262	y1_HG00438.2	HG00438#2#JAHBCA010000063.1	18811999	18829499
y1_HG00438.2#263	y1_HG00438.2	HG00438#2#JAHBCA010000025.1	28572373	28572375
y1_HG00438.2#264	y1_HG00438.2	HG00438#2#JAHBCA010000005.1	57655266	57655269
y1_HG00438.2#265	y1_HG00438.2	HG00438#2#JAHBCA010000035.1	68281448	68281457
y1_HG00438.2#266	y1_HG00438.2	HG00438#2#JAHBCA010000053.1	32877333	32877392
y1_HG00438.2#267	y1_HG00438.2	HG00438#2#JAHBCA010000107.1	402158	402164
y1_HG00438.2#268	y1_HG00438.2	HG00438#2#JAHBCA010000025.1	10151384	10176096
y1_HG00438.2#269	y1_HG00438.2	HG00438#2#JAHBCA010000010.1	19068907	19069392
y1_HG00438.2#270	y1_HG00438.2	HG00438#2#JAHBCA010000005.1	19784073	20448934
y1_HG00438.2#271	y1_HG00438.2	HG00438#2#JAHBCA010000055.1	39798606	40425432
y1_HG00438.2#272	y1_HG00438.2	HG00438#2#JAHBCA010000097.1	758223	821709
y1_HG00438.2#273	y1_HG00438.2	HG00438#2#JAHBCA010000042.1	37846044	37849550
y1_HG00438.2#274	y1_HG00438.2	HG00438#2#JAHBCA010000020.1	49641371	49641374
y1_HG00438.2#275	y1_HG00438.2	HG00438#2#JAHBCA010000088.1	2991037	3066709
y1_HG00438.2#276	y1_HG00438.2	HG00438#2#JAHBCA010000057.1	14550558	14672133
y1_HG00438.2#277	y1_HG00438.2	HG00438#2#JAHBCA010000004.1	35743305	35749879
y1_HG00438.2#278	y1_HG00438.2	HG00438#2#JAHBCA010000011.1	41902240	41904376
y1_HG00438.2#279	y1_HG00438.2	HG00438#2#JAHBCA010000016.1	1711145	1711187
y1_HG00438.2#280	y1_HG00438.2	HG00438#2#JAHBCA010000071.1	18225032	18523218
y1_HG00438.2#281	y1_HG00438.2	HG00438#2#JAHBCA010000071.1	11380080	11380095
y1_HG00438.2#282	y1_HG00438.2	HG00438#2#JAHBCA010000052.1	43036955	43166279
y1_HG00438.2#283	y1_HG00438.2	HG00438#2#JAHBCA010000080.1	3505801	3505811
y1_HG00438.2#284	y1_HG00438.2	HG00438#2#JAHBCA010000066.1	6103586	6103590
y1_HG00438.2#285	y1_HG00438.2	HG00438#2#JAHBCA010000011.1	80484552	80509728
y1_HG00438.2#286	y1_HG00438.2	HG00438#2#JAHBCA010000011.1	411361	414515
y1_HG00438.2#287	y1_HG00438.2	HG00438#2#JAHBCA010000014.1	20108965	20109134
y1_HG00438.2#288	y1_HG00438.2	HG00438#2#JAHBCA010000046.1	44177918	44196651
y1_HG00438.2#289	y1_HG00438.2	HG00438#2#JAHBCA010000011.1	8146956	8148450
y1_HG00438.2#290	y1_HG00438.2	HG00438#2#JAHBCA010000008.1	43488796	43488820
y1_HG00438.2#291	y1_HG00438.2	HG00438#2#JAHBCA010000073.1	13071353	13071381
y1_HG00438.2#292	y1_HG00438.2	HG00438#2#JAHBCA010000023.1	4909155	4916723
y1_HG00438.2#293	y1_HG00438.2	HG00438#2#JAHBCA010000018.1	34128147	34128491
y1_HG00438.2#294	y1_HG00438.2	HG00438#2#JAHBCA010000032.1	47667108	47667113
y1_HG00438.2#295	y1_HG00438.2	HG00438#2#JAHBCA010000003.1	38777947	38803896
y1_HG00438.2#296	y1_HG00438.2	HG00438#2#JAHBCA010000004.1	57725587	57725654
y1_HG00438.2#297	y1_HG00438.2	HG00438#2#JAHBCA010000008.1	32469855	32574165
y1_HG00438.2#298	y1_HG00438.2	HG00438#2#JAHBCA010000003.1	68910493	68910495
y1_HG00438.2#299	y1_HG00438.2	HG00438#2#JAHBCA010000057.1	31260931	31263747
y1_HG00438.2#300	y1_HG00438.2	HG00438#2#JAHBCA010000023.1	41143207	41150755
y1_HG00438.2#301	y1_HG00438.2	HG00438#2#JAHBCA010000002.1	113047280	113047284
y1_HG00438.2#302	y1_HG00438.2	HG00438#2#JAHBCA010000008.1	98711829	98822262
y1_HG00438.2#303	y1_HG00438.2	HG00438#2#JAHBCA010000025.1	15915476	15940462
y1_HG00438.2#304	y1_HG00438.2	HG00438#2#JAHBCA010000010.1	45421950	45422385
y1_HG00438.2#305	y1_HG00438.2	HG00438#2#JAHBCA010000011.1	4861407	5102254
y1_HG00438.2#306	y1_HG00438.2	HG00438#2#JAHBCA010000004.1	11349574	11349588
y1_HG00438.2#307	y1_HG00438.2	HG00438#2#JAHBCA010000016.1	49845338	49852754
y1_HG00438.2#308	y1_HG00438.2	HG00438#2#JAHBCA010000011.1	75309078	75309080
y1_HG00438.2#309	y1_HG00438.2	HG00438#2#JAHBCA010000004.1	3469003	3622060
y1_HG00438.2#310	y1_HG00438.2	HG00438#2#JAHBCA010000103.1	10375826	10382373
y1_HG00438.2#311	y1_HG00438.2	HG00438#2#JAHBCA010000017.1	30445407	30445464
y1_HG00438.2#312	y1_HG00438.2	HG00438#2#JAHBCA010000040.1	18049542	18049544
y1_HG00438.2#313	y1_HG00438.2	HG00438#2#JAHBCA010000053.1	31071983	31076080
y1_HG00438.2#314	y1_HG00438.2	HG00438#2#JAHBCA010000032.1	19119354	19119435
y1_HG00438.2#315	y1_HG00438.2	HG00438#2#JAHBCA010000010.1	24500772	24501180
y1_HG00438.2#316	y1_HG00438.2	HG00438#2#JAHBCA010000011.1	5743711	5757723
y1_HG00438.2#317	y1_HG00438.2	HG00438#2#JAHBCA010000040.1	48407960	48408008
y1_HG00438.2#318	y1_HG00438.2	HG00438#2#JAHBCA010000016.1	6602750	6602752
y1_HG00438.2#319	y1_HG00438.2	HG00438#2#JAHBCA010000019.1	35016560	35016604
y1_HG00438.2#320	y1_HG00438.2	HG00438#2#JAHBCA010000012.1	28071406	28617534
y1_HG00438.2#321	y1_HG00438.2	HG00438#2#JAHBCA010000045.1	318988	319098
y1_HG00438.2#322	y1_HG00438.2	HG00438#2#JAHBCA010000043.1	35600892	35600899
y1_HG00438.2#323	y1_HG00438.2	HG00438#2#JAHBCA010000046.1	48312212	48313264
y1_HG00438.2#324	y1_HG00438.2	HG00438#2#JAHBCA010000089.1	25319534	25321127
y1_HG00438.2#325	y1_HG00438.2	HG00438#2#JAHBCA010000005.1	57259100	58258858
y1_HG00438.2#326	y1_HG00438.2	HG00438#2#JAHBCA010000044.1	9003538	9004884
y1_HG00438.2#327	y1_HG00438.2	HG00438#2#JAHBCA010000057.1	34171176	34176992
y1_HG00438.2#328	y1_HG00438.2	HG00438#2#JAHBCA010000005.1	77132073	77454865
y1_HG00438.2#329	y1_HG00438.2	HG00438#2#JAHBCA010000046.1	42728740	42768233
y1_HG00438.2#330	y1_HG00438.2	HG00438#2#JAHBCA010000043.1	54222452	54222454
y1_HG00438.2#331	y1_HG00438.2	HG00438#2#JAHBCA010000046.1	158432	158456
y1_HG00438.2#332	y1_HG00438.2	HG00438#2#JAHBCA010000016.1	24887669	24887685
y1_HG00438.2#333	y1_HG00438.2	HG00438#2#JAHBCA010000037.1	18067138	18072848
y1_HG00438.2#334	y1_HG00438.2	HG00438#2#JAHBCA010000001.1	44264932	44264984
y1_HG00438.2#335	y1_HG00438.2	HG00438#2#JAHBCA010000004.1	19866498	20634636
y1_HG00438.2#336	y1_HG00438.2	HG00438#2#JAHBCA010000053.1	9260564	9260626
y1_HG00438.2#337	y1_HG00438.2	HG00438#2#JAHBCA010000005.1	67951124	67951208
y1_HG00438.2#338	y1_HG00438.2	HG00438#2#JAHBCA010000094.1	13029347	13029350
y1_HG00438.2#339	y1_HG00438.2	HG00438#2#JAHBCA010000019.1	30488736	30495480
y1_HG00438.2#340	y1_HG00438.2	HG00438#2#JAHBCA010000119.1	1167735	1168221
y1_HG00438.2#341	y1_HG00438.2	HG00438#2#JAHBCA010000001.1	18029146	18029208
y1_HG00438.2#342	y1_HG00438.2	HG00438#2#JAHBCA010000042.1	24269471	24269695
y1_HG00438.2#343	y1_HG00438.2	HG00438#2#JAHBCA010000043.1	9143296	9180147
y1_HG00438.2#344	y1_HG00438.2	HG00438#2#JAHBCA010000002.1	69307484	69307673
y1_HG00438.2#345	y1_HG00438.2	HG00438#2#JAHBCA010000055.1	9561529	9561536
y1_HG00438.2#346	y1_HG00438.2	HG00438#2#JAHBCA010000099.1	715779	1134711
y1_HG00438.2#347	y1_HG00438.2	HG00438#2#JAHBCA010000102.1	514385	784298
y1_HG00438.2#348	y1_HG00438.2	HG00438#2#JAHBCA010000054.1	1144529	1144767
y1_HG00438.2#349	y1_HG00438.2	HG00438#2#JAHBCA010000035.1	80963558	81497397
y1_HG00438.2#350	y1_HG00438.2	HG00438#2#JAHBCA010000089.1	13005489	13006181
y1_HG00438.2#351	y1_HG00438.2	HG00438#2#JAHBCA010000026.1	849544	1281183
y1_HG00438.2#352	y1_HG00438.2	HG00438#2#JAHBCA010000031.1	7133937	7134171
y1_HG00438.2#353	y1_HG00438.2	HG00438#2#JAHBCA010000050.1	7874196	7874224
y1_HG00438.2#354	y1_HG00438.2	HG00438#2#JAHBCA010000019.1	37350972	37352164
y1_HG00438.2#355	y1_HG00438.2	HG00438#2#JAHBCA010000146.1	1212529	1212553
y1_HG00438.2#356	y1_HG00438.2	HG00438#2#JAHBCA010000040.1	28026843	28046779
y1_HG00438.2#357	y1_HG00438.2	HG00438#2#JAHBCA010000019.1	15752902	15752961
y1_HG00438.2#358	y1_HG00438.2	HG00438#2#JAHBCA010000031.1	15031571	15032064
y1_HG00438.2#359	y1_HG00438.2	HG00438#2#JAHBCA010000010.1	64129892	64168078
y1_HG00438.2#360	y1_HG00438.2	HG00438#2#JAHBCA010000032.1	41139985	41141328
y1_HG00438.2#361	y1_HG00438.2	HG00438#2#JAHBCA010000002.1	54995216	54995218
y1_HG00438.2#362	y1_HG00438.2	HG00438#2#JAHBCA010000032.1	42435851	42435856
y1_HG00438.2#363	y1_HG00438.2	HG00438#2#JAHBCA010000014.1	6058110	6460926
y1_HG00438.2#364	y1_HG00438.2	HG00438#2#JAHBCA010000033.1	47853918	47854022
y1_HG00438.2#365	y1_HG00438.2	HG00438#2#JAHBCA010000017.1	16872035	16881998
y1_HG00438.2#366	y1_HG00438.2	HG00438#2#JAHBCA010000010.1	64931125	64931127
y1_HG00438.2#367	y1_HG00438.2	HG00438#2#JAHBCA010000043.1	39639215	39652022
y1_HG00438.2#368	y1_HG00438.2	HG00438#2#JAHBCA010000042.1	51016553	51016632
y1_HG00438.2#369	y1_HG00438.2	HG00438#2#JAHBCA010000037.1	28526866	28627688
y1_HG00438.2#370	y1_HG00438.2	HG00438#2#JAHBCA010000022.1	16440541	16969193
y1_HG00438.2#371	y1_HG00438.2	HG00438#2#JAHBCA010000042.1	11643564	11643598
y1_HG00438.2#372	y1_HG00438.2	HG00438#2#JAHBCA010000053.1	2833657	2833884
y1_HG00438.2#373	y1_HG00438.2	HG00438#2#JAHBCA010000010.1	11959517	11961612
y1_HG00438.2#374	y1_HG00438.2	HG00438#2#JAHBCA010000003.1	77896786	77896788
y1_HG00438.2#375	y1_HG00438.2	HG00438#2#JAHBCA010000086.1	7096388	7096551
y1_HG00438.2#376	y1_HG00438.2	HG00438#2#JAHBCA010000040.1	8561452	8579271
y1_HG00438.2#377	y1_HG00438.2	HG00438#2#JAHBCA010000067.1	3358584	3358774
y1_HG00438.2#378	y1_HG00438.2	HG00438#2#JAHBCA010000046.1	80853480	80860579
y1_HG00438.2#379	y1_HG00438.2	HG00438#2#JAHBCA010000020.1	12276709	12276820
y1_HG00438.2#380	y1_HG00438.2	HG00438#2#JAHBCA010000059.1	5453527	5453630
y1_HG00438.2#381	y1_HG00438.2	HG00438#2#JAHBCA010000012.1	4211166	4211168
y1_HG00438.2#382	y1_HG00438.2	HG00438#2#JAHBCA010000016.1	29431711	29431721
y1_HG00438.2#383	y1_HG00438.2	HG00438#2#JAHBCA010000052.1	42180480	42216419
y1_HG00438.2#384	y1_HG00438.2	HG00438#2#JAHBCA010000003.1	84867377	84918869
y1_HG00438.2#385	y1_HG00438.2	HG00438#2#JAHBCA010000025.1	8110615	8110651
y1_HG00438.2#386	y1_HG00438.2	HG00438#2#JAHBCA010000071.1	11128085	11405792
y1_HG00438.2#387	y1_HG00438.2	HG00438#2#JAHBCA010000113.1	2524104	2524190
y1_HG00438.2#388	y1_HG00438.2	HG00438#2#JAHBCA010000023.1	26351988	26636597
y1_HG00438.2#389	y1_HG00438.2	HG00438#2#JAHBCA010000010.1	54543797	54547741
y1_HG00438.2#390	y1_HG00438.2	HG00438#2#JAHBCA010000019.1	27120052	27125071
y1_HG00438.2#391	y1_HG00438.2	HG00438#2#JAHBCA010000033.1	50451832	50452331
y1_HG00438.2#392	y1_HG00438.2	HG00438#2#JAHBCA010000020.1	9064737	9067294
y1_HG00438.2#393	y1_HG00438.2	HG00438#2#JAHBCA010000055.1	14840725	14840727
y1_HG00438.2#394	y1_HG00438.2	HG00438#2#JAHBCA010000002.1	38506958	38507118
y1_HG00438.2#395	y1_HG00438.2	HG00438#2#JAHBCA010000020.1	59214623	59239527
y1_HG00438.2#396	y1_HG00438.2	HG00438#2#JAHBCA010000036.1	17796404	17937399
y1_HG00438.2#397	y1_HG00438.2	HG00438#2#JAHBCA010000016.1	30770326	30770358
y1_HG00438.2#398	y1_HG00438.2	HG00438#2#JAHBCA010000154.1	410774	421908
y1_HG00438.2#399	y1_HG00438.2	HG00438#2#JAHBCA010000041.1	13470837	13470857
y1_HG00438.2#400	y1_HG00438.2	HG00438#2#JAHBCA010000078.1	1248266	1279616
y1_HG00438.2#401	y1_HG00438.2	HG00438#2#JAHBCA010000012.1	23269884	23497041
y1_HG00438.2#402	y1_HG00438.2	HG00438#2#JAHBCA010000087.1	3328495	3333860
y1_HG00438.2#403	y1_HG00438.2	HG00438#2#JAHBCA010000003.1	67837894	67838323
y1_HG00438.2#404	y1_HG00438.2	HG00438#2#JAHBCA010000035.1	54558277	54628018
y1_HG00438.2#405	y1_HG00438.2	HG00438#2#JAHBCA010000012.1	48695944	48696156
y1_HG00438.2#406	y1_HG00438.2	HG00438#2#JAHBCA010000054.1	2654452	2697974
y1_HG00438.2#407	y1_HG00438.2	HG00438#2#JAHBCA010000086.1	12172478	12181718
y1_HG00438.2#408	y1_HG00438.2	HG00438#2#JAHBCA010000036.1	41988391	41991553
y1_HG00438.2#409	y1_HG00438.2	HG00438#2#JAHBCA010000032.1	43538959	43538964
y1_HG00438.2#410	y1_HG00438.2	HG00438#2#JAHBCA010000015.1	30950086	30950498
y1_HG00438.2#411	y1_HG00438.2	HG00438#2#JAHBCA010000002.1	98359486	98359492
y1_HG00438.2#412	y1_HG00438.2	HG00438#2#JAHBCA010000002.1	7886542	7936230
y1_HG00438.2#413	y1_HG00438.2	HG00438#2#JAHBCA010000043.1	55247210	55247284
y1_HG00438.2#414	y1_HG00438.2	HG00438#2#JAHBCA010000002.1	36317002	36319212
y1_HG00438.2#415	y1_HG00438.2	HG00438#2#JAHBCA010000042.1	41723055	41735033
y1_HG00438.2#416	y1_HG00438.2	HG00438#2#JAHBCA010000004.1	47326802	47328198
y1_HG00438.2#417	y1_HG00438.2	HG00438#2#JAHBCA010000077.1	4051492	4051639
y1_HG00438.2#418	y1_HG00438.2	HG00438#2#JAHBCA010000011.1	41381977	41383307
y1_HG00438.2#419	y1_HG00438.2	HG00438#2#JAHBCA010000002.1	128202200	128802814
y1_HG00438.2#420	y1_HG00438.2	HG00438#2#JAHBCA010000011.1	5623466	5624549
y1_HG00438.2#421	y1_HG00438.2	HG00438#2#JAHBCA010000052.1	16545604	16706621
y1_HG00438.2#422	y1_HG00438.2	HG00438#2#JAHBCA010000008.1	51543563	51543569
y1_HG00438.2#423	y1_HG00438.2	HG00438#2#JAHBCA010000011.1	81057843	81058099
y1_HG00438.2#424	y1_HG00438.2	HG00438#2#JAHBCA010000042.1	47351626	48067341
y1_HG00438.2#425	y1_HG00438.2	HG00438#2#JAHBCA010000032.1	6117242	6117251
y1_HG00438.2#426	y1_HG00438.2	HG00438#2#JAHBCA010000046.1	41380742	41443228
y1_HG00438.2#427	y1_HG00438.2	HG00438#2#JAHBCA010000019.1	12540835	12551733
y1_HG00438.2#428	y1_HG00438.2	HG00438#2#JAHBCA010000010.1	347316	357445
y1_HG00438.2#429	y1_HG00438.2	HG00438#2#JAHBCA010000050.1	4551128	4551132
y1_HG00438.2#430	y1_HG00438.2	HG00438#2#JAHBCA010000016.1	28203183	28204292
y1_HG00438.2#431	y1_HG00438.2	HG00438#2#JAHBCA010000080.1	1125017	1177923
y1_HG00438.2#432	y1_HG00438.2	HG00438#2#JAHBCA010000058.1	6134607	6640638
y1_HG00438.2#433	y1_HG00438.2	HG00438#2#JAHBCA010000042.1	10433969	11436825
y1_HG00438.2#434	y1_HG00438.2	HG00438#2#JAHBCA010000106.1	385764	385767
y1_HG00438.2#435	y1_HG00438.2	HG00438#2#JAHBCA010000086.1	10934118	10934258
y1_HG00438.2#436	y1_HG00438.2	HG00438#2#JAHBCA010000012.1	48275754	48314982
y1_HG00438.2#437	y1_HG00438.2	HG00438#2#JAHBCA010000006.1	16704400	16788386
y1_HG00438.2#438	y1_HG00438.2	HG00438#2#JAHBCA010000035.1	60527191	60527453
y1_HG00438.2#439	y1_HG00438.2	HG00438#2#JAHBCA010000042.1	12308397	12697253
y1_HG00438.2#440	y1_HG00438.2	HG00438#2#JAHBCA010000104.1	96280	127615
y1_HG00438.2#441	y1_HG00438.2	HG00438#2#JAHBCA010000167.1	113326	113707
y1_HG00438.2#442	y1_HG00438.2	HG00438#2#JAHBCA010000043.1	18581133	18581666
y1_HG00438.2#443	y1_HG00438.2	HG00438#2#JAHBCA010000008.1	1509734	1518841
y1_HG00438.2#444	y1_HG00438.2	HG00438#2#JAHBCA010000005.1	16920405	16920954
y1_HG00438.2#445	y1_HG00438.2	HG00438#2#JAHBCA010000041.1	10561949	10561958
y1_HG00438.2#446	y1_HG00438.2	HG00438#2#JAHBCA010000035.1	57515892	57515904
y1_HG00438.2#447	y1_HG00438.2	HG00438#2#JAHBCA010000036.1	19691490	19691492
y1_HG00438.2#448	y1_HG00438.2	HG00438#2#JAHBCA010000033.1	13748239	13748542
y1_HG00438.2#449	y1_HG00438.2	HG00438#2#JAHBCA010000003.1	5556131	5556133
y1_HG00438.2#450	y1_HG00438.2	HG00438#2#JAHBCA010000042.1	23662397	23664628
y1_HG00438.2#451	y1_HG00438.2	HG00438#2#JAHBCA010000086.1	8480826	8481562
y1_HG00438.2#452	y1_HG00438.2	HG00438#2#JAHBCA010000003.1	43532789	43538247
y1_HG00438.2#453	y1_HG00438.2	HG00438#2#JAHBCA010000011.1	8857112	8857144
y1_HG00438.2#454	y1_HG00438.2	HG00438#2#JAHBCA010000055.1	6252911	6253194
y1_HG00438.2#455	y1_HG00438.2	HG00438#2#JAHBCA010000042.1	19894433	20215431
y1_HG00438.2#456	y1_HG00438.2	HG00438#2#JAHBCA010000040.1	7350967	7659964
y1_HG00438.2#457	y1_HG00438.2	HG00438#2#JAHBCA010000063.1	19458214	19460098
y1_HG00438.2#458	y1_HG00438.2	HG00438#2#JAHBCA010000042.1	53344692	53344917
y1_HG00438.2#459	y1_HG00438.2	HG00438#2#JAHBCA010000011.1	17067192	17067370
y1_HG00438.2#460	y1_HG00438.2	HG00438#2#JAHBCA010000004.1	50415810	50420129
y1_HG00438.2#461	y1_HG00438.2	HG00438#2#JAHBCA010000010.1	99345758	99345760
y1_HG00438.2#462	y1_HG00438.2	HG00438#2#JAHBCA010000057.1	21069176	21482685
y1_HG00438.2#463	y1_HG00438.2	HG00438#2#JAHBCA010000048.1	14470852	14471179
y1_HG00438.2#464	y1_HG00438.2	HG00438#2#JAHBCA010000008.1	91647891	91948861
y1_HG00438.2#465	y1_HG00438.2	HG00438#2#JAHBCA010000056.1	4476879	4476883
y1_HG00438.2#466	y1_HG00438.2	HG00438#2#JAHBCA010000028.1	685332	689275
y1_HG00438.2#467	y1_HG00438.2	HG00438#2#JAHBCA010000022.1	17459865	17459972
y1_HG00438.2#468	y1_HG00438.2	HG00438#2#JAHBCA010000053.1	6999825	7401262
y1_HG00438.2#469	y1_HG00438.2	HG00438#2#JAHBCA010000002.1	99925592	99946122
y1_HG00438.2#470	y1_HG00438.2	HG00438#2#JAHBCA010000008.1	89009079	89194299
y1_HG00438.2#471	y1_HG00438.2	HG00438#2#JAHBCA010000005.1	92509358	92509653
y1_HG00438.2#472	y1_HG00438.2	HG00438#2#JAHBCA010000089.1	16053873	16056462
y1_HG00438.2#473	y1_HG00438.2	HG00438#2#JAHBCA010000088.1	4712705	4718634
y1_HG00438.2#474	y1_HG00438.2	HG00438#2#JAHBCA010000005.1	37653866	37656500
y1_HG00438.2#475	y1_HG00438.2	HG00438#2#JAHBCA010000008.1	71338498	71547027
y1_HG00438.2#476	y1_HG00438.2	HG00438#2#JAHBCA010000035.1	60690644	60695728
y1_HG00438.2#477	y1_HG00438.2	HG00438#2#JAHBCA010000011.1	19740064	19788650
y1_HG00438.2#478	y1_HG00438.2	HG00438#2#JAHBCA010000010.1	94895004	94895025
y1_HG00438.2#479	y1_HG00438.2	HG00438#2#JAHBCA010000016.1	39265402	39266775
y1_HG00438.2#480	y1_HG00438.2	HG00438#2#JAHBCA010000052.1	54580518	54586957
y1_HG00438.2#481	y1_HG00438.2	HG00438#2#JAHBCA010000003.1	64335971	64336487
y1_HG00438.2#482	y1_HG00438.2	HG00438#2#JAHBCA010000036.1	37073079	37207075
y1_HG00438.2#483	y1_HG00438.2	HG00438#2#JAHBCA010000045.1	5093129	5108512
y1_HG00438.2#484	y1_HG00438.2	HG00438#2#JAHBCA010000038.1	3800401	3800404
y1_HG00438.2#485	y1_HG00438.2	HG00438#2#JAHBCA010000005.1	76278374	76281000
y1_HG00438.2#486	y1_HG00438.2	HG00438#2#JAHBCA010000044.1	22320958	22355365
y1_HG00438.2#487	y1_HG00438.2	HG00438#2#JAHBCA010000019.1	28522036	28522445
y1_HG00438.2#488	y1_HG00438.2	HG00438#2#JAHBCA010000002.1	111498966	111499109
y1_HG00438.2#489	y1_HG00438.2	HG00438#2#JAHBCA010000046.1	27465509	27661471
y1_HG00438.2#490	y1_HG00438.2	HG00438#2#JAHBCA010000032.1	15730206	15994898
y1_HG00438.2#491	y1_HG00438.2	HG00438#2#JAHBCA010000021.1	10555304	10555306
y1_HG00438.2#492	y1_HG00438.2	HG00438#2#JAHBCA010000005.1	55444138	55444416
y1_HG00438.2#493	y1_HG00438.2	HG00438#2#JAHBCA010000011.1	46319003	46321534
y1_HG00438.2#494	y1_HG00438.2	HG00438#2#JAHBCA010000033.1	1638071	1638086
y1_HG00438.2#495	y1_HG00438.2	HG00438#2#JAHBCA010000055.1	14923247	14927017
y1_HG00438.2#496	y1_HG00438.2	HG00438#2#JAHBCA010000004.1	63000195	63000329
y1_HG00438.2#497	y1_HG00438.2	HG00438#2#JAHBCA010000020.1	28435288	28507640
y1_HG00438.2#498	y1_HG00438.2	HG00438#2#JAHBCA010000003.1	20680429	20722687
y1_HG00438.2#499	y1_HG00438.2	HG00438#2#JAHBCA010000076.1	11612721	11613166
y1_HG00438.2#500	y1_HG00438.2	HG00438#2#JAHBCA010000073.1	18770346	18770358
y1_HG00438.2#501	y1_HG00438.2	HG00438#2#JAHBCA010000032.1	22429487	22429526
y1_HG00438.2#502	y1_HG00438.2	HG00438#2#JAHBCA010000042.1	36034968	36040219
y1_HG00438.2#503	y1_HG00438.2	HG00438#2#JAHBCA010000025.1	29000475	29000641
y1_HG00438.2#504	y1_HG00438.2	HG00438#2#JAHBCA010000022.1	37574409	37631730
y1_HG00438.2#505	y1_HG00438.2	HG00438#2#JAHBCA010000004.1	50939831	50939915
y1_HG00438.2#506	y1_HG00438.2	HG00438#2#JAHBCA010000031.1	8520713	8520800
y1_HG00438.2#507	y1_HG00438.2	HG00438#2#JAHBCA010000011.1	13324350	13324435
y1_HG00438.2#508	y1_HG00438.2	HG00438#2#JAHBCA010000084.1	11214416	11214655
y1_HG00438.2#509	y1_HG00438.2	HG00438#2#JAHBCA010000011.1	55628364	55661389
y1_HG00438.2#510	y1_HG00438.2	HG00438#2#JAHBCA010000063.1	1718867	1718871
y1_HG00438.2#511	y1_HG00438.2	HG00438#2#JAHBCA010000043.1	60446863	60447872
y1_HG00438.2#512	y1_HG00438.2	HG00438#2#JAHBCA010000004.1	17612622	17619387
y1_HG00438.2#513	y1_HG00438.2	HG00438#2#JAHBCA010000005.1	79908809	79908813
y1_HG00438.2#514	y1_HG00438.2	HG00438#2#JAHBCA010000057.1	12011852	12011856
y1_HG00438.2#515	y1_HG00438.2	HG00438#2#JAHBCA010000002.1	42034555	42055725
y1_HG00438.2#516	y1_HG00438.2	HG00438#2#JAHBCA010000003.1	40253578	40435223
y1_HG00438.2#517	y1_HG00438.2	HG00438#2#JAHBCA010000049.1	7115083	7116106
y1_HG00438.2#518	y1_HG00438.2	HG00438#2#JAHBCA010000024.1	17972629	17972688
y1_HG00438.2#519	y1_HG00438.2	HG00438#2#JAHBCA010000052.1	1584426	1591977
y1_HG00438.2#520	y1_HG00438.2	HG00438#2#JAHBCA010000019.1	43538408	43553613
y1_HG00438.2#521	y1_HG00438.2	HG00438#2#JAHBCA010000014.1	30167118	30395141
y1_HG00438.2#522	y1_HG00438.2	HG00438#2#JAHBCA010000046.1	24416580	24743862
y1_HG00438.2#523	y1_HG00438.2	HG00438#2#JAHBCA010000066.1	7910759	7935956
y1_HG00438.2#524	y1_HG00438.2	HG00438#2#JAHBCA010000075.1	236621	254106
y1_HG00438.2#525	y1_HG00438.2	HG00438#2#JAHBCA010000011.1	55030419	55030440
y1_HG00438.2#526	y1_HG00438.2	HG00438#2#JAHBCA010000052.1	13724425	13724433
y1_HG00438.2#527	y1_HG00438.2	HG00438#2#JAHBCA010000063.1	12797455	12797463
y1_HG00438.2#528	y1_HG00438.2	HG00438#2#JAHBCA010000035.1	85552731	85552742
y1_HG00438.2#529	y1_HG00438.2	HG00438#2#JAHBCA010000046.1	73641050	73641820
y1_HG00438.2#530	y1_HG00438.2	HG00438#2#JAHBCA010000033.1	56595129	56683707
y1_HG00438.2#531	y1_HG00438.2	HG00438#2#JAHBCA010000052.1	53863765	53870792
y1_HG00438.2#532	y1_HG00438.2	HG00438#2#JAHBCA010000053.1	41446382	41446521
y1_HG00438.2#533	y1_HG00438.2	HG00438#2#JAHBCA010000002.1	105824676	105824682
y1_HG00438.2#534	y1_HG00438.2	HG00438#2#JAHBCA010000046.1	33762606	34046476
y1_HG00438.2#535	y1_HG00438.2	HG00438#2#JAHBCA010000033.1	36857109	36932048
y1_HG00438.2#536	y1_HG00438.2	HG00438#2#JAHBCA010000020.1	56535412	56535591
y1_HG00438.2#537	y1_HG00438.2	HG00438#2#JAHBCA010000003.1	55799410	55799413
y1_HG00438.2#538	y1_HG00438.2	HG00438#2#JAHBCA010000043.1	59908251	59908257
y1_HG00438.2#539	y1_HG00438.2	HG00438#2#JAHBCA010000023.1	21876759	21881277
y1_HG00438.2#540	y1_HG00438.2	HG00438#2#JAHBCA010000012.1	8081548	8082285
y1_HG00438.2#541	y1_HG00438.2	HG00438#2#JAHBCA010000003.1	79094872	79814965
y1_HG00438.2#542	y1_HG00438.2	HG00438#2#JAHBCA010000008.1	39451717	39664082
y1_HG00438.2#543	y1_HG00438.2	HG00438#2#JAHBCA010000011.1	2014568	2014600
y1_HG00438.2#544	y1_HG00438.2	HG00438#2#JAHBCA010000028.1	7129123	7287742
y1_HG00438.2#545	y1_HG00438.2	HG00438#2#JAHBCA010000055.1	38117674	38129069
y1_HG00438.2#546	y1_HG00438.2	HG00438#2#JAHBCA010000047.1	2604260	2663299
y1_HG00438.2#547	y1_HG00438.2	HG00438#2#JAHBCA010000050.1	29560365	29642371
y1_HG00438.2#548	y1_HG00438.2	HG00438#2#JAHBCA010000022.1	23583974	23584660
y1_HG00438.2#549	y1_HG00438.2	HG00438#2#JAHBCA010000028.1	4108576	4108582
y1_HG00438.2#550	y1_HG00438.2	HG00438#2#JAHBCA010000079.1	176330	176666
y1_HG00438.2#551	y1_HG00438.2	HG00438#2#JAHBCA010000055.1	35034888	35038366
y1_HG00438.2#552	y1_HG00438.2	HG00438#2#JAHBCA010000002.1	118338963	118342255
y1_HG00438.2#553	y1_HG00438.2	HG00438#2#JAHBCA010000043.1	24479507	24480039
y1_HG00438.2#554	y1_HG00438.2	HG00438#2#JAHBCA010000005.1	44610930	44642504
y1_HG00438.2#555	y1_HG00438.2	HG00438#2#JAHBCA010000045.1	24295973	24296042
y1_HG00438.2#556	y1_HG00438.2	HG00438#2#JAHBCA010000017.1	28666431	28666465
y1_HG00438.2#557	y1_HG00438.2	HG00438#2#JAHBCA010000072.1	10905828	10906344
y1_HG00438.2#558	y1_HG00438.2	HG00438#2#JAHBCA010000019.1	42118196	42118280
y1_HG00438.2#559	y1_HG00438.2	HG00438#2#JAHBCA010000019.1	27062918	27065687
y1_HG00438.2#560	y1_HG00438.2	HG00438#2#JAHBCA010000043.1	30405081	30433030
y1_HG00438.2#561	y1_HG00438.2	HG00438#2#JAHBCA010000012.1	36668545	36676849
y1_HG00438.2#562	y1_HG00438.2	HG00438#2#JAHBCA010000012.1	61995925	61995951
y1_HG00438.2#563	y1_HG00438.2	HG00438#2#JAHBCA010000028.1	5995327	5995330
y1_HG00438.2#564	y1_HG00438.2	HG00438#2#JAHBCA010000050.1	15956309	15956311
y1_HG00438.2#565	y1_HG00438.2	HG00438#2#JAHBCA010000005.1	99319077	99598624
y1_HG00438.2#566	y1_HG00438.2	HG00438#2#JAHBCA010000008.1	45479529	45479691
y1_HG00438.2#567	y1_HG00438.2	HG00438#2#JAHBCA010000042.1	55869384	55869527
y1_HG00438.2#568	y1_HG00438.2	HG00438#2#JAHBCA010000032.1	14511004	14511324
y1_HG00438.2#569	y1_HG00438.2	HG00438#2#JAHBCA010000084.1	3268764	3274628
y1_HG00438.2#570	y1_HG00438.2	HG00438#2#JAHBCA010000003.1	61248498	61248559
y1_HG00438.2#571	y1_HG00438.2	HG00438#2#JAHBCA010000024.1	36999283	37003944
y1_HG00438.2#572	y1_HG00438.2	HG00438#2#JAHBCA010000015.1	16656043	16679937
y1_HG00438.2#573	y1_HG00438.2	HG00438#2#JAHBCA010000043.1	13678826	13679252
y1_HG00438.2#574	y1_HG00438.2	HG00438#2#JAHBCA010000016.1	69687758	70074665
y1_HG00438.2#575	y1_HG00438.2	HG00438#2#JAHBCA010000036.1	39420330	39420353
y1_HG00438.2#576	y1_HG00438.2	HG00438#2#JAHBCA010000067.1	1247097	1247105
y1_HG00438.2#577	y1_HG00438.2	HG00438#2#JAHBCA010000012.1	24345168	24345174
y1_HG00438.2#578	y1_HG00438.2	HG00438#2#JAHBCA010000025.1	24232378	24238523
y1_HG00438.2#579	y1_HG00438.2	HG00438#2#JAHBCA010000003.1	66455381	66455396
y1_HG00438.2#580	y1_HG00438.2	HG00438#2#JAHBCA010000025.1	14486395	14790524
y1_HG00438.2#581	y1_HG00438.2	HG00438#2#JAHBCA010000005.1	71936775	71939294
y1_HG00438.2#582	y1_HG00438.2	HG00438#2#JAHBCA010000008.1	86645378	87385055
y1_HG00438.2#583	y1_HG00438.2	HG00438#2#JAHBCA010000016.1	79821587	79821700
y1_HG00438.2#584	y1_HG00438.2	HG00438#2#JAHBCA010000046.1	14300250	14300328
y1_HG00438.2#585	y1_HG00438.2	HG00438#2#JAHBCA010000036.1	6323212	6323317
y1_HG00438.2#586	y1_HG00438.2	HG00438#2#JAHBCA010000024.1	3118289	3123832
y1_HG00438.2#587	y1_HG00438.2	HG00438#2#JAHBCA010000106.1	3838333	3838338
y1_HG00438.2#588	y1_HG00438.2	HG00438#2#JAHBCA010000001.1	12365630	12824782
y1_HG00438.2#589	y1_HG00438.2	HG00438#2#JAHBCA010000020.1	59504208	59892134
y1_HG00438.2#590	y1_HG00438.2	HG00438#2#JAHBCA010000053.1	34636636	34636656
y1_HG00438.2#591	y1_HG00438.2	HG00438#2#JAHBCA010000035.1	62442044	62442103
y1_HG00438.2#592	y1_HG00438.2	HG00438#2#JAHBCA010000052.1	16846862	17789236
y1_HG00438.2#593	y1_HG00438.2	HG00438#2#JAHBCA010000012.1	57536714	57537112
y1_HG00438.2#594	y1_HG00438.2	HG00438#2#JAHBCA010000052.1	41863161	41863172
y1_HG00438.2#595	y1_HG00438.2	HG00438#2#JAHBCA010000008.1	63337828	63337873
y1_HG00438.2#596	y1_HG00438.2	HG00438#2#JAHBCA010000005.1	88681125	88952791
y1_HG00438.2#597	y1_HG00438.2	HG00438#2#JAHBCA010000010.1	2888708	2893587
y1_HG00438.2#598	y1_HG00438.2	HG00438#2#JAHBCA010000018.1	21893898	21898653
y1_HG00438.2#599	y1_HG00438.2	HG00438#2#JAHBCA010000031.1	13474943	13491175
y1_HG00438.2#600	y1_HG00438.2	HG00438#2#JAHBCA010000033.1	16937004	16937437
y1_HG00438.2#601	y1_HG00438.2	HG00438#2#JAHBCA010000002.1	80453956	80454265
y1_HG00438.2#602	y1_HG00438.2	HG00438#2#JAHBCA010000036.1	40827961	40889414
y1_HG00438.2#603	y1_HG00438.2	HG00438#2#JAHBCA010000076.1	13091296	13092588
y1_HG00438.2#604	y1_HG00438.2	HG00438#2#JAHBCA010000010.1	100239919	100349532
y1_HG00438.2#605	y1_HG00438.2	HG00438#2#JAHBCA010000130.1	2265204	2339984
y1_HG00438.2#606	y1_HG00438.2	HG00438#2#JAHBCA010000004.1	41908176	41908198
y1_HG00438.2#607	y1_HG00438.2	HG00438#2#JAHBCA010000016.1	64940106	64940131
y1_HG00438.2#608	y1_HG00438.2	HG00438#2#JAHBCA010000012.1	26148358	26896013
y1_HG00438.2#609	y1_HG00438.2	HG00438#2#JAHBCA010000005.1	22687042	22698258
y1_HG00438.2#610	y1_HG00438.2	HG00438#2#JAHBCA010000036.1	21834927	21836262
y1_HG00438.2#611	y1_HG00438.2	HG00438#2#JAHBCA010000006.1	12493497	12505039
y1_HG00438.2#612	y1_HG00438.2	HG00438#2#JAHBCA010000035.1	27531006	27531269
y1_HG00438.2#613	y1_HG00438.2	HG00438#2#JAHBCA010000048.1	32292696	32292700
y1_HG00438.2#614	y1_HG00438.2	HG00438#2#JAHBCA010000015.1	2329556	2329610
y1_HG00438.2#615	y1_HG00438.2	HG00438#2#JAHBCA010000071.1	26636007	26663603
y1_HG00438.2#616	y1_HG00438.2	HG00438#2#JAHBCA010000001.1	23893437	23902561
y1_HG00438.2#617	y1_HG00438.2	HG00438#2#JAHBCA010000046.1	64449265	64449273
y1_HG00438.2#618	y1_HG00438.2	HG00438#2#JAHBCA010000053.1	37008874	37008931
y1_HG00438.2#619	y1_HG00438.2	HG00438#2#JAHBCA010000020.1	22261590	22271000
y1_HG00438.2#620	y1_HG00438.2	HG00438#2#JAHBCA010000002.1	102560664	102573499
y1_HG00438.2#621	y1_HG00438.2	HG00438#2#JAHBCA010000010.1	65783424	66229037
y1_HG00438.2#622	y1_HG00438.2	HG00438#2#JAHBCA010000088.1	8757028	8765834
y1_HG00438.2#623	y1_HG00438.2	HG00438#2#JAHBCA010000020.1	49903594	50253252
y1_HG00438.2#624	y1_HG00438.2	HG00438#2#JAHBCA010000008.1	26647145	26656973
y1_HG00438.2#625	y1_HG00438.2	HG00438#2#JAHBCA010000043.1	69690012	69690198
y1_HG00438.2#626	y1_HG00438.2	HG00438#2#JAHBCA010000040.1	34672883	34674835
y1_HG00438.2#627	y1_HG00438.2	HG00438#2#JAHBCA010000055.1	28920268	28999945
y1_HG00438.2#628	y1_HG00438.2	HG00438#2#JAHBCA010000052.1	20774861	20779660
y1_HG00438.2#629	y1_HG00438.2	HG00438#2#JAHBCA010000016.1	16647072	16647485
y1_HG00438.2#630	y1_HG00438.2	HG00438#2#JAHBCA010000115.1	500880	501288
y1_HG00438.2#631	y1_HG00438.2	HG00438#2#JAHBCA010000042.1	13927829	13927857
y1_HG00438.2#632	y1_HG00438.2	HG00438#2#JAHBCA010000010.1	53020343	53025443
y1_HG00438.2#633	y1_HG00438.2	HG00438#2#JAHBCA010000070.1	8542067	9300908
y1_HG00438.2#634	y1_HG00438.2	HG00438#2#JAHBCA010000026.1	17262823	17269196
y1_HG00438.2#635	y1_HG00438.2	HG00438#2#JAHBCA010000071.1	4688467	4740388
y1_HG00438.2#636	y1_HG00438.2	HG00438#2#JAHBCA010000054.1	10894331	10894460
y1_HG00438.2#637	y1_HG00438.2	HG00438#2#JAHBCA010000043.1	73384391	73384411
y1_HG00438.2#638	y1_HG00438.2	HG00438#2#JAHBCA010000052.1	19876589	19876625
y1_HG00438.2#639	y1_HG00438.2	HG00438#2#JAHBCA010000018.1	29471959	29522623
y1_HG00438.2#640	y1_HG00438.2	HG00438#2#JAHBCA010000004.1	15270901	15270934
y1_HG00438.2#641	y1_HG00438.2	HG00438#2#JAHBCA010000083.1	2910967	2910969
y1_HG00438.2#642	y1_HG00438.2	HG00438#2#JAHBCA010000035.1	71058367	71058369
y1_HG00438.2#643	y1_HG00438.2	HG00438#2#JAHBCA010000077.1	2095030	2097328
y1_HG00438.2#644	y1_HG00438.2	HG00438#2#JAHBCA010000020.1	6421887	6633740
y1_HG00438.2#645	y1_HG00438.2	HG00438#2#JAHBCA010000038.1	8568336	8568575
y1_HG00438.2#646	y1_HG00438.2	HG00438#2#JAHBCA010000011.1	30034833	30695395
y1_HG00438.2#647	y1_HG00438.2	HG00438#2#JAHBCA010000044.1	2067071	2083384
y1_HG00438.2#648	y1_HG00438.2	HG00438#2#JAHBCA010000011.1	54233149	54233197
y1_HG00438.2#649	y1_HG00438.2	HG00438#2#JAHBCA010000042.1	41339830	41343699
y1_HG00438.2#650	y1_HG00438.2	HG00438#2#JAHBCA010000042.1	8043109	8324014
y1_HG00438.2#651	y1_HG00438.2	HG00438#2#JAHBCA010000049.1	7825266	7825268
y1_HG00438.2#652	y1_HG00438.2	HG00438#2#JAHBCA010000035.1	26830731	26831029
y1_HG00438.2#653	y1_HG00438.2	HG00438#2#JAHBCA010000040.1	16760305	16940458
y1_HG00438.2#654	y1_HG00438.2	HG00438#2#JAHBCA010000006.1	15536995	15537020
y1_HG00438.2#655	y1_HG00438.2	HG00438#2#JAHBCA010000031.1	13489314	13489986
y1_HG00438.2#656	y1_HG00438.2	HG00438#2#JAHBCA010000023.1	2223042	2224127
y1_HG00438.2#657	y1_HG00438.2	HG00438#2#JAHBCA010000080.1	49517	49522
y1_HG00438.2#658	y1_HG00438.2	HG00438#2#JAHBCA010000070.1	12493230	12496203
y1_HG00438.2#659	y1_HG00438.2	HG00438#2#JAHBCA010000035.1	67049971	67054200
y1_HG00438.2#660	y1_HG00438.2	HG00438#2#JAHBCA010000003.1	57189866	57190937
y1_HG00438.2#661	y1_HG00438.2	HG00438#2#JAHBCA010000010.1	8043663	8296375
y1_HG00438.2#662	y1_HG00438.2	HG00438#2#JAHBCA010000001.1	27818808	27818810
y1_HG00438.2#663	y1_HG00438.2	HG00438#2#JAHBCA010000032.1	2201761	2201767
y1_HG00438.2#664	y1_HG00438.2	HG00438#2#JAHBCA010000014.1	40608221	40608225
y1_HG00438.2#665	y1_HG00438.2	HG00438#2#JAHBCA010000052.1	40468947	40468955
y1_HG00438.2#666	y1_HG00438.2	HG00438#2#JAHBCA010000043.1	75084665	75084676
y1_HG00438.2#667	y1_HG00438.2	HG00438#2#JAHBCA010000002.1	12666410	12666430
y1_HG00438.2#668	y1_HG00438.2	HG00438#2#JAHBCA010000002.1	21849190	21849348
y1_HG00438.2#669	y1_HG00438.2	HG00438#2#JAHBCA010000080.1	3830325	3830327
y1_HG00438.2#670	y1_HG00438.2	HG00438#2#JAHBCA010000070.1	916958	931419
y1_HG00438.2#671	y1_HG00438.2	HG00438#2#JAHBCA010000056.1	6543345	6543349
y1_HG00438.2#672	y1_HG00438.2	HG00438#2#JAHBCA010000073.1	11287179	11287682
y1_HG00438.2#673	y1_HG00438.2	HG00438#2#JAHBCA010000069.1	5502886	5502914
y1_HG00438.2#674	y1_HG00438.2	HG00438#2#JAHBCA010000032.1	1394396	1401917
y1_HG00438.2#675	y1_HG00438.2	HG00438#2#JAHBCA010000008.1	29165819	29166373
y1_HG00438.2#676	y1_HG00438.2	HG00438#2#JAHBCA010000019.1	31652848	31655242
y1_HG00438.2#677	y1_HG00438.2	HG00438#2#JAHBCA010000004.1	68569129	68569173
y1_HG00438.2#678	y1_HG00438.2	HG00438#2#JAHBCA010000008.1	75944003	75944049
y1_HG00438.2#679	y1_HG00438.2	HG00438#2#JAHBCA010000046.1	2781463	2802443
y1_HG00438.2#680	y1_HG00438.2	HG00438#2#JAHBCA010000020.1	23478146	23485432
y1_HG00438.2#681	y1_HG00438.2	HG00438#2#JAHBCA010000080.1	9123986	9124837
y1_HG00438.2#682	y1_HG00438.2	HG00438#2#JAHBCA010000038.1	7560613	7560617
y1_HG00438.2#683	y1_HG00438.2	HG00438#2#JAHBCA010000008.1	64551609	64551726
y1_HG00438.2#684	y1_HG00438.2	HG00438#2#JAHBCA010000081.1	4823635	4823654
y1_HG00438.2#685	y1_HG00438.2	HG00438#2#JAHBCA010000020.1	53371990	53371993
y1_HG00438.2#686	y1_HG00438.2	HG00438#2#JAHBCA010000022.1	24536489	24536498
y1_HG00438.2#687	y1_HG00438.2	HG00438#2#JAHBCA010000010.1	98475645	98479290
y1_HG00438.2#688	y1_HG00438.2	HG00438#2#JAHBCA010000065.1	6268130	6268141
y1_HG00438.2#689	y1_HG00438.2	HG00438#2#JAHBCA010000001.1	10250232	10251979
y1_HG00438.2#690	y1_HG00438.2	HG00438#2#JAHBCA010000045.1	22149368	22150975
y1_HG00438.2#691	y1_HG00438.2	HG00438#2#JAHBCA010000125.1	730855	736469
y1_HG00438.2#692	y1_HG00438.2	HG00438#2#JAHBCA010000088.1	11910767	12033149
y1_HG00438.2#693	y1_HG00438.2	HG00438#2#JAHBCA010000053.1	47096537	47096543
y1_HG00438.2#694	y1_HG00438.2	HG00438#2#JAHBCA010000019.1	32728225	32728239
y1_HG00438.2#695	y1_HG00438.2	HG00438#2#JAHBCA010000017.1	5222389	5225491
y1_HG00438.2#696	y1_HG00438.2	HG00438#2#JAHBCA010000075.1	1116000	1149456
y1_HG00438.2#697	y1_HG00438.2	HG00438#2#JAHBCA010000048.1	32214776	32214951
y1_HG00438.2#698	y1_HG00438.2	HG00438#2#JAHBCA010000084.1	5227805	5239196
y1_HG00438.2#699	y1_HG00438.2	HG00438#2#JAHBCA010000089.1	28679616	28680676
y1_HG00438.2#700	y1_HG00438.2	HG00438#2#JAHBCA010000014.1	5527070	6567731
y1_HG00438.2#701	y1_HG00438.2	HG00438#2#JAHBCA010000073.1	2093432	2176555
y1_HG00438.2#702	y1_HG00438.2	HG00438#2#JAHBCA010000050.1	10197920	10197928
y1_HG00438.2#703	y1_HG00438.2	HG00438#2#JAHBCA010000010.1	14279515	14423682
y1_HG00438.2#704	y1_HG00438.2	HG00438#2#JAHBCA010000001.1	37126970	37127053
y1_HG00438.2#705	y1_HG00438.2	HG00438#2#JAHBCA010000048.1	9395009	9396517
y1_HG00438.2#706	y1_HG00438.2	HG00438#2#JAHBCA010000106.1	203581	203596
y1_HG00438.2#707	y1_HG00438.2	HG00438#2#JAHBCA010000011.1	91815945	91817241
y1_HG00438.2#708	y1_HG00438.2	HG00438#2#JAHBCA010000053.1	44994677	44997435
y1_HG00438.2#709	y1_HG00438.2	HG00438#2#JAHBCA010000089.1	5156005	5173452
y1_HG00438.2#710	y1_HG00438.2	HG00438#2#JAHBCA010000010.1	39439957	39439959
y1_HG00438.2#711	y1_HG00438.2	HG00438#2#JAHBCA010000035.1	15591799	15591862
y1_HG00438.2#712	y1_HG00438.2	HG00438#2#JAHBCA010000022.1	15324697	15324709
y1_HG00438.2#713	y1_HG00438.2	HG00438#2#JAHBCA010000042.1	15823093	15823311
y1_HG00438.2#714	y1_HG00438.2	HG00438#2#JAHBCA010000056.1	1492920	1496048
y1_HG00438.2#715	y1_HG00438.2	HG00438#2#JAHBCA010000044.1	21203382	21359193
y1_HG00438.2#716	y1_HG00438.2	HG00438#2#JAHBCA010000067.1	6300571	6300649
y1_HG00438.2#717	y1_HG00438.2	HG00438#2#JAHBCA010000053.1	8355683	8356218
y1_HG00438.2#718	y1_HG00438.2	HG00438#2#JAHBCA010000008.1	2070558	2074257
y1_HG00438.2#719	y1_HG00438.2	HG00438#2#JAHBCA010000044.1	20558871	20562952
y1_HG00438.2#720	y1_HG00438.2	HG00438#2#JAHBCA010000072.1	11898189	11940292
y1_HG00438.2#721	y1_HG00438.2	HG00438#2#JAHBCA010000016.1	61037131	61037638
y1_HG00438.2#722	y1_HG00438.2	HG00438#2#JAHBCA010000020.1	2085257	2263701
y1_HG00438.2#723	y1_HG00438.2	HG00438#2#JAHBCA010000055.1	38085317	38085321
y1_HG00438.2#724	y1_HG00438.2	HG00438#2#JAHBCA010000003.1	53989742	54057227
y1_HG00438.2#725	y1_HG00438.2	HG00438#2#JAHBCA010000035.1	49493713	49532176
y1_HG00438.2#726	y1_HG00438.2	HG00438#2#JAHBCA010000008.1	82944574	82945014
y1_HG00438.2#727	y1_HG00438.2	HG00438#2#JAHBCA010000003.1	38165240	38165242
y1_HG00438.2#728	y1_HG00438.2	HG00438#2#JAHBCA010000004.1	57151024	57151990
y1_HG00438.2#729	y1_HG00438.2	HG00438#2#JAHBCA010000125.1	798848	798866
y1_HG00438.2#730	y1_HG00438.2	HG00438#2#JAHBCA010000053.1	12385286	12402618
y1_HG00438.2#731	y1_HG00438.2	HG00438#2#JAHBCA010000021.1	10981239	10981243
y1_HG00438.2#732	y1_HG00438.2	HG00438#2#JAHBCA010000043.1	31001030	31001055
y1_HG00438.2#733	y1_HG00438.2	HG00438#2#JAHBCA010000063.1	12802748	12802779
y1_HG00438.2#734	y1_HG00438.2	HG00438#2#JAHBCA010000033.1	18044086	18143997
y1_HG00438.2#735	y1_HG00438.2	HG00438#2#JAHBCA010000053.1	25393463	25393465
y1_HG00438.2#736	y1_HG00438.2	HG00438#2#JAHBCA010000032.1	10863933	10868135
y1_HG00438.2#737	y1_HG00438.2	HG00438#2#JAHBCA010000036.1	10314746	10314749
y1_HG00438.2#738	y1_HG00438.2	HG00438#2#JAHBCA010000114.1	3255653	3255749
y1_HG00438.2#739	y1_HG00438.2	HG00438#2#JAHBCA010000035.1	12666037	12669720
y1_HG00438.2#740	y1_HG00438.2	HG00438#2#JAHBCA010000035.1	81079346	81648603
y1_HG00438.2#741	y1_HG00438.2	HG00438#2#JAHBCA010000086.1	6348375	6348496
y1_HG00438.2#742	y1_HG00438.2	HG00438#2#JAHBCA010000092.1	1793955	1793992
y1_HG00438.2#743	y1_HG00438.2	HG00438#2#JAHBCA010000004.1	24819093	24834379
y1_HG00438.2#744	y1_HG00438.2	HG00438#2#JAHBCA010000003.1	77844045	77933581
y1_HG00438.2#745	y1_HG00438.2	HG00438#2#JAHBCA010000023.1	40143466	40143493
y1_HG00438.2#746	y1_HG00438.2	HG00438#2#JAHBCA010000042.1	23962780	23962950
y1_HG00438.2#747	y1_HG00438.2	HG00438#2#JAHBCA010000003.1	46870803	46870808
y1_HG00438.2#748	y1_HG00438.2	HG00438#2#JAHBCA010000015.1	20314918	20315888
y1_HG00438.2#749	y1_HG00438.2	HG00438#2#JAHBCA010000010.1	35832298	35832703
y1_HG00438.2#750	y1_HG00438.2	HG00438#2#JAHBCA010000003.1	40674002	40697564
y1_HG00438.2#751	y1_HG00438.2	HG00438#2#JAHBCA010000002.1	120286186	120323637
y1_HG00438.2#752	y1_HG00438.2	HG00438#2#JAHBCA010000033.1	23617760	23617762
y1_HG00438.2#753	y1_HG00438.2	HG00438#2#JAHBCA010000043.1	40071565	40299019
y1_HG00438.2#754	y1_HG00438.2	HG00438#2#JAHBCA010000010.1	35314864	35941207
y1_HG00438.2#755	y1_HG00438.2	HG00438#2#JAHBCA010000057.1	15885378	16187579
y1_HG00438.2#756	y1_HG00438.2	HG00438#2#JAHBCA010000005.1	9613081	9613084
y1_HG00438.2#757	y1_HG00438.2	HG00438#2#JAHBCA010000006.1	4434338	4489394
y1_HG00438.2#758	y1_HG00438.2	HG00438#2#JAHBCA010000008.1	50753967	50758277
y1_HG00438.2#759	y1_HG00438.2	HG00438#2#JAHBCA010000010.1	2727165	2728879
y1_HG00438.2#760	y1_HG00438.2	HG00438#2#JAHBCA010000072.1	1903767	1959402
y1_HG00438.2#761	y1_HG00438.2	HG00438#2#JAHBCA010000063.1	20915092	20915094
y1_HG00438.2#762	y1_HG00438.2	HG00438#2#JAHBCA010000036.1	28609967	28623136
y1_HG00438.2#763	y1_HG00438.2	HG00438#2#JAHBCA010000100.1	2422422	2433404
y1_HG00438.2#764	y1_HG00438.2	HG00438#2#JAHBCA010000030.1	3211161	3212083
y1_HG00438.2#765	y1_HG00438.2	HG00438#2#JAHBCA010000044.1	12000478	12000482
y1_HG00438.2#766	y1_HG00438.2	HG00438#2#JAHBCA010000069.1	941733	947834
y1_HG00438.2#767	y1_HG00438.2	HG00438#2#JAHBCA010000055.1	16263593	16267443
y1_HG00438.2#768	y1_HG00438.2	HG00438#2#JAHBCA010000014.1	10218636	10325662
y1_HG00438.2#769	y1_HG00438.2	HG00438#2#JAHBCA010000047.1	2771821	2771824
y1_HG00438.2#770	y1_HG00438.2	HG00438#2#JAHBCA010000011.1	5804579	5805080
y1_HG00438.2#771	y1_HG00438.2	HG00438#2#JAHBCA010000006.1	15601778	15601795
y1_HG00438.2#772	y1_HG00438.2	HG00438#2#JAHBCA010000035.1	1746561	2201789
y1_HG00438.2#773	y1_HG00438.2	HG00438#2#JAHBCA010000001.1	7050328	7051778
y1_HG00438.2#774	y1_HG00438.2	HG00438#2#JAHBCA010000046.1	58772964	58779672
y1_HG00438.2#775	y1_HG00438.2	HG00438#2#JAHBCA010000023.1	32684827	33398703
y1_HG00438.2#776	y1_HG00438.2	HG00438#2#JAHBCA010000072.1	2118853	2118855
y1_HG00438.2#777	y1_HG00438.2	HG00438#2#JAHBCA010000045.1	18139474	18156728
y1_HG00438.2#778	y1_HG00438.2	HG00438#2#JAHBCA010000012.1	43572065	43580077
y1_HG00438.2#779	y1_HG00438.2	HG00438#2#JAHBCA010000032.1	37487747	37487872
y1_HG00438.2#780	y1_HG00438.2	HG00438#2#JAHBCA010000015.1	14067924	14067926
y1_HG00438.2#781	y1_HG00438.2	HG00438#2#JAHBCA010000003.1	61238965	61335998
y1_HG00438.2#782	y1_HG00438.2	HG00438#2#JAHBCA010000037.1	24349195	24349281
y1_HG00438.2#783	y1_HG00438.2	HG00438#2#JAHBCA010000012.1	12281103	12281120
y1_HG00438.2#784	y1_HG00438.2	HG00438#2#JAHBCA010000003.1	39014207	39076296
y1_HG00438.2#785	y1_HG00438.2	HG00438#2#JAHBCA010000043.1	40427968	40427976
y1_HG00438.2#786	y1_HG00438.2	HG00438#2#JAHBCA010000083.1	5187267	5187271
y1_HG00438.2#787	y1_HG00438.2	HG00438#2#JAHBCA010000055.1	28467258	28772012
y1_HG00438.2#788	y1_HG00438.2	HG00438#2#JAHBCA010000047.1	2422555	2422560
y1_HG00438.2#789	y1_HG00438.2	HG00438#2#JAHBCA010000041.1	8467601	9158586
y1_HG00438.2#790	y1_HG00438.2	HG00438#2#JAHBCA010000063.1	13964083	13966940
y1_HG00438.2#791	y1_HG00438.2	HG00438#2#JAHBCA010000042.1	18362949	18363096
y1_HG00438.2#792	y1_HG00438.2	HG00438#2#JAHBCA010000063.1	1455181	1463260
y1_HG00438.2#793	y1_HG00438.2	HG00438#2#JAHBCA010000008.1	20611651	20611684
y1_HG00438.2#794	y1_HG00438.2	HG00438#2#JAHBCA010000006.1	9504443	9504598
y1_HG00438.2#795	y1_HG00438.2	HG00438#2#JAHBCA010000042.1	50662335	51151067
y1_HG00438.2#796	y1_HG00438.2	HG00438#2#JAHBCA010000014.1	41504280	41818084
y1_HG00438.2#797	y1_HG00438.2	HG00438#2#JAHBCA010000024.1	8452367	8452369
y1_HG00438.2#798	y1_HG00438.2	HG00438#2#JAHBCA010000010.1	50672937	51345732
y1_HG00438.2#799	y1_HG00438.2	HG00438#2#JAHBCA010000055.1	23451258	23451277
y1_HG00438.2#800	y1_HG00438.2	HG00438#2#JAHBCA010000067.1	7298266	7298269
y1_HG00438.2#801	y1_HG00438.2	HG00438#2#JAHBCA010000035.1	25612788	25612910
y1_HG00438.2#802	y1_HG00438.2	HG00438#2#JAHBCA010000045.1	11059854	11059977
y1_HG00438.2#803	y1_HG00438.2	HG00438#2#JAHBCA010000029.1	4032943	4032946
y1_HG00438.2#804	y1_HG00438.2	HG00438#2#JAHBCA010000016.1	11525387	11525392
y1_HG00438.2#805	y1_HG00438.2	HG00438#2#JAHBCA010000073.1	8805538	8805548
y1_HG00438.2#806	y1_HG00438.2	HG00438#2#JAHBCA010000010.1	61337886	61337891
y1_HG00438.2#807	y1_HG00438.2	HG00438#2#JAHBCA010000017.1	12562961	12564095
y1_HG00438.2#808	y1_HG00438.2	HG00438#2#JAHBCA010000045.1	19463809	19464531
y1_HG00438.2#809	y1_HG00438.2	HG00438#2#JAHBCA010000014.1	18865791	18871778
y1_HG00438.2#810	y1_HG00438.2	HG00438#2#JAHBCA010000006.1	1832660	1875327
y1_HG00438.2#811	y1_HG00438.2	HG00438#2#JAHBCA010000010.1	55691797	55691808
y1_HG00438.2#812	y1_HG00438.2	HG00438#2#JAHBCA010000019.1	34451816	34458313
y1_HG00438.2#813	y1_HG00438.2	HG00438#2#JAHBCA010000032.1	5442866	5442877
y1_HG00438.2#814	y1_HG00438.2	HG00438#2#JAHBCA010000146.1	567416	571528
y1_HG00438.2#815	y1_HG00438.2	HG00438#2#JAHBCA010000105.1	936081	936187
y1_HG00438.2#816	y1_HG00438.2	HG00438#2#JAHBCA010000117.1	1010734	1020062
y1_HG00438.2#817	y1_HG00438.2	HG00438#2#JAHBCA010000133.1	1105984	1107373
y1_HG00438.2#818	y1_HG00438.2	HG00438#2#JAHBCA010000025.1	11083658	11085046
y1_HG00438.2#819	y1_HG00438.2	HG00438#2#JAHBCA010000044.1	16904144	16904305
y1_HG00438.2#820	y1_HG00438.2	HG00438#2#JAHBCA010000043.1	133715	137899
y1_HG00438.2#821	y1_HG00438.2	HG00438#2#JAHBCA010000086.1	6739618	6739857
y1_HG00438.2#822	y1_HG00438.2	HG00438#2#JAHBCA010000005.1	6344944	6352382
y1_HG00438.2#823	y1_HG00438.2	HG00438#2#JAHBCA010000069.1	10666346	10674274
y1_HG00438.2#824	y1_HG00438.2	HG00438#2#JAHBCA010000024.1	17909481	17909547
y1_HG00438.2#825	y1_HG00438.2	HG00438#2#JAHBCA010000033.1	53201270	53201803
y1_HG00438.2#826	y1_HG00438.2	HG00438#2#JAHBCA010000020.1	9681279	9681297
y1_HG00438.2#827	y1_HG00438.2	HG00438#2#JAHBCA010000021.1	18829845	18920876
y1_HG00438.2#828	y1_HG00438.2	HG00438#2#JAHBCA010000025.1	9697460	9697513
y1_HG00438.2#829	y1_HG00438.2	HG00438#2#JAHBCA010000016.1	75499236	75503670
y1_HG00438.2#830	y1_HG00438.2	HG00438#2#JAHBCA010000010.1	104810888	104810902
y1_HG00438.2#831	y1_HG00438.2	HG00438#2#JAHBCA010000012.1	24906639	24907737
y1_HG00438.2#832	y1_HG00438.2	HG00438#2#JAHBCA010000011.1	36549675	36905727
y1_HG00438.2#833	y1_HG00438.2	HG00438#2#JAHBCA010000084.1	5496296	5496639
y1_HG00438.2#834	y1_HG00438.2	HG00438#2#JAHBCA010000033.1	14899732	14971460
y1_HG00438.2#835	y1_HG00438.2	HG00438#2#JAHBCA010000071.1	2138507	2272477
y1_HG00438.2#836	y1_HG00438.2	HG00438#2#JAHBCA010000020.1	45773936	45773949
y1_HG00438.2#837	y1_HG00438.2	HG00438#2#JAHBCA010000005.1	49865093	49867876
y1_HG00438.2#838	y1_HG00438.2	HG00438#2#JAHBCA010000057.1	10205880	10254219
y1_HG00438.2#839	y1_HG00438.2	HG00438#2#JAHBCA010000005.1	82337888	82337958
y1_HG00438.2#840	y1_HG00438.2	HG00438#2#JAHBCA010000094.1	9439619	9440055
y1_HG00438.2#841	y1_HG00438.2	HG00438#2#JAHBCA010000042.1	30407788	30421630
y1_HG00438.2#842	y1_HG00438.2	HG00438#2#JAHBCA010000055.1	6553497	7599474
y1_HG00438.2#843	y1_HG00438.2	HG00438#2#JAHBCA010000126.1	1747138	1747145
y1_HG00438.2#844	y1_HG00438.2	HG00438#2#JAHBCA010000020.1	59679345	59679538
y1_HG00438.2#845	y1_HG00438.2	HG00438#2#JAHBCA010000068.1	526239	527593
y1_HG00438.2#846	y1_HG00438.2	HG00438#2#JAHBCA010000032.1	18343650	18349356
y1_HG00438.2#847	y1_HG00438.2	HG00438#2#JAHBCA010000014.1	19768309	19768337
y1_HG00438.2#848	y1_HG00438.2	HG00438#2#JAHBCA010000010.1	40368218	40370620
y1_HG00438.2#849	y1_HG00438.2	HG00438#2#JAHBCA010000089.1	14544464	14544483
y1_HG00438.2#850	y1_HG00438.2	HG00438#2#JAHBCA010000026.1	16875918	16875932
y1_HG00438.2#851	y1_HG00438.2	HG00438#2#JAHBCA010000044.1	11309410	11309553
y1_HG00438.2#852	y1_HG00438.2	HG00438#2#JAHBCA010000046.1	43294387	43491057
y1_HG00438.2#853	y1_HG00438.2	HG00438#2#JAHBCA010000035.1	68432708	68432710
y1_HG00438.2#854	y1_HG00438.2	HG00438#2#JAHBCA010000002.1	12727684	12727696
y1_HG00438.2#855	y1_HG00438.2	HG00438#2#JAHBCA010000020.1	5374011	5374051
y1_HG00438.2#856	y1_HG00438.2	HG00438#2#JAHBCA010000012.1	10423410	10423431
y1_HG00438.2#857	y1_HG00438.2	HG00438#2#JAHBCA010000087.1	16223567	16455878
y1_HG00438.2#858	y1_HG00438.2	HG00438#2#JAHBCA010000010.1	48061783	48193566
y1_HG00438.2#859	y1_HG00438.2	HG00438#2#JAHBCA010000044.1	6421270	6421282
y1_HG00438.2#860	y1_HG00438.2	HG00438#2#JAHBCA010000010.1	48741074	48742115
y1_HG00438.2#861	y1_HG00438.2	HG00438#2#JAHBCA010000011.1	23612234	23612382
y1_HG00438.2#862	y1_HG00438.2	HG00438#2#JAHBCA010000042.1	34016139	34016142
y1_HG00438.2#863	y1_HG00438.2	HG00438#2#JAHBCA010000036.1	17076160	17076164
y1_HG00438.2#864	y1_HG00438.2	HG00438#2#JAHBCA010000024.1	16605778	16605899
y1_HG00438.2#865	y1_HG00438.2	HG00438#2#JAHBCA010000002.1	46682675	46682770
y1_HG00438.2#866	y1_HG00438.2	HG00438#2#JAHBCA010000035.1	22990341	23146196
y1_HG00438.2#867	y1_HG00438.2	HG00438#2#JAHBCA010000057.1	6032211	6103684
y1_HG00438.2#868	y1_HG00438.2	HG00438#2#JAHBCA010000041.1	1033560	1283835
y1_HG00438.2#869	y1_HG00438.2	HG00438#2#JAHBCA010000033.1	7819771	7847016
y1_HG00438.2#870	y1_HG00438.2	HG00438#2#JAHBCA010000019.1	31388185	31388223
y1_HG00438.2#871	y1_HG00438.2	HG00438#2#JAHBCA010000080.1	3019378	3019389
y1_HG00438.2#872	y1_HG00438.2	HG00438#2#JAHBCA010000032.1	4517176	4525188
y1_HG00438.2#873	y1_HG00438.2	HG00438#2#JAHBCA010000048.1	25898289	25898291
y1_HG00438.2#874	y1_HG00438.2	HG00438#2#JAHBCA010000003.1	63248864	63266014
y1_HG00438.2#875	y1_HG00438.2	HG00438#2#JAHBCA010000008.1	91081237	91081245
y1_HG00438.2#876	y1_HG00438.2	HG00438#2#JAHBCA010000031.1	6393454	6397262
y1_HG00438.2#877	y1_HG00438.2	HG00438#2#JAHBCA010000017.1	15972674	15972784
y1_HG00438.2#878	y1_HG00438.2	HG00438#2#JAHBCA010000033.1	19160311	19200528
y1_HG00438.2#879	y1_HG00438.2	HG00438#2#JAHBCA010000063.1	18648947	18721280
y1_HG00438.2#880	y1_HG00438.2	HG00438#2#JAHBCA010000012.1	11136728	11136731
y1_HG00438.2#881	y1_HG00438.2	HG00438#2#JAHBCA010000043.1	34217019	34217079
y1_HG00438.2#882	y1_HG00438.2	HG00438#2#JAHBCA010000063.1	13180447	14008043
y1_HG00438.2#883	y1_HG00438.2	HG00438#2#JAHBCA010000012.1	27983184	27983186
y1_HG00438.2#884	y1_HG00438.2	HG00438#2#JAHBCA010000046.1	7430144	7439499
y1_HG00438.2#885	y1_HG00438.2	HG00438#2#JAHBCA010000046.1	66061822	66113416
y1_HG00438.2#886	y1_HG00438.2	HG00438#2#JAHBCA010000033.1	51772282	51772284
y1_HG00438.2#887	y1_HG00438.2	HG00438#2#JAHBCA010000160.1	372849	372865
y1_HG00438.2#888	y1_HG00438.2	HG00438#2#JAHBCA010000149.1	606372	606379
y1_HG00438.2#889	y1_HG00438.2	HG00438#2#JAHBCA010000073.1	743496	744294
y1_HG00438.2#890	y1_HG00438.2	HG00438#2#JAHBCA010000035.1	49593553	49595331
y1_HG00438.2#891	y1_HG00438.2	HG00438#2#JAHBCA010000005.1	83290041	83290357
y1_HG00438.2#892	y1_HG00438.2	HG00438#2#JAHBCA010000019.1	54882341	54882344
y1_HG00438.2#893	y1_HG00438.2	HG00438#2#JAHBCA010000011.1	39239150	39274722
y1_HG00438.2#894	y1_HG00438.2	HG00438#2#JAHBCA010000004.1	54557405	54557449
y1_HG00438.2#895	y1_HG00438.2	HG00438#2#JAHBCA010000070.1	7210962	7212262
y1_HG00438.2#896	y1_HG00438.2	HG00438#2#JAHBCA010000008.1	50378394	50378396
y1_HG00438.2#897	y1_HG00438.2	HG00438#2#JAHBCA010000003.1	26985200	26985718
y1_HG00438.2#898	y1_HG00438.2	HG00438#2#JAHBCA010000037.1	21438854	21438898
y1_HG00438.2#899	y1_HG00438.2	HG00438#2#JAHBCA010000002.1	9727401	9728551
y1_HG00438.2#900	y1_HG00438.2	HG00438#2#JAHBCA010000059.1	846462	846541
y1_HG00438.2#901	y1_HG00438.2	HG00438#2#JAHBCA010000004.1	13813150	13813199
y1_HG00438.2#902	y1_HG00438.2	HG00438#2#JAHBCA010000002.1	118035531	118035543
y1_HG00438.2#903	y1_HG00438.2	HG00438#2#JAHBCA010000044.1	23692048	23692406
y1_HG00438.2#904	y1_HG00438.2	HG00438#2#JAHBCA010000012.1	47465026	47467578
y1_HG00438.2#905	y1_HG00438.2	HG00438#2#JAHBCA010000050.1	9546201	9546207
y1_HG00438.2#906	y1_HG00438.2	HG00438#2#JAHBCA010000094.1	2289661	2292442
y1_HG00438.2#907	y1_HG00438.2	HG00438#2#JAHBCA010000017.1	19072667	19072670
y1_HG00438.2#908	y1_HG00438.2	HG00438#2#JAHBCA010000043.1	33802063	33853152
y1_HG00438.2#909	y1_HG00438.2	HG00438#2#JAHBCA010000014.1	26392836	26671901
y1_HG00438.2#910	y1_HG00438.2	HG00438#2#JAHBCA010000019.1	34821585	34856409
y1_HG00438.2#911	y1_HG00438.2	HG00438#2#JAHBCA010000033.1	28915817	28915950
y1_HG00438.2#912	y1_HG00438.2	HG00438#2#JAHBCA010000001.1	25025979	25026796
y1_HG00438.2#913	y1_HG00438.2	HG00438#2#JAHBCA010000008.1	96884416	96886565
y1_HG00438.2#914	y1_HG00438.2	HG00438#2#JAHBCA010000022.1	10587621	10587684
y1_HG00438.2#915	y1_HG00438.2	HG00438#2#JAHBCA010000016.1	28991657	28991664
y1_HG00438.2#916	y1_HG00438.2	HG00438#2#JAHBCA010000042.1	29533398	29533448
y1_HG00438.2#917	y1_HG00438.2	HG00438#2#JAHBCA010000012.1	28133573	28133656
y1_HG00438.2#918	y1_HG00438.2	HG00438#2#JAHBCA010000002.1	74733475	74733477
y1_HG00438.2#919	y1_HG00438.2	HG00438#2#JAHBCA010000042.1	42985930	43121046
y1_HG00438.2#920	y1_HG00438.2	HG00438#2#JAHBCA010000005.1	55858887	55859155
y1_HG00438.2#921	y1_HG00438.2	HG00438#2#JAHBCA010000043.1	23462925	23463009
y1_HG00438.2#922	y1_HG00438.2	HG00438#2#JAHBCA010000011.1	11982512	11983795
y1_HG00438.2#923	y1_HG00438.2	HG00438#2#JAHBCA010000043.1	2736196	2736199
y1_HG00438.2#924	y1_HG00438.2	HG00438#2#JAHBCA010000087.1	7916399	8000178
y1_HG00438.2#925	y1_HG00438.2	HG00438#2#JAHBCA010000010.1	88201499	88201501
y1_HG00438.2#926	y1_HG00438.2	HG00438#2#JAHBCA010000002.1	25257828	25258352
y1_HG00438.2#927	y1_HG00438.2	HG00438#2#JAHBCA010000044.1	9269625	9269630
y1_HG00438.2#928	y1_HG00438.2	HG00438#2#JAHBCA010000055.1	3356923	3357119
y1_HG00438.2#929	y1_HG00438.2	HG00438#2#JAHBCA010000042.1	9357552	9358686
y1_HG00438.2#930	y1_HG00438.2	HG00438#2#JAHBCA010000024.1	9875079	9894943
y1_HG00438.2#931	y1_HG00438.2	HG00438#2#JAHBCA010000033.1	57817139	57817141
y1_HG00438.2#932	y1_HG00438.2	HG00438#2#JAHBCA010000002.1	35313894	35314289
y1_HG00438.2#933	y1_HG00438.2	HG00438#2#JAHBCA010000086.1	1518351	1576467
y1_HG00438.2#934	y1_HG00438.2	HG00438#2#JAHBCA010000052.1	24116593	24120394
y1_HG00438.2#935	y1_HG00438.2	HG00438#2#JAHBCA010000126.1	1456795	1456864
y1_HG00438.2#936	y1_HG00438.2	HG00438#2#JAHBCA010000010.1	72713149	72731967
y1_HG00438.2#937	y1_HG00438.2	HG00438#2#JAHBCA010000015.1	30969096	30969554
y1_HG00438.2#938	y1_HG00438.2	HG00438#2#JAHBCA010000063.1	3243029	3387133
y1_HG00438.2#939	y1_HG00438.2	HG00438#2#JAHBCA010000024.1	23204666	23204839
y1_HG00438.2#940	y1_HG00438.2	HG00438#2#JAHBCA010000053.1	21389916	21389962
y1_HG00438.2#941	y1_HG00438.2	HG00438#2#JAHBCA010000003.1	11767698	11767702
y1_HG00438.2#942	y1_HG00438.2	HG00438#2#JAHBCA010000001.1	21002109	21002636
y1_HG00438.2#943	y1_HG00438.2	HG00438#2#JAHBCA010000127.1	1001523	1014671
y1_HG00438.2#944	y1_HG00438.2	HG00438#2#JAHBCA010000056.1	503039	505708
y1_HG00438.2#945	y1_HG00438.2	HG00438#2#JAHBCA010000043.1	78004705	78005145
y1_HG00438.2#946	y1_HG00438.2	HG00438#2#JAHBCA010000036.1	8154371	8577066
y1_HG00438.2#947	y1_HG00438.2	HG00438#2#JAHBCA010000011.1	34155467	34155470
y1_HG00438.2#948	y1_HG00438.2	HG00438#2#JAHBCA010000071.1	8866446	8866655
y1_HG00438.2#949	y1_HG00438.2	HG00438#2#JAHBCA010000020.1	57669798	57688796
y1_HG00438.2#950	y1_HG00438.2	HG00438#2#JAHBCA010000046.1	12658806	12658843
y1_HG00438.2#951	y1_HG00438.2	HG00438#2#JAHBCA010000001.1	45090454	45090493
y1_HG00438.2#952	y1_HG00438.2	HG00438#2#JAHBCA010000025.1	31576396	31657049
y1_HG00438.2#953	y1_HG00438.2	HG00438#2#JAHBCA010000108.1	438662	969143
y1_HG00438.2#954	y1_HG00438.2	HG00438#2#JAHBCA010000011.1	8826527	8826595
y1_HG00438.2#955	y1_HG00438.2	HG00438#2#JAHBCA010000012.1	85832615	85832662
y1_HG00438.2#956	y1_HG00438.2	HG00438#2#JAHBCA010000032.1	45183278	45183281
y1_HG00438.2#957	y1_HG00438.2	HG00438#2#JAHBCA010000030.1	9631191	9650215
y1_HG00438.2#958	y1_HG00438.2	HG00438#2#JAHBCA010000012.1	65401220	65401222
y1_HG00438.2#959	y1_HG00438.2	HG00438#2#JAHBCA010000010.1	104442174	104442186
y1_HG00438.2#960	y1_HG00438.2	HG00438#2#JAHBCA010000004.1	47602736	47603154
y1_HG00438.2#961	y1_HG00438.2	HG00438#2#JAHBCA010000016.1	62962274	62966531
y1_HG00438.2#962	y1_HG00438.2	HG00438#2#JAHBCA010000024.1	36339990	36343749
y1_HG00438.2#963	y1_HG00438.2	HG00438#2#JAHBCA010000006.1	6209722	6209753
y1_HG00438.2#964	y1_HG00438.2	HG00438#2#JAHBCA010000014.1	8600411	8804061
y1_HG00438.2#965	y1_HG00438.2	HG00438#2#JAHBCA010000019.1	33416291	33829037
y1_HG00438.2#966	y1_HG00438.2	HG00438#2#JAHBCA010000011.1	8266191	8266415
y1_HG00438.2#967	y1_HG00438.2	HG00438#2#JAHBCA010000016.1	53331735	53336521
y1_HG00438.2#968	y1_HG00438.2	HG00438#2#JAHBCA010000031.1	2378872	2381667
y1_HG00438.2#969	y1_HG00438.2	HG00438#2#JAHBCA010000046.1	21877350	21877766
y1_HG00438.2#970	y1_HG00438.2	HG00438#2#JAHBCA010000084.1	11467225	11467230
y1_HG00438.2#971	y1_HG00438.2	HG00438#2#JAHBCA010000043.1	6921422	6921424
y1_HG00438.2#972	y1_HG00438.2	HG00438#2#JAHBCA010000053.1	27224438	27224762
y1_HG00438.2#973	y1_HG00438.2	HG00438#2#JAHBCA010000025.1	4453917	4644233
y1_HG00438.2#974	y1_HG00438.2	HG00438#2#JAHBCA010000040.1	34267541	34282303
y1_HG00438.2#975	y1_HG00438.2	HG00438#2#JAHBCA010000035.1	51466490	51466694
y1_HG00438.2#976	y1_HG00438.2	HG00438#2#JAHBCA010000004.1	55303996	55304118
y1_HG00438.2#977	y1_HG00438.2	HG00438#2#JAHBCA010000041.1	19080349	19080351
y1_HG00438.2#978	y1_HG00438.2	HG00438#2#JAHBCA010000042.1	33681571	33681573
y1_HG00438.2#979	y1_HG00438.2	HG00438#2#JAHBCA010000002.1	102085791	102090341
y1_HG00438.2#980	y1_HG00438.2	HG00438#2#JAHBCA010000077.1	5835787	5837487
y1_HG00438.2#981	y1_HG00438.2	HG00438#2#JAHBCA010000054.1	8813856	8814160
y1_HG00438.2#982	y1_HG00438.2	HG00438#2#JAHBCA010000008.1	60865796	60866013
y1_HG00438.2#983	y1_HG00438.2	HG00438#2#JAHBCA010000011.1	29793955	29822118
y1_HG00438.2#984	y1_HG00438.2	HG00438#2#JAHBCA010000073.1	15100603	15100607
y1_HG00438.2#985	y1_HG00438.2	HG00438#2#JAHBCA010000005.1	87532923	87532928
y1_HG00438.2#986	y1_HG00438.2	HG00438#2#JAHBCA010000068.1	2086287	2086289
y1_HG00438.2#987	y1_HG00438.2	HG00438#2#JAHBCA010000053.1	3334888	3334890
y1_HG00438.2#988	y1_HG00438.2	HG00438#2#JAHBCA010000057.1	24651088	24661855
y1_HG00438.2#989	y1_HG00438.2	HG00438#2#JAHBCA010000016.1	64823499	64826445
y1_HG00438.2#990	y1_HG00438.2	HG00438#2#JAHBCA010000019.1	45170576	45247689
y1_HG00438.2#991	y1_HG00438.2	HG00438#2#JAHBCA010000008.1	48573301	48573598
y1_HG00438.2#992	y1_HG00438.2	HG00438#2#JAHBCA010000023.1	22310390	22310392
y1_HG00438.2#993	y1_HG00438.2	HG00438#2#JAHBCA010000005.1	80974026	80974065
y1_HG00438.2#994	y1_HG00438.2	HG00438#2#JAHBCA010000103.1	2949150	2949152
y1_HG00438.2#995	y1_HG00438.2	HG00438#2#JAHBCA010000005.1	76469766	76469808
y1_HG00438.2#996	y1_HG00438.2	HG00438#2#JAHBCA010000024.1	9040589	9040732
y1_HG00438.2#997	y1_HG00438.2	HG00438#2#JAHBCA010000072.1	2954312	2954666
y1_HG00438.2#998	y1_HG00438.2	HG00438#2#JAHBCA010000007.1	2582905	2582908
y1_HG00438.2#999	y1_HG00438.2	HG00438#2#JAHBCA010000035.1	74692270	74692273
y1_HG00621.1#0	y1_HG00621.1	HG00621#1#JAHBCD010000049.1	354426	354549
y1_HG00621.1#1	y1_HG00621.1	HG00621#1#JAHBCD010000022.1	48069781	48069784
y1_HG00621.1#2	y1_HG00621.1	HG00621#1#JAHBCD010000047.1	1965298	1965300
y1_HG00621.1#3	y1_HG00621.1	HG00621#1#JAHBCD010000144.1	268851	268971
y1_HG00621.1#4	y1_HG00621.1	HG00621#1#JAHBCD010000047.1	487806	803482
y1_HG00621.1#5	y1_HG00621.1	HG00621#1#JAHBCD010000020.1	16244600	16979875
y1_HG00621.1#6	y1_HG00621.1	HG00621#1#JAHBCD010000011.1	54512561	54512576
y1_HG00621.1#7	y1_HG00621.1	HG00621#1#JAHBCD010000044.1	271330	276034
y1_HG00621.1#8	y1_HG00621.1	HG00621#1#JAHBCD010000010.1	56086529	56086565
y1_HG00621.1#9	y1_HG00621.1	HG00621#1#JAHBCD010000030.1	6771104	6815630
y1_HG00621.1#10	y1_HG00621.1	HG00621#1#JAHBCD010000024.1	47820230	47820252
y1_HG00621.1#11	y1_HG00621.1	HG00621#1#JAHBCD010000052.1	10910328	10910333
y1_HG00621.1#12	y1_HG00621.1	HG00621#1#JAHBCD010000042.1	15880814	15880817
y1_HG00621.1#13	y1_HG00621.1	HG00621#1#JAHBCD010000029.1	19359983	19360097
y1_HG00621.1#14	y1_HG00621.1	HG00621#1#JAHBCD010000026.1	14836302	14836918
y1_HG00621.1#15	y1_HG00621.1	HG00621#1#JAHBCD010000019.1	36268584	36268586
y1_HG00621.1#16	y1_HG00621.1	HG00621#1#JAHBCD010000020.1	33630883	33630885
y1_HG00621.1#17	y1_HG00621.1	HG00621#1#JAHBCD010000021.1	24059371	24059636
y1_HG00621.1#18	y1_HG00621.1	HG00621#1#JAHBCD010000030.1	10133222	10281856
y1_HG00621.1#19	y1_HG00621.1	HG00621#1#JAHBCD010000023.1	10857109	10857149
y1_HG00621.1#20	y1_HG00621.1	HG00621#1#JAHBCD010000017.1	24614221	24621515
y1_HG00621.1#21	y1_HG00621.1	HG00621#1#JAHBCD010000037.1	17595954	17599580
y1_HG00621.1#22	y1_HG00621.1	HG00621#1#JAHBCD010000008.1	23307724	23307727
y1_HG00621.1#23	y1_HG00621.1	HG00621#1#JAHBCD010000047.1	82443103	82443106
y1_HG00621.1#24	y1_HG00621.1	HG00621#1#JAHBCD010000026.1	18156464	18157843
y1_HG00621.1#25	y1_HG00621.1	HG00621#1#JAHBCD010000014.1	6363097	6367379
y1_HG00621.1#26	y1_HG00621.1	HG00621#1#JAHBCD010000081.1	11348659	11348943
y1_HG00621.1#27	y1_HG00621.1	HG00621#1#JAHBCD010000083.1	8942935	8984127
y1_HG00621.1#28	y1_HG00621.1	HG00621#1#JAHBCD010000108.1	3223840	3374117
y1_HG00621.1#29	y1_HG00621.1	HG00621#1#JAHBCD010000048.1	10251669	10251675
y1_HG00621.1#30	y1_HG00621.1	HG00621#1#JAHBCD010000028.1	24876195	24876716
y1_HG00621.1#31	y1_HG00621.1	HG00621#1#JAHBCD010000001.1	99647700	100400015
y1_HG00621.1#32	y1_HG00621.1	HG00621#1#JAHBCD010000016.1	41715936	41716398
y1_HG00621.1#33	y1_HG00621.1	HG00621#1#JAHBCD010000052.1	39895889	39895891
y1_HG00621.1#34	y1_HG00621.1	HG00621#1#JAHBCD010000002.1	60043077	60043625
y1_HG00621.1#35	y1_HG00621.1	HG00621#1#JAHBCD010000068.1	4251539	4252546
y1_HG00621.1#36	y1_HG00621.1	HG00621#1#JAHBCD010000031.1	14305217	14378333
y1_HG00621.1#37	y1_HG00621.1	HG00621#1#JAHBCD010000009.1	59014598	59016064
y1_HG00621.1#38	y1_HG00621.1	HG00621#1#JAHBCD010000026.1	3191964	3195673
y1_HG00621.1#39	y1_HG00621.1	HG00621#1#JAHBCD010000109.1	24435511	24439516
y1_HG00621.1#40	y1_HG00621.1	HG00621#1#JAHBCD010000017.1	20152075	20152150
y1_HG00621.1#41	y1_HG00621.1	HG00621#1#JAHBCD010000102.1	3450944	3450979
y1_HG00621.1#42	y1_HG00621.1	HG00621#1#JAHBCD010000110.1	6181283	6181285
y1_HG00621.1#43	y1_HG00621.1	HG00621#1#JAHBCD010000002.1	41585071	42365697
y1_HG00621.1#44	y1_HG00621.1	HG00621#1#JAHBCD010000027.1	1912851	2004172
y1_HG00621.1#45	y1_HG00621.1	HG00621#1#JAHBCD010000064.1	39043203	39043338
y1_HG00621.1#46	y1_HG00621.1	HG00621#1#JAHBCD010000064.1	58722551	58723293
y1_HG00621.1#47	y1_HG00621.1	HG00621#1#JAHBCD010000109.1	25775236	25775243
y1_HG00621.1#48	y1_HG00621.1	HG00621#1#JAHBCD010000033.1	53907506	53951718
y1_HG00621.1#49	y1_HG00621.1	HG00621#1#JAHBCD010000087.1	1267156	1344772
y1_HG00621.1#50	y1_HG00621.1	HG00621#1#JAHBCD010000109.1	18725455	18725959
y1_HG00621.1#51	y1_HG00621.1	HG00621#1#JAHBCD010000011.1	16835464	16838397
y1_HG00621.1#52	y1_HG00621.1	HG00621#1#JAHBCD010000062.1	33819691	33819694
y1_HG00621.1#53	y1_HG00621.1	HG00621#1#JAHBCD010000104.1	6680213	7714744
y1_HG00621.1#54	y1_HG00621.1	HG00621#1#JAHBCD010000031.1	33351670	33352751
y1_HG00621.1#55	y1_HG00621.1	HG00621#1#JAHBCD010000045.1	2697656	2697758
y1_HG00621.1#56	y1_HG00621.1	HG00621#1#JAHBCD010000007.1	9002745	9003275
y1_HG00621.1#57	y1_HG00621.1	HG00621#1#JAHBCD010000062.1	34740406	35362486
y1_HG00621.1#58	y1_HG00621.1	HG00621#1#JAHBCD010000082.1	7973452	8154464
y1_HG00621.1#59	y1_HG00621.1	HG00621#1#JAHBCD010000055.1	32441881	32610477
y1_HG00621.1#60	y1_HG00621.1	HG00621#1#JAHBCD010000001.1	83452279	83452290
y1_HG00621.1#61	y1_HG00621.1	HG00621#1#JAHBCD010000078.1	4347088	4347099
y1_HG00621.1#62	y1_HG00621.1	HG00621#1#JAHBCD010000063.1	20019267	20021084
y1_HG00621.1#63	y1_HG00621.1	HG00621#1#JAHBCD010000014.1	12061059	12061101
y1_HG00621.1#64	y1_HG00621.1	HG00621#1#JAHBCD010000066.1	16805853	16808566
y1_HG00621.1#65	y1_HG00621.1	HG00621#1#JAHBCD010000076.1	2369433	2373406
y1_HG00621.1#66	y1_HG00621.1	HG00621#1#JAHBCD010000062.1	14474804	14495183
y1_HG00621.1#67	y1_HG00621.1	HG00621#1#JAHBCD010000007.1	18674988	19209698
y1_HG00621.1#68	y1_HG00621.1	HG00621#1#JAHBCD010000017.1	22107869	22107883
y1_HG00621.1#69	y1_HG00621.1	HG00621#1#JAHBCD010000047.1	2159698	2204165
y1_HG00621.1#70	y1_HG00621.1	HG00621#1#JAHBCD010000024.1	85154189	85154289
y1_HG00621.1#71	y1_HG00621.1	HG00621#1#JAHBCD010000047.1	80686526	80686621
y1_HG00621.1#72	y1_HG00621.1	HG00621#1#JAHBCD010000060.1	5527083	5545630
y1_HG00621.1#73	y1_HG00621.1	HG00621#1#JAHBCD010000034.1	34740743	34872385
y1_HG00621.1#74	y1_HG00621.1	HG00621#1#JAHBCD010000075.1	2521464	2525685
y1_HG00621.1#75	y1_HG00621.1	HG00621#1#JAHBCD010000020.1	28144296	28144636
y1_HG00621.1#76	y1_HG00621.1	HG00621#1#JAHBCD010000127.1	2240161	2835463
y1_HG00621.1#77	y1_HG00621.1	HG00621#1#JAHBCD010000022.1	57962853	58174310
y1_HG00621.1#78	y1_HG00621.1	HG00621#1#JAHBCD010000050.1	31408810	31408894
y1_HG00621.1#79	y1_HG00621.1	HG00621#1#JAHBCD010000017.1	27332215	27332252
y1_HG00621.1#80	y1_HG00621.1	HG00621#1#JAHBCD010000002.1	77499382	77499398
y1_HG00621.1#81	y1_HG00621.1	HG00621#1#JAHBCD010000047.1	20462368	20563993
y1_HG00621.1#82	y1_HG00621.1	HG00621#1#JAHBCD010000014.1	3470083	3474668
y1_HG00621.1#83	y1_HG00621.1	HG00621#1#JAHBCD010000025.1	28507211	28509116
y1_HG00621.1#84	y1_HG00621.1	HG00621#1#JAHBCD010000033.1	57187910	57304266
y1_HG00621.1#85	y1_HG00621.1	HG00621#1#JAHBCD010000083.1	15220582	15220641
y1_HG00621.1#86	y1_HG00621.1	HG00621#1#JAHBCD010000037.1	2296971	2334900
y1_HG00621.1#87	y1_HG00621.1	HG00621#1#JAHBCD010000039.1	20128862	20128980
y1_HG00621.1#88	y1_HG00621.1	HG00621#1#JAHBCD010000019.1	32763627	32763629
y1_HG00621.1#89	y1_HG00621.1	HG00621#1#JAHBCD010000069.1	738360	738820
y1_HG00621.1#90	y1_HG00621.1	HG00621#1#JAHBCD010000011.1	40695752	40695829
y1_HG00621.1#91	y1_HG00621.1	HG00621#1#JAHBCD010000002.1	64707646	64772487
y1_HG00621.1#92	y1_HG00621.1	HG00621#1#JAHBCD010000002.1	91473514	91480247
y1_HG00621.1#93	y1_HG00621.1	HG00621#1#JAHBCD010000021.1	1890160	1890706
y1_HG00621.1#94	y1_HG00621.1	HG00621#1#JAHBCD010000062.1	5699549	5702482
y1_HG00621.1#95	y1_HG00621.1	HG00621#1#JAHBCD010000016.1	75291542	75313249
y1_HG00621.1#96	y1_HG00621.1	HG00621#1#JAHBCD010000019.1	17170563	17209162
y1_HG00621.1#97	y1_HG00621.1	HG00621#1#JAHBCD010000033.1	55441825	55441827
y1_HG00621.1#98	y1_HG00621.1	HG00621#1#JAHBCD010000015.1	1016832	1016981
y1_HG00621.1#99	y1_HG00621.1	HG00621#1#JAHBCD010000011.1	9367944	9561402
y1_HG00621.1#100	y1_HG00621.1	HG00621#1#JAHBCD010000033.1	19617538	19621834
y1_HG00621.1#101	y1_HG00621.1	HG00621#1#JAHBCD010000052.1	8695167	8695240
y1_HG00621.1#102	y1_HG00621.1	HG00621#1#JAHBCD010000050.1	46553766	46566341
y1_HG00621.1#103	y1_HG00621.1	HG00621#1#JAHBCD010000039.1	1166673	1166839
y1_HG00621.1#104	y1_HG00621.1	HG00621#1#JAHBCD010000064.1	37994632	38163897
y1_HG00621.1#105	y1_HG00621.1	HG00621#1#JAHBCD010000029.1	36526088	36559616
y1_HG00621.1#106	y1_HG00621.1	HG00621#1#JAHBCD010000001.1	43687381	43687384
y1_HG00621.1#107	y1_HG00621.1	HG00621#1#JAHBCD010000064.1	5331634	5331969
y1_HG00621.1#108	y1_HG00621.1	HG00621#1#JAHBCD010000010.1	24641337	24641420
y1_HG00621.1#109	y1_HG00621.1	HG00621#1#JAHBCD010000013.1	7618655	8077696
y1_HG00621.1#110	y1_HG00621.1	HG00621#1#JAHBCD010000001.1	100851399	100858922
y1_HG00621.1#111	y1_HG00621.1	HG00621#1#JAHBCD010000055.1	12650229	12650231
y1_HG00621.1#112	y1_HG00621.1	HG00621#1#JAHBCD010000006.1	36202666	36204262
y1_HG00621.1#113	y1_HG00621.1	HG00621#1#JAHBCD010000056.1	3323518	3323739
y1_HG00621.1#114	y1_HG00621.1	HG00621#1#JAHBCD010000031.1	9328880	9377686
y1_HG00621.1#115	y1_HG00621.1	HG00621#1#JAHBCD010000034.1	26903532	27791710
y1_HG00621.1#116	y1_HG00621.1	HG00621#1#JAHBCD010000010.1	12666214	12666218
y1_HG00621.1#117	y1_HG00621.1	HG00621#1#JAHBCD010000031.1	46874584	46875611
y1_HG00621.1#118	y1_HG00621.1	HG00621#1#JAHBCD010000007.1	23304480	23304522
y1_HG00621.1#119	y1_HG00621.1	HG00621#1#JAHBCD010000035.1	15004660	15008264
y1_HG00621.1#120	y1_HG00621.1	HG00621#1#JAHBCD010000026.1	8356880	8361286
y1_HG00621.1#121	y1_HG00621.1	HG00621#1#JAHBCD010000006.1	12098342	12098491
y1_HG00621.1#122	y1_HG00621.1	HG00621#1#JAHBCD010000016.1	38057585	38057631
y1_HG00621.1#123	y1_HG00621.1	HG00621#1#JAHBCD010000033.1	52752189	52752191
y1_HG00621.1#124	y1_HG00621.1	HG00621#1#JAHBCD010000008.1	39850869	39850887
y1_HG00621.1#125	y1_HG00621.1	HG00621#1#JAHBCD010000010.1	35756087	35760772
y1_HG00621.1#126	y1_HG00621.1	HG00621#1#JAHBCD010000047.1	79743498	79755060
y1_HG00621.1#127	y1_HG00621.1	HG00621#1#JAHBCD010000033.1	15209357	15209393
y1_HG00621.1#128	y1_HG00621.1	HG00621#1#JAHBCD010000035.1	17364694	17364732
y1_HG00621.1#129	y1_HG00621.1	HG00621#1#JAHBCD010000034.1	7998675	8099386
y1_HG00621.1#130	y1_HG00621.1	HG00621#1#JAHBCD010000103.1	1955325	1955327
y1_HG00621.1#131	y1_HG00621.1	HG00621#1#JAHBCD010000069.1	15471393	15799646
y1_HG00621.1#132	y1_HG00621.1	HG00621#1#JAHBCD010000010.1	27758011	27758266
y1_HG00621.1#133	y1_HG00621.1	HG00621#1#JAHBCD010000006.1	35186044	35217692
y1_HG00621.1#134	y1_HG00621.1	HG00621#1#JAHBCD010000047.1	88337682	88342223
y1_HG00621.1#135	y1_HG00621.1	HG00621#1#JAHBCD010000021.1	63921945	63922089
y1_HG00621.1#136	y1_HG00621.1	HG00621#1#JAHBCD010000055.1	28445548	28446547
y1_HG00621.1#137	y1_HG00621.1	HG00621#1#JAHBCD010000017.1	2647234	2909695
y1_HG00621.1#138	y1_HG00621.1	HG00621#1#JAHBCD010000008.1	23604353	23604396
y1_HG00621.1#139	y1_HG00621.1	HG00621#1#JAHBCD010000028.1	6131935	6131943
y1_HG00621.1#140	y1_HG00621.1	HG00621#1#JAHBCD010000033.1	47665230	47744427
y1_HG00621.1#141	y1_HG00621.1	HG00621#1#JAHBCD010000001.1	66067944	66067950
y1_HG00621.1#142	y1_HG00621.1	HG00621#1#JAHBCD010000022.1	37211823	37212883
y1_HG00621.1#143	y1_HG00621.1	HG00621#1#JAHBCD010000023.1	11869371	11869506
y1_HG00621.1#144	y1_HG00621.1	HG00621#1#JAHBCD010000014.1	7104418	7105330
y1_HG00621.1#145	y1_HG00621.1	HG00621#1#JAHBCD010000028.1	2694982	2790110
y1_HG00621.1#146	y1_HG00621.1	HG00621#1#JAHBCD010000019.1	42549103	42774120
y1_HG00621.1#147	y1_HG00621.1	HG00621#1#JAHBCD010000005.1	62018056	62018110
y1_HG00621.1#148	y1_HG00621.1	HG00621#1#JAHBCD010000056.1	1728763	1731925
y1_HG00621.1#149	y1_HG00621.1	HG00621#1#JAHBCD010000027.1	24251734	24814030
y1_HG00621.1#150	y1_HG00621.1	HG00621#1#JAHBCD010000024.1	73183034	73230283
y1_HG00621.1#151	y1_HG00621.1	HG00621#1#JAHBCD010000045.1	2702332	2714309
y1_HG00621.1#152	y1_HG00621.1	HG00621#1#JAHBCD010000028.1	18911601	18911621
y1_HG00621.1#153	y1_HG00621.1	HG00621#1#JAHBCD010000055.1	715325	731970
y1_HG00621.1#154	y1_HG00621.1	HG00621#1#JAHBCD010000024.1	12189330	12189534
y1_HG00621.1#155	y1_HG00621.1	HG00621#1#JAHBCD010000008.1	51501382	51515409
y1_HG00621.1#156	y1_HG00621.1	HG00621#1#JAHBCD010000006.1	21724307	21727569
y1_HG00621.1#157	y1_HG00621.1	HG00621#1#JAHBCD010000124.1	3549337	3549339
y1_HG00621.1#158	y1_HG00621.1	HG00621#1#JAHBCD010000083.1	13473383	13474607
y1_HG00621.1#159	y1_HG00621.1	HG00621#1#JAHBCD010000014.1	22593228	23067336
y1_HG00621.1#160	y1_HG00621.1	HG00621#1#JAHBCD010000063.1	19852514	19852602
y1_HG00621.1#161	y1_HG00621.1	HG00621#1#JAHBCD010000001.1	95155257	95165700
y1_HG00621.1#162	y1_HG00621.1	HG00621#1#JAHBCD010000106.1	5380485	5411302
y1_HG00621.1#163	y1_HG00621.1	HG00621#1#JAHBCD010000047.1	86407602	86449384
y1_HG00621.1#164	y1_HG00621.1	HG00621#1#JAHBCD010000002.1	72756371	72759594
y1_HG00621.1#165	y1_HG00621.1	HG00621#1#JAHBCD010000002.1	87304688	87306039
y1_HG00621.1#166	y1_HG00621.1	HG00621#1#JAHBCD010000030.1	5305912	5507152
y1_HG00621.1#167	y1_HG00621.1	HG00621#1#JAHBCD010000077.1	926474	975230
y1_HG00621.1#168	y1_HG00621.1	HG00621#1#JAHBCD010000082.1	20192049	20192535
y1_HG00621.1#169	y1_HG00621.1	HG00621#1#JAHBCD010000011.1	52495497	52743649
y1_HG00621.1#170	y1_HG00621.1	HG00621#1#JAHBCD010000037.1	20949729	20949732
y1_HG00621.1#171	y1_HG00621.1	HG00621#1#JAHBCD010000037.1	28409572	28409583
y1_HG00621.1#172	y1_HG00621.1	HG00621#1#JAHBCD010000009.1	61612295	61614240
y1_HG00621.1#173	y1_HG00621.1	HG00621#1#JAHBCD010000015.1	12105106	12105112
y1_HG00621.1#174	y1_HG00621.1	HG00621#1#JAHBCD010000031.1	6469340	6469343
y1_HG00621.1#175	y1_HG00621.1	HG00621#1#JAHBCD010000051.1	8012278	8012583
y1_HG00621.1#176	y1_HG00621.1	HG00621#1#JAHBCD010000011.1	14463796	14654718
y1_HG00621.1#177	y1_HG00621.1	HG00621#1#JAHBCD010000066.1	1315186	1332210
y1_HG00621.1#178	y1_HG00621.1	HG00621#1#JAHBCD010000008.1	8533095	8701272
y1_HG00621.1#179	y1_HG00621.1	HG00621#1#JAHBCD010000027.1	28913449	28913535
y1_HG00621.1#180	y1_HG00621.1	HG00621#1#JAHBCD010000031.1	48099062	48099070
y1_HG00621.1#181	y1_HG00621.1	HG00621#1#JAHBCD010000022.1	67344563	67346404
y1_HG00621.1#182	y1_HG00621.1	HG00621#1#JAHBCD010000039.1	14372972	14493327
y1_HG00621.1#183	y1_HG00621.1	HG00621#1#JAHBCD010000009.1	18723128	19015792
y1_HG00621.1#184	y1_HG00621.1	HG00621#1#JAHBCD010000020.1	4191186	4366674
y1_HG00621.1#185	y1_HG00621.1	HG00621#1#JAHBCD010000022.1	34539795	34539797
y1_HG00621.1#186	y1_HG00621.1	HG00621#1#JAHBCD010000062.1	19176954	19177144
y1_HG00621.1#187	y1_HG00621.1	HG00621#1#JAHBCD010000028.1	29390999	29391864
y1_HG00621.1#188	y1_HG00621.1	HG00621#1#JAHBCD010000037.1	36029489	36029491
y1_HG00621.1#189	y1_HG00621.1	HG00621#1#JAHBCD010000066.1	16005206	16005524
y1_HG00621.1#190	y1_HG00621.1	HG00621#1#JAHBCD010000041.1	58764572	58769284
y1_HG00621.1#191	y1_HG00621.1	HG00621#1#JAHBCD010000008.1	23062479	23062791
y1_HG00621.1#192	y1_HG00621.1	HG00621#1#JAHBCD010000011.1	50345575	50497383
y1_HG00621.1#193	y1_HG00621.1	HG00621#1#JAHBCD010000037.1	31282845	31283289
y1_HG00621.1#194	y1_HG00621.1	HG00621#1#JAHBCD010000039.1	9900184	9900221
y1_HG00621.1#195	y1_HG00621.1	HG00621#1#JAHBCD010000047.1	74436168	74436175
y1_HG00621.1#196	y1_HG00621.1	HG00621#1#JAHBCD010000009.1	78578667	78578672
y1_HG00621.1#197	y1_HG00621.1	HG00621#1#JAHBCD010000022.1	4518279	4520171
y1_HG00621.1#198	y1_HG00621.1	HG00621#1#JAHBCD010000015.1	8091318	8120040
y1_HG00621.1#199	y1_HG00621.1	HG00621#1#JAHBCD010000027.1	28848994	28849019
y1_HG00621.1#200	y1_HG00621.1	HG00621#1#JAHBCD010000019.1	3034585	3197238
y1_HG00621.1#201	y1_HG00621.1	HG00621#1#JAHBCD010000006.1	8334349	8334352
y1_HG00621.1#202	y1_HG00621.1	HG00621#1#JAHBCD010000037.1	39694320	40049044
y1_HG00621.1#203	y1_HG00621.1	HG00621#1#JAHBCD010000048.1	10608456	10608458
y1_HG00621.1#204	y1_HG00621.1	HG00621#1#JAHBCD010000063.1	7006483	7006487
y1_HG00621.1#205	y1_HG00621.1	HG00621#1#JAHBCD010000052.1	33502483	33502515
y1_HG00621.1#206	y1_HG00621.1	HG00621#1#JAHBCD010000064.1	7518550	7519413
y1_HG00621.1#207	y1_HG00621.1	HG00621#1#JAHBCD010000041.1	20606795	20610944
y1_HG00621.1#208	y1_HG00621.1	HG00621#1#JAHBCD010000006.1	12247927	12248330
y1_HG00621.1#209	y1_HG00621.1	HG00621#1#JAHBCD010000060.1	1518408	1518438
y1_HG00621.1#210	y1_HG00621.1	HG00621#1#JAHBCD010000109.1	12141214	12141217
y1_HG00621.1#211	y1_HG00621.1	HG00621#1#JAHBCD010000115.1	111908	115150
y1_HG00621.1#212	y1_HG00621.1	HG00621#1#JAHBCD010000065.1	3169801	3610194
y1_HG00621.1#213	y1_HG00621.1	HG00621#1#JAHBCD010000005.1	40061006	40061021
y1_HG00621.1#214	y1_HG00621.1	HG00621#1#JAHBCD010000051.1	4707522	4707625
y1_HG00621.1#215	y1_HG00621.1	HG00621#1#JAHBCD010000001.1	94985607	94985611
y1_HG00621.1#216	y1_HG00621.1	HG00621#1#JAHBCD010000039.1	9761675	9763915
y1_HG00621.1#217	y1_HG00621.1	HG00621#1#JAHBCD010000067.1	1763694	1970074
y1_HG00621.1#218	y1_HG00621.1	HG00621#1#JAHBCD010000010.1	39462973	39464906
y1_HG00621.1#219	y1_HG00621.1	HG00621#1#JAHBCD010000022.1	78856485	78877740
y1_HG00621.1#220	y1_HG00621.1	HG00621#1#JAHBCD010000037.1	19821979	19822446
y1_HG00621.1#221	y1_HG00621.1	HG00621#1#JAHBCD010000006.1	12074248	12075656
y1_HG00621.1#222	y1_HG00621.1	HG00621#1#JAHBCD010000066.1	25896629	25896668
y1_HG00621.1#223	y1_HG00621.1	HG00621#1#JAHBCD010000078.1	8613369	8614016
y1_HG00621.1#224	y1_HG00621.1	HG00621#1#JAHBCD010000009.1	4150722	4257604
y1_HG00621.1#225	y1_HG00621.1	HG00621#1#JAHBCD010000050.1	2911061	2911432
y1_HG00621.1#226	y1_HG00621.1	HG00621#1#JAHBCD010000021.1	17060001	17313438
y1_HG00621.1#227	y1_HG00621.1	HG00621#1#JAHBCD010000012.1	6312308	6421203
y1_HG00621.1#228	y1_HG00621.1	HG00621#1#JAHBCD010000050.1	49530115	49530123
y1_HG00621.1#229	y1_HG00621.1	HG00621#1#JAHBCD010000021.1	49745284	49785482
y1_HG00621.1#230	y1_HG00621.1	HG00621#1#JAHBCD010000045.1	7104002	7104024
y1_HG00621.1#231	y1_HG00621.1	HG00621#1#JAHBCD010000034.1	51748928	51749061
y1_HG00621.1#232	y1_HG00621.1	HG00621#1#JAHBCD010000017.1	26657491	26664315
y1_HG00621.1#233	y1_HG00621.1	HG00621#1#JAHBCD010000139.1	34262	34272
y1_HG00621.1#234	y1_HG00621.1	HG00621#1#JAHBCD010000022.1	89793772	89862263
y1_HG00621.1#235	y1_HG00621.1	HG00621#1#JAHBCD010000028.1	17325134	17327322
y1_HG00621.1#236	y1_HG00621.1	HG00621#1#JAHBCD010000050.1	37261191	37271341
y1_HG00621.1#237	y1_HG00621.1	HG00621#1#JAHBCD010000106.1	3040010	3096207
y1_HG00621.1#238	y1_HG00621.1	HG00621#1#JAHBCD010000016.1	33931681	33998842
y1_HG00621.1#239	y1_HG00621.1	HG00621#1#JAHBCD010000031.1	25680360	25702518
y1_HG00621.1#240	y1_HG00621.1	HG00621#1#JAHBCD010000045.1	1972727	1972797
y1_HG00621.1#241	y1_HG00621.1	HG00621#1#JAHBCD010000030.1	19693358	19693361
y1_HG00621.1#242	y1_HG00621.1	HG00621#1#JAHBCD010000073.1	841415	841900
y1_HG00621.1#243	y1_HG00621.1	HG00621#1#JAHBCD010000021.1	38272711	38274377
y1_HG00621.1#244	y1_HG00621.1	HG00621#1#JAHBCD010000033.1	12611176	13569693
y1_HG00621.1#245	y1_HG00621.1	HG00621#1#JAHBCD010000035.1	16644637	17178975
y1_HG00621.1#246	y1_HG00621.1	HG00621#1#JAHBCD010000041.1	11192173	11193491
y1_HG00621.1#247	y1_HG00621.1	HG00621#1#JAHBCD010000080.1	9237599	9237604
y1_HG00621.1#248	y1_HG00621.1	HG00621#1#JAHBCD010000009.1	69177244	69774810
y1_HG00621.1#249	y1_HG00621.1	HG00621#1#JAHBCD010000009.1	60567385	60567531
y1_HG00621.1#250	y1_HG00621.1	HG00621#1#JAHBCD010000137.1	577235	590208
y1_HG00621.1#251	y1_HG00621.1	HG00621#1#JAHBCD010000034.1	33693683	33700589
y1_HG00621.1#252	y1_HG00621.1	HG00621#1#JAHBCD010000114.1	3556923	3556979
y1_HG00621.1#253	y1_HG00621.1	HG00621#1#JAHBCD010000005.1	558675	561722
y1_HG00621.1#254	y1_HG00621.1	HG00621#1#JAHBCD010000066.1	6543400	6543417
y1_HG00621.1#255	y1_HG00621.1	HG00621#1#JAHBCD010000001.1	24142624	24142636
y1_HG00621.1#256	y1_HG00621.1	HG00621#1#JAHBCD010000016.1	74917474	74917476
y1_HG00621.1#257	y1_HG00621.1	HG00621#1#JAHBCD010000050.1	7345652	8133006
y1_HG00621.1#258	y1_HG00621.1	HG00621#1#JAHBCD010000033.1	27169908	27198919
y1_HG00621.1#259	y1_HG00621.1	HG00621#1#JAHBCD010000048.1	27001365	27011862
y1_HG00621.1#260	y1_HG00621.1	HG00621#1#JAHBCD010000024.1	45880498	45880503
y1_HG00621.1#261	y1_HG00621.1	HG00621#1#JAHBCD010000104.1	13588587	13589964
y1_HG00621.1#262	y1_HG00621.1	HG00621#1#JAHBCD010000021.1	58837963	58846113
y1_HG00621.1#263	y1_HG00621.1	HG00621#1#JAHBCD010000002.1	62556918	62559824
y1_HG00621.1#264	y1_HG00621.1	HG00621#1#JAHBCD010000010.1	2140892	2153682
y1_HG00621.1#265	y1_HG00621.1	HG00621#1#JAHBCD010000062.1	47732688	47776100
y1_HG00621.1#266	y1_HG00621.1	HG00621#1#JAHBCD010000062.1	9448258	9448374
y1_HG00621.1#267	y1_HG00621.1	HG00621#1#JAHBCD010000109.1	17236117	17368240
y1_HG00621.1#268	y1_HG00621.1	HG00621#1#JAHBCD010000002.1	4934390	4934427
y1_HG00621.1#269	y1_HG00621.1	HG00621#1#JAHBCD010000127.1	983004	1007962
y1_HG00621.1#270	y1_HG00621.1	HG00621#1#JAHBCD010000021.1	30957226	30957232
y1_HG00621.1#271	y1_HG00621.1	HG00621#1#JAHBCD010000016.1	75507073	75507078
y1_HG00621.1#272	y1_HG00621.1	HG00621#1#JAHBCD010000029.1	25996155	26011910
y1_HG00621.1#273	y1_HG00621.1	HG00621#1#JAHBCD010000028.1	40458691	40769185
y1_HG00621.1#274	y1_HG00621.1	HG00621#1#JAHBCD010000028.1	17453723	17454746
y1_HG00621.1#275	y1_HG00621.1	HG00621#1#JAHBCD010000001.1	93021397	93062510
y1_HG00621.1#276	y1_HG00621.1	HG00621#1#JAHBCD010000002.1	98343997	98344414
y1_HG00621.1#277	y1_HG00621.1	HG00621#1#JAHBCD010000007.1	26953084	26953094
y1_HG00621.1#278	y1_HG00621.1	HG00621#1#JAHBCD010000122.1	16203	16208
y1_HG00621.1#279	y1_HG00621.1	HG00621#1#JAHBCD010000078.1	5070190	5577660
y1_HG00621.1#280	y1_HG00621.1	HG00621#1#JAHBCD010000062.1	2200203	2210507
y1_HG00621.1#281	y1_HG00621.1	HG00621#1#JAHBCD010000022.1	13551897	13611931
y1_HG00621.1#282	y1_HG00621.1	HG00621#1#JAHBCD010000102.1	2599756	2599924
y1_HG00621.1#283	y1_HG00621.1	HG00621#1#JAHBCD010000028.1	25433078	25433082
y1_HG00621.1#284	y1_HG00621.1	HG00621#1#JAHBCD010000050.1	28456644	28463689
y1_HG00621.1#285	y1_HG00621.1	HG00621#1#JAHBCD010000007.1	32566377	33546748
y1_HG00621.1#286	y1_HG00621.1	HG00621#1#JAHBCD010000021.1	24678906	24679097
y1_HG00621.1#287	y1_HG00621.1	HG00621#1#JAHBCD010000047.1	29976878	29978915
y1_HG00621.1#288	y1_HG00621.1	HG00621#1#JAHBCD010000010.1	13090934	13092636
y1_HG00621.1#289	y1_HG00621.1	HG00621#1#JAHBCD010000037.1	37835825	38084216
y1_HG00621.1#290	y1_HG00621.1	HG00621#1#JAHBCD010000112.1	615855	679477
y1_HG00621.1#291	y1_HG00621.1	HG00621#1#JAHBCD010000016.1	68101312	68101320
y1_HG00621.1#292	y1_HG00621.1	HG00621#1#JAHBCD010000011.1	39087108	39098148
y1_HG00621.1#293	y1_HG00621.1	HG00621#1#JAHBCD010000052.1	37816465	37845885
y1_HG00621.1#294	y1_HG00621.1	HG00621#1#JAHBCD010000068.1	5300921	5301116
y1_HG00621.1#295	y1_HG00621.1	HG00621#1#JAHBCD010000047.1	6625635	6625678
y1_HG00621.1#296	y1_HG00621.1	HG00621#1#JAHBCD010000002.1	80790173	80803124
y1_HG00621.1#297	y1_HG00621.1	HG00621#1#JAHBCD010000019.1	3974601	3981403
y1_HG00621.1#298	y1_HG00621.1	HG00621#1#JAHBCD010000005.1	49885795	49903323
y1_HG00621.1#299	y1_HG00621.1	HG00621#1#JAHBCD010000072.1	8900315	9067672
y1_HG00621.1#300	y1_HG00621.1	HG00621#1#JAHBCD010000024.1	34887927	35010446
y1_HG00621.1#301	y1_HG00621.1	HG00621#1#JAHBCD010000067.1	4103488	4123899
y1_HG00621.1#302	y1_HG00621.1	HG00621#1#JAHBCD010000035.1	17846438	17846450
y1_HG00621.1#303	y1_HG00621.1	HG00621#1#JAHBCD010000010.1	10468245	10469833
y1_HG00621.1#304	y1_HG00621.1	HG00621#1#JAHBCD010000033.1	37740237	37749228
y1_HG00621.1#305	y1_HG00621.1	HG00621#1#JAHBCD010000078.1	5566272	5566325
y1_HG00621.1#306	y1_HG00621.1	HG00621#1#JAHBCD010000109.1	15654427	15654429
y1_HG00621.1#307	y1_HG00621.1	HG00621#1#JAHBCD010000013.1	9405313	9405316
y1_HG00621.1#308	y1_HG00621.1	HG00621#1#JAHBCD010000119.1	213285	214199
y1_HG00621.1#309	y1_HG00621.1	HG00621#1#JAHBCD010000010.1	57869020	57870094
y1_HG00621.1#310	y1_HG00621.1	HG00621#1#JAHBCD010000011.1	22042698	22042748
y1_HG00621.1#311	y1_HG00621.1	HG00621#1#JAHBCD010000009.1	35537747	35537758
y1_HG00621.1#312	y1_HG00621.1	HG00621#1#JAHBCD010000028.1	22613623	22613673
y1_HG00621.1#313	y1_HG00621.1	HG00621#1#JAHBCD010000019.1	40698545	41082320
y1_HG00621.1#314	y1_HG00621.1	HG00621#1#JAHBCD010000031.1	25674535	25678482
y1_HG00621.1#315	y1_HG00621.1	HG00621#1#JAHBCD010000031.1	39437607	39437610
y1_HG00621.1#316	y1_HG00621.1	HG00621#1#JAHBCD010000017.1	38302509	38302715
y1_HG00621.1#317	y1_HG00621.1	HG00621#1#JAHBCD010000001.1	47094835	47125608
y1_HG00621.1#318	y1_HG00621.1	HG00621#1#JAHBCD010000035.1	19447842	19504414
y1_HG00621.1#319	y1_HG00621.1	HG00621#1#JAHBCD010000001.1	92470744	92471318
y1_HG00621.1#320	y1_HG00621.1	HG00621#1#JAHBCD010000005.1	50022783	50022969
y1_HG00621.1#321	y1_HG00621.1	HG00621#1#JAHBCD010000011.1	23145262	23145290
y1_HG00621.1#322	y1_HG00621.1	HG00621#1#JAHBCD010000194.1	127792	128057
y1_HG00621.1#323	y1_HG00621.1	HG00621#1#JAHBCD010000063.1	25534096	26372769
y1_HG00621.1#324	y1_HG00621.1	HG00621#1#JAHBCD010000002.1	11111063	11111090
y1_HG00621.1#325	y1_HG00621.1	HG00621#1#JAHBCD010000021.1	11305628	11305632
y1_HG00621.1#326	y1_HG00621.1	HG00621#1#JAHBCD010000055.1	2158618	2237120
y1_HG00621.1#327	y1_HG00621.1	HG00621#1#JAHBCD010000016.1	22686689	22686915
y1_HG00621.1#328	y1_HG00621.1	HG00621#1#JAHBCD010000024.1	19615930	19615937
y1_HG00621.1#329	y1_HG00621.1	HG00621#1#JAHBCD010000028.1	4712221	5459872
y1_HG00621.1#330	y1_HG00621.1	HG00621#1#JAHBCD010000107.1	3805252	4758255
y1_HG00621.1#331	y1_HG00621.1	HG00621#1#JAHBCD010000047.1	71975332	71994977
y1_HG00621.1#332	y1_HG00621.1	HG00621#1#JAHBCD010000052.1	8720121	8756264
y1_HG00621.1#333	y1_HG00621.1	HG00621#1#JAHBCD010000008.1	2703771	2706180
y1_HG00621.1#334	y1_HG00621.1	HG00621#1#JAHBCD010000005.1	72152615	72221030
y1_HG00621.1#335	y1_HG00621.1	HG00621#1#JAHBCD010000020.1	50011139	50015773
y1_HG00621.1#336	y1_HG00621.1	HG00621#1#JAHBCD010000035.1	12577780	12578502
y1_HG00621.1#337	y1_HG00621.1	HG00621#1#JAHBCD010000008.1	39165225	39165231
y1_HG00621.1#338	y1_HG00621.1	HG00621#1#JAHBCD010000024.1	3605746	4117394
y1_HG00621.1#339	y1_HG00621.1	HG00621#1#JAHBCD010000011.1	25113636	25113638
y1_HG00621.1#340	y1_HG00621.1	HG00621#1#JAHBCD010000047.1	86381903	86389000
y1_HG00621.1#341	y1_HG00621.1	HG00621#1#JAHBCD010000015.1	13458045	13470892
y1_HG00621.1#342	y1_HG00621.1	HG00621#1#JAHBCD010000109.1	16367117	16367120
y1_HG00621.1#343	y1_HG00621.1	HG00621#1#JAHBCD010000013.1	17571175	17571598
y1_HG00621.1#344	y1_HG00621.1	HG00621#1#JAHBCD010000063.1	17511624	17511629
y1_HG00621.1#345	y1_HG00621.1	HG00621#1#JAHBCD010000032.1	5751775	5751819
y1_HG00621.1#346	y1_HG00621.1	HG00621#1#JAHBCD010000011.1	18648708	18648715
y1_HG00621.1#347	y1_HG00621.1	HG00621#1#JAHBCD010000025.1	36273097	36273159
y1_HG00621.1#348	y1_HG00621.1	HG00621#1#JAHBCD010000070.1	5643080	5669137
y1_HG00621.1#349	y1_HG00621.1	HG00621#1#JAHBCD010000050.1	56560038	56560165
y1_HG00621.1#350	y1_HG00621.1	HG00621#1#JAHBCD010000022.1	1987558	1987572
y1_HG00621.1#351	y1_HG00621.1	HG00621#1#JAHBCD010000053.1	11803823	11805297
y1_HG00621.1#352	y1_HG00621.1	HG00621#1#JAHBCD010000006.1	24659000	24663477
y1_HG00621.1#353	y1_HG00621.1	HG00621#1#JAHBCD010000064.1	17577737	17577791
y1_HG00621.1#354	y1_HG00621.1	HG00621#1#JAHBCD010000010.1	85114785	85153429
y1_HG00621.1#355	y1_HG00621.1	HG00621#1#JAHBCD010000020.1	19661391	19911128
y1_HG00621.1#356	y1_HG00621.1	HG00621#1#JAHBCD010000042.1	1578085	1611236
y1_HG00621.1#357	y1_HG00621.1	HG00621#1#JAHBCD010000047.1	58500986	58500988
y1_HG00621.1#358	y1_HG00621.1	HG00621#1#JAHBCD010000009.1	64261569	64262459
y1_HG00621.1#359	y1_HG00621.1	HG00621#1#JAHBCD010000022.1	10614093	10812241
y1_HG00621.1#360	y1_HG00621.1	HG00621#1#JAHBCD010000100.1	13659229	13659541
y1_HG00621.1#361	y1_HG00621.1	HG00621#1#JAHBCD010000069.1	1608701	1656656
y1_HG00621.1#362	y1_HG00621.1	HG00621#1#JAHBCD010000064.1	37470492	37470569
y1_HG00621.1#363	y1_HG00621.1	HG00621#1#JAHBCD010000010.1	9905058	10096078
y1_HG00621.1#364	y1_HG00621.1	HG00621#1#JAHBCD010000001.1	4523318	4523337
y1_HG00621.1#365	y1_HG00621.1	HG00621#1#JAHBCD010000112.1	1720931	1720933
y1_HG00621.1#366	y1_HG00621.1	HG00621#1#JAHBCD010000080.1	4984882	4989841
y1_HG00621.1#367	y1_HG00621.1	HG00621#1#JAHBCD010000114.1	2106927	2107016
y1_HG00621.1#368	y1_HG00621.1	HG00621#1#JAHBCD010000024.1	52548603	52562423
y1_HG00621.1#369	y1_HG00621.1	HG00621#1#JAHBCD010000024.1	1484047	1484705
y1_HG00621.1#370	y1_HG00621.1	HG00621#1#JAHBCD010000082.1	8924166	8925365
y1_HG00621.1#371	y1_HG00621.1	HG00621#1#JAHBCD010000047.1	89002360	89002862
y1_HG00621.1#372	y1_HG00621.1	HG00621#1#JAHBCD010000080.1	4994691	4994808
y1_HG00621.1#373	y1_HG00621.1	HG00621#1#JAHBCD010000014.1	44982762	44982817
y1_HG00621.1#374	y1_HG00621.1	HG00621#1#JAHBCD010000027.1	12019855	12980468
y1_HG00621.1#375	y1_HG00621.1	HG00621#1#JAHBCD010000041.1	858077	858094
y1_HG00621.1#376	y1_HG00621.1	HG00621#1#JAHBCD010000011.1	35503277	35623083
y1_HG00621.1#377	y1_HG00621.1	HG00621#1#JAHBCD010000081.1	12936633	12936635
y1_HG00621.1#378	y1_HG00621.1	HG00621#1#JAHBCD010000010.1	36076093	36164879
y1_HG00621.1#379	y1_HG00621.1	HG00621#1#JAHBCD010000050.1	27631876	27631955
y1_HG00621.1#380	y1_HG00621.1	HG00621#1#JAHBCD010000050.1	50722444	50727674
y1_HG00621.1#381	y1_HG00621.1	HG00621#1#JAHBCD010000009.1	60988416	60988652
y1_HG00621.1#382	y1_HG00621.1	HG00621#1#JAHBCD010000001.1	67998548	67998550
y1_HG00621.1#383	y1_HG00621.1	HG00621#1#JAHBCD010000041.1	26010814	26010898
y1_HG00621.1#384	y1_HG00621.1	HG00621#1#JAHBCD010000027.1	18278011	18278013
y1_HG00621.1#385	y1_HG00621.1	HG00621#1#JAHBCD010000012.1	1414273	1414275
y1_HG00621.1#386	y1_HG00621.1	HG00621#1#JAHBCD010000037.1	15731992	15732038
y1_HG00621.1#387	y1_HG00621.1	HG00621#1#JAHBCD010000029.1	29443364	29443906
y1_HG00621.1#388	y1_HG00621.1	HG00621#1#JAHBCD010000108.1	3596801	3846072
y1_HG00621.1#389	y1_HG00621.1	HG00621#1#JAHBCD010000075.1	597563	597568
y1_HG00621.1#390	y1_HG00621.1	HG00621#1#JAHBCD010000017.1	40823587	41004499
y1_HG00621.1#391	y1_HG00621.1	HG00621#1#JAHBCD010000032.1	14440475	14442274
y1_HG00621.1#392	y1_HG00621.1	HG00621#1#JAHBCD010000032.1	32466507	32466600
y1_HG00621.1#393	y1_HG00621.1	HG00621#1#JAHBCD010000019.1	31543520	31543724
y1_HG00621.1#394	y1_HG00621.1	HG00621#1#JAHBCD010000014.1	29365239	29365432
y1_HG00621.1#395	y1_HG00621.1	HG00621#1#JAHBCD010000045.1	8760652	8760657
y1_HG00621.1#396	y1_HG00621.1	HG00621#1#JAHBCD010000034.1	23417954	23418028
y1_HG00621.1#397	y1_HG00621.1	HG00621#1#JAHBCD010000082.1	14552140	14552150
y1_HG00621.1#398	y1_HG00621.1	HG00621#1#JAHBCD010000005.1	55169260	55169672
y1_HG00621.1#399	y1_HG00621.1	HG00621#1#JAHBCD010000054.1	893807	1018285
y1_HG00621.1#400	y1_HG00621.1	HG00621#1#JAHBCD010000063.1	38545265	38546231
y1_HG00621.1#401	y1_HG00621.1	HG00621#1#JAHBCD010000014.1	15843346	15843348
y1_HG00621.1#402	y1_HG00621.1	HG00621#1#JAHBCD010000010.1	6683509	6685351
y1_HG00621.1#403	y1_HG00621.1	HG00621#1#JAHBCD010000022.1	34435252	34497855
y1_HG00621.1#404	y1_HG00621.1	HG00621#1#JAHBCD010000031.1	26578071	27158503
y1_HG00621.1#405	y1_HG00621.1	HG00621#1#JAHBCD010000110.1	11740096	11740103
y1_HG00621.1#406	y1_HG00621.1	HG00621#1#JAHBCD010000062.1	15344553	15344635
y1_HG00621.1#407	y1_HG00621.1	HG00621#1#JAHBCD010000032.1	45866397	45866410
y1_HG00621.1#408	y1_HG00621.1	HG00621#1#JAHBCD010000131.1	1267743	1523023
y1_HG00621.1#409	y1_HG00621.1	HG00621#1#JAHBCD010000002.1	6132041	6132077
y1_HG00621.1#410	y1_HG00621.1	HG00621#1#JAHBCD010000006.1	14271036	14271163
y1_HG00621.1#411	y1_HG00621.1	HG00621#1#JAHBCD010000041.1	75754870	76310978
y1_HG00621.1#412	y1_HG00621.1	HG00621#1#JAHBCD010000045.1	8628559	8628635
y1_HG00621.1#413	y1_HG00621.1	HG00621#1#JAHBCD010000011.1	37823116	37823253
y1_HG00621.1#414	y1_HG00621.1	HG00621#1#JAHBCD010000022.1	25348338	25352271
y1_HG00621.1#415	y1_HG00621.1	HG00621#1#JAHBCD010000009.1	80905596	80905627
y1_HG00621.1#416	y1_HG00621.1	HG00621#1#JAHBCD010000037.1	39505339	39506240
y1_HG00621.1#417	y1_HG00621.1	HG00621#1#JAHBCD010000005.1	68500609	68500613
y1_HG00621.1#418	y1_HG00621.1	HG00621#1#JAHBCD010000002.1	41675083	41675089
y1_HG00621.1#419	y1_HG00621.1	HG00621#1#JAHBCD010000088.1	1000939	1001578
y1_HG00621.1#420	y1_HG00621.1	HG00621#1#JAHBCD010000009.1	74783494	75394951
y1_HG00621.1#421	y1_HG00621.1	HG00621#1#JAHBCD010000017.1	19177869	19177875
y1_HG00621.1#422	y1_HG00621.1	HG00621#1#JAHBCD010000032.1	12399745	12399769
y1_HG00621.1#423	y1_HG00621.1	HG00621#1#JAHBCD010000018.1	1067475	1068748
y1_HG00621.1#424	y1_HG00621.1	HG00621#1#JAHBCD010000022.1	7332190	7334501
y1_HG00621.1#425	y1_HG00621.1	HG00621#1#JAHBCD010000017.1	12473981	12476050
y1_HG00621.1#426	y1_HG00621.1	HG00621#1#JAHBCD010000016.1	80762966	80790804
y1_HG00621.1#427	y1_HG00621.1	HG00621#1#JAHBCD010000001.1	65571735	66286249
y1_HG00621.1#428	y1_HG00621.1	HG00621#1#JAHBCD010000020.1	28799917	29169946
y1_HG00621.1#429	y1_HG00621.1	HG00621#1#JAHBCD010000027.1	21509686	21509688
y1_HG00621.1#430	y1_HG00621.1	HG00621#1#JAHBCD010000078.1	2298948	2298950
y1_HG00621.1#431	y1_HG00621.1	HG00621#1#JAHBCD010000050.1	37456397	37456399
y1_HG00621.1#432	y1_HG00621.1	HG00621#1#JAHBCD010000010.1	42870603	43269472
y1_HG00621.1#433	y1_HG00621.1	HG00621#1#JAHBCD010000014.1	51415102	51419330
y1_HG00621.1#434	y1_HG00621.1	HG00621#1#JAHBCD010000025.1	5197223	5198769
y1_HG00621.1#435	y1_HG00621.1	HG00621#1#JAHBCD010000064.1	8684496	8687242
y1_HG00621.1#436	y1_HG00621.1	HG00621#1#JAHBCD010000064.1	53166998	53167014
y1_HG00621.1#437	y1_HG00621.1	HG00621#1#JAHBCD010000048.1	9401636	9809300
y1_HG00621.1#438	y1_HG00621.1	HG00621#1#JAHBCD010000110.1	523720	523756
y1_HG00621.1#439	y1_HG00621.1	HG00621#1#JAHBCD010000021.1	39236231	39752620
y1_HG00621.1#440	y1_HG00621.1	HG00621#1#JAHBCD010000022.1	6110884	6120976
y1_HG00621.1#441	y1_HG00621.1	HG00621#1#JAHBCD010000088.1	2324034	2324262
y1_HG00621.1#442	y1_HG00621.1	HG00621#1#JAHBCD010000019.1	45317451	45348630
y1_HG00621.1#443	y1_HG00621.1	HG00621#1#JAHBCD010000041.1	42100311	42104561
y1_HG00621.1#444	y1_HG00621.1	HG00621#1#JAHBCD010000035.1	705274	705280
y1_HG00621.1#445	y1_HG00621.1	HG00621#1#JAHBCD010000039.1	12238771	12238774
y1_HG00621.1#446	y1_HG00621.1	HG00621#1#JAHBCD010000025.1	299553	624694
y1_HG00621.1#447	y1_HG00621.1	HG00621#1#JAHBCD010000084.1	5424435	5455606
y1_HG00621.1#448	y1_HG00621.1	HG00621#1#JAHBCD010000006.1	31617059	31617064
y1_HG00621.1#449	y1_HG00621.1	HG00621#1#JAHBCD010000017.1	7108904	7124902
y1_HG00621.1#450	y1_HG00621.1	HG00621#1#JAHBCD010000009.1	75723533	75723577
y1_HG00621.1#451	y1_HG00621.1	HG00621#1#JAHBCD010000063.1	7206667	7325769
y1_HG00621.1#452	y1_HG00621.1	HG00621#1#JAHBCD010000114.1	2803141	2803149
y1_HG00621.1#453	y1_HG00621.1	HG00621#1#JAHBCD010000001.1	40501585	40503329
y1_HG00621.1#454	y1_HG00621.1	HG00621#1#JAHBCD010000024.1	73179708	73181067
y1_HG00621.1#455	y1_HG00621.1	HG00621#1#JAHBCD010000017.1	29051557	29051559
y1_HG00621.1#456	y1_HG00621.1	HG00621#1#JAHBCD010000009.1	63974400	64413099
y1_HG00621.1#457	y1_HG00621.1	HG00621#1#JAHBCD010000012.1	8929409	8929633
y1_HG00621.1#458	y1_HG00621.1	HG00621#1#JAHBCD010000058.1	127034	127124
y1_HG00621.1#459	y1_HG00621.1	HG00621#1#JAHBCD010000077.1	809669	1657146
y1_HG00621.1#460	y1_HG00621.1	HG00621#1#JAHBCD010000001.1	10946581	10946589
y1_HG00621.1#461	y1_HG00621.1	HG00621#1#JAHBCD010000150.1	497127	497232
y1_HG00621.1#462	y1_HG00621.1	HG00621#1#JAHBCD010000026.1	30400622	30400632
y1_HG00621.1#463	y1_HG00621.1	HG00621#1#JAHBCD010000037.1	2017819	2017849
y1_HG00621.1#464	y1_HG00621.1	HG00621#1#JAHBCD010000088.1	1986654	1986656
y1_HG00621.1#465	y1_HG00621.1	HG00621#1#JAHBCD010000016.1	51513060	51514227
y1_HG00621.1#466	y1_HG00621.1	HG00621#1#JAHBCD010000024.1	67743807	67743886
y1_HG00621.1#467	y1_HG00621.1	HG00621#1#JAHBCD010000064.1	47250163	47250188
y1_HG00621.1#468	y1_HG00621.1	HG00621#1#JAHBCD010000039.1	6077493	6077515
y1_HG00621.1#469	y1_HG00621.1	HG00621#1#JAHBCD010000064.1	37219313	37219532
y1_HG00621.1#470	y1_HG00621.1	HG00621#1#JAHBCD010000043.1	871371	871390
y1_HG00621.1#471	y1_HG00621.1	HG00621#1#JAHBCD010000026.1	5644097	6536638
y1_HG00621.1#472	y1_HG00621.1	HG00621#1#JAHBCD010000043.1	3315178	3315180
y1_HG00621.1#473	y1_HG00621.1	HG00621#1#JAHBCD010000052.1	30228128	30229004
y1_HG00621.1#474	y1_HG00621.1	HG00621#1#JAHBCD010000100.1	399705	590490
y1_HG00621.1#475	y1_HG00621.1	HG00621#1#JAHBCD010000020.1	218362	224052
y1_HG00621.1#476	y1_HG00621.1	HG00621#1#JAHBCD010000052.1	13276262	13280766
y1_HG00621.1#477	y1_HG00621.1	HG00621#1#JAHBCD010000024.1	31647432	31647435
y1_HG00621.1#478	y1_HG00621.1	HG00621#1#JAHBCD010000019.1	188056	188102
y1_HG00621.1#479	y1_HG00621.1	HG00621#1#JAHBCD010000046.1	5417107	5535922
y1_HG00621.1#480	y1_HG00621.1	HG00621#1#JAHBCD010000037.1	1991182	2781314
y1_HG00621.1#481	y1_HG00621.1	HG00621#1#JAHBCD010000005.1	5394802	5394807
y1_HG00621.1#482	y1_HG00621.1	HG00621#1#JAHBCD010000048.1	24504645	24504659
y1_HG00621.1#483	y1_HG00621.1	HG00621#1#JAHBCD010000075.1	2327641	2328256
y1_HG00621.1#484	y1_HG00621.1	HG00621#1#JAHBCD010000089.1	538626	538726
y1_HG00621.1#485	y1_HG00621.1	HG00621#1#JAHBCD010000050.1	29426342	30203615
y1_HG00621.1#486	y1_HG00621.1	HG00621#1#JAHBCD010000001.1	42727843	42728064
y1_HG00621.1#487	y1_HG00621.1	HG00621#1#JAHBCD010000063.1	36989249	36995790
y1_HG00621.1#488	y1_HG00621.1	HG00621#1#JAHBCD010000015.1	11366186	11845212
y1_HG00621.1#489	y1_HG00621.1	HG00621#1#JAHBCD010000002.1	11971810	11971915
y1_HG00621.1#490	y1_HG00621.1	HG00621#1#JAHBCD010000045.1	6494686	6495135
y1_HG00621.1#491	y1_HG00621.1	HG00621#1#JAHBCD010000037.1	31362237	31362239
y1_HG00621.1#492	y1_HG00621.1	HG00621#1#JAHBCD010000005.1	26295493	26297952
y1_HG00621.1#493	y1_HG00621.1	HG00621#1#JAHBCD010000052.1	39857402	39857880
y1_HG00621.1#494	y1_HG00621.1	HG00621#1#JAHBCD010000062.1	33735552	33736275
y1_HG00621.1#495	y1_HG00621.1	HG00621#1#JAHBCD010000024.1	71850150	71850153
y1_HG00621.1#496	y1_HG00621.1	HG00621#1#JAHBCD010000021.1	43319106	43660937
y1_HG00621.1#497	y1_HG00621.1	HG00621#1#JAHBCD010000017.1	11159616	11812780
y1_HG00621.1#498	y1_HG00621.1	HG00621#1#JAHBCD010000021.1	59216630	59223317
y1_HG00621.1#499	y1_HG00621.1	HG00621#1#JAHBCD010000047.1	75626775	75626912
y1_HG00621.1#500	y1_HG00621.1	HG00621#1#JAHBCD010000054.1	2595582	2604588
y1_HG00621.1#501	y1_HG00621.1	HG00621#1#JAHBCD010000024.1	23875689	23876637
y1_HG00621.1#502	y1_HG00621.1	HG00621#1#JAHBCD010000022.1	69816945	69817208
y1_HG00621.1#503	y1_HG00621.1	HG00621#1#JAHBCD010000031.1	15968956	15991641
y1_HG00621.1#504	y1_HG00621.1	HG00621#1#JAHBCD010000062.1	16267894	16267922
y1_HG00621.1#505	y1_HG00621.1	HG00621#1#JAHBCD010000070.1	9645610	10584240
y1_HG00621.1#506	y1_HG00621.1	HG00621#1#JAHBCD010000064.1	48016604	48016655
y1_HG00621.1#507	y1_HG00621.1	HG00621#1#JAHBCD010000002.1	47237578	47237597
y1_HG00621.1#508	y1_HG00621.1	HG00621#1#JAHBCD010000010.1	75792711	75792758
y1_HG00621.1#509	y1_HG00621.1	HG00621#1#JAHBCD010000003.1	6650930	6651131
y1_HG00621.1#510	y1_HG00621.1	HG00621#1#JAHBCD010000032.1	27726006	27726012
y1_HG00621.1#511	y1_HG00621.1	HG00621#1#JAHBCD010000092.1	8957592	8957595
y1_HG00621.1#512	y1_HG00621.1	HG00621#1#JAHBCD010000020.1	33208122	33208807
y1_HG00621.1#513	y1_HG00621.1	HG00621#1#JAHBCD010000025.1	30698579	30709617
y1_HG00621.1#514	y1_HG00621.1	HG00621#1#JAHBCD010000021.1	10018373	10018514
y1_HG00621.1#515	y1_HG00621.1	HG00621#1#JAHBCD010000020.1	1131230	1131235
y1_HG00621.1#516	y1_HG00621.1	HG00621#1#JAHBCD010000006.1	20935357	20965243
y1_HG00621.1#517	y1_HG00621.1	HG00621#1#JAHBCD010000034.1	14784319	14797948
y1_HG00621.1#518	y1_HG00621.1	HG00621#1#JAHBCD010000034.1	6537153	6541647
y1_HG00621.1#519	y1_HG00621.1	HG00621#1#JAHBCD010000010.1	27892646	27914975
y1_HG00621.1#520	y1_HG00621.1	HG00621#1#JAHBCD010000110.1	6525570	6525748
y1_HG00621.1#521	y1_HG00621.1	HG00621#1#JAHBCD010000041.1	84218704	84220074
y1_HG00621.1#522	y1_HG00621.1	HG00621#1#JAHBCD010000035.1	20908796	20908897
y1_HG00621.1#523	y1_HG00621.1	HG00621#1#JAHBCD010000019.1	44421417	44430586
y1_HG00621.1#524	y1_HG00621.1	HG00621#1#JAHBCD010000062.1	44198862	44220840
y1_HG00621.1#525	y1_HG00621.1	HG00621#1#JAHBCD010000041.1	952324	1118701
y1_HG00621.1#526	y1_HG00621.1	HG00621#1#JAHBCD010000002.1	68428191	68428193
y1_HG00621.1#527	y1_HG00621.1	HG00621#1#JAHBCD010000006.1	10245893	10248014
y1_HG00621.1#528	y1_HG00621.1	HG00621#1#JAHBCD010000016.1	16338350	16421862
y1_HG00621.1#529	y1_HG00621.1	HG00621#1#JAHBCD010000052.1	12971799	12977744
y1_HG00621.1#530	y1_HG00621.1	HG00621#1#JAHBCD010000024.1	5872412	5872420
y1_HG00621.1#531	y1_HG00621.1	HG00621#1#JAHBCD010000017.1	22102887	22102891
y1_HG00621.1#532	y1_HG00621.1	HG00621#1#JAHBCD010000031.1	7628048	7665344
y1_HG00621.1#533	y1_HG00621.1	HG00621#1#JAHBCD010000034.1	17478116	17478156
y1_HG00621.1#534	y1_HG00621.1	HG00621#1#JAHBCD010000041.1	8143702	8143735
y1_HG00621.1#535	y1_HG00621.1	HG00621#1#JAHBCD010000078.1	7920249	7935409
y1_HG00621.1#536	y1_HG00621.1	HG00621#1#JAHBCD010000035.1	1051513	1051526
y1_HG00621.1#537	y1_HG00621.1	HG00621#1#JAHBCD010000008.1	31198328	31200993
y1_HG00621.1#538	y1_HG00621.1	HG00621#1#JAHBCD010000035.1	591158	597414
y1_HG00621.1#539	y1_HG00621.1	HG00621#1#JAHBCD010000010.1	79619687	79619692
y1_HG00621.1#540	y1_HG00621.1	HG00621#1#JAHBCD010000022.1	82817492	82818712
y1_HG00621.1#541	y1_HG00621.1	HG00621#1#JAHBCD010000001.1	99319515	99319902
y1_HG00621.1#542	y1_HG00621.1	HG00621#1#JAHBCD010000010.1	65843958	65843990
y1_HG00621.1#543	y1_HG00621.1	HG00621#1#JAHBCD010000033.1	46789137	47073219
y1_HG00621.1#544	y1_HG00621.1	HG00621#1#JAHBCD010000064.1	21986566	22010910
y1_HG00621.1#545	y1_HG00621.1	HG00621#1#JAHBCD010000010.1	5070663	5072236
y1_HG00621.1#546	y1_HG00621.1	HG00621#1#JAHBCD010000010.1	23119747	23487190
y1_HG00621.1#547	y1_HG00621.1	HG00621#1#JAHBCD010000100.1	12667491	12667493
y1_HG00621.1#548	y1_HG00621.1	HG00621#1#JAHBCD010000024.1	50043470	50043472
y1_HG00621.1#549	y1_HG00621.1	HG00621#1#JAHBCD010000041.1	12500186	12503481
y1_HG00621.1#550	y1_HG00621.1	HG00621#1#JAHBCD010000047.1	29023214	29023396
y1_HG00621.1#551	y1_HG00621.1	HG00621#1#JAHBCD010000063.1	9841125	10252159
y1_HG00621.1#552	y1_HG00621.1	HG00621#1#JAHBCD010000100.1	12789918	12789921
y1_HG00621.1#553	y1_HG00621.1	HG00621#1#JAHBCD010000005.1	29478770	29478773
y1_HG00621.1#554	y1_HG00621.1	HG00621#1#JAHBCD010000029.1	17780206	18714849
y1_HG00621.1#555	y1_HG00621.1	HG00621#1#JAHBCD010000005.1	83624838	84116617
y1_HG00621.1#556	y1_HG00621.1	HG00621#1#JAHBCD010000010.1	16138299	16186339
y1_HG00621.1#557	y1_HG00621.1	HG00621#1#JAHBCD010000024.1	35795899	35795989
y1_HG00621.1#558	y1_HG00621.1	HG00621#1#JAHBCD010000008.1	49384124	49384126
y1_HG00621.1#559	y1_HG00621.1	HG00621#1#JAHBCD010000028.1	36804242	36804247
y1_HG00621.1#560	y1_HG00621.1	HG00621#1#JAHBCD010000024.1	10167624	10176460
y1_HG00621.1#561	y1_HG00621.1	HG00621#1#JAHBCD010000022.1	46816734	46816736
y1_HG00621.1#562	y1_HG00621.1	HG00621#1#JAHBCD010000014.1	8317225	8317229
y1_HG00621.1#563	y1_HG00621.1	HG00621#1#JAHBCD010000017.1	5236670	5236676
y1_HG00621.1#564	y1_HG00621.1	HG00621#1#JAHBCD010000015.1	7053053	7053082
y1_HG00621.1#565	y1_HG00621.1	HG00621#1#JAHBCD010000025.1	26223024	26223035
y1_HG00621.1#566	y1_HG00621.1	HG00621#1#JAHBCD010000019.1	40592988	40593035
y1_HG00621.1#567	y1_HG00621.1	HG00621#1#JAHBCD010000017.1	25746928	25749020
y1_HG00621.1#568	y1_HG00621.1	HG00621#1#JAHBCD010000033.1	25027422	25027542
y1_HG00621.1#569	y1_HG00621.1	HG00621#1#JAHBCD010000108.1	2903813	2903815
y1_HG00621.1#570	y1_HG00621.1	HG00621#1#JAHBCD010000008.1	50395106	50407545
y1_HG00621.1#571	y1_HG00621.1	HG00621#1#JAHBCD010000063.1	29288291	29288341
y1_HG00621.1#572	y1_HG00621.1	HG00621#1#JAHBCD010000038.1	8731293	8733503
y1_HG00621.1#573	y1_HG00621.1	HG00621#1#JAHBCD010000039.1	13603808	13990561
y1_HG00621.1#574	y1_HG00621.1	HG00621#1#JAHBCD010000063.1	25297169	25297445
y1_HG00621.1#575	y1_HG00621.1	HG00621#1#JAHBCD010000014.1	30489499	30489503
y1_HG00621.1#576	y1_HG00621.1	HG00621#1#JAHBCD010000024.1	62503830	62503840
y1_HG00621.1#577	y1_HG00621.1	HG00621#1#JAHBCD010000055.1	12193439	12215757
y1_HG00621.1#578	y1_HG00621.1	HG00621#1#JAHBCD010000019.1	37934243	37934263
y1_HG00621.1#579	y1_HG00621.1	HG00621#1#JAHBCD010000028.1	26148102	26264717
y1_HG00621.1#580	y1_HG00621.1	HG00621#1#JAHBCD010000083.1	10581912	10581917
y1_HG00621.1#581	y1_HG00621.1	HG00621#1#JAHBCD010000014.1	28028605	28028607
y1_HG00621.1#582	y1_HG00621.1	HG00621#1#JAHBCD010000028.1	23816462	23816499
y1_HG00621.1#583	y1_HG00621.1	HG00621#1#JAHBCD010000082.1	20018940	20018970
y1_HG00621.1#584	y1_HG00621.1	HG00621#1#JAHBCD010000034.1	38167783	38418422
y1_HG00621.1#585	y1_HG00621.1	HG00621#1#JAHBCD010000060.1	1960508	1960510
y1_HG00621.1#586	y1_HG00621.1	HG00621#1#JAHBCD010000081.1	4738978	4739054
y1_HG00621.1#587	y1_HG00621.1	HG00621#1#JAHBCD010000011.1	3419736	3419740
y1_HG00621.1#588	y1_HG00621.1	HG00621#1#JAHBCD010000082.1	8313480	9177612
y1_HG00621.1#589	y1_HG00621.1	HG00621#1#JAHBCD010000033.1	1086306	1087177
y1_HG00621.1#590	y1_HG00621.1	HG00621#1#JAHBCD010000014.1	17984252	17984256
y1_HG00621.1#591	y1_HG00621.1	HG00621#1#JAHBCD010000070.1	1262620	1262627
y1_HG00621.1#592	y1_HG00621.1	HG00621#1#JAHBCD010000001.1	78140412	78140428
y1_HG00621.1#593	y1_HG00621.1	HG00621#1#JAHBCD010000001.1	45144772	45144780
y1_HG00621.1#594	y1_HG00621.1	HG00621#1#JAHBCD010000010.1	101085942	101085956
y1_HG00621.1#595	y1_HG00621.1	HG00621#1#JAHBCD010000104.1	9060602	9067208
y1_HG00621.1#596	y1_HG00621.1	HG00621#1#JAHBCD010000099.1	2896929	2916634
y1_HG00621.1#597	y1_HG00621.1	HG00621#1#JAHBCD010000001.1	67267115	67267257
y1_HG00621.1#598	y1_HG00621.1	HG00621#1#JAHBCD010000006.1	3810853	3815911
y1_HG00621.1#599	y1_HG00621.1	HG00621#1#JAHBCD010000097.1	945237	945456
y1_HG00621.1#600	y1_HG00621.1	HG00621#1#JAHBCD010000030.1	9670659	9673291
y1_HG00621.1#601	y1_HG00621.1	HG00621#1#JAHBCD010000109.1	6692749	6693191
y1_HG00621.1#602	y1_HG00621.1	HG00621#1#JAHBCD010000001.1	88605385	88610851
y1_HG00621.1#603	y1_HG00621.1	HG00621#1#JAHBCD010000005.1	11298512	11298651
y1_HG00621.1#604	y1_HG00621.1	HG00621#1#JAHBCD010000092.1	5738635	5760658
y1_HG00621.1#605	y1_HG00621.1	HG00621#1#JAHBCD010000055.1	22710118	22710132
y1_HG00621.1#606	y1_HG00621.1	HG00621#1#JAHBCD010000022.1	60959702	60959786
y1_HG00621.1#607	y1_HG00621.1	HG00621#1#JAHBCD010000055.1	1962964	1965432
y1_HG00621.1#608	y1_HG00621.1	HG00621#1#JAHBCD010000017.1	14383427	14385907
y1_HG00621.1#609	y1_HG00621.1	HG00621#1#JAHBCD010000011.1	50758720	50758758
y1_HG00621.1#610	y1_HG00621.1	HG00621#1#JAHBCD010000039.1	6327467	6327471
y1_HG00621.1#611	y1_HG00621.1	HG00621#1#JAHBCD010000011.1	21303047	21303837
y1_HG00621.1#612	y1_HG00621.1	HG00621#1#JAHBCD010000007.1	20004370	20004427
y1_HG00621.1#613	y1_HG00621.1	HG00621#1#JAHBCD010000053.1	4952432	4960296
y1_HG00621.1#614	y1_HG00621.1	HG00621#1#JAHBCD010000047.1	27312789	27312800
y1_HG00621.1#615	y1_HG00621.1	HG00621#1#JAHBCD010000031.1	45913102	45913105
y1_HG00621.1#616	y1_HG00621.1	HG00621#1#JAHBCD010000058.1	4528433	4528494
y1_HG00621.1#617	y1_HG00621.1	HG00621#1#JAHBCD010000005.1	11823264	11823266
y1_HG00621.1#618	y1_HG00621.1	HG00621#1#JAHBCD010000011.1	41194075	41194081
y1_HG00621.1#619	y1_HG00621.1	HG00621#1#JAHBCD010000022.1	4876298	4876308
y1_HG00621.1#620	y1_HG00621.1	HG00621#1#JAHBCD010000033.1	39449904	39450177
y1_HG00621.1#621	y1_HG00621.1	HG00621#1#JAHBCD010000021.1	24478884	24478971
y1_HG00621.1#622	y1_HG00621.1	HG00621#1#JAHBCD010000110.1	4459935	4461233
y1_HG00621.1#623	y1_HG00621.1	HG00621#1#JAHBCD010000016.1	36032133	36032136
y1_HG00621.1#624	y1_HG00621.1	HG00621#1#JAHBCD010000025.1	23152041	23152199
y1_HG00621.1#625	y1_HG00621.1	HG00621#1#JAHBCD010000026.1	24146466	24146586
y1_HG00621.1#626	y1_HG00621.1	HG00621#1#JAHBCD010000024.1	46375208	46375432
y1_HG00621.1#627	y1_HG00621.1	HG00621#1#JAHBCD010000006.1	17749609	18736878
y1_HG00621.1#628	y1_HG00621.1	HG00621#1#JAHBCD010000109.1	20659582	20659599
y1_HG00621.1#629	y1_HG00621.1	HG00621#1#JAHBCD010000002.1	19872305	19872311
y1_HG00621.1#630	y1_HG00621.1	HG00621#1#JAHBCD010000002.1	12974502	12974504
y1_HG00621.1#631	y1_HG00621.1	HG00621#1#JAHBCD010000022.1	45090821	45090849
y1_HG00621.1#632	y1_HG00621.1	HG00621#1#JAHBCD010000021.1	63280854	63289027
y1_HG00621.1#633	y1_HG00621.1	HG00621#1#JAHBCD010000031.1	44723423	44723556
y1_HG00621.1#634	y1_HG00621.1	HG00621#1#JAHBCD010000005.1	85122211	85122215
y1_HG00621.1#635	y1_HG00621.1	HG00621#1#JAHBCD010000084.1	1478257	1489478
y1_HG00621.1#636	y1_HG00621.1	HG00621#1#JAHBCD010000041.1	56518666	56519120
y1_HG00621.1#637	y1_HG00621.1	HG00621#1#JAHBCD010000041.1	55043375	55075253
y1_HG00621.1#638	y1_HG00621.1	HG00621#1#JAHBCD010000014.1	28963151	29334810
y1_HG00621.1#639	y1_HG00621.1	HG00621#1#JAHBCD010000009.1	33606415	33993534
y1_HG00621.1#640	y1_HG00621.1	HG00621#1#JAHBCD010000048.1	18014930	18015250
y1_HG00621.1#641	y1_HG00621.1	HG00621#1#JAHBCD010000009.1	6135396	6407255
y1_HG00621.1#642	y1_HG00621.1	HG00621#1#JAHBCD010000020.1	3430990	3430993
y1_HG00621.1#643	y1_HG00621.1	HG00621#1#JAHBCD010000162.1	277110	277126
y1_HG00621.1#644	y1_HG00621.1	HG00621#1#JAHBCD010000065.1	7616066	7616068
y1_HG00621.1#645	y1_HG00621.1	HG00621#1#JAHBCD010000001.1	83776181	83833255
y1_HG00621.1#646	y1_HG00621.1	HG00621#1#JAHBCD010000016.1	70729902	70775061
y1_HG00621.1#647	y1_HG00621.1	HG00621#1#JAHBCD010000021.1	40738513	41592177
y1_HG00621.1#648	y1_HG00621.1	HG00621#1#JAHBCD010000048.1	25711514	26635239
y1_HG00621.1#649	y1_HG00621.1	HG00621#1#JAHBCD010000072.1	13055015	13055714
y1_HG00621.1#650	y1_HG00621.1	HG00621#1#JAHBCD010000062.1	6609416	6609549
y1_HG00621.1#651	y1_HG00621.1	HG00621#1#JAHBCD010000010.1	28956493	28956501
y1_HG00621.1#652	y1_HG00621.1	HG00621#1#JAHBCD010000125.1	3201166	3201410
y1_HG00621.1#653	y1_HG00621.1	HG00621#1#JAHBCD010000005.1	34390582	34412233
y1_HG00621.1#654	y1_HG00621.1	HG00621#1#JAHBCD010000014.1	19419815	19419821
y1_HG00621.1#655	y1_HG00621.1	HG00621#1#JAHBCD010000002.1	67506727	67523309
y1_HG00621.1#656	y1_HG00621.1	HG00621#1#JAHBCD010000013.1	11176929	11202815
y1_HG00621.1#657	y1_HG00621.1	HG00621#1#JAHBCD010000221.1	9586	9591
y1_HG00621.1#658	y1_HG00621.1	HG00621#1#JAHBCD010000033.1	28884427	28884436
y1_HG00621.1#659	y1_HG00621.1	HG00621#1#JAHBCD010000031.1	21128039	21129563
y1_HG00621.1#660	y1_HG00621.1	HG00621#1#JAHBCD010000009.1	31798225	31798228
y1_HG00621.1#661	y1_HG00621.1	HG00621#1#JAHBCD010000022.1	80000793	80000961
y1_HG00621.1#662	y1_HG00621.1	HG00621#1#JAHBCD010000047.1	75888699	75998571
y1_HG00621.1#663	y1_HG00621.1	HG00621#1#JAHBCD010000082.1	4552294	4552993
y1_HG00621.1#664	y1_HG00621.1	HG00621#1#JAHBCD010000019.1	20700630	21478315
y1_HG00621.1#665	y1_HG00621.1	HG00621#1#JAHBCD010000006.1	5823678	5823953
y1_HG00621.1#666	y1_HG00621.1	HG00621#1#JAHBCD010000034.1	41105313	42018695
y1_HG00621.1#667	y1_HG00621.1	HG00621#1#JAHBCD010000017.1	19447789	19447794
y1_HG00621.1#668	y1_HG00621.1	HG00621#1#JAHBCD010000037.1	15375631	15377594
y1_HG00621.1#669	y1_HG00621.1	HG00621#1#JAHBCD010000026.1	27190314	28204177
y1_HG00621.1#670	y1_HG00621.1	HG00621#1#JAHBCD010000001.1	49650953	49806592
y1_HG00621.1#671	y1_HG00621.1	HG00621#1#JAHBCD010000034.1	14863158	14924194
y1_HG00621.1#672	y1_HG00621.1	HG00621#1#JAHBCD010000008.1	19948601	20470185
y1_HG00621.1#673	y1_HG00621.1	HG00621#1#JAHBCD010000066.1	18512531	18521734
y1_HG00621.1#674	y1_HG00621.1	HG00621#1#JAHBCD010000035.1	15041506	15041699
y1_HG00621.1#675	y1_HG00621.1	HG00621#1#JAHBCD010000034.1	52380639	52380761
y1_HG00621.1#676	y1_HG00621.1	HG00621#1#JAHBCD010000110.1	10795851	10795905
y1_HG00621.1#677	y1_HG00621.1	HG00621#1#JAHBCD010000008.1	36390025	36390039
y1_HG00621.1#678	y1_HG00621.1	HG00621#1#JAHBCD010000034.1	52017326	52276611
y1_HG00621.1#679	y1_HG00621.1	HG00621#1#JAHBCD010000022.1	90148914	90150473
y1_HG00621.1#680	y1_HG00621.1	HG00621#1#JAHBCD010000082.1	7961356	7961583
y1_HG00621.1#681	y1_HG00621.1	HG00621#1#JAHBCD010000075.1	3595826	3595830
y1_HG00621.1#682	y1_HG00621.1	HG00621#1#JAHBCD010000063.1	5695254	5695780
y1_HG00621.1#683	y1_HG00621.1	HG00621#1#JAHBCD010000062.1	41019338	41058617
y1_HG00621.1#684	y1_HG00621.1	HG00621#1#JAHBCD010000033.1	29532524	29547302
y1_HG00621.1#685	y1_HG00621.1	HG00621#1#JAHBCD010000068.1	3897289	3897291
y1_HG00621.1#686	y1_HG00621.1	HG00621#1#JAHBCD010000024.1	47789995	47791721
y1_HG00621.1#687	y1_HG00621.1	HG00621#1#JAHBCD010000047.1	36306882	37080896
y1_HG00621.1#688	y1_HG00621.1	HG00621#1#JAHBCD010000110.1	10667724	10672624
y1_HG00621.1#689	y1_HG00621.1	HG00621#1#JAHBCD010000010.1	91341112	91345493
y1_HG00621.1#690	y1_HG00621.1	HG00621#1#JAHBCD010000047.1	84569961	84570354
y1_HG00621.1#691	y1_HG00621.1	HG00621#1#JAHBCD010000082.1	29095026	29095120
y1_HG00621.1#692	y1_HG00621.1	HG00621#1#JAHBCD010000032.1	46423564	46423608
y1_HG00621.1#693	y1_HG00621.1	HG00621#1#JAHBCD010000020.1	31196695	31196818
y1_HG00621.1#694	y1_HG00621.1	HG00621#1#JAHBCD010000047.1	60635077	60878538
y1_HG00621.1#695	y1_HG00621.1	HG00621#1#JAHBCD010000009.1	69160029	69160846
y1_HG00621.1#696	y1_HG00621.1	HG00621#1#JAHBCD010000024.1	54216923	54559197
y1_HG00621.1#697	y1_HG00621.1	HG00621#1#JAHBCD010000051.1	1762810	1762812
y1_HG00621.1#698	y1_HG00621.1	HG00621#1#JAHBCD010000064.1	7935248	7935619
y1_HG00621.1#699	y1_HG00621.1	HG00621#1#JAHBCD010000063.1	11158074	11158076
y1_HG00621.1#700	y1_HG00621.1	HG00621#1#JAHBCD010000050.1	58699205	58702408
y1_HG00621.1#701	y1_HG00621.1	HG00621#1#JAHBCD010000001.1	187673	188097
y1_HG00621.1#702	y1_HG00621.1	HG00621#1#JAHBCD010000013.1	22466783	22468375
y1_HG00621.1#703	y1_HG00621.1	HG00621#1#JAHBCD010000051.1	810211	810213
y1_HG00621.1#704	y1_HG00621.1	HG00621#1#JAHBCD010000052.1	19502901	19866791
y1_HG00621.1#705	y1_HG00621.1	HG00621#1#JAHBCD010000097.1	3160140	3173355
y1_HG00621.1#706	y1_HG00621.1	HG00621#1#JAHBCD010000051.1	3148377	3851989
y1_HG00621.1#707	y1_HG00621.1	HG00621#1#JAHBCD010000001.1	7516459	7516675
y1_HG00621.1#708	y1_HG00621.1	HG00621#1#JAHBCD010000029.1	12903379	12904656
y1_HG00621.1#709	y1_HG00621.1	HG00621#1#JAHBCD010000019.1	36634956	36738663
y1_HG00621.1#710	y1_HG00621.1	HG00621#1#JAHBCD010000001.1	69505992	69690882
y1_HG00621.1#711	y1_HG00621.1	HG00621#1#JAHBCD010000062.1	7446639	7510400
y1_HG00621.1#712	y1_HG00621.1	HG00621#1#JAHBCD010000002.1	15163139	15173747
y1_HG00621.1#713	y1_HG00621.1	HG00621#1#JAHBCD010000033.1	55379942	55380616
y1_HG00621.1#714	y1_HG00621.1	HG00621#1#JAHBCD010000041.1	6610724	6610784
y1_HG00621.1#715	y1_HG00621.1	HG00621#1#JAHBCD010000002.1	45961578	45961601
y1_HG00621.1#716	y1_HG00621.1	HG00621#1#JAHBCD010000041.1	7599355	7599424
y1_HG00621.1#717	y1_HG00621.1	HG00621#1#JAHBCD010000001.1	63299128	63299172
y1_HG00621.1#718	y1_HG00621.1	HG00621#1#JAHBCD010000106.1	3923152	3932433
y1_HG00621.1#719	y1_HG00621.1	HG00621#1#JAHBCD010000041.1	61196262	61196265
y1_HG00621.1#720	y1_HG00621.1	HG00621#1#JAHBCD010000010.1	65545480	65651301
y1_HG00621.1#721	y1_HG00621.1	HG00621#1#JAHBCD010000032.1	35400733	35400736
y1_HG00621.1#722	y1_HG00621.1	HG00621#1#JAHBCD010000035.1	16164842	16164845
y1_HG00621.1#723	y1_HG00621.1	HG00621#1#JAHBCD010000012.1	263964	264118
y1_HG00621.1#724	y1_HG00621.1	HG00621#1#JAHBCD010000016.1	61956265	61956270
y1_HG00621.1#725	y1_HG00621.1	HG00621#1#JAHBCD010000055.1	36863873	36871797
y1_HG00621.1#726	y1_HG00621.1	HG00621#1#JAHBCD010000025.1	4093503	4118893
y1_HG00621.1#727	y1_HG00621.1	HG00621#1#JAHBCD010000055.1	6003640	6009656
y1_HG00621.1#728	y1_HG00621.1	HG00621#1#JAHBCD010000025.1	8863126	8866013
y1_HG00621.1#729	y1_HG00621.1	HG00621#1#JAHBCD010000009.1	58055432	58055434
y1_HG00621.1#730	y1_HG00621.1	HG00621#1#JAHBCD010000002.1	32026068	32130161
y1_HG00621.1#731	y1_HG00621.1	HG00621#1#JAHBCD010000063.1	1343348	1423858
y1_HG00621.1#732	y1_HG00621.1	HG00621#1#JAHBCD010000047.1	74937675	74937798
y1_HG00621.1#733	y1_HG00621.1	HG00621#1#JAHBCD010000001.1	70212933	70410043
y1_HG00621.1#734	y1_HG00621.1	HG00621#1#JAHBCD010000070.1	1159695	1159697
y1_HG00621.1#735	y1_HG00621.1	HG00621#1#JAHBCD010000191.1	86333	88424
y1_HG00621.1#736	y1_HG00621.1	HG00621#1#JAHBCD010000021.1	21317326	21317329
y1_HG00621.1#737	y1_HG00621.1	HG00621#1#JAHBCD010000034.1	33993032	33993072
y1_HG00621.1#738	y1_HG00621.1	HG00621#1#JAHBCD010000009.1	54509736	54509769
y1_HG00621.1#739	y1_HG00621.1	HG00621#1#JAHBCD010000002.1	16134271	16134306
y1_HG00621.1#740	y1_HG00621.1	HG00621#1#JAHBCD010000033.1	1560322	1560552
y1_HG00621.1#741	y1_HG00621.1	HG00621#1#JAHBCD010000021.1	37447403	37447405
y1_HG00621.1#742	y1_HG00621.1	HG00621#1#JAHBCD010000020.1	38344366	38344370
y1_HG00621.1#743	y1_HG00621.1	HG00621#1#JAHBCD010000011.1	49299577	49355228
y1_HG00621.1#744	y1_HG00621.1	HG00621#1#JAHBCD010000015.1	7547848	7547957
y1_HG00621.1#745	y1_HG00621.1	HG00621#1#JAHBCD010000028.1	18084451	18084459
y1_HG00621.1#746	y1_HG00621.1	HG00621#1#JAHBCD010000032.1	8310615	9252790
y1_HG00621.1#747	y1_HG00621.1	HG00621#1#JAHBCD010000011.1	27882926	27900708
y1_HG00621.1#748	y1_HG00621.1	HG00621#1#JAHBCD010000022.1	13550869	13550875
y1_HG00621.1#749	y1_HG00621.1	HG00621#1#JAHBCD010000006.1	9937169	9937171
y1_HG00621.1#750	y1_HG00621.1	HG00621#1#JAHBCD010000050.1	55440209	55481682
y1_HG00621.1#751	y1_HG00621.1	HG00621#1#JAHBCD010000041.1	62900496	62909708
y1_HG00621.1#752	y1_HG00621.1	HG00621#1#JAHBCD010000039.1	350703	351113
y1_HG00621.1#753	y1_HG00621.1	HG00621#1#JAHBCD010000033.1	44836457	44926385
y1_HG00621.1#754	y1_HG00621.1	HG00621#1#JAHBCD010000079.1	1463045	1465394
y1_HG00621.1#755	y1_HG00621.1	HG00621#1#JAHBCD010000002.1	73985615	74088044
y1_HG00621.1#756	y1_HG00621.1	HG00621#1#JAHBCD010000034.1	10743552	10743716
y1_HG00621.1#757	y1_HG00621.1	HG00621#1#JAHBCD010000030.1	4757217	5439962
y1_HG00621.1#758	y1_HG00621.1	HG00621#1#JAHBCD010000046.1	9371817	10013332
y1_HG00621.1#759	y1_HG00621.1	HG00621#1#JAHBCD010000025.1	25629767	25660727
y1_HG00621.1#760	y1_HG00621.1	HG00621#1#JAHBCD010000064.1	58874529	59386106
y1_HG00621.1#761	y1_HG00621.1	HG00621#1#JAHBCD010000006.1	3219166	3219909
y1_HG00621.1#762	y1_HG00621.1	HG00621#1#JAHBCD010000011.1	27174825	27465571
y1_HG00621.1#763	y1_HG00621.1	HG00621#1#JAHBCD010000041.1	79405757	79611563
y1_HG00621.1#764	y1_HG00621.1	HG00621#1#JAHBCD010000109.1	4694273	4694294
y1_HG00621.1#765	y1_HG00621.1	HG00621#1#JAHBCD010000032.1	26902532	26904952
y1_HG00621.1#766	y1_HG00621.1	HG00621#1#JAHBCD010000032.1	10739234	10739246
y1_HG00621.1#767	y1_HG00621.1	HG00621#1#JAHBCD010000010.1	43127733	43140995
y1_HG00621.1#768	y1_HG00621.1	HG00621#1#JAHBCD010000021.1	23240452	23247007
y1_HG00621.1#769	y1_HG00621.1	HG00621#1#JAHBCD010000024.1	21366447	21366454
y1_HG00621.1#770	y1_HG00621.1	HG00621#1#JAHBCD010000063.1	689379	689390
y1_HG00621.1#771	y1_HG00621.1	HG00621#1#JAHBCD010000080.1	6500448	6658554
y1_HG00621.1#772	y1_HG00621.1	HG00621#1#JAHBCD010000084.1	4608209	4648159
y1_HG00621.1#773	y1_HG00621.1	HG00621#1#JAHBCD010000063.1	19635338	19635477
y1_HG00621.1#774	y1_HG00621.1	HG00621#1#JAHBCD010000014.1	21063576	21063717
y1_HG00621.1#775	y1_HG00621.1	HG00621#1#JAHBCD010000032.1	7115999	7374659
y1_HG00621.1#776	y1_HG00621.1	HG00621#1#JAHBCD010000033.1	32798951	32834780
y1_HG00621.1#777	y1_HG00621.1	HG00621#1#JAHBCD010000005.1	29554485	29554495
y1_HG00621.1#778	y1_HG00621.1	HG00621#1#JAHBCD010000011.1	49158923	49158925
y1_HG00621.1#779	y1_HG00621.1	HG00621#1#JAHBCD010000026.1	21339235	21881171
y1_HG00621.1#780	y1_HG00621.1	HG00621#1#JAHBCD010000005.1	32171778	32174256
y1_HG00621.1#781	y1_HG00621.1	HG00621#1#JAHBCD010000055.1	7879643	7879728
y1_HG00621.1#782	y1_HG00621.1	HG00621#1#JAHBCD010000037.1	23519880	23534007
y1_HG00621.1#783	y1_HG00621.1	HG00621#1#JAHBCD010000100.1	8598506	8642980
y1_HG00621.1#784	y1_HG00621.1	HG00621#1#JAHBCD010000016.1	28496511	28496559
y1_HG00621.1#785	y1_HG00621.1	HG00621#1#JAHBCD010000024.1	41012820	41043795
y1_HG00621.1#786	y1_HG00621.1	HG00621#1#JAHBCD010000112.1	885691	907560
y1_HG00621.1#787	y1_HG00621.1	HG00621#1#JAHBCD010000027.1	624428	1068984
y1_HG00621.1#788	y1_HG00621.1	HG00621#1#JAHBCD010000016.1	32651482	33421486
y1_HG00621.1#789	y1_HG00621.1	HG00621#1#JAHBCD010000031.1	13316215	13316239
y1_HG00621.1#790	y1_HG00621.1	HG00621#1#JAHBCD010000014.1	26643296	26947522
y1_HG00621.1#791	y1_HG00621.1	HG00621#1#JAHBCD010000082.1	19128199	19452146
y1_HG00621.1#792	y1_HG00621.1	HG00621#1#JAHBCD010000028.1	12006968	12006976
y1_HG00621.1#793	y1_HG00621.1	HG00621#1#JAHBCD010000022.1	13556012	13556044
y1_HG00621.1#794	y1_HG00621.1	HG00621#1#JAHBCD010000050.1	59333190	59345173
y1_HG00621.1#795	y1_HG00621.1	HG00621#1#JAHBCD010000005.1	52191400	52193049
y1_HG00621.1#796	y1_HG00621.1	HG00621#1#JAHBCD010000009.1	35834795	35834797
y1_HG00621.1#797	y1_HG00621.1	HG00621#1#JAHBCD010000021.1	51973075	51973078
y1_HG00621.1#798	y1_HG00621.1	HG00621#1#JAHBCD010000013.1	18794714	18795720
y1_HG00621.1#799	y1_HG00621.1	HG00621#1#JAHBCD010000009.1	25931722	25950964
y1_HG00621.1#800	y1_HG00621.1	HG00621#1#JAHBCD010000005.1	33756561	34076031
y1_HG00621.1#801	y1_HG00621.1	HG00621#1#JAHBCD010000022.1	80536923	80580998
y1_HG00621.1#802	y1_HG00621.1	HG00621#1#JAHBCD010000109.1	28041183	28041242
y1_HG00621.1#803	y1_HG00621.1	HG00621#1#JAHBCD010000030.1	4535370	4535374
y1_HG00621.1#804	y1_HG00621.1	HG00621#1#JAHBCD010000042.1	2907660	2907673
y1_HG00621.1#805	y1_HG00621.1	HG00621#1#JAHBCD010000047.1	56980963	56980983
y1_HG00621.1#806	y1_HG00621.1	HG00621#1#JAHBCD010000031.1	33837478	33837482
y1_HG00621.1#807	y1_HG00621.1	HG00621#1#JAHBCD010000145.1	342549	652544
y1_HG00621.1#808	y1_HG00621.1	HG00621#1#JAHBCD010000055.1	11781011	11886911
y1_HG00621.1#809	y1_HG00621.1	HG00621#1#JAHBCD010000047.1	4327292	4327294
y1_HG00621.1#810	y1_HG00621.1	HG00621#1#JAHBCD010000010.1	100399198	100404747
y1_HG00621.1#811	y1_HG00621.1	HG00621#1#JAHBCD010000032.1	36723458	36724285
y1_HG00621.1#812	y1_HG00621.1	HG00621#1#JAHBCD010000027.1	1391015	1391706
y1_HG00621.1#813	y1_HG00621.1	HG00621#1#JAHBCD010000037.1	14931474	14933382
y1_HG00621.1#814	y1_HG00621.1	HG00621#1#JAHBCD010000022.1	80629160	80630129
y1_HG00621.1#815	y1_HG00621.1	HG00621#1#JAHBCD010000055.1	4842073	4842124
y1_HG00621.1#816	y1_HG00621.1	HG00621#1#JAHBCD010000112.1	2518208	2518217
y1_HG00621.1#817	y1_HG00621.1	HG00621#1#JAHBCD010000020.1	49388579	49388581
y1_HG00621.1#818	y1_HG00621.1	HG00621#1#JAHBCD010000002.1	4328743	4328796
y1_HG00621.1#819	y1_HG00621.1	HG00621#1#JAHBCD010000105.1	2621354	2622495
y1_HG00621.1#820	y1_HG00621.1	HG00621#1#JAHBCD010000014.1	21376313	21376377
y1_HG00621.1#821	y1_HG00621.1	HG00621#1#JAHBCD010000070.1	7340210	7340222
y1_HG00621.1#822	y1_HG00621.1	HG00621#1#JAHBCD010000024.1	45342278	45342549
y1_HG00621.1#823	y1_HG00621.1	HG00621#1#JAHBCD010000025.1	6308688	6351746
y1_HG00621.1#824	y1_HG00621.1	HG00621#1#JAHBCD010000015.1	15832797	15833207
y1_HG00621.1#825	y1_HG00621.1	HG00621#1#JAHBCD010000052.1	9130529	9160960
y1_HG00621.1#826	y1_HG00621.1	HG00621#1#JAHBCD010000023.1	10767602	10767653
y1_HG00621.1#827	y1_HG00621.1	HG00621#1#JAHBCD010000005.1	83852449	83852452
y1_HG00621.1#828	y1_HG00621.1	HG00621#1#JAHBCD010000028.1	33053919	33053921
y1_HG00621.1#829	y1_HG00621.1	HG00621#1#JAHBCD010000031.1	39903163	40523995
y1_HG00621.1#830	y1_HG00621.1	HG00621#1#JAHBCD010000011.1	1506741	1506743
y1_HG00621.1#831	y1_HG00621.1	HG00621#1#JAHBCD010000030.1	18478757	18478771
y1_HG00621.1#832	y1_HG00621.1	HG00621#1#JAHBCD010000009.1	54002833	54003656
y1_HG00621.1#833	y1_HG00621.1	HG00621#1#JAHBCD010000014.1	60351752	60351763
y1_HG00621.1#834	y1_HG00621.1	HG00621#1#JAHBCD010000014.1	34129392	34131078
y1_HG00621.1#835	y1_HG00621.1	HG00621#1#JAHBCD010000078.1	2718416	2743927
y1_HG00621.1#836	y1_HG00621.1	HG00621#1#JAHBCD010000063.1	36439473	36454905
y1_HG00621.1#837	y1_HG00621.1	HG00621#1#JAHBCD010000064.1	3997048	3997052
y1_HG00621.1#838	y1_HG00621.1	HG00621#1#JAHBCD010000047.1	51867776	52167154
y1_HG00621.1#839	y1_HG00621.1	HG00621#1#JAHBCD010000010.1	1114680	1114712
y1_HG00621.1#840	y1_HG00621.1	HG00621#1#JAHBCD010000072.1	13995436	13995753
y1_HG00621.1#841	y1_HG00621.1	HG00621#1#JAHBCD010000081.1	1593299	1593948
y1_HG00621.1#842	y1_HG00621.1	HG00621#1#JAHBCD010000009.1	67611610	67612700
y1_HG00621.1#843	y1_HG00621.1	HG00621#1#JAHBCD010000033.1	34384465	34505153
y1_HG00621.1#844	y1_HG00621.1	HG00621#1#JAHBCD010000103.1	374369	374384
y1_HG00621.1#845	y1_HG00621.1	HG00621#1#JAHBCD010000072.1	8838408	8838412
y1_HG00621.1#846	y1_HG00621.1	HG00621#1#JAHBCD010000009.1	53338422	53341821
y1_HG00621.1#847	y1_HG00621.1	HG00621#1#JAHBCD010000081.1	18289081	18291344
y1_HG00621.1#848	y1_HG00621.1	HG00621#1#JAHBCD010000014.1	23354348	23356380
y1_HG00621.1#849	y1_HG00621.1	HG00621#1#JAHBCD010000016.1	80955465	81225030
y1_HG00621.1#850	y1_HG00621.1	HG00621#1#JAHBCD010000158.1	276425	415454
y1_HG00621.1#851	y1_HG00621.1	HG00621#1#JAHBCD010000041.1	24648463	24648468
y1_HG00621.1#852	y1_HG00621.1	HG00621#1#JAHBCD010000006.1	9425970	9425981
y1_HG00621.1#853	y1_HG00621.1	HG00621#1#JAHBCD010000047.1	76062892	76082919
y1_HG00621.1#854	y1_HG00621.1	HG00621#1#JAHBCD010000018.1	409446	807050
y1_HG00621.1#855	y1_HG00621.1	HG00621#1#JAHBCD010000119.1	668351	668359
y1_HG00621.1#856	y1_HG00621.1	HG00621#1#JAHBCD010000062.1	42582666	42582719
y1_HG00621.1#857	y1_HG00621.1	HG00621#1#JAHBCD010000117.1	140684	140834
y1_HG00621.1#858	y1_HG00621.1	HG00621#1#JAHBCD010000034.1	12162879	12162900
y1_HG00621.1#859	y1_HG00621.1	HG00621#1#JAHBCD010000002.1	35634251	35635111
y1_HG00621.1#860	y1_HG00621.1	HG00621#1#JAHBCD010000011.1	37837065	37839163
y1_HG00621.1#861	y1_HG00621.1	HG00621#1#JAHBCD010000010.1	86633806	86633811
y1_HG00621.1#862	y1_HG00621.1	HG00621#1#JAHBCD010000020.1	54506393	54506511
y1_HG00621.1#863	y1_HG00621.1	HG00621#1#JAHBCD010000060.1	4191540	4191542
y1_HG00621.1#864	y1_HG00621.1	HG00621#1#JAHBCD010000065.1	9489638	9490932
y1_HG00621.1#865	y1_HG00621.1	HG00621#1#JAHBCD010000019.1	20835522	20835526
y1_HG00621.1#866	y1_HG00621.1	HG00621#1#JAHBCD010000047.1	35657340	35709866
y1_HG00621.1#867	y1_HG00621.1	HG00621#1#JAHBCD010000016.1	38869667	38869805
y1_HG00621.1#868	y1_HG00621.1	HG00621#1#JAHBCD010000034.1	42785021	42785028
y1_HG00621.1#869	y1_HG00621.1	HG00621#1#JAHBCD010000064.1	46158923	46159189
y1_HG00621.1#870	y1_HG00621.1	HG00621#1#JAHBCD010000022.1	21993203	22101605
y1_HG00621.1#871	y1_HG00621.1	HG00621#1#JAHBCD010000016.1	43482693	43486006
y1_HG00621.1#872	y1_HG00621.1	HG00621#1#JAHBCD010000002.1	51901411	51901414
y1_HG00621.1#873	y1_HG00621.1	HG00621#1#JAHBCD010000050.1	50761665	51125563
y1_HG00621.1#874	y1_HG00621.1	HG00621#1#JAHBCD010000100.1	7062147	7067243
y1_HG00621.1#875	y1_HG00621.1	HG00621#1#JAHBCD010000011.1	32235461	32235463
y1_HG00621.1#876	y1_HG00621.1	HG00621#1#JAHBCD010000052.1	16182527	16185214
y1_HG00621.1#877	y1_HG00621.1	HG00621#1#JAHBCD010000008.1	14858563	14868131
y1_HG00621.1#878	y1_HG00621.1	HG00621#1#JAHBCD010000036.1	855439	856401
y1_HG00621.1#879	y1_HG00621.1	HG00621#1#JAHBCD010000002.1	10795293	10795295
y1_HG00621.1#880	y1_HG00621.1	HG00621#1#JAHBCD010000075.1	2556594	2556857
y1_HG00621.1#881	y1_HG00621.1	HG00621#1#JAHBCD010000014.1	41100048	41142977
y1_HG00621.1#882	y1_HG00621.1	HG00621#1#JAHBCD010000064.1	44350838	44350842
y1_HG00621.1#883	y1_HG00621.1	HG00621#1#JAHBCD010000029.1	14223104	14407597
y1_HG00621.1#884	y1_HG00621.1	HG00621#1#JAHBCD010000025.1	37474727	37474739
y1_HG00621.1#885	y1_HG00621.1	HG00621#1#JAHBCD010000102.1	2723302	2723332
y1_HG00621.1#886	y1_HG00621.1	HG00621#1#JAHBCD010000032.1	14957170	14963050
y1_HG00621.1#887	y1_HG00621.1	HG00621#1#JAHBCD010000029.1	15100570	15100578
y1_HG00621.1#888	y1_HG00621.1	HG00621#1#JAHBCD010000047.1	82931896	82931944
y1_HG00621.1#889	y1_HG00621.1	HG00621#1#JAHBCD010000008.1	31853143	31853229
y1_HG00621.1#890	y1_HG00621.1	HG00621#1#JAHBCD010000006.1	16397814	16397922
y1_HG00621.1#891	y1_HG00621.1	HG00621#1#JAHBCD010000019.1	1168700	1168703
y1_HG00621.1#892	y1_HG00621.1	HG00621#1#JAHBCD010000002.1	77134079	77134123
y1_HG00621.1#893	y1_HG00621.1	HG00621#1#JAHBCD010000019.1	6269944	6887036
y1_HG00621.1#894	y1_HG00621.1	HG00621#1#JAHBCD010000025.1	34635290	34635397
y1_HG00621.1#895	y1_HG00621.1	HG00621#1#JAHBCD010000041.1	80568134	80889009
y1_HG00621.1#896	y1_HG00621.1	HG00621#1#JAHBCD010000070.1	4099787	4099796
y1_HG00621.1#897	y1_HG00621.1	HG00621#1#JAHBCD010000008.1	35826595	35983234
y1_HG00621.1#898	y1_HG00621.1	HG00621#1#JAHBCD010000028.1	42314190	42364547
y1_HG00621.1#899	y1_HG00621.1	HG00621#1#JAHBCD010000007.1	31352730	31365704
y1_HG00621.1#900	y1_HG00621.1	HG00621#1#JAHBCD010000019.1	9402506	9402728
y1_HG00621.1#901	y1_HG00621.1	HG00621#1#JAHBCD010000100.1	10826384	10843530
y1_HG00621.1#902	y1_HG00621.1	HG00621#1#JAHBCD010000024.1	18081692	18155195
y1_HG00621.1#903	y1_HG00621.1	HG00621#1#JAHBCD010000001.1	92673269	93216188
y1_HG00621.1#904	y1_HG00621.1	HG00621#1#JAHBCD010000022.1	15911699	15911703
y1_HG00621.1#905	y1_HG00621.1	HG00621#1#JAHBCD010000025.1	29599853	29600008
y1_HG00621.1#906	y1_HG00621.1	HG00621#1#JAHBCD010000034.1	44150030	44158886
y1_HG00621.1#907	y1_HG00621.1	HG00621#1#JAHBCD010000122.1	1500502	1500680
y1_HG00621.1#908	y1_HG00621.1	HG00621#1#JAHBCD010000063.1	14316915	14316946
y1_HG00621.1#909	y1_HG00621.1	HG00621#1#JAHBCD010000020.1	33451453	33457715
y1_HG00621.1#910	y1_HG00621.1	HG00621#1#JAHBCD010000069.1	8963523	8963545
y1_HG00621.1#911	y1_HG00621.1	HG00621#1#JAHBCD010000037.1	24383407	24383444
y1_HG00621.1#912	y1_HG00621.1	HG00621#1#JAHBCD010000063.1	24135630	24135637
y1_HG00621.1#913	y1_HG00621.1	HG00621#1#JAHBCD010000002.1	43385605	43385607
y1_HG00621.1#914	y1_HG00621.1	HG00621#1#JAHBCD010000029.1	25870491	25870543
y1_HG00621.1#915	y1_HG00621.1	HG00621#1#JAHBCD010000064.1	29549632	29583194
y1_HG00621.1#916	y1_HG00621.1	HG00621#1#JAHBCD010000001.1	74692044	74859731
y1_HG00621.1#917	y1_HG00621.1	HG00621#1#JAHBCD010000052.1	37919624	37920665
y1_HG00621.1#918	y1_HG00621.1	HG00621#1#JAHBCD010000010.1	86047724	86047726
y1_HG00621.1#919	y1_HG00621.1	HG00621#1#JAHBCD010000050.1	35602409	35602411
y1_HG00621.1#920	y1_HG00621.1	HG00621#1#JAHBCD010000072.1	13525743	14255906
y1_HG00621.1#921	y1_HG00621.1	HG00621#1#JAHBCD010000017.1	40142777	40143421
y1_HG00621.1#922	y1_HG00621.1	HG00621#1#JAHBCD010000002.1	88090756	88090837
y1_HG00621.1#923	y1_HG00621.1	HG00621#1#JAHBCD010000035.1	3821648	3821650
y1_HG00621.1#924	y1_HG00621.1	HG00621#1#JAHBCD010000052.1	8854596	8857176
y1_HG00621.1#925	y1_HG00621.1	HG00621#1#JAHBCD010000042.1	4220071	4248952
y1_HG00621.1#926	y1_HG00621.1	HG00621#1#JAHBCD010000037.1	10711422	10767570
y1_HG00621.1#927	y1_HG00621.1	HG00621#1#JAHBCD010000015.1	9004034	9013131
y1_HG00621.1#928	y1_HG00621.1	HG00621#1#JAHBCD010000092.1	787368	787813
y1_HG00621.1#929	y1_HG00621.1	HG00621#1#JAHBCD010000002.1	47927107	48003024
y1_HG00621.1#930	y1_HG00621.1	HG00621#1#JAHBCD010000024.1	31883732	31883781
y1_HG00621.1#931	y1_HG00621.1	HG00621#1#JAHBCD010000013.1	13069158	13359544
y1_HG00621.1#932	y1_HG00621.1	HG00621#1#JAHBCD010000100.1	2723460	2723491
y1_HG00621.1#933	y1_HG00621.1	HG00621#1#JAHBCD010000008.1	19496124	19496141
y1_HG00621.1#934	y1_HG00621.1	HG00621#1#JAHBCD010000022.1	73902922	73903442
y1_HG00621.1#935	y1_HG00621.1	HG00621#1#JAHBCD010000025.1	13036999	13037327
y1_HG00621.1#936	y1_HG00621.1	HG00621#1#JAHBCD010000024.1	54416109	55260816
y1_HG00621.1#937	y1_HG00621.1	HG00621#1#JAHBCD010000019.1	26978803	26978814
y1_HG00621.1#938	y1_HG00621.1	HG00621#1#JAHBCD010000047.1	58397678	58401916
y1_HG00621.1#939	y1_HG00621.1	HG00621#1#JAHBCD010000099.1	904376	905488
y1_HG00621.1#940	y1_HG00621.1	HG00621#1#JAHBCD010000034.1	20354455	20357402
y1_HG00621.1#941	y1_HG00621.1	HG00621#1#JAHBCD010000025.1	21386639	22065210
y1_HG00621.1#942	y1_HG00621.1	HG00621#1#JAHBCD010000047.1	33869276	33878095
y1_HG00621.1#943	y1_HG00621.1	HG00621#1#JAHBCD010000005.1	66942740	67286079
y1_HG00621.1#944	y1_HG00621.1	HG00621#1#JAHBCD010000065.1	8635483	8635525
y1_HG00621.1#945	y1_HG00621.1	HG00621#1#JAHBCD010000006.1	10233189	10312861
y1_HG00621.1#946	y1_HG00621.1	HG00621#1#JAHBCD010000041.1	48484423	48487577
y1_HG00621.1#947	y1_HG00621.1	HG00621#1#JAHBCD010000028.1	11201861	11201904
y1_HG00621.1#948	y1_HG00621.1	HG00621#1#JAHBCD010000013.1	19154350	19158269
y1_HG00621.1#949	y1_HG00621.1	HG00621#1#JAHBCD010000009.1	54683419	54686458
y1_HG00621.1#950	y1_HG00621.1	HG00621#1#JAHBCD010000028.1	22913276	22913307
y1_HG00621.1#951	y1_HG00621.1	HG00621#1#JAHBCD010000022.1	7945531	7945783
y1_HG00621.1#952	y1_HG00621.1	HG00621#1#JAHBCD010000026.1	31030305	31057157
y1_HG00621.1#953	y1_HG00621.1	HG00621#1#JAHBCD010000016.1	57643400	58355777
y1_HG00621.1#954	y1_HG00621.1	HG00621#1#JAHBCD010000005.1	23657823	23658099
y1_HG00621.1#955	y1_HG00621.1	HG00621#1#JAHBCD010000010.1	17477354	17485581
y1_HG00621.1#956	y1_HG00621.1	HG00621#1#JAHBCD010000064.1	8566383	8729173
y1_HG00621.1#957	y1_HG00621.1	HG00621#1#JAHBCD010000015.1	1989052	1989069
y1_HG00621.1#958	y1_HG00621.1	HG00621#1#JAHBCD010000022.1	83532538	83532637
y1_HG00621.1#959	y1_HG00621.1	HG00621#1#JAHBCD010000078.1	6362927	6381106
y1_HG00621.1#960	y1_HG00621.1	HG00621#1#JAHBCD010000051.1	2808630	2809065
y1_HG00621.1#961	y1_HG00621.1	HG00621#1#JAHBCD010000006.1	2515546	2515552
y1_HG00621.1#962	y1_HG00621.1	HG00621#1#JAHBCD010000032.1	16797863	16817940
y1_HG00621.1#963	y1_HG00621.1	HG00621#1#JAHBCD010000047.1	56972414	56972844
y1_HG00621.1#964	y1_HG00621.1	HG00621#1#JAHBCD010000025.1	13035518	13038195
y1_HG00621.1#965	y1_HG00621.1	HG00621#1#JAHBCD010000055.1	12962435	12962457
y1_HG00621.1#966	y1_HG00621.1	HG00621#1#JAHBCD010000034.1	11979029	11979033
y1_HG00621.1#967	y1_HG00621.1	HG00621#1#JAHBCD010000016.1	49282390	49282449
y1_HG00621.1#968	y1_HG00621.1	HG00621#1#JAHBCD010000052.1	14587479	14589561
y1_HG00621.1#969	y1_HG00621.1	HG00621#1#JAHBCD010000041.1	67627531	67638144
y1_HG00621.1#970	y1_HG00621.1	HG00621#1#JAHBCD010000026.1	12911451	12911466
y1_HG00621.1#971	y1_HG00621.1	HG00621#1#JAHBCD010000020.1	30693526	30696966
y1_HG00621.1#972	y1_HG00621.1	HG00621#1#JAHBCD010000037.1	15419475	15419477
y1_HG00621.1#973	y1_HG00621.1	HG00621#1#JAHBCD010000055.1	13395240	13893536
y1_HG00621.1#974	y1_HG00621.1	HG00621#1#JAHBCD010000158.1	665610	665623
y1_HG00621.1#975	y1_HG00621.1	HG00621#1#JAHBCD010000064.1	58830432	58832471
y1_HG00621.1#976	y1_HG00621.1	HG00621#1#JAHBCD010000030.1	4851536	4852038
y1_HG00621.1#977	y1_HG00621.1	HG00621#1#JAHBCD010000021.1	16840343	16934559
y1_HG00621.1#978	y1_HG00621.1	HG00621#1#JAHBCD010000010.1	4797468	4797470
y1_HG00621.1#979	y1_HG00621.1	HG00621#1#JAHBCD010000041.1	44767595	44767597
y1_HG00621.1#980	y1_HG00621.1	HG00621#1#JAHBCD010000021.1	214001	214007
y1_HG00621.1#981	y1_HG00621.1	HG00621#1#JAHBCD010000066.1	12773473	12880169
y1_HG00621.1#982	y1_HG00621.1	HG00621#1#JAHBCD010000089.1	683939	683947
y1_HG00621.1#983	y1_HG00621.1	HG00621#1#JAHBCD010000005.1	14758574	14758576
y1_HG00621.1#984	y1_HG00621.1	HG00621#1#JAHBCD010000014.1	46684008	46684055
y1_HG00621.1#985	y1_HG00621.1	HG00621#1#JAHBCD010000024.1	57063328	57063333
y1_HG00621.1#986	y1_HG00621.1	HG00621#1#JAHBCD010000044.1	14761	589637
y1_HG00621.1#987	y1_HG00621.1	HG00621#1#JAHBCD010000022.1	68053313	68059850
y1_HG00621.1#988	y1_HG00621.1	HG00621#1#JAHBCD010000093.1	585969	586650
y1_HG00621.1#989	y1_HG00621.1	HG00621#1#JAHBCD010000158.1	694126	998160
y1_HG00621.1#990	y1_HG00621.1	HG00621#1#JAHBCD010000055.1	4976209	4978241
y1_HG00621.1#991	y1_HG00621.1	HG00621#1#JAHBCD010000016.1	21523576	21635778
y1_HG00621.1#992	y1_HG00621.1	HG00621#1#JAHBCD010000006.1	26166457	26169768
y1_HG00621.1#993	y1_HG00621.1	HG00621#1#JAHBCD010000050.1	19798733	19798890
y1_HG00621.1#994	y1_HG00621.1	HG00621#1#JAHBCD010000037.1	19104489	19104506
y1_HG00621.1#995	y1_HG00621.1	HG00621#1#JAHBCD010000009.1	30536298	30536302
y1_HG00621.1#996	y1_HG00621.1	HG00621#1#JAHBCD010000041.1	48751508	48775774
y1_HG00621.1#997	y1_HG00621.1	HG00621#1#JAHBCD010000024.1	60854262	60854582
y1_HG00621.1#998	y1_HG00621.1	HG00621#1#JAHBCD010000097.1	287906	294214
y1_HG00621.1#999	y1_HG00621.1	HG00621#1#JAHBCD010000025.1	543287	812888
y1_HG00621.2#0	y1_HG00621.2	HG00621#2#JAHBCC010000038.1	846222	846224
y1_HG00621.2#1	y1_HG00621.2	HG00621#2#JAHBCC010000001.1	18853876	19555873
y1_HG00621.2#2	y1_HG00621.2	HG00621#2#JAHBCC010000055.1	29874144	29884775
y1_HG00621.2#3	y1_HG00621.2	HG00621#2#JAHBCC010000037.1	15430234	15430237
y1_HG00621.2#4	y1_HG00621.2	HG00621#2#JAHBCC010000060.1	37565207	37789134
y1_HG00621.2#5	y1_HG00621.2	HG00621#2#JAHBCC010000022.1	73368637	73368640
y1_HG00621.2#6	y1_HG00621.2	HG00621#2#JAHBCC010000078.1	7691508	7691588
y1_HG00621.2#7	y1_HG00621.2	HG00621#2#JAHBCC010000056.1	23007436	23007442
y1_HG00621.2#8	y1_HG00621.2	HG00621#2#JAHBCC010000025.1	15130972	15134787
y1_HG00621.2#9	y1_HG00621.2	HG00621#2#JAHBCC010000070.1	3183537	3183540
y1_HG00621.2#10	y1_HG00621.2	HG00621#2#JAHBCC010000008.1	61439057	61439283
y1_HG00621.2#11	y1_HG00621.2	HG00621#2#JAHBCC010000059.1	11299985	11468062
y1_HG00621.2#12	y1_HG00621.2	HG00621#2#JAHBCC010000007.1	2274634	2274692
y1_HG00621.2#13	y1_HG00621.2	HG00621#2#JAHBCC010000001.1	4245714	4245772
y1_HG00621.2#14	y1_HG00621.2	HG00621#2#JAHBCC010000038.1	8866179	8866265
y1_HG00621.2#15	y1_HG00621.2	HG00621#2#JAHBCC010000016.1	2495517	2495814
y1_HG00621.2#16	y1_HG00621.2	HG00621#2#JAHBCC010000028.1	5418724	5519945
y1_HG00621.2#17	y1_HG00621.2	HG00621#2#JAHBCC010000037.1	17135145	17136501
y1_HG00621.2#18	y1_HG00621.2	HG00621#2#JAHBCC010000119.1	59059	810279
y1_HG00621.2#19	y1_HG00621.2	HG00621#2#JAHBCC010000030.1	26496707	26496722
y1_HG00621.2#20	y1_HG00621.2	HG00621#2#JAHBCC010000006.1	115798492	115798497
y1_HG00621.2#21	y1_HG00621.2	HG00621#2#JAHBCC010000055.1	64160921	64160923
y1_HG00621.2#22	y1_HG00621.2	HG00621#2#JAHBCC010000019.1	27660042	27660160
y1_HG00621.2#23	y1_HG00621.2	HG00621#2#JAHBCC010000018.1	64828475	64851399
y1_HG00621.2#24	y1_HG00621.2	HG00621#2#JAHBCC010000019.1	25791576	25795929
y1_HG00621.2#25	y1_HG00621.2	HG00621#2#JAHBCC010000008.1	12184527	12187584
y1_HG00621.2#26	y1_HG00621.2	HG00621#2#JAHBCC010000005.1	11040455	11040541
y1_HG00621.2#27	y1_HG00621.2	HG00621#2#JAHBCC010000022.1	63223040	63223048
y1_HG00621.2#28	y1_HG00621.2	HG00621#2#JAHBCC010000045.1	50107104	50107139
y1_HG00621.2#29	y1_HG00621.2	HG00621#2#JAHBCC010000016.1	14248756	14248778
y1_HG00621.2#30	y1_HG00621.2	HG00621#2#JAHBCC010000005.1	847842	848447
y1_HG00621.2#31	y1_HG00621.2	HG00621#2#JAHBCC010000022.1	15422854	15457406
y1_HG00621.2#32	y1_HG00621.2	HG00621#2#JAHBCC010000006.1	36627341	36627352
y1_HG00621.2#33	y1_HG00621.2	HG00621#2#JAHBCC010000020.1	54648426	54683145
y1_HG00621.2#34	y1_HG00621.2	HG00621#2#JAHBCC010000018.1	26703004	26703985
y1_HG00621.2#35	y1_HG00621.2	HG00621#2#JAHBCC010000070.1	10417314	10419361
y1_HG00621.2#36	y1_HG00621.2	HG00621#2#JAHBCC010000018.1	30436982	30463578
y1_HG00621.2#37	y1_HG00621.2	HG00621#2#JAHBCC010000067.1	35234992	35254689
y1_HG00621.2#38	y1_HG00621.2	HG00621#2#JAHBCC010000039.1	60220438	60220472
y1_HG00621.2#39	y1_HG00621.2	HG00621#2#JAHBCC010000015.1	11533957	12304248
y1_HG00621.2#40	y1_HG00621.2	HG00621#2#JAHBCC010000001.1	26570244	26570248
y1_HG00621.2#41	y1_HG00621.2	HG00621#2#JAHBCC010000004.1	29311693	29314727
y1_HG00621.2#42	y1_HG00621.2	HG00621#2#JAHBCC010000095.1	7554195	7556081
y1_HG00621.2#43	y1_HG00621.2	HG00621#2#JAHBCC010000017.1	25098856	25098946
y1_HG00621.2#44	y1_HG00621.2	HG00621#2#JAHBCC010000039.1	60442773	60720487
y1_HG00621.2#45	y1_HG00621.2	HG00621#2#JAHBCC010000084.1	10637230	10640288
y1_HG00621.2#46	y1_HG00621.2	HG00621#2#JAHBCC010000037.1	23066946	23676896
y1_HG00621.2#47	y1_HG00621.2	HG00621#2#JAHBCC010000014.1	58067144	58079217
y1_HG00621.2#48	y1_HG00621.2	HG00621#2#JAHBCC010000018.1	62818234	62946692
y1_HG00621.2#49	y1_HG00621.2	HG00621#2#JAHBCC010000004.1	7811755	7841871
y1_HG00621.2#50	y1_HG00621.2	HG00621#2#JAHBCC010000053.1	26879477	26879736
y1_HG00621.2#51	y1_HG00621.2	HG00621#2#JAHBCC010000019.1	16574918	16574922
y1_HG00621.2#52	y1_HG00621.2	HG00621#2#JAHBCC010000066.1	4522727	4522729
y1_HG00621.2#53	y1_HG00621.2	HG00621#2#JAHBCC010000064.1	15373644	15373651
y1_HG00621.2#54	y1_HG00621.2	HG00621#2#JAHBCC010000033.1	4581563	4587024
y1_HG00621.2#55	y1_HG00621.2	HG00621#2#JAHBCC010000053.1	24257141	24259641
y1_HG00621.2#56	y1_HG00621.2	HG00621#2#JAHBCC010000075.1	240669	240688
y1_HG00621.2#57	y1_HG00621.2	HG00621#2#JAHBCC010000034.1	2199388	2199687
y1_HG00621.2#58	y1_HG00621.2	HG00621#2#JAHBCC010000026.1	29737069	29762750
y1_HG00621.2#59	y1_HG00621.2	HG00621#2#JAHBCC010000143.1	353751	353754
y1_HG00621.2#60	y1_HG00621.2	HG00621#2#JAHBCC010000056.1	22547392	22547402
y1_HG00621.2#61	y1_HG00621.2	HG00621#2#JAHBCC010000062.1	35415226	36262027
y1_HG00621.2#62	y1_HG00621.2	HG00621#2#JAHBCC010000014.1	2790706	2790733
y1_HG00621.2#63	y1_HG00621.2	HG00621#2#JAHBCC010000076.1	19082935	19083093
y1_HG00621.2#64	y1_HG00621.2	HG00621#2#JAHBCC010000039.1	31452144	31452164
y1_HG00621.2#65	y1_HG00621.2	HG00621#2#JAHBCC010000007.1	40690698	40691909
y1_HG00621.2#66	y1_HG00621.2	HG00621#2#JAHBCC010000028.1	46712751	46718731
y1_HG00621.2#67	y1_HG00621.2	HG00621#2#JAHBCC010000014.1	33849511	33879892
y1_HG00621.2#68	y1_HG00621.2	HG00621#2#JAHBCC010000024.1	23017066	23017071
y1_HG00621.2#69	y1_HG00621.2	HG00621#2#JAHBCC010000006.1	32928414	32972006
y1_HG00621.2#70	y1_HG00621.2	HG00621#2#JAHBCC010000045.1	37173515	37184598
y1_HG00621.2#71	y1_HG00621.2	HG00621#2#JAHBCC010000014.1	91787153	91787282
y1_HG00621.2#72	y1_HG00621.2	HG00621#2#JAHBCC010000039.1	67684323	67687422
y1_HG00621.2#73	y1_HG00621.2	HG00621#2#JAHBCC010000024.1	35774743	35804454
y1_HG00621.2#74	y1_HG00621.2	HG00621#2#JAHBCC010000007.1	31888328	31892627
y1_HG00621.2#75	y1_HG00621.2	HG00621#2#JAHBCC010000031.1	30149121	30581261
y1_HG00621.2#76	y1_HG00621.2	HG00621#2#JAHBCC010000037.1	53045734	53240552
y1_HG00621.2#77	y1_HG00621.2	HG00621#2#JAHBCC010000064.1	10320241	10366739
y1_HG00621.2#78	y1_HG00621.2	HG00621#2#JAHBCC010000062.1	21152711	21159953
y1_HG00621.2#79	y1_HG00621.2	HG00621#2#JAHBCC010000048.1	11673866	11674454
y1_HG00621.2#80	y1_HG00621.2	HG00621#2#JAHBCC010000049.1	14726208	14728959
y1_HG00621.2#81	y1_HG00621.2	HG00621#2#JAHBCC010000037.1	38768431	38828597
y1_HG00621.2#82	y1_HG00621.2	HG00621#2#JAHBCC010000031.1	36877448	36877456
y1_HG00621.2#83	y1_HG00621.2	HG00621#2#JAHBCC010000018.1	16192605	16193286
y1_HG00621.2#84	y1_HG00621.2	HG00621#2#JAHBCC010000008.1	32058724	32058892
y1_HG00621.2#85	y1_HG00621.2	HG00621#2#JAHBCC010000037.1	7150335	7717984
y1_HG00621.2#86	y1_HG00621.2	HG00621#2#JAHBCC010000076.1	22159309	22159312
y1_HG00621.2#87	y1_HG00621.2	HG00621#2#JAHBCC010000031.1	5764363	5764371
y1_HG00621.2#88	y1_HG00621.2	HG00621#2#JAHBCC010000078.1	8555307	8556793
y1_HG00621.2#89	y1_HG00621.2	HG00621#2#JAHBCC010000001.1	32253248	32826869
y1_HG00621.2#90	y1_HG00621.2	HG00621#2#JAHBCC010000024.1	28456240	28460722
y1_HG00621.2#91	y1_HG00621.2	HG00621#2#JAHBCC010000067.1	36635534	36635538
y1_HG00621.2#92	y1_HG00621.2	HG00621#2#JAHBCC010000067.1	40242859	40247512
y1_HG00621.2#93	y1_HG00621.2	HG00621#2#JAHBCC010000054.1	5817494	6374692
y1_HG00621.2#94	y1_HG00621.2	HG00621#2#JAHBCC010000018.1	16375978	16376112
y1_HG00621.2#95	y1_HG00621.2	HG00621#2#JAHBCC010000067.1	30198196	30243693
y1_HG00621.2#96	y1_HG00621.2	HG00621#2#JAHBCC010000076.1	25805253	25816512
y1_HG00621.2#97	y1_HG00621.2	HG00621#2#JAHBCC010000008.1	73058554	73069758
y1_HG00621.2#98	y1_HG00621.2	HG00621#2#JAHBCC010000005.1	25158146	25172231
y1_HG00621.2#99	y1_HG00621.2	HG00621#2#JAHBCC010000053.1	14656265	14664779
y1_HG00621.2#100	y1_HG00621.2	HG00621#2#JAHBCC010000003.1	17513829	18287901
y1_HG00621.2#101	y1_HG00621.2	HG00621#2#JAHBCC010000067.1	29295562	29295564
y1_HG00621.2#102	y1_HG00621.2	HG00621#2#JAHBCC010000056.1	11450473	11461158
y1_HG00621.2#103	y1_HG00621.2	HG00621#2#JAHBCC010000041.1	3550598	3551624
y1_HG00621.2#104	y1_HG00621.2	HG00621#2#JAHBCC010000028.1	23321108	23533348
y1_HG00621.2#105	y1_HG00621.2	HG00621#2#JAHBCC010000021.1	1689082	1692816
y1_HG00621.2#106	y1_HG00621.2	HG00621#2#JAHBCC010000020.1	253011	256118
y1_HG00621.2#107	y1_HG00621.2	HG00621#2#JAHBCC010000004.1	17905347	17915597
y1_HG00621.2#108	y1_HG00621.2	HG00621#2#JAHBCC010000054.1	10646940	10758959
y1_HG00621.2#109	y1_HG00621.2	HG00621#2#JAHBCC010000008.1	70406943	70406946
y1_HG00621.2#110	y1_HG00621.2	HG00621#2#JAHBCC010000017.1	24422693	24736661
y1_HG00621.2#111	y1_HG00621.2	HG00621#2#JAHBCC010000033.1	31239893	31239915
y1_HG00621.2#112	y1_HG00621.2	HG00621#2#JAHBCC010000005.1	4525385	5463145
y1_HG00621.2#113	y1_HG00621.2	HG00621#2#JAHBCC010000020.1	85175208	85175767
y1_HG00621.2#114	y1_HG00621.2	HG00621#2#JAHBCC010000022.1	10318517	10339361
y1_HG00621.2#115	y1_HG00621.2	HG00621#2#JAHBCC010000020.1	88052016	88071713
y1_HG00621.2#116	y1_HG00621.2	HG00621#2#JAHBCC010000037.1	7593482	7595194
y1_HG00621.2#117	y1_HG00621.2	HG00621#2#JAHBCC010000039.1	74437351	75169378
y1_HG00621.2#118	y1_HG00621.2	HG00621#2#JAHBCC010000028.1	5898397	5899747
y1_HG00621.2#119	y1_HG00621.2	HG00621#2#JAHBCC010000023.1	12155068	12158776
y1_HG00621.2#120	y1_HG00621.2	HG00621#2#JAHBCC010000006.1	22247118	22247129
y1_HG00621.2#121	y1_HG00621.2	HG00621#2#JAHBCC010000033.1	9047785	9047790
y1_HG00621.2#122	y1_HG00621.2	HG00621#2#JAHBCC010000031.1	24564504	24575258
y1_HG00621.2#123	y1_HG00621.2	HG00621#2#JAHBCC010000013.1	11983169	11983380
y1_HG00621.2#124	y1_HG00621.2	HG00621#2#JAHBCC010000006.1	5789139	5789142
y1_HG00621.2#125	y1_HG00621.2	HG00621#2#JAHBCC010000006.1	37077378	37077401
y1_HG00621.2#126	y1_HG00621.2	HG00621#2#JAHBCC010000042.1	4714279	4718265
y1_HG00621.2#127	y1_HG00621.2	HG00621#2#JAHBCC010000066.1	50240016	50240112
y1_HG00621.2#128	y1_HG00621.2	HG00621#2#JAHBCC010000058.1	4793892	4793925
y1_HG00621.2#129	y1_HG00621.2	HG00621#2#JAHBCC010000003.1	16664142	16789665
y1_HG00621.2#130	y1_HG00621.2	HG00621#2#JAHBCC010000058.1	6375296	6375325
y1_HG00621.2#131	y1_HG00621.2	HG00621#2#JAHBCC010000065.1	18202486	18202527
y1_HG00621.2#132	y1_HG00621.2	HG00621#2#JAHBCC010000065.1	2344146	2985855
y1_HG00621.2#133	y1_HG00621.2	HG00621#2#JAHBCC010000022.1	6803780	6804397
y1_HG00621.2#134	y1_HG00621.2	HG00621#2#JAHBCC010000061.1	2342475	3124362
y1_HG00621.2#135	y1_HG00621.2	HG00621#2#JAHBCC010000005.1	51249267	51377834
y1_HG00621.2#136	y1_HG00621.2	HG00621#2#JAHBCC010000024.1	72070919	72072501
y1_HG00621.2#137	y1_HG00621.2	HG00621#2#JAHBCC010000028.1	18155535	18577930
y1_HG00621.2#138	y1_HG00621.2	HG00621#2#JAHBCC010000022.1	83754518	83754830
y1_HG00621.2#139	y1_HG00621.2	HG00621#2#JAHBCC010000025.1	15154327	15154448
y1_HG00621.2#140	y1_HG00621.2	HG00621#2#JAHBCC010000058.1	6683853	7707420
y1_HG00621.2#141	y1_HG00621.2	HG00621#2#JAHBCC010000020.1	72722355	72722357
y1_HG00621.2#142	y1_HG00621.2	HG00621#2#JAHBCC010000020.1	45363499	45363504
y1_HG00621.2#143	y1_HG00621.2	HG00621#2#JAHBCC010000022.1	1071532	1072242
y1_HG00621.2#144	y1_HG00621.2	HG00621#2#JAHBCC010000006.1	89700972	90707570
y1_HG00621.2#145	y1_HG00621.2	HG00621#2#JAHBCC010000033.1	53955779	53956626
y1_HG00621.2#146	y1_HG00621.2	HG00621#2#JAHBCC010000005.1	8690682	8732746
y1_HG00621.2#147	y1_HG00621.2	HG00621#2#JAHBCC010000074.1	5757711	5757715
y1_HG00621.2#148	y1_HG00621.2	HG00621#2#JAHBCC010000029.1	7239428	7257153
y1_HG00621.2#149	y1_HG00621.2	HG00621#2#JAHBCC010000039.1	42445799	42520181
y1_HG00621.2#150	y1_HG00621.2	HG00621#2#JAHBCC010000034.1	22910711	22912450
y1_HG00621.2#151	y1_HG00621.2	HG00621#2#JAHBCC010000049.1	26209313	26240750
y1_HG00621.2#152	y1_HG00621.2	HG00621#2#JAHBCC010000003.1	4519272	4524819
y1_HG00621.2#153	y1_HG00621.2	HG00621#2#JAHBCC010000006.1	35171700	35650500
y1_HG00621.2#154	y1_HG00621.2	HG00621#2#JAHBCC010000008.1	36755181	36762115
y1_HG00621.2#155	y1_HG00621.2	HG00621#2#JAHBCC010000055.1	39838266	39840581
y1_HG00621.2#156	y1_HG00621.2	HG00621#2#JAHBCC010000015.1	1470636	1470901
y1_HG00621.2#157	y1_HG00621.2	HG00621#2#JAHBCC010000037.1	44101285	44116301
y1_HG00621.2#158	y1_HG00621.2	HG00621#2#JAHBCC010000067.1	17724974	17738939
y1_HG00621.2#159	y1_HG00621.2	HG00621#2#JAHBCC010000059.1	8674707	8700779
y1_HG00621.2#160	y1_HG00621.2	HG00621#2#JAHBCC010000019.1	48741092	48745057
y1_HG00621.2#161	y1_HG00621.2	HG00621#2#JAHBCC010000066.1	24609776	24609781
y1_HG00621.2#162	y1_HG00621.2	HG00621#2#JAHBCC010000132.1	792189	829099
y1_HG00621.2#163	y1_HG00621.2	HG00621#2#JAHBCC010000053.1	7583051	7585268
y1_HG00621.2#164	y1_HG00621.2	HG00621#2#JAHBCC010000020.1	83007273	83007470
y1_HG00621.2#165	y1_HG00621.2	HG00621#2#JAHBCC010000066.1	15137720	15204276
y1_HG00621.2#166	y1_HG00621.2	HG00621#2#JAHBCC010000024.1	6703316	6815463
y1_HG00621.2#167	y1_HG00621.2	HG00621#2#JAHBCC010000083.1	3120219	3120442
y1_HG00621.2#168	y1_HG00621.2	HG00621#2#JAHBCC010000034.1	7722223	7722409
y1_HG00621.2#169	y1_HG00621.2	HG00621#2#JAHBCC010000018.1	33165378	33508007
y1_HG00621.2#170	y1_HG00621.2	HG00621#2#JAHBCC010000039.1	21611430	21612815
y1_HG00621.2#171	y1_HG00621.2	HG00621#2#JAHBCC010000034.1	52327475	52598587
y1_HG00621.2#172	y1_HG00621.2	HG00621#2#JAHBCC010000077.1	1045796	1045804
y1_HG00621.2#173	y1_HG00621.2	HG00621#2#JAHBCC010000001.1	9591090	9593430
y1_HG00621.2#174	y1_HG00621.2	HG00621#2#JAHBCC010000007.1	9024332	9024335
y1_HG00621.2#175	y1_HG00621.2	HG00621#2#JAHBCC010000033.1	85096457	85173305
y1_HG00621.2#176	y1_HG00621.2	HG00621#2#JAHBCC010000037.1	19984314	19993664
y1_HG00621.2#177	y1_HG00621.2	HG00621#2#JAHBCC010000024.1	1732484	1817117
y1_HG00621.2#178	y1_HG00621.2	HG00621#2#JAHBCC010000006.1	31494545	31495183
y1_HG00621.2#179	y1_HG00621.2	HG00621#2#JAHBCC010000060.1	7075100	7077445
y1_HG00621.2#180	y1_HG00621.2	HG00621#2#JAHBCC010000038.1	4991914	5009257
y1_HG00621.2#181	y1_HG00621.2	HG00621#2#JAHBCC010000003.1	6870865	6872340
y1_HG00621.2#182	y1_HG00621.2	HG00621#2#JAHBCC010000046.1	588656	590092
y1_HG00621.2#183	y1_HG00621.2	HG00621#2#JAHBCC010000009.1	8130304	8130613
y1_HG00621.2#184	y1_HG00621.2	HG00621#2#JAHBCC010000033.1	54954724	54954759
y1_HG00621.2#185	y1_HG00621.2	HG00621#2#JAHBCC010000018.1	9931129	10727483
y1_HG00621.2#186	y1_HG00621.2	HG00621#2#JAHBCC010000046.1	1248916	1248924
y1_HG00621.2#187	y1_HG00621.2	HG00621#2#JAHBCC010000005.1	49900340	49932944
y1_HG00621.2#188	y1_HG00621.2	HG00621#2#JAHBCC010000066.1	59768990	59769047
y1_HG00621.2#189	y1_HG00621.2	HG00621#2#JAHBCC010000022.1	40648348	40648430
y1_HG00621.2#190	y1_HG00621.2	HG00621#2#JAHBCC010000037.1	1602931	1602976
y1_HG00621.2#191	y1_HG00621.2	HG00621#2#JAHBCC010000016.1	5573480	5573492
y1_HG00621.2#192	y1_HG00621.2	HG00621#2#JAHBCC010000036.1	15936847	15936874
y1_HG00621.2#193	y1_HG00621.2	HG00621#2#JAHBCC010000019.1	7389409	7577775
y1_HG00621.2#194	y1_HG00621.2	HG00621#2#JAHBCC010000062.1	12517386	12517390
y1_HG00621.2#195	y1_HG00621.2	HG00621#2#JAHBCC010000034.1	25209339	25209350
y1_HG00621.2#196	y1_HG00621.2	HG00621#2#JAHBCC010000005.1	51137083	51171704
y1_HG00621.2#197	y1_HG00621.2	HG00621#2#JAHBCC010000064.1	10023933	10024095
y1_HG00621.2#198	y1_HG00621.2	HG00621#2#JAHBCC010000045.1	1554645	1554664
y1_HG00621.2#199	y1_HG00621.2	HG00621#2#JAHBCC010000004.1	4650961	4650998
y1_HG00621.2#200	y1_HG00621.2	HG00621#2#JAHBCC010000039.1	9026125	9029574
y1_HG00621.2#201	y1_HG00621.2	HG00621#2#JAHBCC010000024.1	37317988	37329067
y1_HG00621.2#202	y1_HG00621.2	HG00621#2#JAHBCC010000049.1	9892245	9998888
y1_HG00621.2#203	y1_HG00621.2	HG00621#2#JAHBCC010000076.1	10306176	10306258
y1_HG00621.2#204	y1_HG00621.2	HG00621#2#JAHBCC010000020.1	77999504	77999886
y1_HG00621.2#205	y1_HG00621.2	HG00621#2#JAHBCC010000027.1	13877473	13877611
y1_HG00621.2#206	y1_HG00621.2	HG00621#2#JAHBCC010000028.1	45842567	45842572
y1_HG00621.2#207	y1_HG00621.2	HG00621#2#JAHBCC010000051.1	16134523	16134525
y1_HG00621.2#208	y1_HG00621.2	HG00621#2#JAHBCC010000009.1	20305951	20311986
y1_HG00621.2#209	y1_HG00621.2	HG00621#2#JAHBCC010000070.1	8119376	8119378
y1_HG00621.2#210	y1_HG00621.2	HG00621#2#JAHBCC010000009.1	13527683	13527686
y1_HG00621.2#211	y1_HG00621.2	HG00621#2#JAHBCC010000039.1	40844059	40846048
y1_HG00621.2#212	y1_HG00621.2	HG00621#2#JAHBCC010000053.1	23699747	23700230
y1_HG00621.2#213	y1_HG00621.2	HG00621#2#JAHBCC010000013.1	17174620	17174622
y1_HG00621.2#214	y1_HG00621.2	HG00621#2#JAHBCC010000066.1	14157003	14157007
y1_HG00621.2#215	y1_HG00621.2	HG00621#2#JAHBCC010000037.1	12518526	12557973
y1_HG00621.2#216	y1_HG00621.2	HG00621#2#JAHBCC010000019.1	40194704	40194707
y1_HG00621.2#217	y1_HG00621.2	HG00621#2#JAHBCC010000060.1	21218735	21220741
y1_HG00621.2#218	y1_HG00621.2	HG00621#2#JAHBCC010000062.1	9047099	9067049
y1_HG00621.2#219	y1_HG00621.2	HG00621#2#JAHBCC010000075.1	9374455	9376311
y1_HG00621.2#220	y1_HG00621.2	HG00621#2#JAHBCC010000003.1	22762273	22792453
y1_HG00621.2#221	y1_HG00621.2	HG00621#2#JAHBCC010000045.1	34592787	34593076
y1_HG00621.2#222	y1_HG00621.2	HG00621#2#JAHBCC010000054.1	14557665	14799517
y1_HG00621.2#223	y1_HG00621.2	HG00621#2#JAHBCC010000055.1	59051400	59585626
y1_HG00621.2#224	y1_HG00621.2	HG00621#2#JAHBCC010000032.1	11103092	11106444
y1_HG00621.2#225	y1_HG00621.2	HG00621#2#JAHBCC010000006.1	79131381	79139093
y1_HG00621.2#226	y1_HG00621.2	HG00621#2#JAHBCC010000066.1	40042883	40107272
y1_HG00621.2#227	y1_HG00621.2	HG00621#2#JAHBCC010000031.1	23051630	23051950
y1_HG00621.2#228	y1_HG00621.2	HG00621#2#JAHBCC010000075.1	7762577	7767946
y1_HG00621.2#229	y1_HG00621.2	HG00621#2#JAHBCC010000028.1	67227846	67227924
y1_HG00621.2#230	y1_HG00621.2	HG00621#2#JAHBCC010000018.1	62450518	62450534
y1_HG00621.2#231	y1_HG00621.2	HG00621#2#JAHBCC010000008.1	33926746	33926752
y1_HG00621.2#232	y1_HG00621.2	HG00621#2#JAHBCC010000027.1	7462223	8426859
y1_HG00621.2#233	y1_HG00621.2	HG00621#2#JAHBCC010000014.1	5744330	6004582
y1_HG00621.2#234	y1_HG00621.2	HG00621#2#JAHBCC010000034.1	30473870	31350163
y1_HG00621.2#235	y1_HG00621.2	HG00621#2#JAHBCC010000076.1	9929468	9929598
y1_HG00621.2#236	y1_HG00621.2	HG00621#2#JAHBCC010000010.1	118872	925874
y1_HG00621.2#237	y1_HG00621.2	HG00621#2#JAHBCC010000059.1	2990815	2990819
y1_HG00621.2#238	y1_HG00621.2	HG00621#2#JAHBCC010000063.1	3399300	3399744
y1_HG00621.2#239	y1_HG00621.2	HG00621#2#JAHBCC010000051.1	40700047	40732889
y1_HG00621.2#240	y1_HG00621.2	HG00621#2#JAHBCC010000055.1	37725192	37725198
y1_HG00621.2#241	y1_HG00621.2	HG00621#2#JAHBCC010000047.1	1865627	1866059
y1_HG00621.2#242	y1_HG00621.2	HG00621#2#JAHBCC010000070.1	1497205	1763081
y1_HG00621.2#243	y1_HG00621.2	HG00621#2#JAHBCC010000084.1	6278502	6278505
y1_HG00621.2#244	y1_HG00621.2	HG00621#2#JAHBCC010000041.1	6066825	6067116
y1_HG00621.2#245	y1_HG00621.2	HG00621#2#JAHBCC010000062.1	17880440	17897789
y1_HG00621.2#246	y1_HG00621.2	HG00621#2#JAHBCC010000035.1	7270298	7270382
y1_HG00621.2#247	y1_HG00621.2	HG00621#2#JAHBCC010000039.1	81503419	81503440
y1_HG00621.2#248	y1_HG00621.2	HG00621#2#JAHBCC010000033.1	21106392	21236135
y1_HG00621.2#249	y1_HG00621.2	HG00621#2#JAHBCC010000037.1	8322671	8322676
y1_HG00621.2#250	y1_HG00621.2	HG00621#2#JAHBCC010000026.1	4668374	4668383
y1_HG00621.2#251	y1_HG00621.2	HG00621#2#JAHBCC010000024.1	7215573	7215615
y1_HG00621.2#252	y1_HG00621.2	HG00621#2#JAHBCC010000049.1	28325614	28325668
y1_HG00621.2#253	y1_HG00621.2	HG00621#2#JAHBCC010000055.1	161899	161910
y1_HG00621.2#254	y1_HG00621.2	HG00621#2#JAHBCC010000013.1	20504669	20507830
y1_HG00621.2#255	y1_HG00621.2	HG00621#2#JAHBCC010000014.1	20322872	20612245
y1_HG00621.2#256	y1_HG00621.2	HG00621#2#JAHBCC010000054.1	31481844	31481905
y1_HG00621.2#257	y1_HG00621.2	HG00621#2#JAHBCC010000048.1	19023021	19023035
y1_HG00621.2#258	y1_HG00621.2	HG00621#2#JAHBCC010000028.1	55734098	55734106
y1_HG00621.2#259	y1_HG00621.2	HG00621#2#JAHBCC010000001.1	22053904	22263669
y1_HG00621.2#260	y1_HG00621.2	HG00621#2#JAHBCC010000045.1	3059916	3059924
y1_HG00621.2#261	y1_HG00621.2	HG00621#2#JAHBCC010000014.1	57177636	57292204
y1_HG00621.2#262	y1_HG00621.2	HG00621#2#JAHBCC010000025.1	11227466	11227588
y1_HG00621.2#263	y1_HG00621.2	HG00621#2#JAHBCC010000073.1	12560409	12560416
y1_HG00621.2#264	y1_HG00621.2	HG00621#2#JAHBCC010000065.1	6664617	6667594
y1_HG00621.2#265	y1_HG00621.2	HG00621#2#JAHBCC010000130.1	749465	749709
y1_HG00621.2#266	y1_HG00621.2	HG00621#2#JAHBCC010000049.1	5632691	5632706
y1_HG00621.2#267	y1_HG00621.2	HG00621#2#JAHBCC010000053.1	24514760	24517814
y1_HG00621.2#268	y1_HG00621.2	HG00621#2#JAHBCC010000071.1	3267300	3267352
y1_HG00621.2#269	y1_HG00621.2	HG00621#2#JAHBCC010000013.1	11626409	11630263
y1_HG00621.2#270	y1_HG00621.2	HG00621#2#JAHBCC010000006.1	39030116	39071899
y1_HG00621.2#271	y1_HG00621.2	HG00621#2#JAHBCC010000018.1	84551183	84551197
y1_HG00621.2#272	y1_HG00621.2	HG00621#2#JAHBCC010000033.1	52739902	52739904
y1_HG00621.2#273	y1_HG00621.2	HG00621#2#JAHBCC010000030.1	14646242	14646292
y1_HG00621.2#274	y1_HG00621.2	HG00621#2#JAHBCC010000076.1	28642906	28642910
y1_HG00621.2#275	y1_HG00621.2	HG00621#2#JAHBCC010000023.1	4976598	4987749
y1_HG00621.2#276	y1_HG00621.2	HG00621#2#JAHBCC010000014.1	29833266	29833268
y1_HG00621.2#277	y1_HG00621.2	HG00621#2#JAHBCC010000006.1	88460169	88990213
y1_HG00621.2#278	y1_HG00621.2	HG00621#2#JAHBCC010000024.1	64218436	64256133
y1_HG00621.2#279	y1_HG00621.2	HG00621#2#JAHBCC010000006.1	98320450	98320776
y1_HG00621.2#280	y1_HG00621.2	HG00621#2#JAHBCC010000022.1	89762846	89769373
y1_HG00621.2#281	y1_HG00621.2	HG00621#2#JAHBCC010000008.1	35413846	36446632
y1_HG00621.2#282	y1_HG00621.2	HG00621#2#JAHBCC010000022.1	48594064	48632062
y1_HG00621.2#283	y1_HG00621.2	HG00621#2#JAHBCC010000034.1	55163173	55192560
y1_HG00621.2#284	y1_HG00621.2	HG00621#2#JAHBCC010000055.1	31352994	31415229
y1_HG00621.2#285	y1_HG00621.2	HG00621#2#JAHBCC010000055.1	80326929	80363363
y1_HG00621.2#286	y1_HG00621.2	HG00621#2#JAHBCC010000004.1	33509737	33509801
y1_HG00621.2#287	y1_HG00621.2	HG00621#2#JAHBCC010000072.1	15535908	15540254
y1_HG00621.2#288	y1_HG00621.2	HG00621#2#JAHBCC010000045.1	43030609	43030619
y1_HG00621.2#289	y1_HG00621.2	HG00621#2#JAHBCC010000015.1	589600	879122
y1_HG00621.2#290	y1_HG00621.2	HG00621#2#JAHBCC010000031.1	45670515	45670961
y1_HG00621.2#291	y1_HG00621.2	HG00621#2#JAHBCC010000022.1	17652402	17758520
y1_HG00621.2#292	y1_HG00621.2	HG00621#2#JAHBCC010000087.1	14504516	14504524
y1_HG00621.2#293	y1_HG00621.2	HG00621#2#JAHBCC010000041.1	28486259	29301659
y1_HG00621.2#294	y1_HG00621.2	HG00621#2#JAHBCC010000076.1	21423061	21423063
y1_HG00621.2#295	y1_HG00621.2	HG00621#2#JAHBCC010000024.1	28705146	28705159
y1_HG00621.2#296	y1_HG00621.2	HG00621#2#JAHBCC010000054.1	675470	675485
y1_HG00621.2#297	y1_HG00621.2	HG00621#2#JAHBCC010000007.1	37784163	37786687
y1_HG00621.2#298	y1_HG00621.2	HG00621#2#JAHBCC010000076.1	33781451	33781459
y1_HG00621.2#299	y1_HG00621.2	HG00621#2#JAHBCC010000016.1	1379646	2161452
y1_HG00621.2#300	y1_HG00621.2	HG00621#2#JAHBCC010000034.1	6845479	6845482
y1_HG00621.2#301	y1_HG00621.2	HG00621#2#JAHBCC010000039.1	12384995	13009087
y1_HG00621.2#302	y1_HG00621.2	HG00621#2#JAHBCC010000007.1	19702049	20479109
y1_HG00621.2#303	y1_HG00621.2	HG00621#2#JAHBCC010000032.1	26909147	26909164
y1_HG00621.2#304	y1_HG00621.2	HG00621#2#JAHBCC010000032.1	18129190	18129737
y1_HG00621.2#305	y1_HG00621.2	HG00621#2#JAHBCC010000005.1	50294861	50296077
y1_HG00621.2#306	y1_HG00621.2	HG00621#2#JAHBCC010000018.1	74991508	74994953
y1_HG00621.2#307	y1_HG00621.2	HG00621#2#JAHBCC010000067.1	3806959	3807008
y1_HG00621.2#308	y1_HG00621.2	HG00621#2#JAHBCC010000031.1	8471312	8472440
y1_HG00621.2#309	y1_HG00621.2	HG00621#2#JAHBCC010000032.1	8849319	8850024
y1_HG00621.2#310	y1_HG00621.2	HG00621#2#JAHBCC010000072.1	35191202	35201875
y1_HG00621.2#311	y1_HG00621.2	HG00621#2#JAHBCC010000034.1	34544453	34544481
y1_HG00621.2#312	y1_HG00621.2	HG00621#2#JAHBCC010000014.1	107556913	107556918
y1_HG00621.2#313	y1_HG00621.2	HG00621#2#JAHBCC010000022.1	102565294	102598226
y1_HG00621.2#314	y1_HG00621.2	HG00621#2#JAHBCC010000040.1	3863467	3863469
y1_HG00621.2#315	y1_HG00621.2	HG00621#2#JAHBCC010000006.1	140936285	140936513
y1_HG00621.2#316	y1_HG00621.2	HG00621#2#JAHBCC010000076.1	4859825	5260601
y1_HG00621.2#317	y1_HG00621.2	HG00621#2#JAHBCC010000060.1	383515	389356
y1_HG00621.2#318	y1_HG00621.2	HG00621#2#JAHBCC010000077.1	1745355	1745789
y1_HG00621.2#319	y1_HG00621.2	HG00621#2#JAHBCC010000018.1	43932720	43934655
y1_HG00621.2#320	y1_HG00621.2	HG00621#2#JAHBCC010000076.1	31962494	31965199
y1_HG00621.2#321	y1_HG00621.2	HG00621#2#JAHBCC010000042.1	12222963	12228078
y1_HG00621.2#322	y1_HG00621.2	HG00621#2#JAHBCC010000078.1	26631754	26631756
y1_HG00621.2#323	y1_HG00621.2	HG00621#2#JAHBCC010000033.1	13077822	13078276
y1_HG00621.2#324	y1_HG00621.2	HG00621#2#JAHBCC010000020.1	69109653	69109977
y1_HG00621.2#325	y1_HG00621.2	HG00621#2#JAHBCC010000064.1	11202987	11921265
y1_HG00621.2#326	y1_HG00621.2	HG00621#2#JAHBCC010000032.1	911334	914520
y1_HG00621.2#327	y1_HG00621.2	HG00621#2#JAHBCC010000024.1	49708483	49711309
y1_HG00621.2#328	y1_HG00621.2	HG00621#2#JAHBCC010000066.1	49771962	49771976
y1_HG00621.2#329	y1_HG00621.2	HG00621#2#JAHBCC010000055.1	29028996	29033990
y1_HG00621.2#330	y1_HG00621.2	HG00621#2#JAHBCC010000011.1	3280680	3300496
y1_HG00621.2#331	y1_HG00621.2	HG00621#2#JAHBCC010000081.1	1230984	1262446
y1_HG00621.2#332	y1_HG00621.2	HG00621#2#JAHBCC010000022.1	102723164	102723169
y1_HG00621.2#333	y1_HG00621.2	HG00621#2#JAHBCC010000014.1	74978471	74978574
y1_HG00621.2#334	y1_HG00621.2	HG00621#2#JAHBCC010000041.1	16217170	16218491
y1_HG00621.2#335	y1_HG00621.2	HG00621#2#JAHBCC010000022.1	37445013	37464635
y1_HG00621.2#336	y1_HG00621.2	HG00621#2#JAHBCC010000045.1	50553767	50590748
y1_HG00621.2#337	y1_HG00621.2	HG00621#2#JAHBCC010000048.1	1840989	1843305
y1_HG00621.2#338	y1_HG00621.2	HG00621#2#JAHBCC010000020.1	32780776	32780924
y1_HG00621.2#339	y1_HG00621.2	HG00621#2#JAHBCC010000006.1	115421067	115431818
y1_HG00621.2#340	y1_HG00621.2	HG00621#2#JAHBCC010000015.1	2300032	2303721
y1_HG00621.2#341	y1_HG00621.2	HG00621#2#JAHBCC010000045.1	41284306	41433568
y1_HG00621.2#342	y1_HG00621.2	HG00621#2#JAHBCC010000108.1	1015839	1103223
y1_HG00621.2#343	y1_HG00621.2	HG00621#2#JAHBCC010000024.1	43128999	43131757
y1_HG00621.2#344	y1_HG00621.2	HG00621#2#JAHBCC010000078.1	13269550	13271241
y1_HG00621.2#345	y1_HG00621.2	HG00621#2#JAHBCC010000008.1	27935146	27935229
y1_HG00621.2#346	y1_HG00621.2	HG00621#2#JAHBCC010000100.1	787419	794052
y1_HG00621.2#347	y1_HG00621.2	HG00621#2#JAHBCC010000037.1	42250636	42549905
y1_HG00621.2#348	y1_HG00621.2	HG00621#2#JAHBCC010000001.1	8257768	8266243
y1_HG00621.2#349	y1_HG00621.2	HG00621#2#JAHBCC010000007.1	28470855	28472022
y1_HG00621.2#350	y1_HG00621.2	HG00621#2#JAHBCC010000065.1	758032	758038
y1_HG00621.2#351	y1_HG00621.2	HG00621#2#JAHBCC010000053.1	29839025	30462048
y1_HG00621.2#352	y1_HG00621.2	HG00621#2#JAHBCC010000003.1	21828328	21844082
y1_HG00621.2#353	y1_HG00621.2	HG00621#2#JAHBCC010000045.1	41837746	41837875
y1_HG00621.2#354	y1_HG00621.2	HG00621#2#JAHBCC010000009.1	19404152	19404211
y1_HG00621.2#355	y1_HG00621.2	HG00621#2#JAHBCC010000052.1	2440545	2573099
y1_HG00621.2#356	y1_HG00621.2	HG00621#2#JAHBCC010000024.1	23870834	23870841
y1_HG00621.2#357	y1_HG00621.2	HG00621#2#JAHBCC010000045.1	28117300	28119059
y1_HG00621.2#358	y1_HG00621.2	HG00621#2#JAHBCC010000076.1	21179983	21180136
y1_HG00621.2#359	y1_HG00621.2	HG00621#2#JAHBCC010000055.1	16668421	16673237
y1_HG00621.2#360	y1_HG00621.2	HG00621#2#JAHBCC010000014.1	67386406	67386750
y1_HG00621.2#361	y1_HG00621.2	HG00621#2#JAHBCC010000019.1	4887994	4888038
y1_HG00621.2#362	y1_HG00621.2	HG00621#2#JAHBCC010000008.1	42818000	42818011
y1_HG00621.2#363	y1_HG00621.2	HG00621#2#JAHBCC010000055.1	92688386	92688435
y1_HG00621.2#364	y1_HG00621.2	HG00621#2#JAHBCC010000058.1	16609715	16609718
y1_HG00621.2#365	y1_HG00621.2	HG00621#2#JAHBCC010000001.1	11307851	11904997
y1_HG00621.2#366	y1_HG00621.2	HG00621#2#JAHBCC010000022.1	66851067	66852641
y1_HG00621.2#367	y1_HG00621.2	HG00621#2#JAHBCC010000041.1	8748835	9377176
y1_HG00621.2#368	y1_HG00621.2	HG00621#2#JAHBCC010000018.1	54832202	54832211
y1_HG00621.2#369	y1_HG00621.2	HG00621#2#JAHBCC010000027.1	11332775	11332777
y1_HG00621.2#370	y1_HG00621.2	HG00621#2#JAHBCC010000066.1	16972787	16973048
y1_HG00621.2#371	y1_HG00621.2	HG00621#2#JAHBCC010000024.1	59547740	59547751
y1_HG00621.2#372	y1_HG00621.2	HG00621#2#JAHBCC010000039.1	15609678	15609721
y1_HG00621.2#373	y1_HG00621.2	HG00621#2#JAHBCC010000055.1	70569953	70576264
y1_HG00621.2#374	y1_HG00621.2	HG00621#2#JAHBCC010000033.1	94029817	94030128
y1_HG00621.2#375	y1_HG00621.2	HG00621#2#JAHBCC010000055.1	91807496	91807594
y1_HG00621.2#376	y1_HG00621.2	HG00621#2#JAHBCC010000022.1	96047243	96381758
y1_HG00621.2#377	y1_HG00621.2	HG00621#2#JAHBCC010000014.1	97340046	97364395
y1_HG00621.2#378	y1_HG00621.2	HG00621#2#JAHBCC010000045.1	36231559	36281351
y1_HG00621.2#379	y1_HG00621.2	HG00621#2#JAHBCC010000020.1	33294961	33413348
y1_HG00621.2#380	y1_HG00621.2	HG00621#2#JAHBCC010000026.1	31530589	31530637
y1_HG00621.2#381	y1_HG00621.2	HG00621#2#JAHBCC010000049.1	6724725	6724824
y1_HG00621.2#382	y1_HG00621.2	HG00621#2#JAHBCC010000060.1	21610434	21610454
y1_HG00621.2#383	y1_HG00621.2	HG00621#2#JAHBCC010000022.1	31120925	31120931
y1_HG00621.2#384	y1_HG00621.2	HG00621#2#JAHBCC010000039.1	73250493	73326950
y1_HG00621.2#385	y1_HG00621.2	HG00621#2#JAHBCC010000049.1	12024597	12029327
y1_HG00621.2#386	y1_HG00621.2	HG00621#2#JAHBCC010000033.1	28450103	28450116
y1_HG00621.2#387	y1_HG00621.2	HG00621#2#JAHBCC010000005.1	54343928	54346783
y1_HG00621.2#388	y1_HG00621.2	HG00621#2#JAHBCC010000005.1	21564800	21564805
y1_HG00621.2#389	y1_HG00621.2	HG00621#2#JAHBCC010000017.1	4036307	4097681
y1_HG00621.2#390	y1_HG00621.2	HG00621#2#JAHBCC010000006.1	46085334	46092044
y1_HG00621.2#391	y1_HG00621.2	HG00621#2#JAHBCC010000067.1	38117586	38160716
y1_HG00621.2#392	y1_HG00621.2	HG00621#2#JAHBCC010000072.1	6161846	6256264
y1_HG00621.2#393	y1_HG00621.2	HG00621#2#JAHBCC010000039.1	91744424	91744430
y1_HG00621.2#394	y1_HG00621.2	HG00621#2#JAHBCC010000090.1	62279	62284
y1_HG00621.2#395	y1_HG00621.2	HG00621#2#JAHBCC010000008.1	29115228	29124157
y1_HG00621.2#396	y1_HG00621.2	HG00621#2#JAHBCC010000024.1	40899587	40914773
y1_HG00621.2#397	y1_HG00621.2	HG00621#2#JAHBCC010000029.1	6344333	6348230
y1_HG00621.2#398	y1_HG00621.2	HG00621#2#JAHBCC010000108.1	2930667	2946956
y1_HG00621.2#399	y1_HG00621.2	HG00621#2#JAHBCC010000023.1	21662795	21726523
y1_HG00621.2#400	y1_HG00621.2	HG00621#2#JAHBCC010000002.1	1963931	2537783
y1_HG00621.2#401	y1_HG00621.2	HG00621#2#JAHBCC010000033.1	4128708	4208549
y1_HG00621.2#402	y1_HG00621.2	HG00621#2#JAHBCC010000031.1	21519162	21519166
y1_HG00621.2#403	y1_HG00621.2	HG00621#2#JAHBCC010000033.1	51199673	51219214
y1_HG00621.2#404	y1_HG00621.2	HG00621#2#JAHBCC010000031.1	43380371	43384273
y1_HG00621.2#405	y1_HG00621.2	HG00621#2#JAHBCC010000048.1	18891137	18891313
y1_HG00621.2#406	y1_HG00621.2	HG00621#2#JAHBCC010000065.1	6529307	7447899
y1_HG00621.2#407	y1_HG00621.2	HG00621#2#JAHBCC010000053.1	10717206	10717208
y1_HG00621.2#408	y1_HG00621.2	HG00621#2#JAHBCC010000041.1	8138598	8152652
y1_HG00621.2#409	y1_HG00621.2	HG00621#2#JAHBCC010000037.1	8306147	8493243
y1_HG00621.2#410	y1_HG00621.2	HG00621#2#JAHBCC010000006.1	115774453	115777139
y1_HG00621.2#411	y1_HG00621.2	HG00621#2#JAHBCC010000001.1	13017797	13017799
y1_HG00621.2#412	y1_HG00621.2	HG00621#2#JAHBCC010000070.1	20344702	20344735
y1_HG00621.2#413	y1_HG00621.2	HG00621#2#JAHBCC010000058.1	8855130	9100420
y1_HG00621.2#414	y1_HG00621.2	HG00621#2#JAHBCC010000018.1	76567749	76567772
y1_HG00621.2#415	y1_HG00621.2	HG00621#2#JAHBCC010000050.1	1731131	1731133
y1_HG00621.2#416	y1_HG00621.2	HG00621#2#JAHBCC010000020.1	24333563	24343995
y1_HG00621.2#417	y1_HG00621.2	HG00621#2#JAHBCC010000078.1	20674684	20677208
y1_HG00621.2#418	y1_HG00621.2	HG00621#2#JAHBCC010000067.1	6688524	6688532
y1_HG00621.2#419	y1_HG00621.2	HG00621#2#JAHBCC010000072.1	9621701	9621806
y1_HG00621.2#420	y1_HG00621.2	HG00621#2#JAHBCC010000066.1	44461004	44461083
y1_HG00621.2#421	y1_HG00621.2	HG00621#2#JAHBCC010000023.1	23779290	23787676
y1_HG00621.2#422	y1_HG00621.2	HG00621#2#JAHBCC010000049.1	26718091	26718240
y1_HG00621.2#423	y1_HG00621.2	HG00621#2#JAHBCC010000036.1	1255501	1414805
y1_HG00621.2#424	y1_HG00621.2	HG00621#2#JAHBCC010000022.1	89926554	90766491
y1_HG00621.2#425	y1_HG00621.2	HG00621#2#JAHBCC010000087.1	4019465	4083353
y1_HG00621.2#426	y1_HG00621.2	HG00621#2#JAHBCC010000045.1	53360571	53360598
y1_HG00621.2#427	y1_HG00621.2	HG00621#2#JAHBCC010000057.1	4303061	4303086
y1_HG00621.2#428	y1_HG00621.2	HG00621#2#JAHBCC010000049.1	29239329	29278573
y1_HG00621.2#429	y1_HG00621.2	HG00621#2#JAHBCC010000023.1	5920745	6433798
y1_HG00621.2#430	y1_HG00621.2	HG00621#2#JAHBCC010000023.1	22822579	23110885
y1_HG00621.2#431	y1_HG00621.2	HG00621#2#JAHBCC010000030.1	10803564	10809849
y1_HG00621.2#432	y1_HG00621.2	HG00621#2#JAHBCC010000031.1	2196416	2204955
y1_HG00621.2#433	y1_HG00621.2	HG00621#2#JAHBCC010000008.1	53133206	53133228
y1_HG00621.2#434	y1_HG00621.2	HG00621#2#JAHBCC010000005.1	54035000	54035738
y1_HG00621.2#435	y1_HG00621.2	HG00621#2#JAHBCC010000104.1	3255424	3282597
y1_HG00621.2#436	y1_HG00621.2	HG00621#2#JAHBCC010000030.1	24849071	24849303
y1_HG00621.2#437	y1_HG00621.2	HG00621#2#JAHBCC010000039.1	50018008	50022471
y1_HG00621.2#438	y1_HG00621.2	HG00621#2#JAHBCC010000022.1	71660280	71671998
y1_HG00621.2#439	y1_HG00621.2	HG00621#2#JAHBCC010000006.1	96529055	96529147
y1_HG00621.2#440	y1_HG00621.2	HG00621#2#JAHBCC010000005.1	44386255	44386273
y1_HG00621.2#441	y1_HG00621.2	HG00621#2#JAHBCC010000020.1	84628638	84628722
y1_HG00621.2#442	y1_HG00621.2	HG00621#2#JAHBCC010000009.1	20024186	20024215
y1_HG00621.2#443	y1_HG00621.2	HG00621#2#JAHBCC010000020.1	20846144	20850641
y1_HG00621.2#444	y1_HG00621.2	HG00621#2#JAHBCC010000005.1	46756378	46760245
y1_HG00621.2#445	y1_HG00621.2	HG00621#2#JAHBCC010000045.1	36989471	36993481
y1_HG00621.2#446	y1_HG00621.2	HG00621#2#JAHBCC010000039.1	2129405	2173546
y1_HG00621.2#447	y1_HG00621.2	HG00621#2#JAHBCC010000033.1	98167999	98168034
y1_HG00621.2#448	y1_HG00621.2	HG00621#2#JAHBCC010000045.1	14771932	14772508
y1_HG00621.2#449	y1_HG00621.2	HG00621#2#JAHBCC010000032.1	5050301	5050313
y1_HG00621.2#450	y1_HG00621.2	HG00621#2#JAHBCC010000033.1	67305139	67325173
y1_HG00621.2#451	y1_HG00621.2	HG00621#2#JAHBCC010000020.1	53403784	53403786
y1_HG00621.2#452	y1_HG00621.2	HG00621#2#JAHBCC010000011.1	11533734	11540037
y1_HG00621.2#453	y1_HG00621.2	HG00621#2#JAHBCC010000045.1	47213626	47231503
y1_HG00621.2#454	y1_HG00621.2	HG00621#2#JAHBCC010000009.1	10138359	10139672
y1_HG00621.2#455	y1_HG00621.2	HG00621#2#JAHBCC010000054.1	30247674	30247767
y1_HG00621.2#456	y1_HG00621.2	HG00621#2#JAHBCC010000070.1	14994488	14994789
y1_HG00621.2#457	y1_HG00621.2	HG00621#2#JAHBCC010000024.1	74381390	74403114
y1_HG00621.2#458	y1_HG00621.2	HG00621#2#JAHBCC010000065.1	14420638	14420646
y1_HG00621.2#459	y1_HG00621.2	HG00621#2#JAHBCC010000025.1	4653705	4653708
y1_HG00621.2#460	y1_HG00621.2	HG00621#2#JAHBCC010000024.1	28919413	29023461
y1_HG00621.2#461	y1_HG00621.2	HG00621#2#JAHBCC010000101.1	2245431	2266315
y1_HG00621.2#462	y1_HG00621.2	HG00621#2#JAHBCC010000030.1	13855749	13856288
y1_HG00621.2#463	y1_HG00621.2	HG00621#2#JAHBCC010000020.1	29794373	29818520
y1_HG00621.2#464	y1_HG00621.2	HG00621#2#JAHBCC010000039.1	52451926	52453235
y1_HG00621.2#465	y1_HG00621.2	HG00621#2#JAHBCC010000014.1	88004592	88004594
y1_HG00621.2#466	y1_HG00621.2	HG00621#2#JAHBCC010000026.1	6711150	6722977
y1_HG00621.2#467	y1_HG00621.2	HG00621#2#JAHBCC010000078.1	3954174	3954201
y1_HG00621.2#468	y1_HG00621.2	HG00621#2#JAHBCC010000028.1	80221554	80221557
y1_HG00621.2#469	y1_HG00621.2	HG00621#2#JAHBCC010000039.1	5015977	5039004
y1_HG00621.2#470	y1_HG00621.2	HG00621#2#JAHBCC010000032.1	15482570	15482588
y1_HG00621.2#471	y1_HG00621.2	HG00621#2#JAHBCC010000044.1	4285029	4285031
y1_HG00621.2#472	y1_HG00621.2	HG00621#2#JAHBCC010000024.1	30653705	30725919
y1_HG00621.2#473	y1_HG00621.2	HG00621#2#JAHBCC010000045.1	22433728	22455216
y1_HG00621.2#474	y1_HG00621.2	HG00621#2#JAHBCC010000039.1	63191790	63191892
y1_HG00621.2#475	y1_HG00621.2	HG00621#2#JAHBCC010000037.1	3981796	3981799
y1_HG00621.2#476	y1_HG00621.2	HG00621#2#JAHBCC010000061.1	199543	309841
y1_HG00621.2#477	y1_HG00621.2	HG00621#2#JAHBCC010000024.1	70055057	70615058
y1_HG00621.2#478	y1_HG00621.2	HG00621#2#JAHBCC010000062.1	15379144	15379278
y1_HG00621.2#479	y1_HG00621.2	HG00621#2#JAHBCC010000053.1	23088012	23114364
y1_HG00621.2#480	y1_HG00621.2	HG00621#2#JAHBCC010000033.1	238785	267331
y1_HG00621.2#481	y1_HG00621.2	HG00621#2#JAHBCC010000027.1	3873568	3873596
y1_HG00621.2#482	y1_HG00621.2	HG00621#2#JAHBCC010000014.1	66352497	66358646
y1_HG00621.2#483	y1_HG00621.2	HG00621#2#JAHBCC010000014.1	39188684	39189118
y1_HG00621.2#484	y1_HG00621.2	HG00621#2#JAHBCC010000030.1	20719908	20746826
y1_HG00621.2#485	y1_HG00621.2	HG00621#2#JAHBCC010000033.1	82338299	82338302
y1_HG00621.2#486	y1_HG00621.2	HG00621#2#JAHBCC010000045.1	36040103	36052922
y1_HG00621.2#487	y1_HG00621.2	HG00621#2#JAHBCC010000036.1	35249573	35249579
y1_HG00621.2#488	y1_HG00621.2	HG00621#2#JAHBCC010000057.1	1761993	1762002
y1_HG00621.2#489	y1_HG00621.2	HG00621#2#JAHBCC010000008.1	36967173	36967252
y1_HG00621.2#490	y1_HG00621.2	HG00621#2#JAHBCC010000034.1	24975541	24975551
y1_HG00621.2#491	y1_HG00621.2	HG00621#2#JAHBCC010000055.1	39488460	39488596
y1_HG00621.2#492	y1_HG00621.2	HG00621#2#JAHBCC010000017.1	3102084	3571462
y1_HG00621.2#493	y1_HG00621.2	HG00621#2#JAHBCC010000007.1	38500973	38501060
y1_HG00621.2#494	y1_HG00621.2	HG00621#2#JAHBCC010000026.1	23519254	23544128
y1_HG00621.2#495	y1_HG00621.2	HG00621#2#JAHBCC010000076.1	33002101	33002388
y1_HG00621.2#496	y1_HG00621.2	HG00621#2#JAHBCC010000160.1	780627	792375
y1_HG00621.2#497	y1_HG00621.2	HG00621#2#JAHBCC010000114.1	1650171	1650231
y1_HG00621.2#498	y1_HG00621.2	HG00621#2#JAHBCC010000007.1	11534983	11535028
y1_HG00621.2#499	y1_HG00621.2	HG00621#2#JAHBCC010000053.1	2285199	2285427
y1_HG00621.2#500	y1_HG00621.2	HG00621#2#JAHBCC010000058.1	2991705	2991774
y1_HG00621.2#501	y1_HG00621.2	HG00621#2#JAHBCC010000020.1	54397461	54397469
y1_HG00621.2#502	y1_HG00621.2	HG00621#2#JAHBCC010000062.1	36572889	36575001
y1_HG00621.2#503	y1_HG00621.2	HG00621#2#JAHBCC010000005.1	34054260	34054333
y1_HG00621.2#504	y1_HG00621.2	HG00621#2#JAHBCC010000066.1	50817998	51335830
y1_HG00621.2#505	y1_HG00621.2	HG00621#2#JAHBCC010000075.1	9739068	10014016
y1_HG00621.2#506	y1_HG00621.2	HG00621#2#JAHBCC010000018.1	19878736	19882365
y1_HG00621.2#507	y1_HG00621.2	HG00621#2#JAHBCC010000045.1	55426681	55470200
y1_HG00621.2#508	y1_HG00621.2	HG00621#2#JAHBCC010000014.1	103031119	103950413
y1_HG00621.2#509	y1_HG00621.2	HG00621#2#JAHBCC010000007.1	39221897	39222433
y1_HG00621.2#510	y1_HG00621.2	HG00621#2#JAHBCC010000039.1	50753408	50755297
y1_HG00621.2#511	y1_HG00621.2	HG00621#2#JAHBCC010000026.1	13805029	13805047
y1_HG00621.2#512	y1_HG00621.2	HG00621#2#JAHBCC010000045.1	32396239	32398465
y1_HG00621.2#513	y1_HG00621.2	HG00621#2#JAHBCC010000059.1	26640698	26747879
y1_HG00621.2#514	y1_HG00621.2	HG00621#2#JAHBCC010000032.1	27652184	28444766
y1_HG00621.2#515	y1_HG00621.2	HG00621#2#JAHBCC010000037.1	43002408	43438837
y1_HG00621.2#516	y1_HG00621.2	HG00621#2#JAHBCC010000057.1	233290	235664
y1_HG00621.2#517	y1_HG00621.2	HG00621#2#JAHBCC010000006.1	86445689	86455074
y1_HG00621.2#518	y1_HG00621.2	HG00621#2#JAHBCC010000014.1	78794269	78794271
y1_HG00621.2#519	y1_HG00621.2	HG00621#2#JAHBCC010000018.1	24164751	24165101
y1_HG00621.2#520	y1_HG00621.2	HG00621#2#JAHBCC010000048.1	46843260	47187386
y1_HG00621.2#521	y1_HG00621.2	HG00621#2#JAHBCC010000028.1	8258776	8259024
y1_HG00621.2#522	y1_HG00621.2	HG00621#2#JAHBCC010000037.1	40522088	40522729
y1_HG00621.2#523	y1_HG00621.2	HG00621#2#JAHBCC010000076.1	9913102	9935017
y1_HG00621.2#524	y1_HG00621.2	HG00621#2#JAHBCC010000048.1	38990459	39076229
y1_HG00621.2#525	y1_HG00621.2	HG00621#2#JAHBCC010000026.1	31378146	31378186
y1_HG00621.2#526	y1_HG00621.2	HG00621#2#JAHBCC010000084.1	3453280	3635667
y1_HG00621.2#527	y1_HG00621.2	HG00621#2#JAHBCC010000004.1	23937192	24176432
y1_HG00621.2#528	y1_HG00621.2	HG00621#2#JAHBCC010000051.1	24276881	24434767
y1_HG00621.2#529	y1_HG00621.2	HG00621#2#JAHBCC010000055.1	14565233	14573038
y1_HG00621.2#530	y1_HG00621.2	HG00621#2#JAHBCC010000013.1	14757161	14757168
y1_HG00621.2#531	y1_HG00621.2	HG00621#2#JAHBCC010000036.1	21595695	21595747
y1_HG00621.2#532	y1_HG00621.2	HG00621#2#JAHBCC010000020.1	77804740	77821347
y1_HG00621.2#533	y1_HG00621.2	HG00621#2#JAHBCC010000010.1	1865390	1875273
y1_HG00621.2#534	y1_HG00621.2	HG00621#2#JAHBCC010000006.1	136991526	137009989
y1_HG00621.2#535	y1_HG00621.2	HG00621#2#JAHBCC010000072.1	1048847	1049995
y1_HG00621.2#536	y1_HG00621.2	HG00621#2#JAHBCC010000033.1	30938434	30942207
y1_HG00621.2#537	y1_HG00621.2	HG00621#2#JAHBCC010000006.1	134516706	134517408
y1_HG00621.2#538	y1_HG00621.2	HG00621#2#JAHBCC010000013.1	11594079	11594129
y1_HG00621.2#539	y1_HG00621.2	HG00621#2#JAHBCC010000045.1	59281518	59609300
y1_HG00621.2#540	y1_HG00621.2	HG00621#2#JAHBCC010000034.1	67379930	67449350
y1_HG00621.2#541	y1_HG00621.2	HG00621#2#JAHBCC010000041.1	33575268	33575346
y1_HG00621.2#542	y1_HG00621.2	HG00621#2#JAHBCC010000071.1	5003547	5005890
y1_HG00621.2#543	y1_HG00621.2	HG00621#2#JAHBCC010000087.1	5027261	5027310
y1_HG00621.2#544	y1_HG00621.2	HG00621#2#JAHBCC010000006.1	39415610	39415887
y1_HG00621.2#545	y1_HG00621.2	HG00621#2#JAHBCC010000018.1	62640994	63113924
y1_HG00621.2#546	y1_HG00621.2	HG00621#2#JAHBCC010000022.1	98462359	98469267
y1_HG00621.2#547	y1_HG00621.2	HG00621#2#JAHBCC010000019.1	18284390	18369584
y1_HG00621.2#548	y1_HG00621.2	HG00621#2#JAHBCC010000009.1	4770661	4771032
y1_HG00621.2#549	y1_HG00621.2	HG00621#2#JAHBCC010000018.1	27526896	27530211
y1_HG00621.2#550	y1_HG00621.2	HG00621#2#JAHBCC010000147.1	9034	242119
y1_HG00621.2#551	y1_HG00621.2	HG00621#2#JAHBCC010000019.1	51653082	51664880
y1_HG00621.2#552	y1_HG00621.2	HG00621#2#JAHBCC010000059.1	12625890	12662890
y1_HG00621.2#553	y1_HG00621.2	HG00621#2#JAHBCC010000066.1	32402452	32402455
y1_HG00621.2#554	y1_HG00621.2	HG00621#2#JAHBCC010000055.1	59019331	59028808
y1_HG00621.2#555	y1_HG00621.2	HG00621#2#JAHBCC010000063.1	5877801	5878344
y1_HG00621.2#556	y1_HG00621.2	HG00621#2#JAHBCC010000014.1	77740360	77749719
y1_HG00621.2#557	y1_HG00621.2	HG00621#2#JAHBCC010000037.1	29063735	29063868
y1_HG00621.2#558	y1_HG00621.2	HG00621#2#JAHBCC010000011.1	21755592	21755598
y1_HG00621.2#559	y1_HG00621.2	HG00621#2#JAHBCC010000018.1	40140332	40140335
y1_HG00621.2#560	y1_HG00621.2	HG00621#2#JAHBCC010000019.1	34002653	34008960
y1_HG00621.2#561	y1_HG00621.2	HG00621#2#JAHBCC010000036.1	3574666	3822609
y1_HG00621.2#562	y1_HG00621.2	HG00621#2#JAHBCC010000028.1	19517464	19627642
y1_HG00621.2#563	y1_HG00621.2	HG00621#2#JAHBCC010000028.1	64732869	64732905
y1_HG00621.2#564	y1_HG00621.2	HG00621#2#JAHBCC010000073.1	7657012	7689171
y1_HG00621.2#565	y1_HG00621.2	HG00621#2#JAHBCC010000071.1	4118353	4119257
y1_HG00621.2#566	y1_HG00621.2	HG00621#2#JAHBCC010000059.1	25657952	25851638
y1_HG00621.2#567	y1_HG00621.2	HG00621#2#JAHBCC010000006.1	96101838	96101846
y1_HG00621.2#568	y1_HG00621.2	HG00621#2#JAHBCC010000039.1	26905898	27022835
y1_HG00621.2#569	y1_HG00621.2	HG00621#2#JAHBCC010000073.1	23241242	23348561
y1_HG00621.2#570	y1_HG00621.2	HG00621#2#JAHBCC010000019.1	52842944	52843256
y1_HG00621.2#571	y1_HG00621.2	HG00621#2#JAHBCC010000018.1	35136570	35138621
y1_HG00621.2#572	y1_HG00621.2	HG00621#2#JAHBCC010000015.1	2188222	2188650
y1_HG00621.2#573	y1_HG00621.2	HG00621#2#JAHBCC010000022.1	30952521	30953944
y1_HG00621.2#574	y1_HG00621.2	HG00621#2#JAHBCC010000028.1	11854721	11859754
y1_HG00621.2#575	y1_HG00621.2	HG00621#2#JAHBCC010000060.1	15856092	15856095
y1_HG00621.2#576	y1_HG00621.2	HG00621#2#JAHBCC010000008.1	55311146	55329555
y1_HG00621.2#577	y1_HG00621.2	HG00621#2#JAHBCC010000018.1	13641824	13646878
y1_HG00621.2#578	y1_HG00621.2	HG00621#2#JAHBCC010000006.1	118633758	118638372
y1_HG00621.2#579	y1_HG00621.2	HG00621#2#JAHBCC010000065.1	21717948	21744400
y1_HG00621.2#580	y1_HG00621.2	HG00621#2#JAHBCC010000056.1	4707200	4707210
y1_HG00621.2#581	y1_HG00621.2	HG00621#2#JAHBCC010000027.1	11830874	11837893
y1_HG00621.2#582	y1_HG00621.2	HG00621#2#JAHBCC010000042.1	8553500	8553512
y1_HG00621.2#583	y1_HG00621.2	HG00621#2#JAHBCC010000034.1	58612943	58613142
y1_HG00621.2#584	y1_HG00621.2	HG00621#2#JAHBCC010000006.1	25838172	26291803
y1_HG00621.2#585	y1_HG00621.2	HG00621#2#JAHBCC010000022.1	66101736	66101740
y1_HG00621.2#586	y1_HG00621.2	HG00621#2#JAHBCC010000018.1	38301372	38301375
y1_HG00621.2#587	y1_HG00621.2	HG00621#2#JAHBCC010000045.1	29678939	29687909
y1_HG00621.2#588	y1_HG00621.2	HG00621#2#JAHBCC010000059.1	2698011	2698016
y1_HG00621.2#589	y1_HG00621.2	HG00621#2#JAHBCC010000011.1	22489637	22517323
y1_HG00621.2#590	y1_HG00621.2	HG00621#2#JAHBCC010000060.1	4347676	4367228
y1_HG00621.2#591	y1_HG00621.2	HG00621#2#JAHBCC010000018.1	88717606	88735613
y1_HG00621.2#592	y1_HG00621.2	HG00621#2#JAHBCC010000056.1	30417544	31415587
y1_HG00621.2#593	y1_HG00621.2	HG00621#2#JAHBCC010000008.1	20485081	20485084
y1_HG00621.2#594	y1_HG00621.2	HG00621#2#JAHBCC010000054.1	21259561	21259566
y1_HG00621.2#595	y1_HG00621.2	HG00621#2#JAHBCC010000045.1	38530032	38530101
y1_HG00621.2#596	y1_HG00621.2	HG00621#2#JAHBCC010000021.1	12182880	12182890
y1_HG00621.2#597	y1_HG00621.2	HG00621#2#JAHBCC010000011.1	6224060	6239708
y1_HG00621.2#598	y1_HG00621.2	HG00621#2#JAHBCC010000018.1	33275322	33275330
y1_HG00621.2#599	y1_HG00621.2	HG00621#2#JAHBCC010000058.1	7463831	7703719
y1_HG00621.2#600	y1_HG00621.2	HG00621#2#JAHBCC010000076.1	33624604	33629884
y1_HG00621.2#601	y1_HG00621.2	HG00621#2#JAHBCC010000067.1	10154491	10154499
y1_HG00621.2#602	y1_HG00621.2	HG00621#2#JAHBCC010000073.1	18631040	18631048
y1_HG00621.2#603	y1_HG00621.2	HG00621#2#JAHBCC010000023.1	1455823	1455842
y1_HG00621.2#604	y1_HG00621.2	HG00621#2#JAHBCC010000024.1	69773236	69773271
y1_HG00621.2#605	y1_HG00621.2	HG00621#2#JAHBCC010000004.1	36213545	36213547
y1_HG00621.2#606	y1_HG00621.2	HG00621#2#JAHBCC010000072.1	31789346	32623299
y1_HG00621.2#607	y1_HG00621.2	HG00621#2#JAHBCC010000033.1	105301744	105301772
y1_HG00621.2#608	y1_HG00621.2	HG00621#2#JAHBCC010000067.1	33395374	33395727
y1_HG00621.2#609	y1_HG00621.2	HG00621#2#JAHBCC010000008.1	70105525	70105528
y1_HG00621.2#610	y1_HG00621.2	HG00621#2#JAHBCC010000071.1	550964	774323
y1_HG00621.2#611	y1_HG00621.2	HG00621#2#JAHBCC010000039.1	31992866	31993046
y1_HG00621.2#612	y1_HG00621.2	HG00621#2#JAHBCC010000008.1	61990483	62002539
y1_HG00621.2#613	y1_HG00621.2	HG00621#2#JAHBCC010000020.1	83023257	83024628
y1_HG00621.2#614	y1_HG00621.2	HG00621#2#JAHBCC010000033.1	94363678	94366460
y1_HG00621.2#615	y1_HG00621.2	HG00621#2#JAHBCC010000028.1	51514653	52296980
y1_HG00621.2#616	y1_HG00621.2	HG00621#2#JAHBCC010000022.1	34615175	34615241
y1_HG00621.2#617	y1_HG00621.2	HG00621#2#JAHBCC010000039.1	53774975	53774994
y1_HG00621.2#618	y1_HG00621.2	HG00621#2#JAHBCC010000018.1	91814150	91814164
y1_HG00621.2#619	y1_HG00621.2	HG00621#2#JAHBCC010000067.1	32184788	32899315
y1_HG00621.2#620	y1_HG00621.2	HG00621#2#JAHBCC010000065.1	25808913	25808929
y1_HG00621.2#621	y1_HG00621.2	HG00621#2#JAHBCC010000022.1	8174226	8174805
y1_HG00621.2#622	y1_HG00621.2	HG00621#2#JAHBCC010000008.1	1426521	1443841
y1_HG00621.2#623	y1_HG00621.2	HG00621#2#JAHBCC010000022.1	89222322	89222324
y1_HG00621.2#624	y1_HG00621.2	HG00621#2#JAHBCC010000037.1	8937551	8949571
y1_HG00621.2#625	y1_HG00621.2	HG00621#2#JAHBCC010000033.1	32373651	32755649
y1_HG00621.2#626	y1_HG00621.2	HG00621#2#JAHBCC010000009.1	17753408	17833287
y1_HG00621.2#627	y1_HG00621.2	HG00621#2#JAHBCC010000014.1	25028722	25028900
y1_HG00621.2#628	y1_HG00621.2	HG00621#2#JAHBCC010000026.1	31581538	31584495
y1_HG00621.2#629	y1_HG00621.2	HG00621#2#JAHBCC010000004.1	41208384	41786992
y1_HG00621.2#630	y1_HG00621.2	HG00621#2#JAHBCC010000045.1	31352016	31838415
y1_HG00621.2#631	y1_HG00621.2	HG00621#2#JAHBCC010000004.1	6385620	6385628
y1_HG00621.2#632	y1_HG00621.2	HG00621#2#JAHBCC010000033.1	103135699	103446311
y1_HG00621.2#633	y1_HG00621.2	HG00621#2#JAHBCC010000036.1	13199467	13209423
y1_HG00621.2#634	y1_HG00621.2	HG00621#2#JAHBCC010000082.1	5654949	6135407
y1_HG00621.2#635	y1_HG00621.2	HG00621#2#JAHBCC010000008.1	40653714	40653716
y1_HG00621.2#636	y1_HG00621.2	HG00621#2#JAHBCC010000039.1	87236863	87297508
y1_HG00621.2#637	y1_HG00621.2	HG00621#2#JAHBCC010000051.1	38160607	38160610
y1_HG00621.2#638	y1_HG00621.2	HG00621#2#JAHBCC010000008.1	23209229	23209272
y1_HG00621.2#639	y1_HG00621.2	HG00621#2#JAHBCC010000006.1	131102676	131102711
y1_HG00621.2#640	y1_HG00621.2	HG00621#2#JAHBCC010000018.1	48526896	48753565
y1_HG00621.2#641	y1_HG00621.2	HG00621#2#JAHBCC010000049.1	8191245	8191247
y1_HG00621.2#642	y1_HG00621.2	HG00621#2#JAHBCC010000066.1	45070294	45081026
y1_HG00621.2#643	y1_HG00621.2	HG00621#2#JAHBCC010000007.1	40977984	40978843
y1_HG00621.2#644	y1_HG00621.2	HG00621#2#JAHBCC010000053.1	8089579	8093157
y1_HG00621.2#645	y1_HG00621.2	HG00621#2#JAHBCC010000030.1	16371839	16373024
y1_HG00621.2#646	y1_HG00621.2	HG00621#2#JAHBCC010000055.1	42409237	43198119
y1_HG00621.2#647	y1_HG00621.2	HG00621#2#JAHBCC010000018.1	54207424	54207642
y1_HG00621.2#648	y1_HG00621.2	HG00621#2#JAHBCC010000048.1	16937309	16937313
y1_HG00621.2#649	y1_HG00621.2	HG00621#2#JAHBCC010000022.1	96469844	96469847
y1_HG00621.2#650	y1_HG00621.2	HG00621#2#JAHBCC010000095.1	8643890	8644318
y1_HG00621.2#651	y1_HG00621.2	HG00621#2#JAHBCC010000072.1	19539237	19539817
y1_HG00621.2#652	y1_HG00621.2	HG00621#2#JAHBCC010000028.1	69667712	69667719
y1_HG00621.2#653	y1_HG00621.2	HG00621#2#JAHBCC010000033.1	5753523	5813300
y1_HG00621.2#654	y1_HG00621.2	HG00621#2#JAHBCC010000059.1	26508434	26508464
y1_HG00621.2#655	y1_HG00621.2	HG00621#2#JAHBCC010000006.1	50207472	50438720
y1_HG00621.2#656	y1_HG00621.2	HG00621#2#JAHBCC010000055.1	30118025	30139042
y1_HG00621.2#657	y1_HG00621.2	HG00621#2#JAHBCC010000037.1	7854937	7854962
y1_HG00621.2#658	y1_HG00621.2	HG00621#2#JAHBCC010000034.1	59931912	60774460
y1_HG00621.2#659	y1_HG00621.2	HG00621#2#JAHBCC010000007.1	31194131	31234464
y1_HG00621.2#660	y1_HG00621.2	HG00621#2#JAHBCC010000066.1	49909983	49910287
y1_HG00621.2#661	y1_HG00621.2	HG00621#2#JAHBCC010000028.1	30271998	30272001
y1_HG00621.2#662	y1_HG00621.2	HG00621#2#JAHBCC010000004.1	31092523	31092525
y1_HG00621.2#663	y1_HG00621.2	HG00621#2#JAHBCC010000009.1	22203273	22210186
y1_HG00621.2#664	y1_HG00621.2	HG00621#2#JAHBCC010000020.1	90470841	90539637
y1_HG00621.2#665	y1_HG00621.2	HG00621#2#JAHBCC010000032.1	13069825	13069870
y1_HG00621.2#666	y1_HG00621.2	HG00621#2#JAHBCC010000041.1	13634751	14178946
y1_HG00621.2#667	y1_HG00621.2	HG00621#2#JAHBCC010000015.1	6295248	6321601
y1_HG00621.2#668	y1_HG00621.2	HG00621#2#JAHBCC010000013.1	9419841	9419879
y1_HG00621.2#669	y1_HG00621.2	HG00621#2#JAHBCC010000006.1	135371081	135371119
y1_HG00621.2#670	y1_HG00621.2	HG00621#2#JAHBCC010000006.1	6168890	6230213
y1_HG00621.2#671	y1_HG00621.2	HG00621#2#JAHBCC010000014.1	88714532	88714562
y1_HG00621.2#672	y1_HG00621.2	HG00621#2#JAHBCC010000048.1	35228796	35228931
y1_HG00621.2#673	y1_HG00621.2	HG00621#2#JAHBCC010000064.1	6349826	6349846
y1_HG00621.2#674	y1_HG00621.2	HG00621#2#JAHBCC010000031.1	1328535	1378738
y1_HG00621.2#675	y1_HG00621.2	HG00621#2#JAHBCC010000018.1	82946366	82948015
y1_HG00621.2#676	y1_HG00621.2	HG00621#2#JAHBCC010000073.1	10479059	10479576
y1_HG00621.2#677	y1_HG00621.2	HG00621#2#JAHBCC010000086.1	273587	274021
y1_HG00621.2#678	y1_HG00621.2	HG00621#2#JAHBCC010000066.1	58494	498186
y1_HG00621.2#679	y1_HG00621.2	HG00621#2#JAHBCC010000037.1	37240830	37254948
y1_HG00621.2#680	y1_HG00621.2	HG00621#2#JAHBCC010000020.1	69288146	69288350
y1_HG00621.2#681	y1_HG00621.2	HG00621#2#JAHBCC010000026.1	20343457	20344530
y1_HG00621.2#682	y1_HG00621.2	HG00621#2#JAHBCC010000018.1	61304662	61304669
y1_HG00621.2#683	y1_HG00621.2	HG00621#2#JAHBCC010000060.1	23523895	23523907
y1_HG00621.2#684	y1_HG00621.2	HG00621#2#JAHBCC010000005.1	33133632	33133804
y1_HG00621.2#685	y1_HG00621.2	HG00621#2#JAHBCC010000078.1	12483076	12483094
y1_HG00621.2#686	y1_HG00621.2	HG00621#2#JAHBCC010000039.1	24053699	24053703
y1_HG00621.2#687	y1_HG00621.2	HG00621#2#JAHBCC010000006.1	80819385	81185362
y1_HG00621.2#688	y1_HG00621.2	HG00621#2#JAHBCC010000034.1	4409994	5379432
y1_HG00621.2#689	y1_HG00621.2	HG00621#2#JAHBCC010000039.1	59537870	59537992
y1_HG00621.2#690	y1_HG00621.2	HG00621#2#JAHBCC010000055.1	52259769	52259790
y1_HG00621.2#691	y1_HG00621.2	HG00621#2#JAHBCC010000037.1	3865064	3865109
y1_HG00621.2#692	y1_HG00621.2	HG00621#2#JAHBCC010000022.1	49910824	49911812
y1_HG00621.2#693	y1_HG00621.2	HG00621#2#JAHBCC010000034.1	23468408	23468487
y1_HG00621.2#694	y1_HG00621.2	HG00621#2#JAHBCC010000049.1	14976327	14981413
y1_HG00621.2#695	y1_HG00621.2	HG00621#2#JAHBCC010000007.1	37425489	37432653
y1_HG00621.2#696	y1_HG00621.2	HG00621#2#JAHBCC010000133.1	1189180	1189187
y1_HG00621.2#697	y1_HG00621.2	HG00621#2#JAHBCC010000022.1	93382233	93401260
y1_HG00621.2#698	y1_HG00621.2	HG00621#2#JAHBCC010000036.1	16548423	16548428
y1_HG00621.2#699	y1_HG00621.2	HG00621#2#JAHBCC010000055.1	21976642	22983298
y1_HG00621.2#700	y1_HG00621.2	HG00621#2#JAHBCC010000018.1	44029264	44029581
y1_HG00621.2#701	y1_HG00621.2	HG00621#2#JAHBCC010000017.1	22899214	22899246
y1_HG00621.2#702	y1_HG00621.2	HG00621#2#JAHBCC010000037.1	33545704	33570761
y1_HG00621.2#703	y1_HG00621.2	HG00621#2#JAHBCC010000049.1	4821412	4821416
y1_HG00621.2#704	y1_HG00621.2	HG00621#2#JAHBCC010000009.1	2793355	2793368
y1_HG00621.2#705	y1_HG00621.2	HG00621#2#JAHBCC010000062.1	31660479	31660503
y1_HG00621.2#706	y1_HG00621.2	HG00621#2#JAHBCC010000048.1	15003007	15003024
y1_HG00621.2#707	y1_HG00621.2	HG00621#2#JAHBCC010000017.1	29219019	29363788
y1_HG00621.2#708	y1_HG00621.2	HG00621#2#JAHBCC010000014.1	9058574	9058614
y1_HG00621.2#709	y1_HG00621.2	HG00621#2#JAHBCC010000008.1	67528421	67561678
y1_HG00621.2#710	y1_HG00621.2	HG00621#2#JAHBCC010000044.1	3925491	4017017
y1_HG00621.2#711	y1_HG00621.2	HG00621#2#JAHBCC010000161.1	35971	49733
y1_HG00621.2#712	y1_HG00621.2	HG00621#2#JAHBCC010000018.1	21048892	21066134
y1_HG00621.2#713	y1_HG00621.2	HG00621#2#JAHBCC010000019.1	20439001	20439637
y1_HG00621.2#714	y1_HG00621.2	HG00621#2#JAHBCC010000039.1	32729849	32730127
y1_HG00621.2#715	y1_HG00621.2	HG00621#2#JAHBCC010000004.1	40974160	40974184
y1_HG00621.2#716	y1_HG00621.2	HG00621#2#JAHBCC010000001.1	6611849	6611877
y1_HG00621.2#717	y1_HG00621.2	HG00621#2#JAHBCC010000044.1	1567480	1568115
y1_HG00621.2#718	y1_HG00621.2	HG00621#2#JAHBCC010000019.1	39881877	39887065
y1_HG00621.2#719	y1_HG00621.2	HG00621#2#JAHBCC010000024.1	27530631	27530635
y1_HG00621.2#720	y1_HG00621.2	HG00621#2#JAHBCC010000033.1	1582805	1582902
y1_HG00621.2#721	y1_HG00621.2	HG00621#2#JAHBCC010000040.1	2901946	2964016
y1_HG00621.2#722	y1_HG00621.2	HG00621#2#JAHBCC010000028.1	36524217	36529955
y1_HG00621.2#723	y1_HG00621.2	HG00621#2#JAHBCC010000076.1	14291033	14388244
y1_HG00621.2#724	y1_HG00621.2	HG00621#2#JAHBCC010000030.1	18142332	18142335
y1_HG00621.2#725	y1_HG00621.2	HG00621#2#JAHBCC010000060.1	7224617	7224694
y1_HG00621.2#726	y1_HG00621.2	HG00621#2#JAHBCC010000018.1	2924437	3116638
y1_HG00621.2#727	y1_HG00621.2	HG00621#2#JAHBCC010000024.1	59975681	59985264
y1_HG00621.2#728	y1_HG00621.2	HG00621#2#JAHBCC010000013.1	11183203	11183205
y1_HG00621.2#729	y1_HG00621.2	HG00621#2#JAHBCC010000087.1	19393789	19394038
y1_HG00621.2#730	y1_HG00621.2	HG00621#2#JAHBCC010000020.1	8450052	8511320
y1_HG00621.2#731	y1_HG00621.2	HG00621#2#JAHBCC010000054.1	12946194	12948156
y1_HG00621.2#732	y1_HG00621.2	HG00621#2#JAHBCC010000020.1	33777885	34163056
y1_HG00621.2#733	y1_HG00621.2	HG00621#2#JAHBCC010000066.1	37271870	37272205
y1_HG00621.2#734	y1_HG00621.2	HG00621#2#JAHBCC010000020.1	51973946	52022002
y1_HG00621.2#735	y1_HG00621.2	HG00621#2#JAHBCC010000017.1	11814930	11814934
y1_HG00621.2#736	y1_HG00621.2	HG00621#2#JAHBCC010000030.1	11343423	11343497
y1_HG00621.2#737	y1_HG00621.2	HG00621#2#JAHBCC010000059.1	7179448	8203146
y1_HG00621.2#738	y1_HG00621.2	HG00621#2#JAHBCC010000048.1	11259052	11260311
y1_HG00621.2#739	y1_HG00621.2	HG00621#2#JAHBCC010000006.1	3822404	4015984
y1_HG00621.2#740	y1_HG00621.2	HG00621#2#JAHBCC010000014.1	6238667	6280874
y1_HG00621.2#741	y1_HG00621.2	HG00621#2#JAHBCC010000006.1	52713438	52713445
y1_HG00621.2#742	y1_HG00621.2	HG00621#2#JAHBCC010000008.1	51592699	51596002
y1_HG00621.2#743	y1_HG00621.2	HG00621#2#JAHBCC010000005.1	32282832	32283119
y1_HG00621.2#744	y1_HG00621.2	HG00621#2#JAHBCC010000003.1	15139118	15139172
y1_HG00621.2#745	y1_HG00621.2	HG00621#2#JAHBCC010000033.1	10747750	10747753
y1_HG00621.2#746	y1_HG00621.2	HG00621#2#JAHBCC010000014.1	24145897	24145920
y1_HG00621.2#747	y1_HG00621.2	HG00621#2#JAHBCC010000051.1	28105470	28241354
y1_HG00621.2#748	y1_HG00621.2	HG00621#2#JAHBCC010000042.1	11875126	11875147
y1_HG00621.2#749	y1_HG00621.2	HG00621#2#JAHBCC010000064.1	11030452	11031426
y1_HG00621.2#750	y1_HG00621.2	HG00621#2#JAHBCC010000010.1	2617595	2617607
y1_HG00621.2#751	y1_HG00621.2	HG00621#2#JAHBCC010000051.1	19922868	19922887
y1_HG00621.2#752	y1_HG00621.2	HG00621#2#JAHBCC010000076.1	4364844	4364995
y1_HG00621.2#753	y1_HG00621.2	HG00621#2#JAHBCC010000008.1	40724877	40727309
y1_HG00621.2#754	y1_HG00621.2	HG00621#2#JAHBCC010000073.1	8322863	8511679
y1_HG00621.2#755	y1_HG00621.2	HG00621#2#JAHBCC010000024.1	1250792	1289574
y1_HG00621.2#756	y1_HG00621.2	HG00621#2#JAHBCC010000058.1	15936575	15936611
y1_HG00621.2#757	y1_HG00621.2	HG00621#2#JAHBCC010000054.1	30627765	30628011
y1_HG00621.2#758	y1_HG00621.2	HG00621#2#JAHBCC010000036.1	40132496	40137745
y1_HG00621.2#759	y1_HG00621.2	HG00621#2#JAHBCC010000084.1	12926806	12926835
y1_HG00621.2#760	y1_HG00621.2	HG00621#2#JAHBCC010000046.1	869514	869559
y1_HG00621.2#761	y1_HG00621.2	HG00621#2#JAHBCC010000032.1	22462153	22462155
y1_HG00621.2#762	y1_HG00621.2	HG00621#2#JAHBCC010000045.1	34925352	34925359
y1_HG00621.2#763	y1_HG00621.2	HG00621#2#JAHBCC010000055.1	47306057	47518470
y1_HG00621.2#764	y1_HG00621.2	HG00621#2#JAHBCC010000056.1	8207133	8281059
y1_HG00621.2#765	y1_HG00621.2	HG00621#2#JAHBCC010000072.1	8460297	8460474
y1_HG00621.2#766	y1_HG00621.2	HG00621#2#JAHBCC010000014.1	4771493	5195058
y1_HG00621.2#767	y1_HG00621.2	HG00621#2#JAHBCC010000051.1	40126142	40126569
y1_HG00621.2#768	y1_HG00621.2	HG00621#2#JAHBCC010000051.1	42319196	42380784
y1_HG00621.2#769	y1_HG00621.2	HG00621#2#JAHBCC010000024.1	74610926	74611068
y1_HG00621.2#770	y1_HG00621.2	HG00621#2#JAHBCC010000034.1	64914825	65735099
y1_HG00621.2#771	y1_HG00621.2	HG00621#2#JAHBCC010000005.1	59573167	59573171
y1_HG00621.2#772	y1_HG00621.2	HG00621#2#JAHBCC010000056.1	14636955	14645906
y1_HG00621.2#773	y1_HG00621.2	HG00621#2#JAHBCC010000049.1	6178990	6179023
y1_HG00621.2#774	y1_HG00621.2	HG00621#2#JAHBCC010000104.1	4861388	5376166
y1_HG00621.2#775	y1_HG00621.2	HG00621#2#JAHBCC010000084.1	7272622	7273566
y1_HG00621.2#776	y1_HG00621.2	HG00621#2#JAHBCC010000005.1	54797466	54797468
y1_HG00621.2#777	y1_HG00621.2	HG00621#2#JAHBCC010000071.1	10011853	10012042
y1_HG00621.2#778	y1_HG00621.2	HG00621#2#JAHBCC010000045.1	19006306	19006310
y1_HG00621.2#779	y1_HG00621.2	HG00621#2#JAHBCC010000007.1	16912115	16925902
y1_HG00621.2#780	y1_HG00621.2	HG00621#2#JAHBCC010000014.1	93299823	93299914
y1_HG00621.2#781	y1_HG00621.2	HG00621#2#JAHBCC010000041.1	14629859	14631374
y1_HG00621.2#782	y1_HG00621.2	HG00621#2#JAHBCC010000034.1	58018145	58178283
y1_HG00621.2#783	y1_HG00621.2	HG00621#2#JAHBCC010000062.1	26089966	26094757
y1_HG00621.2#784	y1_HG00621.2	HG00621#2#JAHBCC010000032.1	25572137	25572141
y1_HG00621.2#785	y1_HG00621.2	HG00621#2#JAHBCC010000045.1	54226749	54887876
y1_HG00621.2#786	y1_HG00621.2	HG00621#2#JAHBCC010000044.1	2539844	2539924
y1_HG00621.2#787	y1_HG00621.2	HG00621#2#JAHBCC010000033.1	53769986	53847690
y1_HG00621.2#788	y1_HG00621.2	HG00621#2#JAHBCC010000036.1	26347997	26413919
y1_HG00621.2#789	y1_HG00621.2	HG00621#2#JAHBCC010000020.1	15836164	15836255
y1_HG00621.2#790	y1_HG00621.2	HG00621#2#JAHBCC010000024.1	35367421	35376884
y1_HG00621.2#791	y1_HG00621.2	HG00621#2#JAHBCC010000038.1	2466701	2466724
y1_HG00621.2#792	y1_HG00621.2	HG00621#2#JAHBCC010000033.1	64030024	64035079
y1_HG00621.2#793	y1_HG00621.2	HG00621#2#JAHBCC010000022.1	12190296	12190592
y1_HG00621.2#794	y1_HG00621.2	HG00621#2#JAHBCC010000018.1	70233021	70233084
y1_HG00621.2#795	y1_HG00621.2	HG00621#2#JAHBCC010000055.1	77158616	77159573
y1_HG00621.2#796	y1_HG00621.2	HG00621#2#JAHBCC010000062.1	5648394	5667904
y1_HG00621.2#797	y1_HG00621.2	HG00621#2#JAHBCC010000018.1	15939211	15939213
y1_HG00621.2#798	y1_HG00621.2	HG00621#2#JAHBCC010000001.1	18655086	19326470
y1_HG00621.2#799	y1_HG00621.2	HG00621#2#JAHBCC010000048.1	18545724	18545783
y1_HG00621.2#800	y1_HG00621.2	HG00621#2#JAHBCC010000056.1	26968849	26968862
y1_HG00621.2#801	y1_HG00621.2	HG00621#2#JAHBCC010000078.1	33199240	33199243
y1_HG00621.2#802	y1_HG00621.2	HG00621#2#JAHBCC010000039.1	3574574	3574678
y1_HG00621.2#803	y1_HG00621.2	HG00621#2#JAHBCC010000030.1	11700517	11854555
y1_HG00621.2#804	y1_HG00621.2	HG00621#2#JAHBCC010000065.1	24133023	24133025
y1_HG00621.2#805	y1_HG00621.2	HG00621#2#JAHBCC010000022.1	73068607	73070330
y1_HG00621.2#806	y1_HG00621.2	HG00621#2#JAHBCC010000006.1	67362964	67362969
y1_HG00621.2#807	y1_HG00621.2	HG00621#2#JAHBCC010000024.1	6072390	6072415
y1_HG00621.2#808	y1_HG00621.2	HG00621#2#JAHBCC010000020.1	7445024	7445172
y1_HG00621.2#809	y1_HG00621.2	HG00621#2#JAHBCC010000045.1	21051048	21064060
y1_HG00621.2#810	y1_HG00621.2	HG00621#2#JAHBCC010000006.1	58371570	58609886
y1_HG00621.2#811	y1_HG00621.2	HG00621#2#JAHBCC010000037.1	9900789	9928098
y1_HG00621.2#812	y1_HG00621.2	HG00621#2#JAHBCC010000034.1	24843943	25021614
y1_HG00621.2#813	y1_HG00621.2	HG00621#2#JAHBCC010000021.1	2230818	2230837
y1_HG00621.2#814	y1_HG00621.2	HG00621#2#JAHBCC010000008.1	30531638	30531650
y1_HG00621.2#815	y1_HG00621.2	HG00621#2#JAHBCC010000017.1	18708208	18726623
y1_HG00621.2#816	y1_HG00621.2	HG00621#2#JAHBCC010000005.1	5766531	5766666
y1_HG00621.2#817	y1_HG00621.2	HG00621#2#JAHBCC010000007.1	19930866	19952441
y1_HG00621.2#818	y1_HG00621.2	HG00621#2#JAHBCC010000018.1	90967307	90967315
y1_HG00621.2#819	y1_HG00621.2	HG00621#2#JAHBCC010000054.1	3769128	3770047
y1_HG00621.2#820	y1_HG00621.2	HG00621#2#JAHBCC010000055.1	77096563	77098161
y1_HG00621.2#821	y1_HG00621.2	HG00621#2#JAHBCC010000018.1	20947073	21056044
y1_HG00621.2#822	y1_HG00621.2	HG00621#2#JAHBCC010000039.1	35963786	35963788
y1_HG00621.2#823	y1_HG00621.2	HG00621#2#JAHBCC010000024.1	29225481	29314847
y1_HG00621.2#824	y1_HG00621.2	HG00621#2#JAHBCC010000060.1	14199777	14200461
y1_HG00621.2#825	y1_HG00621.2	HG00621#2#JAHBCC010000033.1	60394758	60395016
y1_HG00621.2#826	y1_HG00621.2	HG00621#2#JAHBCC010000073.1	2209309	2209483
y1_HG00621.2#827	y1_HG00621.2	HG00621#2#JAHBCC010000020.1	42003478	42003482
y1_HG00621.2#828	y1_HG00621.2	HG00621#2#JAHBCC010000049.1	20802199	20832970
y1_HG00621.2#829	y1_HG00621.2	HG00621#2#JAHBCC010000006.1	46113388	46113977
y1_HG00621.2#830	y1_HG00621.2	HG00621#2#JAHBCC010000055.1	62147717	62147729
y1_HG00621.2#831	y1_HG00621.2	HG00621#2#JAHBCC010000009.1	22455969	22456074
y1_HG00621.2#832	y1_HG00621.2	HG00621#2#JAHBCC010000036.1	17192795	18097818
y1_HG00621.2#833	y1_HG00621.2	HG00621#2#JAHBCC010000091.1	312380	390527
y1_HG00621.2#834	y1_HG00621.2	HG00621#2#JAHBCC010000014.1	95258871	95272317
y1_HG00621.2#835	y1_HG00621.2	HG00621#2#JAHBCC010000003.1	16129826	16158475
y1_HG00621.2#836	y1_HG00621.2	HG00621#2#JAHBCC010000066.1	36015580	36232869
y1_HG00621.2#837	y1_HG00621.2	HG00621#2#JAHBCC010000005.1	34701392	34703768
y1_HG00621.2#838	y1_HG00621.2	HG00621#2#JAHBCC010000083.1	2736674	2736794
y1_HG00621.2#839	y1_HG00621.2	HG00621#2#JAHBCC010000013.1	18886914	18886938
y1_HG00621.2#840	y1_HG00621.2	HG00621#2#JAHBCC010000006.1	74584015	74584220
y1_HG00621.2#841	y1_HG00621.2	HG00621#2#JAHBCC010000005.1	21086782	21086786
y1_HG00621.2#842	y1_HG00621.2	HG00621#2#JAHBCC010000033.1	63555460	63839363
y1_HG00621.2#843	y1_HG00621.2	HG00621#2#JAHBCC010000015.1	16751724	16755939
y1_HG00621.2#844	y1_HG00621.2	HG00621#2#JAHBCC010000054.1	27288358	27288361
y1_HG00621.2#845	y1_HG00621.2	HG00621#2#JAHBCC010000060.1	23428691	23428757
y1_HG00621.2#846	y1_HG00621.2	HG00621#2#JAHBCC010000036.1	1596247	1623526
y1_HG00621.2#847	y1_HG00621.2	HG00621#2#JAHBCC010000041.1	12207780	12233255
y1_HG00621.2#848	y1_HG00621.2	HG00621#2#JAHBCC010000045.1	20780176	20780213
y1_HG00621.2#849	y1_HG00621.2	HG00621#2#JAHBCC010000129.1	916956	917002
y1_HG00621.2#850	y1_HG00621.2	HG00621#2#JAHBCC010000049.1	20741223	21085320
y1_HG00621.2#851	y1_HG00621.2	HG00621#2#JAHBCC010000036.1	6136798	6143795
y1_HG00621.2#852	y1_HG00621.2	HG00621#2#JAHBCC010000056.1	4631182	4633259
y1_HG00621.2#853	y1_HG00621.2	HG00621#2#JAHBCC010000051.1	18594912	18595080
y1_HG00621.2#854	y1_HG00621.2	HG00621#2#JAHBCC010000055.1	9301669	9302001
y1_HG00621.2#855	y1_HG00621.2	HG00621#2#JAHBCC010000014.1	30250317	30250398
y1_HG00621.2#856	y1_HG00621.2	HG00621#2#JAHBCC010000133.1	1682979	1682984
y1_HG00621.2#857	y1_HG00621.2	HG00621#2#JAHBCC010000019.1	1661178	1661534
y1_HG00621.2#858	y1_HG00621.2	HG00621#2#JAHBCC010000022.1	22463134	22484212
y1_HG00621.2#859	y1_HG00621.2	HG00621#2#JAHBCC010000078.1	21337610	21338899
y1_HG00621.2#860	y1_HG00621.2	HG00621#2#JAHBCC010000004.1	7743704	8747089
y1_HG00621.2#861	y1_HG00621.2	HG00621#2#JAHBCC010000008.1	60226765	60226767
y1_HG00621.2#862	y1_HG00621.2	HG00621#2#JAHBCC010000031.1	5705160	5707368
y1_HG00621.2#863	y1_HG00621.2	HG00621#2#JAHBCC010000020.1	42034463	42268390
y1_HG00621.2#864	y1_HG00621.2	HG00621#2#JAHBCC010000060.1	10332181	10332189
y1_HG00621.2#865	y1_HG00621.2	HG00621#2#JAHBCC010000005.1	42056376	42056534
y1_HG00621.2#866	y1_HG00621.2	HG00621#2#JAHBCC010000041.1	13350117	13353488
y1_HG00621.2#867	y1_HG00621.2	HG00621#2#JAHBCC010000078.1	3542016	3939807
y1_HG00621.2#868	y1_HG00621.2	HG00621#2#JAHBCC010000055.1	91776354	91776364
y1_HG00621.2#869	y1_HG00621.2	HG00621#2#JAHBCC010000006.1	17450198	17450470
y1_HG00621.2#870	y1_HG00621.2	HG00621#2#JAHBCC010000014.1	87754128	87754140
y1_HG00621.2#871	y1_HG00621.2	HG00621#2#JAHBCC010000033.1	19986917	19986920
y1_HG00621.2#872	y1_HG00621.2	HG00621#2#JAHBCC010000045.1	7697002	7697006
y1_HG00621.2#873	y1_HG00621.2	HG00621#2#JAHBCC010000022.1	24000077	24000149
y1_HG00621.2#874	y1_HG00621.2	HG00621#2#JAHBCC010000036.1	22367218	22368417
y1_HG00621.2#875	y1_HG00621.2	HG00621#2#JAHBCC010000014.1	74609182	74609184
y1_HG00621.2#876	y1_HG00621.2	HG00621#2#JAHBCC010000019.1	6069688	6078544
y1_HG00621.2#877	y1_HG00621.2	HG00621#2#JAHBCC010000033.1	7237042	7239176
y1_HG00621.2#878	y1_HG00621.2	HG00621#2#JAHBCC010000041.1	31615163	31654475
y1_HG00621.2#879	y1_HG00621.2	HG00621#2#JAHBCC010000017.1	30242453	30345613
y1_HG00621.2#880	y1_HG00621.2	HG00621#2#JAHBCC010000025.1	14349614	14374520
y1_HG00621.2#881	y1_HG00621.2	HG00621#2#JAHBCC010000014.1	62422063	62422458
y1_HG00621.2#882	y1_HG00621.2	HG00621#2#JAHBCC010000084.1	3561974	3566777
y1_HG00621.2#883	y1_HG00621.2	HG00621#2#JAHBCC010000033.1	53386187	53387984
y1_HG00621.2#884	y1_HG00621.2	HG00621#2#JAHBCC010000008.1	24035712	24038951
y1_HG00621.2#885	y1_HG00621.2	HG00621#2#JAHBCC010000036.1	29587765	29664216
y1_HG00621.2#886	y1_HG00621.2	HG00621#2#JAHBCC010000051.1	35511437	35513650
y1_HG00621.2#887	y1_HG00621.2	HG00621#2#JAHBCC010000036.1	2139196	2139229
y1_HG00621.2#888	y1_HG00621.2	HG00621#2#JAHBCC010000007.1	589663	589682
y1_HG00621.2#889	y1_HG00621.2	HG00621#2#JAHBCC010000028.1	1915061	1925072
y1_HG00621.2#890	y1_HG00621.2	HG00621#2#JAHBCC010000055.1	70491063	70491086
y1_HG00621.2#891	y1_HG00621.2	HG00621#2#JAHBCC010000026.1	15011463	15011474
y1_HG00621.2#892	y1_HG00621.2	HG00621#2#JAHBCC010000060.1	23805853	24213935
y1_HG00621.2#893	y1_HG00621.2	HG00621#2#JAHBCC010000008.1	15093736	15094688
y1_HG00621.2#894	y1_HG00621.2	HG00621#2#JAHBCC010000042.1	3601315	3601347
y1_HG00621.2#895	y1_HG00621.2	HG00621#2#JAHBCC010000016.1	14501295	14501666
y1_HG00621.2#896	y1_HG00621.2	HG00621#2#JAHBCC010000021.1	3164522	3166946
y1_HG00621.2#897	y1_HG00621.2	HG00621#2#JAHBCC010000020.1	87829915	87829928
y1_HG00621.2#898	y1_HG00621.2	HG00621#2#JAHBCC010000055.1	91130623	91130727
y1_HG00621.2#899	y1_HG00621.2	HG00621#2#JAHBCC010000056.1	13061980	13161599
y1_HG00621.2#900	y1_HG00621.2	HG00621#2#JAHBCC010000033.1	94802126	94845920
y1_HG00621.2#901	y1_HG00621.2	HG00621#2#JAHBCC010000033.1	87167817	87179906
y1_HG00621.2#902	y1_HG00621.2	HG00621#2#JAHBCC010000020.1	3075191	3272665
y1_HG00621.2#903	y1_HG00621.2	HG00621#2#JAHBCC010000028.1	39476882	39478779
y1_HG00621.2#904	y1_HG00621.2	HG00621#2#JAHBCC010000034.1	16093285	16105468
y1_HG00621.2#905	y1_HG00621.2	HG00621#2#JAHBCC010000127.1	1182142	1182229
y1_HG00621.2#906	y1_HG00621.2	HG00621#2#JAHBCC010000053.1	8134642	8136519
y1_HG00621.2#907	y1_HG00621.2	HG00621#2#JAHBCC010000076.1	8496661	8496663
y1_HG00621.2#908	y1_HG00621.2	HG00621#2#JAHBCC010000059.1	19189851	19956483
y1_HG00621.2#909	y1_HG00621.2	HG00621#2#JAHBCC010000038.1	132264	177161
y1_HG00621.2#910	y1_HG00621.2	HG00621#2#JAHBCC010000045.1	30283095	30283097
y1_HG00621.2#911	y1_HG00621.2	HG00621#2#JAHBCC010000008.1	41722232	41731480
y1_HG00621.2#912	y1_HG00621.2	HG00621#2#JAHBCC010000007.1	21670308	22419107
y1_HG00621.2#913	y1_HG00621.2	HG00621#2#JAHBCC010000078.1	21362547	21606942
y1_HG00621.2#914	y1_HG00621.2	HG00621#2#JAHBCC010000028.1	7156108	7158382
y1_HG00621.2#915	y1_HG00621.2	HG00621#2#JAHBCC010000028.1	16073266	16118474
y1_HG00621.2#916	y1_HG00621.2	HG00621#2#JAHBCC010000006.1	45382108	45382123
y1_HG00621.2#917	y1_HG00621.2	HG00621#2#JAHBCC010000051.1	21427615	21448666
y1_HG00621.2#918	y1_HG00621.2	HG00621#2#JAHBCC010000022.1	7039403	7046787
y1_HG00621.2#919	y1_HG00621.2	HG00621#2#JAHBCC010000022.1	3827450	3827733
y1_HG00621.2#920	y1_HG00621.2	HG00621#2#JAHBCC010000030.1	15021487	15274374
y1_HG00621.2#921	y1_HG00621.2	HG00621#2#JAHBCC010000084.1	8301029	8301105
y1_HG00621.2#922	y1_HG00621.2	HG00621#2#JAHBCC010000011.1	12837494	12841570
y1_HG00621.2#923	y1_HG00621.2	HG00621#2#JAHBCC010000039.1	37817802	38152688
y1_HG00621.2#924	y1_HG00621.2	HG00621#2#JAHBCC010000033.1	7465802	7468141
y1_HG00621.2#925	y1_HG00621.2	HG00621#2#JAHBCC010000026.1	10109372	10109519
y1_HG00621.2#926	y1_HG00621.2	HG00621#2#JAHBCC010000001.1	11771787	11881941
y1_HG00621.2#927	y1_HG00621.2	HG00621#2#JAHBCC010000020.1	85586274	86230201
y1_HG00621.2#928	y1_HG00621.2	HG00621#2#JAHBCC010000048.1	13656974	13681940
y1_HG00621.2#929	y1_HG00621.2	HG00621#2#JAHBCC010000014.1	43855186	43855188
y1_HG00621.2#930	y1_HG00621.2	HG00621#2#JAHBCC010000045.1	60182634	60408672
y1_HG00621.2#931	y1_HG00621.2	HG00621#2#JAHBCC010000025.1	14989567	14989720
y1_HG00621.2#932	y1_HG00621.2	HG00621#2#JAHBCC010000032.1	3515969	4256109
y1_HG00621.2#933	y1_HG00621.2	HG00621#2#JAHBCC010000055.1	73303309	73325782
y1_HG00621.2#934	y1_HG00621.2	HG00621#2#JAHBCC010000071.1	9353864	9353866
y1_HG00621.2#935	y1_HG00621.2	HG00621#2#JAHBCC010000014.1	27931494	27931510
y1_HG00621.2#936	y1_HG00621.2	HG00621#2#JAHBCC010000053.1	26765321	26765361
y1_HG00621.2#937	y1_HG00621.2	HG00621#2#JAHBCC010000028.1	48301538	48301594
y1_HG00621.2#938	y1_HG00621.2	HG00621#2#JAHBCC010000030.1	3430376	3430443
y1_HG00621.2#939	y1_HG00621.2	HG00621#2#JAHBCC010000017.1	8790948	9817468
y1_HG00621.2#940	y1_HG00621.2	HG00621#2#JAHBCC010000017.1	7481317	7486556
y1_HG00621.2#941	y1_HG00621.2	HG00621#2#JAHBCC010000011.1	7148323	7148335
y1_HG00621.2#942	y1_HG00621.2	HG00621#2#JAHBCC010000020.1	86051414	86051417
y1_HG00621.2#943	y1_HG00621.2	HG00621#2#JAHBCC010000063.1	1534913	1558224
y1_HG00621.2#944	y1_HG00621.2	HG00621#2#JAHBCC010000055.1	56480708	56791212
y1_HG00621.2#945	y1_HG00621.2	HG00621#2#JAHBCC010000036.1	6087821	6088606
y1_HG00621.2#946	y1_HG00621.2	HG00621#2#JAHBCC010000020.1	12335341	12340402
y1_HG00621.2#947	y1_HG00621.2	HG00621#2#JAHBCC010000008.1	60089089	60929748
y1_HG00621.2#948	y1_HG00621.2	HG00621#2#JAHBCC010000104.1	8454436	8454440
y1_HG00621.2#949	y1_HG00621.2	HG00621#2#JAHBCC010000022.1	79065178	79065210
y1_HG00621.2#950	y1_HG00621.2	HG00621#2#JAHBCC010000207.1	3093	33722
y1_HG00621.2#951	y1_HG00621.2	HG00621#2#JAHBCC010000076.1	27649210	27698487
y1_HG00621.2#952	y1_HG00621.2	HG00621#2#JAHBCC010000001.1	2744150	2847144
y1_HG00621.2#953	y1_HG00621.2	HG00621#2#JAHBCC010000055.1	82576723	82600377
y1_HG00621.2#954	y1_HG00621.2	HG00621#2#JAHBCC010000030.1	15285326	15285330
y1_HG00621.2#955	y1_HG00621.2	HG00621#2#JAHBCC010000062.1	12590310	12590400
y1_HG00621.2#956	y1_HG00621.2	HG00621#2#JAHBCC010000018.1	26272248	26272251
y1_HG00621.2#957	y1_HG00621.2	HG00621#2#JAHBCC010000034.1	51800709	52455319
y1_HG00621.2#958	y1_HG00621.2	HG00621#2#JAHBCC010000026.1	9066693	9066870
y1_HG00621.2#959	y1_HG00621.2	HG00621#2#JAHBCC010000074.1	5705234	6661681
y1_HG00621.2#960	y1_HG00621.2	HG00621#2#JAHBCC010000025.1	14135125	14135135
y1_HG00621.2#961	y1_HG00621.2	HG00621#2#JAHBCC010000049.1	1845197	1845226
y1_HG00621.2#962	y1_HG00621.2	HG00621#2#JAHBCC010000018.1	81635472	81635579
y1_HG00621.2#963	y1_HG00621.2	HG00621#2#JAHBCC010000025.1	4678068	4678171
y1_HG00621.2#964	y1_HG00621.2	HG00621#2#JAHBCC010000028.1	4397560	4397819
y1_HG00621.2#965	y1_HG00621.2	HG00621#2#JAHBCC010000017.1	3780749	3780972
y1_HG00621.2#966	y1_HG00621.2	HG00621#2#JAHBCC010000021.1	15916514	15916521
y1_HG00621.2#967	y1_HG00621.2	HG00621#2#JAHBCC010000013.1	18973797	18973835
y1_HG00621.2#968	y1_HG00621.2	HG00621#2#JAHBCC010000018.1	75642939	75657777
y1_HG00621.2#969	y1_HG00621.2	HG00621#2#JAHBCC010000033.1	94735508	94735926
y1_HG00621.2#970	y1_HG00621.2	HG00621#2#JAHBCC010000060.1	21463194	21463752
y1_HG00621.2#971	y1_HG00621.2	HG00621#2#JAHBCC010000053.1	1304838	1305234
y1_HG00621.2#972	y1_HG00621.2	HG00621#2#JAHBCC010000001.1	20057103	20057242
y1_HG00621.2#973	y1_HG00621.2	HG00621#2#JAHBCC010000016.1	2512003	2512024
y1_HG00621.2#974	y1_HG00621.2	HG00621#2#JAHBCC010000089.1	251650	458032
y1_HG00621.2#975	y1_HG00621.2	HG00621#2#JAHBCC010000067.1	30762992	30763613
y1_HG00621.2#976	y1_HG00621.2	HG00621#2#JAHBCC010000095.1	8079248	8079261
y1_HG00621.2#977	y1_HG00621.2	HG00621#2#JAHBCC010000045.1	43622136	43775726
y1_HG00621.2#978	y1_HG00621.2	HG00621#2#JAHBCC010000006.1	93852018	93852020
y1_HG00621.2#979	y1_HG00621.2	HG00621#2#JAHBCC010000018.1	62070233	62070272
y1_HG00621.2#980	y1_HG00621.2	HG00621#2#JAHBCC010000080.1	3565263	3660859
y1_HG00621.2#981	y1_HG00621.2	HG00621#2#JAHBCC010000070.1	11633640	12047280
y1_HG00621.2#982	y1_HG00621.2	HG00621#2#JAHBCC010000037.1	27256652	27256664
y1_HG00621.2#983	y1_HG00621.2	HG00621#2#JAHBCC010000066.1	37285670	37285676
y1_HG00621.2#984	y1_HG00621.2	HG00621#2#JAHBCC010000053.1	26657696	26657698
y1_HG00621.2#985	y1_HG00621.2	HG00621#2#JAHBCC010000069.1	3325126	3682755
y1_HG00621.2#986	y1_HG00621.2	HG00621#2#JAHBCC010000001.1	7829114	8082544
y1_HG00621.2#987	y1_HG00621.2	HG00621#2#JAHBCC010000022.1	4598525	4598533
y1_HG00621.2#988	y1_HG00621.2	HG00621#2#JAHBCC010000087.1	3272720	3272771
y1_HG00621.2#989	y1_HG00621.2	HG00621#2#JAHBCC010000007.1	9976978	9985801
y1_HG00621.2#990	y1_HG00621.2	HG00621#2#JAHBCC010000007.1	12159498	12159876
y1_HG00621.2#991	y1_HG00621.2	HG00621#2#JAHBCC010000044.1	2258198	3035231
y1_HG00621.2#992	y1_HG00621.2	HG00621#2#JAHBCC010000072.1	13600681	13600684
y1_HG00621.2#993	y1_HG00621.2	HG00621#2#JAHBCC010000055.1	54390580	54707249
y1_HG00621.2#994	y1_HG00621.2	HG00621#2#JAHBCC010000006.1	113793244	113794237
y1_HG00621.2#995	y1_HG00621.2	HG00621#2#JAHBCC010000019.1	32058327	32100932
y1_HG00621.2#996	y1_HG00621.2	HG00621#2#JAHBCC010000055.1	39648459	39654558
y1_HG00621.2#997	y1_HG00621.2	HG00621#2#JAHBCC010000067.1	44190202	44192167
y1_HG00621.2#998	y1_HG00621.2	HG00621#2#JAHBCC010000036.1	9748296	9748769
y1_HG00621.2#999	y1_HG00621.2	HG00621#2#JAHBCC010000059.1	3146067	3146072
y1_HG00673.1#0	y1_HG00673.1	HG00673#1#JAHBBZ010000119.1	19289963	19290529
y1_HG00673.1#1	y1_HG00673.1	HG00673#1#JAHBBZ010000043.1	6508182	7072977
y1_HG00673.1#2	y1_HG00673.1	HG00673#1#JAHBBZ010000060.1	23864377	23870003
y1_HG00673.1#3	y1_HG00673.1	HG00673#1#JAHBBZ010000111.1	7952718	7952721
y1_HG00673.1#4	y1_HG00673.1	HG00673#1#JAHBBZ010000109.1	14846826	14846829
y1_HG00673.1#5	y1_HG00673.1	HG00673#1#JAHBBZ010000101.1	1752988	1844124
y1_HG00673.1#6	y1_HG00673.1	HG00673#1#JAHBBZ010000034.1	13483824	13487921
y1_HG00673.1#7	y1_HG00673.1	HG00673#1#JAHBBZ010000068.1	1284281	1285166
y1_HG00673.1#8	y1_HG00673.1	HG00673#1#JAHBBZ010000007.1	45442124	45442131
y1_HG00673.1#9	y1_HG00673.1	HG00673#1#JAHBBZ010000032.1	40839978	40839991
y1_HG00673.1#10	y1_HG00673.1	HG00673#1#JAHBBZ010000043.1	50737145	50737391
y1_HG00673.1#11	y1_HG00673.1	HG00673#1#JAHBBZ010000195.1	750136	750247
y1_HG00673.1#12	y1_HG00673.1	HG00673#1#JAHBBZ010000073.1	9920043	9987074
y1_HG00673.1#13	y1_HG00673.1	HG00673#1#JAHBBZ010000095.1	14469076	14469799
y1_HG00673.1#14	y1_HG00673.1	HG00673#1#JAHBBZ010000070.1	13272136	14065972
y1_HG00673.1#15	y1_HG00673.1	HG00673#1#JAHBBZ010000034.1	20532220	20882480
y1_HG00673.1#16	y1_HG00673.1	HG00673#1#JAHBBZ010000003.1	28099467	28212336
y1_HG00673.1#17	y1_HG00673.1	HG00673#1#JAHBBZ010000033.1	3091598	3091603
y1_HG00673.1#18	y1_HG00673.1	HG00673#1#JAHBBZ010000143.1	5610915	6475707
y1_HG00673.1#19	y1_HG00673.1	HG00673#1#JAHBBZ010000009.1	36593570	36594262
y1_HG00673.1#20	y1_HG00673.1	HG00673#1#JAHBBZ010000068.1	4434716	4434724
y1_HG00673.1#21	y1_HG00673.1	HG00673#1#JAHBBZ010000005.1	3431846	3432215
y1_HG00673.1#22	y1_HG00673.1	HG00673#1#JAHBBZ010000061.1	6613129	6613146
y1_HG00673.1#23	y1_HG00673.1	HG00673#1#JAHBBZ010000033.1	32155091	32155093
y1_HG00673.1#24	y1_HG00673.1	HG00673#1#JAHBBZ010000009.1	2626733	2626795
y1_HG00673.1#25	y1_HG00673.1	HG00673#1#JAHBBZ010000031.1	16799005	16799065
y1_HG00673.1#26	y1_HG00673.1	HG00673#1#JAHBBZ010000071.1	13480893	13505558
y1_HG00673.1#27	y1_HG00673.1	HG00673#1#JAHBBZ010000094.1	26807779	26807927
y1_HG00673.1#28	y1_HG00673.1	HG00673#1#JAHBBZ010000021.1	2974660	3109436
y1_HG00673.1#29	y1_HG00673.1	HG00673#1#JAHBBZ010000090.1	10385389	10398904
y1_HG00673.1#30	y1_HG00673.1	HG00673#1#JAHBBZ010000141.1	15045188	15057627
y1_HG00673.1#31	y1_HG00673.1	HG00673#1#JAHBBZ010000028.1	30915114	30918584
y1_HG00673.1#32	y1_HG00673.1	HG00673#1#JAHBBZ010000009.1	26281004	26282698
y1_HG00673.1#33	y1_HG00673.1	HG00673#1#JAHBBZ010000016.1	10737894	11007380
y1_HG00673.1#34	y1_HG00673.1	HG00673#1#JAHBBZ010000109.1	33824848	33824942
y1_HG00673.1#35	y1_HG00673.1	HG00673#1#JAHBBZ010000100.1	16233216	16233337
y1_HG00673.1#36	y1_HG00673.1	HG00673#1#JAHBBZ010000055.1	2327606	2419259
y1_HG00673.1#37	y1_HG00673.1	HG00673#1#JAHBBZ010000031.1	7415049	7708815
y1_HG00673.1#38	y1_HG00673.1	HG00673#1#JAHBBZ010000051.1	40166135	40166188
y1_HG00673.1#39	y1_HG00673.1	HG00673#1#JAHBBZ010000038.1	36538675	36565930
y1_HG00673.1#40	y1_HG00673.1	HG00673#1#JAHBBZ010000036.1	38006395	38027623
y1_HG00673.1#41	y1_HG00673.1	HG00673#1#JAHBBZ010000049.1	29266502	29270048
y1_HG00673.1#42	y1_HG00673.1	HG00673#1#JAHBBZ010000141.1	7735523	7735564
y1_HG00673.1#43	y1_HG00673.1	HG00673#1#JAHBBZ010000116.1	1649130	1652719
y1_HG00673.1#44	y1_HG00673.1	HG00673#1#JAHBBZ010000030.1	46759200	46759224
y1_HG00673.1#45	y1_HG00673.1	HG00673#1#JAHBBZ010000004.1	5520122	5520128
y1_HG00673.1#46	y1_HG00673.1	HG00673#1#JAHBBZ010000038.1	24946031	24946551
y1_HG00673.1#47	y1_HG00673.1	HG00673#1#JAHBBZ010000092.1	3949463	3949937
y1_HG00673.1#48	y1_HG00673.1	HG00673#1#JAHBBZ010000049.1	27421940	27422080
y1_HG00673.1#49	y1_HG00673.1	HG00673#1#JAHBBZ010000019.1	11115692	11125918
y1_HG00673.1#50	y1_HG00673.1	HG00673#1#JAHBBZ010000060.1	495050	504686
y1_HG00673.1#51	y1_HG00673.1	HG00673#1#JAHBBZ010000111.1	6684645	6689075
y1_HG00673.1#52	y1_HG00673.1	HG00673#1#JAHBBZ010000010.1	24655435	24655633
y1_HG00673.1#53	y1_HG00673.1	HG00673#1#JAHBBZ010000307.1	20177	20179
y1_HG00673.1#54	y1_HG00673.1	HG00673#1#JAHBBZ010000060.1	17344732	17344735
y1_HG00673.1#55	y1_HG00673.1	HG00673#1#JAHBBZ010000169.1	2890042	2892169
y1_HG00673.1#56	y1_HG00673.1	HG00673#1#JAHBBZ010000047.1	42979217	42979226
y1_HG00673.1#57	y1_HG00673.1	HG00673#1#JAHBBZ010000096.1	2848974	2848976
y1_HG00673.1#58	y1_HG00673.1	HG00673#1#JAHBBZ010000007.1	49237539	49323372
y1_HG00673.1#59	y1_HG00673.1	HG00673#1#JAHBBZ010000004.1	30675450	30680725
y1_HG00673.1#60	y1_HG00673.1	HG00673#1#JAHBBZ010000039.1	12035782	12037448
y1_HG00673.1#61	y1_HG00673.1	HG00673#1#JAHBBZ010000091.1	3768378	3768410
y1_HG00673.1#62	y1_HG00673.1	HG00673#1#JAHBBZ010000027.1	1776148	1776525
y1_HG00673.1#63	y1_HG00673.1	HG00673#1#JAHBBZ010000015.1	58443948	58448767
y1_HG00673.1#64	y1_HG00673.1	HG00673#1#JAHBBZ010000060.1	26099845	26100107
y1_HG00673.1#65	y1_HG00673.1	HG00673#1#JAHBBZ010000036.1	16122435	16122446
y1_HG00673.1#66	y1_HG00673.1	HG00673#1#JAHBBZ010000166.1	4289812	4289825
y1_HG00673.1#67	y1_HG00673.1	HG00673#1#JAHBBZ010000015.1	31273138	31280713
y1_HG00673.1#68	y1_HG00673.1	HG00673#1#JAHBBZ010000092.1	12265475	12265518
y1_HG00673.1#69	y1_HG00673.1	HG00673#1#JAHBBZ010000041.1	49322745	49322747
y1_HG00673.1#70	y1_HG00673.1	HG00673#1#JAHBBZ010000005.1	8420379	8420409
y1_HG00673.1#71	y1_HG00673.1	HG00673#1#JAHBBZ010000066.1	8813599	8813667
y1_HG00673.1#72	y1_HG00673.1	HG00673#1#JAHBBZ010000074.1	20564395	20717869
y1_HG00673.1#73	y1_HG00673.1	HG00673#1#JAHBBZ010000010.1	4407142	4526867
y1_HG00673.1#74	y1_HG00673.1	HG00673#1#JAHBBZ010000005.1	13424610	14254086
y1_HG00673.1#75	y1_HG00673.1	HG00673#1#JAHBBZ010000005.1	3515804	4321790
y1_HG00673.1#76	y1_HG00673.1	HG00673#1#JAHBBZ010000070.1	3542870	3545523
y1_HG00673.1#77	y1_HG00673.1	HG00673#1#JAHBBZ010000041.1	48670917	48671568
y1_HG00673.1#78	y1_HG00673.1	HG00673#1#JAHBBZ010000043.1	45630318	45676403
y1_HG00673.1#79	y1_HG00673.1	HG00673#1#JAHBBZ010000018.1	36892462	36900547
y1_HG00673.1#80	y1_HG00673.1	HG00673#1#JAHBBZ010000047.1	23425003	23806417
y1_HG00673.1#81	y1_HG00673.1	HG00673#1#JAHBBZ010000064.1	5083005	5998703
y1_HG00673.1#82	y1_HG00673.1	HG00673#1#JAHBBZ010000053.1	19527737	19527747
y1_HG00673.1#83	y1_HG00673.1	HG00673#1#JAHBBZ010000038.1	39367156	39368532
y1_HG00673.1#84	y1_HG00673.1	HG00673#1#JAHBBZ010000075.1	38996889	38996921
y1_HG00673.1#85	y1_HG00673.1	HG00673#1#JAHBBZ010000024.1	16846893	16846906
y1_HG00673.1#86	y1_HG00673.1	HG00673#1#JAHBBZ010000036.1	8379700	8380237
y1_HG00673.1#87	y1_HG00673.1	HG00673#1#JAHBBZ010000006.1	9981372	10016697
y1_HG00673.1#88	y1_HG00673.1	HG00673#1#JAHBBZ010000062.1	19594278	19807166
y1_HG00673.1#89	y1_HG00673.1	HG00673#1#JAHBBZ010000075.1	52231021	52231146
y1_HG00673.1#90	y1_HG00673.1	HG00673#1#JAHBBZ010000043.1	24837334	24841876
y1_HG00673.1#91	y1_HG00673.1	HG00673#1#JAHBBZ010000041.1	47902838	48234013
y1_HG00673.1#92	y1_HG00673.1	HG00673#1#JAHBBZ010000032.1	38949223	38949746
y1_HG00673.1#93	y1_HG00673.1	HG00673#1#JAHBBZ010000058.1	32121445	32121710
y1_HG00673.1#94	y1_HG00673.1	HG00673#1#JAHBBZ010000024.1	21300313	21309438
y1_HG00673.1#95	y1_HG00673.1	HG00673#1#JAHBBZ010000037.1	28658966	28666214
y1_HG00673.1#96	y1_HG00673.1	HG00673#1#JAHBBZ010000017.1	6411435	6412734
y1_HG00673.1#97	y1_HG00673.1	HG00673#1#JAHBBZ010000009.1	35540158	36244675
y1_HG00673.1#98	y1_HG00673.1	HG00673#1#JAHBBZ010000073.1	947138	973482
y1_HG00673.1#99	y1_HG00673.1	HG00673#1#JAHBBZ010000006.1	22407137	22407227
y1_HG00673.1#100	y1_HG00673.1	HG00673#1#JAHBBZ010000005.1	41784453	41785180
y1_HG00673.1#101	y1_HG00673.1	HG00673#1#JAHBBZ010000110.1	2356155	2571016
y1_HG00673.1#102	y1_HG00673.1	HG00673#1#JAHBBZ010000095.1	20261024	20316170
y1_HG00673.1#103	y1_HG00673.1	HG00673#1#JAHBBZ010000063.1	10799944	10801090
y1_HG00673.1#104	y1_HG00673.1	HG00673#1#JAHBBZ010000005.1	50355465	50532831
y1_HG00673.1#105	y1_HG00673.1	HG00673#1#JAHBBZ010000051.1	27247030	27247036
y1_HG00673.1#106	y1_HG00673.1	HG00673#1#JAHBBZ010000034.1	30292878	30320866
y1_HG00673.1#107	y1_HG00673.1	HG00673#1#JAHBBZ010000122.1	2137737	2137739
y1_HG00673.1#108	y1_HG00673.1	HG00673#1#JAHBBZ010000109.1	34371070	34372553
y1_HG00673.1#109	y1_HG00673.1	HG00673#1#JAHBBZ010000012.1	3338103	3551462
y1_HG00673.1#110	y1_HG00673.1	HG00673#1#JAHBBZ010000041.1	59101445	59101470
y1_HG00673.1#111	y1_HG00673.1	HG00673#1#JAHBBZ010000058.1	912403	947967
y1_HG00673.1#112	y1_HG00673.1	HG00673#1#JAHBBZ010000051.1	12231406	12232920
y1_HG00673.1#113	y1_HG00673.1	HG00673#1#JAHBBZ010000009.1	32914597	32915300
y1_HG00673.1#114	y1_HG00673.1	HG00673#1#JAHBBZ010000054.1	4769001	4769010
y1_HG00673.1#115	y1_HG00673.1	HG00673#1#JAHBBZ010000090.1	13426933	13454827
y1_HG00673.1#116	y1_HG00673.1	HG00673#1#JAHBBZ010000005.1	29442103	29442107
y1_HG00673.1#117	y1_HG00673.1	HG00673#1#JAHBBZ010000033.1	18981039	18984345
y1_HG00673.1#118	y1_HG00673.1	HG00673#1#JAHBBZ010000052.1	770686	770689
y1_HG00673.1#119	y1_HG00673.1	HG00673#1#JAHBBZ010000024.1	27249908	27600637
y1_HG00673.1#120	y1_HG00673.1	HG00673#1#JAHBBZ010000074.1	18696539	18696659
y1_HG00673.1#121	y1_HG00673.1	HG00673#1#JAHBBZ010000064.1	36377500	36406569
y1_HG00673.1#122	y1_HG00673.1	HG00673#1#JAHBBZ010000051.1	52420923	52421145
y1_HG00673.1#123	y1_HG00673.1	HG00673#1#JAHBBZ010000116.1	4986554	4986574
y1_HG00673.1#124	y1_HG00673.1	HG00673#1#JAHBBZ010000054.1	5890054	5895168
y1_HG00673.1#125	y1_HG00673.1	HG00673#1#JAHBBZ010000040.1	30087991	30111266
y1_HG00673.1#126	y1_HG00673.1	HG00673#1#JAHBBZ010000088.1	5732445	5732803
y1_HG00673.1#127	y1_HG00673.1	HG00673#1#JAHBBZ010000123.1	3314605	3399076
y1_HG00673.1#128	y1_HG00673.1	HG00673#1#JAHBBZ010000043.1	35979373	36850514
y1_HG00673.1#129	y1_HG00673.1	HG00673#1#JAHBBZ010000001.1	759561	973942
y1_HG00673.1#130	y1_HG00673.1	HG00673#1#JAHBBZ010000026.1	27902323	27902331
y1_HG00673.1#131	y1_HG00673.1	HG00673#1#JAHBBZ010000074.1	11187624	11188450
y1_HG00673.1#132	y1_HG00673.1	HG00673#1#JAHBBZ010000074.1	4013524	4013526
y1_HG00673.1#133	y1_HG00673.1	HG00673#1#JAHBBZ010000145.1	5145945	5146298
y1_HG00673.1#134	y1_HG00673.1	HG00673#1#JAHBBZ010000109.1	26620745	26636684
y1_HG00673.1#135	y1_HG00673.1	HG00673#1#JAHBBZ010000028.1	2409768	2410099
y1_HG00673.1#136	y1_HG00673.1	HG00673#1#JAHBBZ010000074.1	18482590	18482598
y1_HG00673.1#137	y1_HG00673.1	HG00673#1#JAHBBZ010000026.1	19940141	19940143
y1_HG00673.1#138	y1_HG00673.1	HG00673#1#JAHBBZ010000046.1	8324249	8335589
y1_HG00673.1#139	y1_HG00673.1	HG00673#1#JAHBBZ010000030.1	38782674	38782680
y1_HG00673.1#140	y1_HG00673.1	HG00673#1#JAHBBZ010000149.1	3815239	3819545
y1_HG00673.1#141	y1_HG00673.1	HG00673#1#JAHBBZ010000092.1	7132009	7132016
y1_HG00673.1#142	y1_HG00673.1	HG00673#1#JAHBBZ010000141.1	92883	92916
y1_HG00673.1#143	y1_HG00673.1	HG00673#1#JAHBBZ010000074.1	7393077	7786405
y1_HG00673.1#144	y1_HG00673.1	HG00673#1#JAHBBZ010000091.1	11045883	11093139
y1_HG00673.1#145	y1_HG00673.1	HG00673#1#JAHBBZ010000074.1	28840077	28840105
y1_HG00673.1#146	y1_HG00673.1	HG00673#1#JAHBBZ010000072.1	14503681	14503868
y1_HG00673.1#147	y1_HG00673.1	HG00673#1#JAHBBZ010000051.1	43918333	43918336
y1_HG00673.1#148	y1_HG00673.1	HG00673#1#JAHBBZ010000014.1	3071642	3221254
y1_HG00673.1#149	y1_HG00673.1	HG00673#1#JAHBBZ010000075.1	35435629	35436220
y1_HG00673.1#150	y1_HG00673.1	HG00673#1#JAHBBZ010000027.1	3300884	3302996
y1_HG00673.1#151	y1_HG00673.1	HG00673#1#JAHBBZ010000117.1	3053707	3053725
y1_HG00673.1#152	y1_HG00673.1	HG00673#1#JAHBBZ010000048.1	7860897	8206812
y1_HG00673.1#153	y1_HG00673.1	HG00673#1#JAHBBZ010000026.1	26344157	26591198
y1_HG00673.1#154	y1_HG00673.1	HG00673#1#JAHBBZ010000141.1	15062617	15071926
y1_HG00673.1#155	y1_HG00673.1	HG00673#1#JAHBBZ010000056.1	34603183	34603283
y1_HG00673.1#156	y1_HG00673.1	HG00673#1#JAHBBZ010000058.1	47399418	47858696
y1_HG00673.1#157	y1_HG00673.1	HG00673#1#JAHBBZ010000109.1	4628539	4628545
y1_HG00673.1#158	y1_HG00673.1	HG00673#1#JAHBBZ010000060.1	24916434	24918128
y1_HG00673.1#159	y1_HG00673.1	HG00673#1#JAHBBZ010000082.1	5893392	5923262
y1_HG00673.1#160	y1_HG00673.1	HG00673#1#JAHBBZ010000007.1	52253434	52448949
y1_HG00673.1#161	y1_HG00673.1	HG00673#1#JAHBBZ010000127.1	1543281	1543294
y1_HG00673.1#162	y1_HG00673.1	HG00673#1#JAHBBZ010000068.1	1564867	1575661
y1_HG00673.1#163	y1_HG00673.1	HG00673#1#JAHBBZ010000074.1	15526994	15527040
y1_HG00673.1#164	y1_HG00673.1	HG00673#1#JAHBBZ010000075.1	70226406	70436412
y1_HG00673.1#165	y1_HG00673.1	HG00673#1#JAHBBZ010000121.1	5856997	5923457
y1_HG00673.1#166	y1_HG00673.1	HG00673#1#JAHBBZ010000005.1	1286040	1290789
y1_HG00673.1#167	y1_HG00673.1	HG00673#1#JAHBBZ010000068.1	116330	116682
y1_HG00673.1#168	y1_HG00673.1	HG00673#1#JAHBBZ010000043.1	31693474	31693476
y1_HG00673.1#169	y1_HG00673.1	HG00673#1#JAHBBZ010000141.1	2480281	2480311
y1_HG00673.1#170	y1_HG00673.1	HG00673#1#JAHBBZ010000007.1	40765068	40765335
y1_HG00673.1#171	y1_HG00673.1	HG00673#1#JAHBBZ010000087.1	6054816	6124100
y1_HG00673.1#172	y1_HG00673.1	HG00673#1#JAHBBZ010000046.1	2534569	2534574
y1_HG00673.1#173	y1_HG00673.1	HG00673#1#JAHBBZ010000051.1	50752058	50752315
y1_HG00673.1#174	y1_HG00673.1	HG00673#1#JAHBBZ010000054.1	5898954	5951956
y1_HG00673.1#175	y1_HG00673.1	HG00673#1#JAHBBZ010000051.1	43009989	43010144
y1_HG00673.1#176	y1_HG00673.1	HG00673#1#JAHBBZ010000050.1	384721	790436
y1_HG00673.1#177	y1_HG00673.1	HG00673#1#JAHBBZ010000058.1	29598307	29598315
y1_HG00673.1#178	y1_HG00673.1	HG00673#1#JAHBBZ010000157.1	4616890	4619311
y1_HG00673.1#179	y1_HG00673.1	HG00673#1#JAHBBZ010000100.1	2516572	2517255
y1_HG00673.1#180	y1_HG00673.1	HG00673#1#JAHBBZ010000040.1	30483044	30496374
y1_HG00673.1#181	y1_HG00673.1	HG00673#1#JAHBBZ010000056.1	9832715	9964198
y1_HG00673.1#182	y1_HG00673.1	HG00673#1#JAHBBZ010000059.1	9688924	9688959
y1_HG00673.1#183	y1_HG00673.1	HG00673#1#JAHBBZ010000024.1	32022382	32125661
y1_HG00673.1#184	y1_HG00673.1	HG00673#1#JAHBBZ010000143.1	5919739	6012241
y1_HG00673.1#185	y1_HG00673.1	HG00673#1#JAHBBZ010000009.1	28507519	28507524
y1_HG00673.1#186	y1_HG00673.1	HG00673#1#JAHBBZ010000019.1	15886205	15887771
y1_HG00673.1#187	y1_HG00673.1	HG00673#1#JAHBBZ010000021.1	22713797	22911453
y1_HG00673.1#188	y1_HG00673.1	HG00673#1#JAHBBZ010000051.1	21243432	21990522
y1_HG00673.1#189	y1_HG00673.1	HG00673#1#JAHBBZ010000036.1	23161207	23455197
y1_HG00673.1#190	y1_HG00673.1	HG00673#1#JAHBBZ010000075.1	71830279	71832259
y1_HG00673.1#191	y1_HG00673.1	HG00673#1#JAHBBZ010000047.1	742251	742747
y1_HG00673.1#192	y1_HG00673.1	HG00673#1#JAHBBZ010000070.1	12776994	12777664
y1_HG00673.1#193	y1_HG00673.1	HG00673#1#JAHBBZ010000032.1	9779177	9784339
y1_HG00673.1#194	y1_HG00673.1	HG00673#1#JAHBBZ010000005.1	60690306	60690317
y1_HG00673.1#195	y1_HG00673.1	HG00673#1#JAHBBZ010000060.1	19182684	19189818
y1_HG00673.1#196	y1_HG00673.1	HG00673#1#JAHBBZ010000080.1	1941481	1976674
y1_HG00673.1#197	y1_HG00673.1	HG00673#1#JAHBBZ010000030.1	36036114	36036483
y1_HG00673.1#198	y1_HG00673.1	HG00673#1#JAHBBZ010000021.1	25674832	25674840
y1_HG00673.1#199	y1_HG00673.1	HG00673#1#JAHBBZ010000024.1	23919647	24774238
y1_HG00673.1#200	y1_HG00673.1	HG00673#1#JAHBBZ010000062.1	7620217	7620247
y1_HG00673.1#201	y1_HG00673.1	HG00673#1#JAHBBZ010000023.1	29359438	29359492
y1_HG00673.1#202	y1_HG00673.1	HG00673#1#JAHBBZ010000032.1	21360253	21360256
y1_HG00673.1#203	y1_HG00673.1	HG00673#1#JAHBBZ010000036.1	10130451	10130888
y1_HG00673.1#204	y1_HG00673.1	HG00673#1#JAHBBZ010000004.1	32107527	32260211
y1_HG00673.1#205	y1_HG00673.1	HG00673#1#JAHBBZ010000009.1	22919428	22919485
y1_HG00673.1#206	y1_HG00673.1	HG00673#1#JAHBBZ010000038.1	2214229	2233460
y1_HG00673.1#207	y1_HG00673.1	HG00673#1#JAHBBZ010000013.1	8256950	8256977
y1_HG00673.1#208	y1_HG00673.1	HG00673#1#JAHBBZ010000004.1	25746677	25828937
y1_HG00673.1#209	y1_HG00673.1	HG00673#1#JAHBBZ010000021.1	3222257	3222264
y1_HG00673.1#210	y1_HG00673.1	HG00673#1#JAHBBZ010000024.1	4004318	4004465
y1_HG00673.1#211	y1_HG00673.1	HG00673#1#JAHBBZ010000015.1	5422454	5435474
y1_HG00673.1#212	y1_HG00673.1	HG00673#1#JAHBBZ010000077.1	14013488	14013497
y1_HG00673.1#213	y1_HG00673.1	HG00673#1#JAHBBZ010000076.1	28438033	28438266
y1_HG00673.1#214	y1_HG00673.1	HG00673#1#JAHBBZ010000018.1	49975669	49975675
y1_HG00673.1#215	y1_HG00673.1	HG00673#1#JAHBBZ010000047.1	12764110	12764573
y1_HG00673.1#216	y1_HG00673.1	HG00673#1#JAHBBZ010000077.1	2319155	2320301
y1_HG00673.1#217	y1_HG00673.1	HG00673#1#JAHBBZ010000005.1	66582780	66599059
y1_HG00673.1#218	y1_HG00673.1	HG00673#1#JAHBBZ010000009.1	7086514	7086522
y1_HG00673.1#219	y1_HG00673.1	HG00673#1#JAHBBZ010000058.1	49414843	49428182
y1_HG00673.1#220	y1_HG00673.1	HG00673#1#JAHBBZ010000064.1	36849126	36849540
y1_HG00673.1#221	y1_HG00673.1	HG00673#1#JAHBBZ010000082.1	4970336	5014958
y1_HG00673.1#222	y1_HG00673.1	HG00673#1#JAHBBZ010000121.1	8763836	8834303
y1_HG00673.1#223	y1_HG00673.1	HG00673#1#JAHBBZ010000015.1	42856000	43585866
y1_HG00673.1#224	y1_HG00673.1	HG00673#1#JAHBBZ010000008.1	15637588	15637645
y1_HG00673.1#225	y1_HG00673.1	HG00673#1#JAHBBZ010000042.1	12041059	12041114
y1_HG00673.1#226	y1_HG00673.1	HG00673#1#JAHBBZ010000018.1	51512410	51513273
y1_HG00673.1#227	y1_HG00673.1	HG00673#1#JAHBBZ010000017.1	1747198	1754782
y1_HG00673.1#228	y1_HG00673.1	HG00673#1#JAHBBZ010000061.1	10142206	10161218
y1_HG00673.1#229	y1_HG00673.1	HG00673#1#JAHBBZ010000034.1	95921	440245
y1_HG00673.1#230	y1_HG00673.1	HG00673#1#JAHBBZ010000180.1	1200891	1251059
y1_HG00673.1#231	y1_HG00673.1	HG00673#1#JAHBBZ010000078.1	28266725	28267785
y1_HG00673.1#232	y1_HG00673.1	HG00673#1#JAHBBZ010000047.1	25626283	25626286
y1_HG00673.1#233	y1_HG00673.1	HG00673#1#JAHBBZ010000172.1	194365	199420
y1_HG00673.1#234	y1_HG00673.1	HG00673#1#JAHBBZ010000060.1	4979963	4980530
y1_HG00673.1#235	y1_HG00673.1	HG00673#1#JAHBBZ010000039.1	8488333	8488339
y1_HG00673.1#236	y1_HG00673.1	HG00673#1#JAHBBZ010000049.1	13385396	13385415
y1_HG00673.1#237	y1_HG00673.1	HG00673#1#JAHBBZ010000028.1	39458484	39941466
y1_HG00673.1#238	y1_HG00673.1	HG00673#1#JAHBBZ010000005.1	10889342	10889358
y1_HG00673.1#239	y1_HG00673.1	HG00673#1#JAHBBZ010000040.1	32168225	32446157
y1_HG00673.1#240	y1_HG00673.1	HG00673#1#JAHBBZ010000060.1	20768590	20803847
y1_HG00673.1#241	y1_HG00673.1	HG00673#1#JAHBBZ010000158.1	6094898	6100946
y1_HG00673.1#242	y1_HG00673.1	HG00673#1#JAHBBZ010000074.1	27197506	27315663
y1_HG00673.1#243	y1_HG00673.1	HG00673#1#JAHBBZ010000009.1	3959808	3987239
y1_HG00673.1#244	y1_HG00673.1	HG00673#1#JAHBBZ010000016.1	1675819	1738818
y1_HG00673.1#245	y1_HG00673.1	HG00673#1#JAHBBZ010000038.1	3377434	3377436
y1_HG00673.1#246	y1_HG00673.1	HG00673#1#JAHBBZ010000024.1	10900465	10901144
y1_HG00673.1#247	y1_HG00673.1	HG00673#1#JAHBBZ010000040.1	774020	775015
y1_HG00673.1#248	y1_HG00673.1	HG00673#1#JAHBBZ010000021.1	8571140	8572607
y1_HG00673.1#249	y1_HG00673.1	HG00673#1#JAHBBZ010000047.1	42695329	42695334
y1_HG00673.1#250	y1_HG00673.1	HG00673#1#JAHBBZ010000043.1	2532825	2536211
y1_HG00673.1#251	y1_HG00673.1	HG00673#1#JAHBBZ010000024.1	9185377	9185443
y1_HG00673.1#252	y1_HG00673.1	HG00673#1#JAHBBZ010000081.1	907714	937131
y1_HG00673.1#253	y1_HG00673.1	HG00673#1#JAHBBZ010000030.1	34520467	34522643
y1_HG00673.1#254	y1_HG00673.1	HG00673#1#JAHBBZ010000036.1	30111242	30147609
y1_HG00673.1#255	y1_HG00673.1	HG00673#1#JAHBBZ010000100.1	17710136	17710415
y1_HG00673.1#256	y1_HG00673.1	HG00673#1#JAHBBZ010000005.1	55708515	55708648
y1_HG00673.1#257	y1_HG00673.1	HG00673#1#JAHBBZ010000075.1	16599295	16599303
y1_HG00673.1#258	y1_HG00673.1	HG00673#1#JAHBBZ010000064.1	29455511	29455528
y1_HG00673.1#259	y1_HG00673.1	HG00673#1#JAHBBZ010000090.1	12147169	12147295
y1_HG00673.1#260	y1_HG00673.1	HG00673#1#JAHBBZ010000008.1	4490546	4601115
y1_HG00673.1#261	y1_HG00673.1	HG00673#1#JAHBBZ010000049.1	21296721	21297015
y1_HG00673.1#262	y1_HG00673.1	HG00673#1#JAHBBZ010000046.1	11294103	11340694
y1_HG00673.1#263	y1_HG00673.1	HG00673#1#JAHBBZ010000119.1	22776896	22776911
y1_HG00673.1#264	y1_HG00673.1	HG00673#1#JAHBBZ010000047.1	10411644	10411681
y1_HG00673.1#265	y1_HG00673.1	HG00673#1#JAHBBZ010000021.1	12954184	12954384
y1_HG00673.1#266	y1_HG00673.1	HG00673#1#JAHBBZ010000056.1	30222653	30266072
y1_HG00673.1#267	y1_HG00673.1	HG00673#1#JAHBBZ010000018.1	26847758	26850755
y1_HG00673.1#268	y1_HG00673.1	HG00673#1#JAHBBZ010000024.1	3759881	3760815
y1_HG00673.1#269	y1_HG00673.1	HG00673#1#JAHBBZ010000018.1	29164936	29222485
y1_HG00673.1#270	y1_HG00673.1	HG00673#1#JAHBBZ010000116.1	5663197	5664449
y1_HG00673.1#271	y1_HG00673.1	HG00673#1#JAHBBZ010000009.1	8131288	8133017
y1_HG00673.1#272	y1_HG00673.1	HG00673#1#JAHBBZ010000109.1	16554951	17021840
y1_HG00673.1#273	y1_HG00673.1	HG00673#1#JAHBBZ010000040.1	1274485	1274494
y1_HG00673.1#274	y1_HG00673.1	HG00673#1#JAHBBZ010000047.1	24284573	24285198
y1_HG00673.1#275	y1_HG00673.1	HG00673#1#JAHBBZ010000040.1	669559	669562
y1_HG00673.1#276	y1_HG00673.1	HG00673#1#JAHBBZ010000044.1	2433868	2433875
y1_HG00673.1#277	y1_HG00673.1	HG00673#1#JAHBBZ010000050.1	1715842	2113905
y1_HG00673.1#278	y1_HG00673.1	HG00673#1#JAHBBZ010000075.1	8510172	8540629
y1_HG00673.1#279	y1_HG00673.1	HG00673#1#JAHBBZ010000051.1	13276508	13276749
y1_HG00673.1#280	y1_HG00673.1	HG00673#1#JAHBBZ010000082.1	33436	49259
y1_HG00673.1#281	y1_HG00673.1	HG00673#1#JAHBBZ010000034.1	25611003	25611702
y1_HG00673.1#282	y1_HG00673.1	HG00673#1#JAHBBZ010000042.1	21715329	22494501
y1_HG00673.1#283	y1_HG00673.1	HG00673#1#JAHBBZ010000070.1	15834014	15858931
y1_HG00673.1#284	y1_HG00673.1	HG00673#1#JAHBBZ010000007.1	32810175	32839248
y1_HG00673.1#285	y1_HG00673.1	HG00673#1#JAHBBZ010000019.1	12426053	12426058
y1_HG00673.1#286	y1_HG00673.1	HG00673#1#JAHBBZ010000166.1	2562913	2708509
y1_HG00673.1#287	y1_HG00673.1	HG00673#1#JAHBBZ010000166.1	4550813	4554599
y1_HG00673.1#288	y1_HG00673.1	HG00673#1#JAHBBZ010000058.1	36471895	36471897
y1_HG00673.1#289	y1_HG00673.1	HG00673#1#JAHBBZ010000080.1	675823	675918
y1_HG00673.1#290	y1_HG00673.1	HG00673#1#JAHBBZ010000013.1	7704719	7704756
y1_HG00673.1#291	y1_HG00673.1	HG00673#1#JAHBBZ010000099.1	7428158	7428171
y1_HG00673.1#292	y1_HG00673.1	HG00673#1#JAHBBZ010000037.1	1447028	1447170
y1_HG00673.1#293	y1_HG00673.1	HG00673#1#JAHBBZ010000188.1	715014	715331
y1_HG00673.1#294	y1_HG00673.1	HG00673#1#JAHBBZ010000009.1	28066168	28069959
y1_HG00673.1#295	y1_HG00673.1	HG00673#1#JAHBBZ010000064.1	4045546	4231630
y1_HG00673.1#296	y1_HG00673.1	HG00673#1#JAHBBZ010000077.1	11538793	11793604
y1_HG00673.1#297	y1_HG00673.1	HG00673#1#JAHBBZ010000029.1	6890204	6894049
y1_HG00673.1#298	y1_HG00673.1	HG00673#1#JAHBBZ010000037.1	13375800	13381727
y1_HG00673.1#299	y1_HG00673.1	HG00673#1#JAHBBZ010000042.1	1919559	1919657
y1_HG00673.1#300	y1_HG00673.1	HG00673#1#JAHBBZ010000026.1	25186103	25186393
y1_HG00673.1#301	y1_HG00673.1	HG00673#1#JAHBBZ010000028.1	20979985	20980028
y1_HG00673.1#302	y1_HG00673.1	HG00673#1#JAHBBZ010000005.1	60593087	60823148
y1_HG00673.1#303	y1_HG00673.1	HG00673#1#JAHBBZ010000036.1	32762590	33482619
y1_HG00673.1#304	y1_HG00673.1	HG00673#1#JAHBBZ010000012.1	4418879	4422848
y1_HG00673.1#305	y1_HG00673.1	HG00673#1#JAHBBZ010000092.1	4145625	4720358
y1_HG00673.1#306	y1_HG00673.1	HG00673#1#JAHBBZ010000113.1	984312	984410
y1_HG00673.1#307	y1_HG00673.1	HG00673#1#JAHBBZ010000032.1	11613639	11622926
y1_HG00673.1#308	y1_HG00673.1	HG00673#1#JAHBBZ010000007.1	29882351	29882511
y1_HG00673.1#309	y1_HG00673.1	HG00673#1#JAHBBZ010000007.1	269738	269755
y1_HG00673.1#310	y1_HG00673.1	HG00673#1#JAHBBZ010000058.1	34080158	34124486
y1_HG00673.1#311	y1_HG00673.1	HG00673#1#JAHBBZ010000095.1	5698415	6226568
y1_HG00673.1#312	y1_HG00673.1	HG00673#1#JAHBBZ010000070.1	11437360	11437475
y1_HG00673.1#313	y1_HG00673.1	HG00673#1#JAHBBZ010000005.1	58154774	58157045
y1_HG00673.1#314	y1_HG00673.1	HG00673#1#JAHBBZ010000060.1	26761576	26767054
y1_HG00673.1#315	y1_HG00673.1	HG00673#1#JAHBBZ010000051.1	21832460	21871726
y1_HG00673.1#316	y1_HG00673.1	HG00673#1#JAHBBZ010000137.1	1471633	1471635
y1_HG00673.1#317	y1_HG00673.1	HG00673#1#JAHBBZ010000033.1	22290722	22290724
y1_HG00673.1#318	y1_HG00673.1	HG00673#1#JAHBBZ010000047.1	47369218	47369223
y1_HG00673.1#319	y1_HG00673.1	HG00673#1#JAHBBZ010000019.1	6898548	6898984
y1_HG00673.1#320	y1_HG00673.1	HG00673#1#JAHBBZ010000053.1	12877138	12877398
y1_HG00673.1#321	y1_HG00673.1	HG00673#1#JAHBBZ010000028.1	31845721	32691237
y1_HG00673.1#322	y1_HG00673.1	HG00673#1#JAHBBZ010000175.1	1131065	1132293
y1_HG00673.1#323	y1_HG00673.1	HG00673#1#JAHBBZ010000071.1	7555028	7555072
y1_HG00673.1#324	y1_HG00673.1	HG00673#1#JAHBBZ010000062.1	9519840	9638751
y1_HG00673.1#325	y1_HG00673.1	HG00673#1#JAHBBZ010000084.1	6493501	6493512
y1_HG00673.1#326	y1_HG00673.1	HG00673#1#JAHBBZ010000041.1	43635551	43635724
y1_HG00673.1#327	y1_HG00673.1	HG00673#1#JAHBBZ010000024.1	5607159	5607579
y1_HG00673.1#328	y1_HG00673.1	HG00673#1#JAHBBZ010000076.1	17001167	17037020
y1_HG00673.1#329	y1_HG00673.1	HG00673#1#JAHBBZ010000023.1	18655940	18656020
y1_HG00673.1#330	y1_HG00673.1	HG00673#1#JAHBBZ010000078.1	15071055	15071300
y1_HG00673.1#331	y1_HG00673.1	HG00673#1#JAHBBZ010000175.1	770856	846923
y1_HG00673.1#332	y1_HG00673.1	HG00673#1#JAHBBZ010000077.1	7211315	7998282
y1_HG00673.1#333	y1_HG00673.1	HG00673#1#JAHBBZ010000050.1	721831	722043
y1_HG00673.1#334	y1_HG00673.1	HG00673#1#JAHBBZ010000058.1	2237190	2237192
y1_HG00673.1#335	y1_HG00673.1	HG00673#1#JAHBBZ010000054.1	5169423	5169526
y1_HG00673.1#336	y1_HG00673.1	HG00673#1#JAHBBZ010000063.1	32340568	32346161
y1_HG00673.1#337	y1_HG00673.1	HG00673#1#JAHBBZ010000001.1	11196621	11439397
y1_HG00673.1#338	y1_HG00673.1	HG00673#1#JAHBBZ010000032.1	41612061	42626687
y1_HG00673.1#339	y1_HG00673.1	HG00673#1#JAHBBZ010000026.1	7629994	7648487
y1_HG00673.1#340	y1_HG00673.1	HG00673#1#JAHBBZ010000024.1	698355	757526
y1_HG00673.1#341	y1_HG00673.1	HG00673#1#JAHBBZ010000043.1	41403587	41404798
y1_HG00673.1#342	y1_HG00673.1	HG00673#1#JAHBBZ010000023.1	9101397	9110519
y1_HG00673.1#343	y1_HG00673.1	HG00673#1#JAHBBZ010000030.1	50329761	50551124
y1_HG00673.1#344	y1_HG00673.1	HG00673#1#JAHBBZ010000092.1	1793159	2042195
y1_HG00673.1#345	y1_HG00673.1	HG00673#1#JAHBBZ010000034.1	8377240	8489532
y1_HG00673.1#346	y1_HG00673.1	HG00673#1#JAHBBZ010000005.1	75848704	75848706
y1_HG00673.1#347	y1_HG00673.1	HG00673#1#JAHBBZ010000031.1	26334693	26343068
y1_HG00673.1#348	y1_HG00673.1	HG00673#1#JAHBBZ010000073.1	4645148	4979875
y1_HG00673.1#349	y1_HG00673.1	HG00673#1#JAHBBZ010000051.1	49778808	49778812
y1_HG00673.1#350	y1_HG00673.1	HG00673#1#JAHBBZ010000062.1	17947586	17949131
y1_HG00673.1#351	y1_HG00673.1	HG00673#1#JAHBBZ010000060.1	20919957	20920353
y1_HG00673.1#352	y1_HG00673.1	HG00673#1#JAHBBZ010000051.1	49186502	49186511
y1_HG00673.1#353	y1_HG00673.1	HG00673#1#JAHBBZ010000041.1	21995021	22000044
y1_HG00673.1#354	y1_HG00673.1	HG00673#1#JAHBBZ010000070.1	16362761	16396217
y1_HG00673.1#355	y1_HG00673.1	HG00673#1#JAHBBZ010000058.1	47054587	47064532
y1_HG00673.1#356	y1_HG00673.1	HG00673#1#JAHBBZ010000004.1	33995039	33995065
y1_HG00673.1#357	y1_HG00673.1	HG00673#1#JAHBBZ010000042.1	9147432	9147442
y1_HG00673.1#358	y1_HG00673.1	HG00673#1#JAHBBZ010000094.1	1280255	1280289
y1_HG00673.1#359	y1_HG00673.1	HG00673#1#JAHBBZ010000051.1	8243082	9219386
y1_HG00673.1#360	y1_HG00673.1	HG00673#1#JAHBBZ010000012.1	5500779	6234379
y1_HG00673.1#361	y1_HG00673.1	HG00673#1#JAHBBZ010000001.1	2573464	2637746
y1_HG00673.1#362	y1_HG00673.1	HG00673#1#JAHBBZ010000032.1	37835790	37953838
y1_HG00673.1#363	y1_HG00673.1	HG00673#1#JAHBBZ010000131.1	2176513	2176525
y1_HG00673.1#364	y1_HG00673.1	HG00673#1#JAHBBZ010000051.1	9399785	9460748
y1_HG00673.1#365	y1_HG00673.1	HG00673#1#JAHBBZ010000108.1	12690896	12690898
y1_HG00673.1#366	y1_HG00673.1	HG00673#1#JAHBBZ010000051.1	16064093	16064885
y1_HG00673.1#367	y1_HG00673.1	HG00673#1#JAHBBZ010000023.1	9596618	9596620
y1_HG00673.1#368	y1_HG00673.1	HG00673#1#JAHBBZ010000015.1	34661546	34663552
y1_HG00673.1#369	y1_HG00673.1	HG00673#1#JAHBBZ010000074.1	48029474	48060398
y1_HG00673.1#370	y1_HG00673.1	HG00673#1#JAHBBZ010000051.1	30612128	30612509
y1_HG00673.1#371	y1_HG00673.1	HG00673#1#JAHBBZ010000056.1	31845694	31845696
y1_HG00673.1#372	y1_HG00673.1	HG00673#1#JAHBBZ010000110.1	3361269	3361285
y1_HG00673.1#373	y1_HG00673.1	HG00673#1#JAHBBZ010000004.1	14965915	14965919
y1_HG00673.1#374	y1_HG00673.1	HG00673#1#JAHBBZ010000009.1	30420630	30848547
y1_HG00673.1#375	y1_HG00673.1	HG00673#1#JAHBBZ010000017.1	7654473	7678984
y1_HG00673.1#376	y1_HG00673.1	HG00673#1#JAHBBZ010000015.1	5884298	5884302
y1_HG00673.1#377	y1_HG00673.1	HG00673#1#JAHBBZ010000113.1	799573	799575
y1_HG00673.1#378	y1_HG00673.1	HG00673#1#JAHBBZ010000078.1	14008928	14039228
y1_HG00673.1#379	y1_HG00673.1	HG00673#1#JAHBBZ010000036.1	46902750	46902752
y1_HG00673.1#380	y1_HG00673.1	HG00673#1#JAHBBZ010000033.1	22520485	22520487
y1_HG00673.1#381	y1_HG00673.1	HG00673#1#JAHBBZ010000038.1	21805509	21805594
y1_HG00673.1#382	y1_HG00673.1	HG00673#1#JAHBBZ010000109.1	16028204	16028206
y1_HG00673.1#383	y1_HG00673.1	HG00673#1#JAHBBZ010000003.1	3130013	3241483
y1_HG00673.1#384	y1_HG00673.1	HG00673#1#JAHBBZ010000043.1	2391376	2391448
y1_HG00673.1#385	y1_HG00673.1	HG00673#1#JAHBBZ010000177.1	2858177	2859455
y1_HG00673.1#386	y1_HG00673.1	HG00673#1#JAHBBZ010000015.1	18207743	18207787
y1_HG00673.1#387	y1_HG00673.1	HG00673#1#JAHBBZ010000132.1	7856140	7856149
y1_HG00673.1#388	y1_HG00673.1	HG00673#1#JAHBBZ010000058.1	28849655	28849672
y1_HG00673.1#389	y1_HG00673.1	HG00673#1#JAHBBZ010000037.1	494116	586797
y1_HG00673.1#390	y1_HG00673.1	HG00673#1#JAHBBZ010000100.1	6366263	6366266
y1_HG00673.1#391	y1_HG00673.1	HG00673#1#JAHBBZ010000047.1	40140503	40140507
y1_HG00673.1#392	y1_HG00673.1	HG00673#1#JAHBBZ010000159.1	1105799	1105831
y1_HG00673.1#393	y1_HG00673.1	HG00673#1#JAHBBZ010000033.1	33247011	33250890
y1_HG00673.1#394	y1_HG00673.1	HG00673#1#JAHBBZ010000193.1	949485	949506
y1_HG00673.1#395	y1_HG00673.1	HG00673#1#JAHBBZ010000064.1	27621229	27665538
y1_HG00673.1#396	y1_HG00673.1	HG00673#1#JAHBBZ010000043.1	9897646	9898030
y1_HG00673.1#397	y1_HG00673.1	HG00673#1#JAHBBZ010000024.1	16250958	16251005
y1_HG00673.1#398	y1_HG00673.1	HG00673#1#JAHBBZ010000063.1	1468107	1468925
y1_HG00673.1#399	y1_HG00673.1	HG00673#1#JAHBBZ010000028.1	25278041	25278046
y1_HG00673.1#400	y1_HG00673.1	HG00673#1#JAHBBZ010000001.1	235247	235474
y1_HG00673.1#401	y1_HG00673.1	HG00673#1#JAHBBZ010000033.1	25658425	25659014
y1_HG00673.1#402	y1_HG00673.1	HG00673#1#JAHBBZ010000078.1	4420376	4420458
y1_HG00673.1#403	y1_HG00673.1	HG00673#1#JAHBBZ010000058.1	47162596	47253897
y1_HG00673.1#404	y1_HG00673.1	HG00673#1#JAHBBZ010000042.1	4454016	4460516
y1_HG00673.1#405	y1_HG00673.1	HG00673#1#JAHBBZ010000094.1	5920895	5952864
y1_HG00673.1#406	y1_HG00673.1	HG00673#1#JAHBBZ010000009.1	4532306	4533188
y1_HG00673.1#407	y1_HG00673.1	HG00673#1#JAHBBZ010000007.1	6048914	6050433
y1_HG00673.1#408	y1_HG00673.1	HG00673#1#JAHBBZ010000117.1	1089748	1125183
y1_HG00673.1#409	y1_HG00673.1	HG00673#1#JAHBBZ010000094.1	27638887	27641784
y1_HG00673.1#410	y1_HG00673.1	HG00673#1#JAHBBZ010000028.1	12006793	12038093
y1_HG00673.1#411	y1_HG00673.1	HG00673#1#JAHBBZ010000094.1	17703292	18440798
y1_HG00673.1#412	y1_HG00673.1	HG00673#1#JAHBBZ010000093.1	3090513	3121502
y1_HG00673.1#413	y1_HG00673.1	HG00673#1#JAHBBZ010000070.1	14554315	14557423
y1_HG00673.1#414	y1_HG00673.1	HG00673#1#JAHBBZ010000083.1	1173693	1176429
y1_HG00673.1#415	y1_HG00673.1	HG00673#1#JAHBBZ010000042.1	17701406	17701503
y1_HG00673.1#416	y1_HG00673.1	HG00673#1#JAHBBZ010000188.1	1367599	1368304
y1_HG00673.1#417	y1_HG00673.1	HG00673#1#JAHBBZ010000054.1	7797008	7797228
y1_HG00673.1#418	y1_HG00673.1	HG00673#1#JAHBBZ010000093.1	9543317	10496314
y1_HG00673.1#419	y1_HG00673.1	HG00673#1#JAHBBZ010000070.1	1376520	1382037
y1_HG00673.1#420	y1_HG00673.1	HG00673#1#JAHBBZ010000250.1	0	359819
y1_HG00673.1#421	y1_HG00673.1	HG00673#1#JAHBBZ010000026.1	9325701	9333415
y1_HG00673.1#422	y1_HG00673.1	HG00673#1#JAHBBZ010000004.1	2447451	2463110
y1_HG00673.1#423	y1_HG00673.1	HG00673#1#JAHBBZ010000093.1	6328393	6328395
y1_HG00673.1#424	y1_HG00673.1	HG00673#1#JAHBBZ010000102.1	3665602	3668558
y1_HG00673.1#425	y1_HG00673.1	HG00673#1#JAHBBZ010000056.1	20051770	20051772
y1_HG00673.1#426	y1_HG00673.1	HG00673#1#JAHBBZ010000120.1	692872	693439
y1_HG00673.1#427	y1_HG00673.1	HG00673#1#JAHBBZ010000096.1	844877	844980
y1_HG00673.1#428	y1_HG00673.1	HG00673#1#JAHBBZ010000028.1	11872322	11872332
y1_HG00673.1#429	y1_HG00673.1	HG00673#1#JAHBBZ010000075.1	60634005	60786574
y1_HG00673.1#430	y1_HG00673.1	HG00673#1#JAHBBZ010000046.1	10509806	10516872
y1_HG00673.1#431	y1_HG00673.1	HG00673#1#JAHBBZ010000058.1	18275889	18591084
y1_HG00673.1#432	y1_HG00673.1	HG00673#1#JAHBBZ010000003.1	4047651	4205453
y1_HG00673.1#433	y1_HG00673.1	HG00673#1#JAHBBZ010000005.1	51702885	51702895
y1_HG00673.1#434	y1_HG00673.1	HG00673#1#JAHBBZ010000095.1	10161547	10161549
y1_HG00673.1#435	y1_HG00673.1	HG00673#1#JAHBBZ010000074.1	51300373	51300605
y1_HG00673.1#436	y1_HG00673.1	HG00673#1#JAHBBZ010000005.1	11755980	11756025
y1_HG00673.1#437	y1_HG00673.1	HG00673#1#JAHBBZ010000071.1	8916461	8920197
y1_HG00673.1#438	y1_HG00673.1	HG00673#1#JAHBBZ010000032.1	49259141	49376922
y1_HG00673.1#439	y1_HG00673.1	HG00673#1#JAHBBZ010000046.1	10041167	10326759
y1_HG00673.1#440	y1_HG00673.1	HG00673#1#JAHBBZ010000071.1	4757476	4977627
y1_HG00673.1#441	y1_HG00673.1	HG00673#1#JAHBBZ010000122.1	1148580	1148611
y1_HG00673.1#442	y1_HG00673.1	HG00673#1#JAHBBZ010000137.1	7146007	7344345
y1_HG00673.1#443	y1_HG00673.1	HG00673#1#JAHBBZ010000010.1	25345593	25351343
y1_HG00673.1#444	y1_HG00673.1	HG00673#1#JAHBBZ010000018.1	35997045	35997142
y1_HG00673.1#445	y1_HG00673.1	HG00673#1#JAHBBZ010000104.1	4879400	4879441
y1_HG00673.1#446	y1_HG00673.1	HG00673#1#JAHBBZ010000140.1	1133703	1133896
y1_HG00673.1#447	y1_HG00673.1	HG00673#1#JAHBBZ010000021.1	21375628	21461264
y1_HG00673.1#448	y1_HG00673.1	HG00673#1#JAHBBZ010000078.1	34690738	34692200
y1_HG00673.1#449	y1_HG00673.1	HG00673#1#JAHBBZ010000012.1	30722042	30731447
y1_HG00673.1#450	y1_HG00673.1	HG00673#1#JAHBBZ010000041.1	9810269	9810273
y1_HG00673.1#451	y1_HG00673.1	HG00673#1#JAHBBZ010000024.1	16411435	16413762
y1_HG00673.1#452	y1_HG00673.1	HG00673#1#JAHBBZ010000058.1	23561348	23561740
y1_HG00673.1#453	y1_HG00673.1	HG00673#1#JAHBBZ010000031.1	17470384	17694930
y1_HG00673.1#454	y1_HG00673.1	HG00673#1#JAHBBZ010000061.1	1360741	1403917
y1_HG00673.1#455	y1_HG00673.1	HG00673#1#JAHBBZ010000088.1	4340056	4702473
y1_HG00673.1#456	y1_HG00673.1	HG00673#1#JAHBBZ010000006.1	19749535	19751959
y1_HG00673.1#457	y1_HG00673.1	HG00673#1#JAHBBZ010000027.1	6862774	6862831
y1_HG00673.1#458	y1_HG00673.1	HG00673#1#JAHBBZ010000115.1	4559807	4929320
y1_HG00673.1#459	y1_HG00673.1	HG00673#1#JAHBBZ010000051.1	2511700	2536478
y1_HG00673.1#460	y1_HG00673.1	HG00673#1#JAHBBZ010000077.1	9803233	9803283
y1_HG00673.1#461	y1_HG00673.1	HG00673#1#JAHBBZ010000177.1	2290020	2300015
y1_HG00673.1#462	y1_HG00673.1	HG00673#1#JAHBBZ010000166.1	320211	320218
y1_HG00673.1#463	y1_HG00673.1	HG00673#1#JAHBBZ010000049.1	511819	519732
y1_HG00673.1#464	y1_HG00673.1	HG00673#1#JAHBBZ010000099.1	1166145	1166907
y1_HG00673.1#465	y1_HG00673.1	HG00673#1#JAHBBZ010000137.1	12827562	12828118
y1_HG00673.1#466	y1_HG00673.1	HG00673#1#JAHBBZ010000063.1	20878872	20878888
y1_HG00673.1#467	y1_HG00673.1	HG00673#1#JAHBBZ010000092.1	230022	230027
y1_HG00673.1#468	y1_HG00673.1	HG00673#1#JAHBBZ010000074.1	5592903	5652877
y1_HG00673.1#469	y1_HG00673.1	HG00673#1#JAHBBZ010000109.1	11755645	12181403
y1_HG00673.1#470	y1_HG00673.1	HG00673#1#JAHBBZ010000004.1	32400039	32783060
y1_HG00673.1#471	y1_HG00673.1	HG00673#1#JAHBBZ010000044.1	657024	657026
y1_HG00673.1#472	y1_HG00673.1	HG00673#1#JAHBBZ010000047.1	31870351	31870354
y1_HG00673.1#473	y1_HG00673.1	HG00673#1#JAHBBZ010000074.1	46052376	46409796
y1_HG00673.1#474	y1_HG00673.1	HG00673#1#JAHBBZ010000016.1	325916	383977
y1_HG00673.1#475	y1_HG00673.1	HG00673#1#JAHBBZ010000072.1	18029447	18029472
y1_HG00673.1#476	y1_HG00673.1	HG00673#1#JAHBBZ010000071.1	7840058	7841939
y1_HG00673.1#477	y1_HG00673.1	HG00673#1#JAHBBZ010000115.1	19527568	19527570
y1_HG00673.1#478	y1_HG00673.1	HG00673#1#JAHBBZ010000051.1	48004921	48316153
y1_HG00673.1#479	y1_HG00673.1	HG00673#1#JAHBBZ010000051.1	38515711	38515778
y1_HG00673.1#480	y1_HG00673.1	HG00673#1#JAHBBZ010000024.1	33191829	33191864
y1_HG00673.1#481	y1_HG00673.1	HG00673#1#JAHBBZ010000047.1	30676369	30676379
y1_HG00673.1#482	y1_HG00673.1	HG00673#1#JAHBBZ010000007.1	56193461	56193470
y1_HG00673.1#483	y1_HG00673.1	HG00673#1#JAHBBZ010000024.1	18537690	19074030
y1_HG00673.1#484	y1_HG00673.1	HG00673#1#JAHBBZ010000015.1	57268300	57286712
y1_HG00673.1#485	y1_HG00673.1	HG00673#1#JAHBBZ010000043.1	49498871	49498947
y1_HG00673.1#486	y1_HG00673.1	HG00673#1#JAHBBZ010000039.1	3225519	3225574
y1_HG00673.1#487	y1_HG00673.1	HG00673#1#JAHBBZ010000009.1	5920617	5920637
y1_HG00673.1#488	y1_HG00673.1	HG00673#1#JAHBBZ010000051.1	6446875	6446901
y1_HG00673.1#489	y1_HG00673.1	HG00673#1#JAHBBZ010000096.1	2228129	2228131
y1_HG00673.1#490	y1_HG00673.1	HG00673#1#JAHBBZ010000064.1	3839436	3858753
y1_HG00673.1#491	y1_HG00673.1	HG00673#1#JAHBBZ010000036.1	35630347	35630354
y1_HG00673.1#492	y1_HG00673.1	HG00673#1#JAHBBZ010000228.1	83978	84174
y1_HG00673.1#493	y1_HG00673.1	HG00673#1#JAHBBZ010000005.1	22145497	22145718
y1_HG00673.1#494	y1_HG00673.1	HG00673#1#JAHBBZ010000062.1	19288299	19369492
y1_HG00673.1#495	y1_HG00673.1	HG00673#1#JAHBBZ010000041.1	20824454	20824456
y1_HG00673.1#496	y1_HG00673.1	HG00673#1#JAHBBZ010000018.1	32879767	33425014
y1_HG00673.1#497	y1_HG00673.1	HG00673#1#JAHBBZ010000058.1	42156930	42156963
y1_HG00673.1#498	y1_HG00673.1	HG00673#1#JAHBBZ010000062.1	22803449	22804168
y1_HG00673.1#499	y1_HG00673.1	HG00673#1#JAHBBZ010000026.1	11403834	11403837
y1_HG00673.1#500	y1_HG00673.1	HG00673#1#JAHBBZ010000089.1	1873679	2687480
y1_HG00673.1#501	y1_HG00673.1	HG00673#1#JAHBBZ010000010.1	395063	395065
y1_HG00673.1#502	y1_HG00673.1	HG00673#1#JAHBBZ010000018.1	2325292	2325336
y1_HG00673.1#503	y1_HG00673.1	HG00673#1#JAHBBZ010000051.1	19443008	19447256
y1_HG00673.1#504	y1_HG00673.1	HG00673#1#JAHBBZ010000033.1	39652249	39652252
y1_HG00673.1#505	y1_HG00673.1	HG00673#1#JAHBBZ010000031.1	15317026	15317060
y1_HG00673.1#506	y1_HG00673.1	HG00673#1#JAHBBZ010000099.1	8588893	8589128
y1_HG00673.1#507	y1_HG00673.1	HG00673#1#JAHBBZ010000077.1	4530010	4530036
y1_HG00673.1#508	y1_HG00673.1	HG00673#1#JAHBBZ010000012.1	16896950	16897220
y1_HG00673.1#509	y1_HG00673.1	HG00673#1#JAHBBZ010000043.1	23596633	23835026
y1_HG00673.1#510	y1_HG00673.1	HG00673#1#JAHBBZ010000009.1	2865394	2865396
y1_HG00673.1#511	y1_HG00673.1	HG00673#1#JAHBBZ010000029.1	10589646	10589648
y1_HG00673.1#512	y1_HG00673.1	HG00673#1#JAHBBZ010000018.1	24060754	24060800
y1_HG00673.1#513	y1_HG00673.1	HG00673#1#JAHBBZ010000023.1	31111013	31419533
y1_HG00673.1#514	y1_HG00673.1	HG00673#1#JAHBBZ010000092.1	14575762	14578262
y1_HG00673.1#515	y1_HG00673.1	HG00673#1#JAHBBZ010000030.1	21311374	21540256
y1_HG00673.1#516	y1_HG00673.1	HG00673#1#JAHBBZ010000075.1	7220294	7222276
y1_HG00673.1#517	y1_HG00673.1	HG00673#1#JAHBBZ010000077.1	964902	965567
y1_HG00673.1#518	y1_HG00673.1	HG00673#1#JAHBBZ010000077.1	5453292	5464515
y1_HG00673.1#519	y1_HG00673.1	HG00673#1#JAHBBZ010000024.1	5451118	5451741
y1_HG00673.1#520	y1_HG00673.1	HG00673#1#JAHBBZ010000180.1	2232877	2232895
y1_HG00673.1#521	y1_HG00673.1	HG00673#1#JAHBBZ010000041.1	2429469	2429471
y1_HG00673.1#522	y1_HG00673.1	HG00673#1#JAHBBZ010000143.1	5908311	5908320
y1_HG00673.1#523	y1_HG00673.1	HG00673#1#JAHBBZ010000041.1	48821952	48821955
y1_HG00673.1#524	y1_HG00673.1	HG00673#1#JAHBBZ010000250.1	328468	344316
y1_HG00673.1#525	y1_HG00673.1	HG00673#1#JAHBBZ010000018.1	46705627	46707413
y1_HG00673.1#526	y1_HG00673.1	HG00673#1#JAHBBZ010000012.1	29957813	29958720
y1_HG00673.1#527	y1_HG00673.1	HG00673#1#JAHBBZ010000058.1	46879317	46887490
y1_HG00673.1#528	y1_HG00673.1	HG00673#1#JAHBBZ010000040.1	29523410	29526826
y1_HG00673.1#529	y1_HG00673.1	HG00673#1#JAHBBZ010000058.1	18109200	18109294
y1_HG00673.1#530	y1_HG00673.1	HG00673#1#JAHBBZ010000075.1	15428766	15522155
y1_HG00673.1#531	y1_HG00673.1	HG00673#1#JAHBBZ010000109.1	3804652	3804658
y1_HG00673.1#532	y1_HG00673.1	HG00673#1#JAHBBZ010000037.1	32554849	32557503
y1_HG00673.1#533	y1_HG00673.1	HG00673#1#JAHBBZ010000121.1	444526	444696
y1_HG00673.1#534	y1_HG00673.1	HG00673#1#JAHBBZ010000291.1	46375	70705
y1_HG00673.1#535	y1_HG00673.1	HG00673#1#JAHBBZ010000038.1	32976719	33753617
y1_HG00673.1#536	y1_HG00673.1	HG00673#1#JAHBBZ010000007.1	48846417	49403442
y1_HG00673.1#537	y1_HG00673.1	HG00673#1#JAHBBZ010000041.1	9859983	9891601
y1_HG00673.1#538	y1_HG00673.1	HG00673#1#JAHBBZ010000076.1	20503716	20769730
y1_HG00673.1#539	y1_HG00673.1	HG00673#1#JAHBBZ010000090.1	1454011	1454239
y1_HG00673.1#540	y1_HG00673.1	HG00673#1#JAHBBZ010000033.1	11635505	11728376
y1_HG00673.1#541	y1_HG00673.1	HG00673#1#JAHBBZ010000071.1	9641506	9641512
y1_HG00673.1#542	y1_HG00673.1	HG00673#1#JAHBBZ010000094.1	21255782	21256155
y1_HG00673.1#543	y1_HG00673.1	HG00673#1#JAHBBZ010000075.1	62242307	62242514
y1_HG00673.1#544	y1_HG00673.1	HG00673#1#JAHBBZ010000088.1	6485575	6485598
y1_HG00673.1#545	y1_HG00673.1	HG00673#1#JAHBBZ010000076.1	24982770	24982867
y1_HG00673.1#546	y1_HG00673.1	HG00673#1#JAHBBZ010000115.1	13778918	13824339
y1_HG00673.1#547	y1_HG00673.1	HG00673#1#JAHBBZ010000028.1	33186606	33273092
y1_HG00673.1#548	y1_HG00673.1	HG00673#1#JAHBBZ010000051.1	3528709	3715085
y1_HG00673.1#549	y1_HG00673.1	HG00673#1#JAHBBZ010000022.1	14481203	14488074
y1_HG00673.1#550	y1_HG00673.1	HG00673#1#JAHBBZ010000023.1	20883471	20883596
y1_HG00673.1#551	y1_HG00673.1	HG00673#1#JAHBBZ010000108.1	15144230	15144699
y1_HG00673.1#552	y1_HG00673.1	HG00673#1#JAHBBZ010000047.1	359222	359303
y1_HG00673.1#553	y1_HG00673.1	HG00673#1#JAHBBZ010000082.1	7347843	7348079
y1_HG00673.1#554	y1_HG00673.1	HG00673#1#JAHBBZ010000078.1	26830094	26830103
y1_HG00673.1#555	y1_HG00673.1	HG00673#1#JAHBBZ010000003.1	23349196	23404372
y1_HG00673.1#556	y1_HG00673.1	HG00673#1#JAHBBZ010000062.1	9396739	9398258
y1_HG00673.1#557	y1_HG00673.1	HG00673#1#JAHBBZ010000015.1	29491419	29554192
y1_HG00673.1#558	y1_HG00673.1	HG00673#1#JAHBBZ010000030.1	30541681	30542124
y1_HG00673.1#559	y1_HG00673.1	HG00673#1#JAHBBZ010000036.1	12566350	12566402
y1_HG00673.1#560	y1_HG00673.1	HG00673#1#JAHBBZ010000048.1	13136016	13136162
y1_HG00673.1#561	y1_HG00673.1	HG00673#1#JAHBBZ010000013.1	8561826	8562205
y1_HG00673.1#562	y1_HG00673.1	HG00673#1#JAHBBZ010000010.1	26724038	27693673
y1_HG00673.1#563	y1_HG00673.1	HG00673#1#JAHBBZ010000036.1	24647289	24649360
y1_HG00673.1#564	y1_HG00673.1	HG00673#1#JAHBBZ010000016.1	6056706	6213375
y1_HG00673.1#565	y1_HG00673.1	HG00673#1#JAHBBZ010000028.1	34400171	34400200
y1_HG00673.1#566	y1_HG00673.1	HG00673#1#JAHBBZ010000127.1	11171127	11171165
y1_HG00673.1#567	y1_HG00673.1	HG00673#1#JAHBBZ010000056.1	13798617	13804862
y1_HG00673.1#568	y1_HG00673.1	HG00673#1#JAHBBZ010000034.1	3945720	3968039
y1_HG00673.1#569	y1_HG00673.1	HG00673#1#JAHBBZ010000043.1	13241104	13966881
y1_HG00673.1#570	y1_HG00673.1	HG00673#1#JAHBBZ010000074.1	19249537	19249622
y1_HG00673.1#571	y1_HG00673.1	HG00673#1#JAHBBZ010000070.1	7995387	7996344
y1_HG00673.1#572	y1_HG00673.1	HG00673#1#JAHBBZ010000010.1	37234064	37239579
y1_HG00673.1#573	y1_HG00673.1	HG00673#1#JAHBBZ010000049.1	3687550	3706725
y1_HG00673.1#574	y1_HG00673.1	HG00673#1#JAHBBZ010000007.1	54882301	54894734
y1_HG00673.1#575	y1_HG00673.1	HG00673#1#JAHBBZ010000079.1	1832783	2009739
y1_HG00673.1#576	y1_HG00673.1	HG00673#1#JAHBBZ010000030.1	10087216	10087396
y1_HG00673.1#577	y1_HG00673.1	HG00673#1#JAHBBZ010000032.1	10634989	10635096
y1_HG00673.1#578	y1_HG00673.1	HG00673#1#JAHBBZ010000072.1	5966918	5966965
y1_HG00673.1#579	y1_HG00673.1	HG00673#1#JAHBBZ010000074.1	43559932	43585530
y1_HG00673.1#580	y1_HG00673.1	HG00673#1#JAHBBZ010000005.1	46690689	46690717
y1_HG00673.1#581	y1_HG00673.1	HG00673#1#JAHBBZ010000116.1	2761551	2761564
y1_HG00673.1#582	y1_HG00673.1	HG00673#1#JAHBBZ010000030.1	31317565	31317567
y1_HG00673.1#583	y1_HG00673.1	HG00673#1#JAHBBZ010000141.1	1342736	1342945
y1_HG00673.1#584	y1_HG00673.1	HG00673#1#JAHBBZ010000011.1	6348541	6352009
y1_HG00673.1#585	y1_HG00673.1	HG00673#1#JAHBBZ010000041.1	56755927	56878170
y1_HG00673.1#586	y1_HG00673.1	HG00673#1#JAHBBZ010000034.1	24512224	24512226
y1_HG00673.1#587	y1_HG00673.1	HG00673#1#JAHBBZ010000060.1	20555402	20566638
y1_HG00673.1#588	y1_HG00673.1	HG00673#1#JAHBBZ010000037.1	30907573	30908268
y1_HG00673.1#589	y1_HG00673.1	HG00673#1#JAHBBZ010000032.1	9309000	9332087
y1_HG00673.1#590	y1_HG00673.1	HG00673#1#JAHBBZ010000126.1	1800184	1816562
y1_HG00673.1#591	y1_HG00673.1	HG00673#1#JAHBBZ010000034.1	46225185	46226502
y1_HG00673.1#592	y1_HG00673.1	HG00673#1#JAHBBZ010000015.1	57525411	57525413
y1_HG00673.1#593	y1_HG00673.1	HG00673#1#JAHBBZ010000095.1	15023587	15035182
y1_HG00673.1#594	y1_HG00673.1	HG00673#1#JAHBBZ010000074.1	4545618	4602271
y1_HG00673.1#595	y1_HG00673.1	HG00673#1#JAHBBZ010000034.1	11615263	11615481
y1_HG00673.1#596	y1_HG00673.1	HG00673#1#JAHBBZ010000019.1	3838146	3838148
y1_HG00673.1#597	y1_HG00673.1	HG00673#1#JAHBBZ010000158.1	3077202	3077204
y1_HG00673.1#598	y1_HG00673.1	HG00673#1#JAHBBZ010000109.1	23177292	23177400
y1_HG00673.1#599	y1_HG00673.1	HG00673#1#JAHBBZ010000034.1	23744691	23744731
y1_HG00673.1#600	y1_HG00673.1	HG00673#1#JAHBBZ010000003.1	6770616	6841320
y1_HG00673.1#601	y1_HG00673.1	HG00673#1#JAHBBZ010000047.1	20987226	20987484
y1_HG00673.1#602	y1_HG00673.1	HG00673#1#JAHBBZ010000094.1	1652094	1652157
y1_HG00673.1#603	y1_HG00673.1	HG00673#1#JAHBBZ010000058.1	14424343	15237546
y1_HG00673.1#604	y1_HG00673.1	HG00673#1#JAHBBZ010000037.1	27582793	27631697
y1_HG00673.1#605	y1_HG00673.1	HG00673#1#JAHBBZ010000072.1	7803550	7842927
y1_HG00673.1#606	y1_HG00673.1	HG00673#1#JAHBBZ010000143.1	3805184	3805342
y1_HG00673.1#607	y1_HG00673.1	HG00673#1#JAHBBZ010000010.1	42665694	43181002
y1_HG00673.1#608	y1_HG00673.1	HG00673#1#JAHBBZ010000016.1	11121944	11121963
y1_HG00673.1#609	y1_HG00673.1	HG00673#1#JAHBBZ010000119.1	4533786	4536484
y1_HG00673.1#610	y1_HG00673.1	HG00673#1#JAHBBZ010000157.1	2917055	3106250
y1_HG00673.1#611	y1_HG00673.1	HG00673#1#JAHBBZ010000090.1	12806571	12813410
y1_HG00673.1#612	y1_HG00673.1	HG00673#1#JAHBBZ010000028.1	23810703	23812189
y1_HG00673.1#613	y1_HG00673.1	HG00673#1#JAHBBZ010000032.1	15844369	16007355
y1_HG00673.1#614	y1_HG00673.1	HG00673#1#JAHBBZ010000071.1	5387812	5848649
y1_HG00673.1#615	y1_HG00673.1	HG00673#1#JAHBBZ010000049.1	11360512	11362395
y1_HG00673.1#616	y1_HG00673.1	HG00673#1#JAHBBZ010000159.1	327729	327783
y1_HG00673.1#617	y1_HG00673.1	HG00673#1#JAHBBZ010000075.1	21923232	21923234
y1_HG00673.1#618	y1_HG00673.1	HG00673#1#JAHBBZ010000058.1	40073282	40073289
y1_HG00673.1#619	y1_HG00673.1	HG00673#1#JAHBBZ010000091.1	6004508	6050036
y1_HG00673.1#620	y1_HG00673.1	HG00673#1#JAHBBZ010000064.1	42662132	43037365
y1_HG00673.1#621	y1_HG00673.1	HG00673#1#JAHBBZ010000032.1	16702398	16702570
y1_HG00673.1#622	y1_HG00673.1	HG00673#1#JAHBBZ010000031.1	13869329	13888360
y1_HG00673.1#623	y1_HG00673.1	HG00673#1#JAHBBZ010000076.1	3345622	3345822
y1_HG00673.1#624	y1_HG00673.1	HG00673#1#JAHBBZ010000041.1	20885859	20885876
y1_HG00673.1#625	y1_HG00673.1	HG00673#1#JAHBBZ010000058.1	2933336	2937581
y1_HG00673.1#626	y1_HG00673.1	HG00673#1#JAHBBZ010000041.1	41542885	42277401
y1_HG00673.1#627	y1_HG00673.1	HG00673#1#JAHBBZ010000037.1	4849481	5047325
y1_HG00673.1#628	y1_HG00673.1	HG00673#1#JAHBBZ010000092.1	14772693	14780098
y1_HG00673.1#629	y1_HG00673.1	HG00673#1#JAHBBZ010000108.1	6710889	6854753
y1_HG00673.1#630	y1_HG00673.1	HG00673#1#JAHBBZ010000056.1	34042952	34050694
y1_HG00673.1#631	y1_HG00673.1	HG00673#1#JAHBBZ010000072.1	15341162	15341171
y1_HG00673.1#632	y1_HG00673.1	HG00673#1#JAHBBZ010000043.1	21096544	21096791
y1_HG00673.1#633	y1_HG00673.1	HG00673#1#JAHBBZ010000059.1	7105393	7106823
y1_HG00673.1#634	y1_HG00673.1	HG00673#1#JAHBBZ010000046.1	1684200	1684204
y1_HG00673.1#635	y1_HG00673.1	HG00673#1#JAHBBZ010000038.1	34851686	35376126
y1_HG00673.1#636	y1_HG00673.1	HG00673#1#JAHBBZ010000109.1	618041	621835
y1_HG00673.1#637	y1_HG00673.1	HG00673#1#JAHBBZ010000124.1	248610	248678
y1_HG00673.1#638	y1_HG00673.1	HG00673#1#JAHBBZ010000075.1	25776993	25777194
y1_HG00673.1#639	y1_HG00673.1	HG00673#1#JAHBBZ010000050.1	3883002	3897412
y1_HG00673.1#640	y1_HG00673.1	HG00673#1#JAHBBZ010000005.1	57879010	57922089
y1_HG00673.1#641	y1_HG00673.1	HG00673#1#JAHBBZ010000019.1	7748580	7776491
y1_HG00673.1#642	y1_HG00673.1	HG00673#1#JAHBBZ010000028.1	39011341	39011355
y1_HG00673.1#643	y1_HG00673.1	HG00673#1#JAHBBZ010000063.1	1449612	1459628
y1_HG00673.1#644	y1_HG00673.1	HG00673#1#JAHBBZ010000141.1	5297779	5297781
y1_HG00673.1#645	y1_HG00673.1	HG00673#1#JAHBBZ010000015.1	4182923	4182925
y1_HG00673.1#646	y1_HG00673.1	HG00673#1#JAHBBZ010000031.1	371180	371185
y1_HG00673.1#647	y1_HG00673.1	HG00673#1#JAHBBZ010000063.1	21361268	21375158
y1_HG00673.1#648	y1_HG00673.1	HG00673#1#JAHBBZ010000090.1	2230484	2230488
y1_HG00673.1#649	y1_HG00673.1	HG00673#1#JAHBBZ010000015.1	7352336	7352380
y1_HG00673.1#650	y1_HG00673.1	HG00673#1#JAHBBZ010000162.1	846993	1013019
y1_HG00673.1#651	y1_HG00673.1	HG00673#1#JAHBBZ010000037.1	22945786	22945874
y1_HG00673.1#652	y1_HG00673.1	HG00673#1#JAHBBZ010000129.1	91783	91789
y1_HG00673.1#653	y1_HG00673.1	HG00673#1#JAHBBZ010000070.1	16765484	16767113
y1_HG00673.1#654	y1_HG00673.1	HG00673#1#JAHBBZ010000030.1	41578757	41578768
y1_HG00673.1#655	y1_HG00673.1	HG00673#1#JAHBBZ010000092.1	1038565	1039383
y1_HG00673.1#656	y1_HG00673.1	HG00673#1#JAHBBZ010000003.1	7736261	7736316
y1_HG00673.1#657	y1_HG00673.1	HG00673#1#JAHBBZ010000132.1	3426764	3426783
y1_HG00673.1#658	y1_HG00673.1	HG00673#1#JAHBBZ010000132.1	7510006	7510008
y1_HG00673.1#659	y1_HG00673.1	HG00673#1#JAHBBZ010000074.1	2919409	2923250
y1_HG00673.1#660	y1_HG00673.1	HG00673#1#JAHBBZ010000015.1	49423446	49521526
y1_HG00673.1#661	y1_HG00673.1	HG00673#1#JAHBBZ010000018.1	12768269	12768917
y1_HG00673.1#662	y1_HG00673.1	HG00673#1#JAHBBZ010000034.1	36364581	36428800
y1_HG00673.1#663	y1_HG00673.1	HG00673#1#JAHBBZ010000085.1	1701491	1706306
y1_HG00673.1#664	y1_HG00673.1	HG00673#1#JAHBBZ010000032.1	47372127	47372138
y1_HG00673.1#665	y1_HG00673.1	HG00673#1#JAHBBZ010000061.1	10174967	10174998
y1_HG00673.1#666	y1_HG00673.1	HG00673#1#JAHBBZ010000032.1	29393432	29397477
y1_HG00673.1#667	y1_HG00673.1	HG00673#1#JAHBBZ010000070.1	8787205	8787673
y1_HG00673.1#668	y1_HG00673.1	HG00673#1#JAHBBZ010000027.1	2911932	2911978
y1_HG00673.1#669	y1_HG00673.1	HG00673#1#JAHBBZ010000058.1	52418461	52420408
y1_HG00673.1#670	y1_HG00673.1	HG00673#1#JAHBBZ010000031.1	16193239	16193244
y1_HG00673.1#671	y1_HG00673.1	HG00673#1#JAHBBZ010000116.1	600274	600580
y1_HG00673.1#672	y1_HG00673.1	HG00673#1#JAHBBZ010000063.1	7894692	7895454
y1_HG00673.1#673	y1_HG00673.1	HG00673#1#JAHBBZ010000020.1	4348031	4355294
y1_HG00673.1#674	y1_HG00673.1	HG00673#1#JAHBBZ010000012.1	18981512	18981514
y1_HG00673.1#675	y1_HG00673.1	HG00673#1#JAHBBZ010000113.1	1553216	1553298
y1_HG00673.1#676	y1_HG00673.1	HG00673#1#JAHBBZ010000127.1	1518065	1519517
y1_HG00673.1#677	y1_HG00673.1	HG00673#1#JAHBBZ010000010.1	16776280	16791176
y1_HG00673.1#678	y1_HG00673.1	HG00673#1#JAHBBZ010000027.1	3586412	3591659
y1_HG00673.1#679	y1_HG00673.1	HG00673#1#JAHBBZ010000049.1	18905289	18905300
y1_HG00673.1#680	y1_HG00673.1	HG00673#1#JAHBBZ010000051.1	40992056	41009702
y1_HG00673.1#681	y1_HG00673.1	HG00673#1#JAHBBZ010000065.1	825674	1651416
y1_HG00673.1#682	y1_HG00673.1	HG00673#1#JAHBBZ010000015.1	41269112	41269707
y1_HG00673.1#683	y1_HG00673.1	HG00673#1#JAHBBZ010000119.1	8157570	8521122
y1_HG00673.1#684	y1_HG00673.1	HG00673#1#JAHBBZ010000029.1	7516442	7518982
y1_HG00673.1#685	y1_HG00673.1	HG00673#1#JAHBBZ010000061.1	13744405	14520249
y1_HG00673.1#686	y1_HG00673.1	HG00673#1#JAHBBZ010000013.1	4225750	4225763
y1_HG00673.1#687	y1_HG00673.1	HG00673#1#JAHBBZ010000063.1	30464709	30806177
y1_HG00673.1#688	y1_HG00673.1	HG00673#1#JAHBBZ010000012.1	12168126	12168129
y1_HG00673.1#689	y1_HG00673.1	HG00673#1#JAHBBZ010000158.1	1820133	1820174
y1_HG00673.1#690	y1_HG00673.1	HG00673#1#JAHBBZ010000091.1	13219703	13219802
y1_HG00673.1#691	y1_HG00673.1	HG00673#1#JAHBBZ010000037.1	18436642	18436646
y1_HG00673.1#692	y1_HG00673.1	HG00673#1#JAHBBZ010000074.1	21077163	21077310
y1_HG00673.1#693	y1_HG00673.1	HG00673#1#JAHBBZ010000016.1	5112234	5246350
y1_HG00673.1#694	y1_HG00673.1	HG00673#1#JAHBBZ010000013.1	10373821	10373895
y1_HG00673.1#695	y1_HG00673.1	HG00673#1#JAHBBZ010000047.1	19754255	19756366
y1_HG00673.1#696	y1_HG00673.1	HG00673#1#JAHBBZ010000032.1	8743485	8743522
y1_HG00673.1#697	y1_HG00673.1	HG00673#1#JAHBBZ010000119.1	4478940	4496376
y1_HG00673.1#698	y1_HG00673.1	HG00673#1#JAHBBZ010000127.1	5939176	5940143
y1_HG00673.1#699	y1_HG00673.1	HG00673#1#JAHBBZ010000019.1	7140413	7140416
y1_HG00673.1#700	y1_HG00673.1	HG00673#1#JAHBBZ010000043.1	25514479	25563586
y1_HG00673.1#701	y1_HG00673.1	HG00673#1#JAHBBZ010000056.1	35114100	35114264
y1_HG00673.1#702	y1_HG00673.1	HG00673#1#JAHBBZ010000032.1	24575435	24575439
y1_HG00673.1#703	y1_HG00673.1	HG00673#1#JAHBBZ010000109.1	35884027	35884059
y1_HG00673.1#704	y1_HG00673.1	HG00673#1#JAHBBZ010000127.1	4534882	4536120
y1_HG00673.1#705	y1_HG00673.1	HG00673#1#JAHBBZ010000043.1	39108023	39133407
y1_HG00673.1#706	y1_HG00673.1	HG00673#1#JAHBBZ010000058.1	51220284	51223516
y1_HG00673.1#707	y1_HG00673.1	HG00673#1#JAHBBZ010000022.1	18752363	19450318
y1_HG00673.1#708	y1_HG00673.1	HG00673#1#JAHBBZ010000036.1	9442485	9442658
y1_HG00673.1#709	y1_HG00673.1	HG00673#1#JAHBBZ010000047.1	16912079	16913131
y1_HG00673.1#710	y1_HG00673.1	HG00673#1#JAHBBZ010000010.1	14539940	14543654
y1_HG00673.1#711	y1_HG00673.1	HG00673#1#JAHBBZ010000007.1	32196118	32196445
y1_HG00673.1#712	y1_HG00673.1	HG00673#1#JAHBBZ010000078.1	13804397	13948266
y1_HG00673.1#713	y1_HG00673.1	HG00673#1#JAHBBZ010000020.1	2272451	2285395
y1_HG00673.1#714	y1_HG00673.1	HG00673#1#JAHBBZ010000114.1	85024	210689
y1_HG00673.1#715	y1_HG00673.1	HG00673#1#JAHBBZ010000042.1	3873475	3874828
y1_HG00673.1#716	y1_HG00673.1	HG00673#1#JAHBBZ010000056.1	22590008	22590051
y1_HG00673.1#717	y1_HG00673.1	HG00673#1#JAHBBZ010000028.1	27333926	27333929
y1_HG00673.1#718	y1_HG00673.1	HG00673#1#JAHBBZ010000051.1	6790155	6790159
y1_HG00673.1#719	y1_HG00673.1	HG00673#1#JAHBBZ010000015.1	4299267	5037523
y1_HG00673.1#720	y1_HG00673.1	HG00673#1#JAHBBZ010000043.1	40380459	40380462
y1_HG00673.1#721	y1_HG00673.1	HG00673#1#JAHBBZ010000037.1	13676687	13781208
y1_HG00673.1#722	y1_HG00673.1	HG00673#1#JAHBBZ010000011.1	900435	1048046
y1_HG00673.1#723	y1_HG00673.1	HG00673#1#JAHBBZ010000058.1	16624908	16624935
y1_HG00673.1#724	y1_HG00673.1	HG00673#1#JAHBBZ010000007.1	56860217	56860220
y1_HG00673.1#725	y1_HG00673.1	HG00673#1#JAHBBZ010000009.1	16586837	16601429
y1_HG00673.1#726	y1_HG00673.1	HG00673#1#JAHBBZ010000062.1	19187798	19187802
y1_HG00673.1#727	y1_HG00673.1	HG00673#1#JAHBBZ010000015.1	36997638	36997652
y1_HG00673.1#728	y1_HG00673.1	HG00673#1#JAHBBZ010000015.1	4928375	4928705
y1_HG00673.1#729	y1_HG00673.1	HG00673#1#JAHBBZ010000166.1	1075504	1095048
y1_HG00673.1#730	y1_HG00673.1	HG00673#1#JAHBBZ010000228.1	1076830	1076832
y1_HG00673.1#731	y1_HG00673.1	HG00673#1#JAHBBZ010000034.1	13630110	13630141
y1_HG00673.1#732	y1_HG00673.1	HG00673#1#JAHBBZ010000109.1	17149077	17812877
y1_HG00673.1#733	y1_HG00673.1	HG00673#1#JAHBBZ010000032.1	29031016	29031022
y1_HG00673.1#734	y1_HG00673.1	HG00673#1#JAHBBZ010000060.1	1346525	1346591
y1_HG00673.1#735	y1_HG00673.1	HG00673#1#JAHBBZ010000047.1	16662469	16703396
y1_HG00673.1#736	y1_HG00673.1	HG00673#1#JAHBBZ010000015.1	35757312	35840761
y1_HG00673.1#737	y1_HG00673.1	HG00673#1#JAHBBZ010000073.1	73142	535063
y1_HG00673.1#738	y1_HG00673.1	HG00673#1#JAHBBZ010000052.1	2383305	2479537
y1_HG00673.1#739	y1_HG00673.1	HG00673#1#JAHBBZ010000001.1	10119389	10119648
y1_HG00673.1#740	y1_HG00673.1	HG00673#1#JAHBBZ010000041.1	54349718	54349783
y1_HG00673.1#741	y1_HG00673.1	HG00673#1#JAHBBZ010000092.1	2123964	2398695
y1_HG00673.1#742	y1_HG00673.1	HG00673#1#JAHBBZ010000041.1	62518622	62534559
y1_HG00673.1#743	y1_HG00673.1	HG00673#1#JAHBBZ010000039.1	5353850	6386458
y1_HG00673.1#744	y1_HG00673.1	HG00673#1#JAHBBZ010000022.1	6517650	6517656
y1_HG00673.1#745	y1_HG00673.1	HG00673#1#JAHBBZ010000010.1	43153910	43153926
y1_HG00673.1#746	y1_HG00673.1	HG00673#1#JAHBBZ010000004.1	3205424	3206253
y1_HG00673.1#747	y1_HG00673.1	HG00673#1#JAHBBZ010000073.1	4351765	5374112
y1_HG00673.1#748	y1_HG00673.1	HG00673#1#JAHBBZ010000101.1	7560949	8005545
y1_HG00673.1#749	y1_HG00673.1	HG00673#1#JAHBBZ010000018.1	38275580	38277150
y1_HG00673.1#750	y1_HG00673.1	HG00673#1#JAHBBZ010000047.1	22954783	22965058
y1_HG00673.1#751	y1_HG00673.1	HG00673#1#JAHBBZ010000058.1	19348502	19348543
y1_HG00673.1#752	y1_HG00673.1	HG00673#1#JAHBBZ010000041.1	42126967	42127805
y1_HG00673.1#753	y1_HG00673.1	HG00673#1#JAHBBZ010000051.1	28532041	28534314
y1_HG00673.1#754	y1_HG00673.1	HG00673#1#JAHBBZ010000051.1	20083052	20762616
y1_HG00673.1#755	y1_HG00673.1	HG00673#1#JAHBBZ010000005.1	25158864	25158875
y1_HG00673.1#756	y1_HG00673.1	HG00673#1#JAHBBZ010000075.1	10400281	10485689
y1_HG00673.1#757	y1_HG00673.1	HG00673#1#JAHBBZ010000005.1	14125127	14125135
y1_HG00673.1#758	y1_HG00673.1	HG00673#1#JAHBBZ010000011.1	1051776	1052097
y1_HG00673.1#759	y1_HG00673.1	HG00673#1#JAHBBZ010000062.1	10810639	10810692
y1_HG00673.1#760	y1_HG00673.1	HG00673#1#JAHBBZ010000177.1	2231168	2253078
y1_HG00673.1#761	y1_HG00673.1	HG00673#1#JAHBBZ010000043.1	39120273	39346790
y1_HG00673.1#762	y1_HG00673.1	HG00673#1#JAHBBZ010000026.1	16432334	17414647
y1_HG00673.1#763	y1_HG00673.1	HG00673#1#JAHBBZ010000019.1	1818164	1818188
y1_HG00673.1#764	y1_HG00673.1	HG00673#1#JAHBBZ010000015.1	53326819	53337901
y1_HG00673.1#765	y1_HG00673.1	HG00673#1#JAHBBZ010000079.1	4898821	4898963
y1_HG00673.1#766	y1_HG00673.1	HG00673#1#JAHBBZ010000135.1	605504	1517044
y1_HG00673.1#767	y1_HG00673.1	HG00673#1#JAHBBZ010000056.1	1822338	2325625
y1_HG00673.1#768	y1_HG00673.1	HG00673#1#JAHBBZ010000007.1	52429299	52449309
y1_HG00673.1#769	y1_HG00673.1	HG00673#1#JAHBBZ010000031.1	16400781	16400890
y1_HG00673.1#770	y1_HG00673.1	HG00673#1#JAHBBZ010000033.1	17632355	17632374
y1_HG00673.1#771	y1_HG00673.1	HG00673#1#JAHBBZ010000048.1	12357819	12357839
y1_HG00673.1#772	y1_HG00673.1	HG00673#1#JAHBBZ010000041.1	41796358	41796414
y1_HG00673.1#773	y1_HG00673.1	HG00673#1#JAHBBZ010000064.1	37346204	37355689
y1_HG00673.1#774	y1_HG00673.1	HG00673#1#JAHBBZ010000005.1	67576243	67589649
y1_HG00673.1#775	y1_HG00673.1	HG00673#1#JAHBBZ010000005.1	11070392	11070593
y1_HG00673.1#776	y1_HG00673.1	HG00673#1#JAHBBZ010000010.1	22331085	22331117
y1_HG00673.1#777	y1_HG00673.1	HG00673#1#JAHBBZ010000166.1	4479635	4479639
y1_HG00673.1#778	y1_HG00673.1	HG00673#1#JAHBBZ010000033.1	40865694	40944594
y1_HG00673.1#779	y1_HG00673.1	HG00673#1#JAHBBZ010000075.1	72442434	72506532
y1_HG00673.1#780	y1_HG00673.1	HG00673#1#JAHBBZ010000053.1	19443509	19773819
y1_HG00673.1#781	y1_HG00673.1	HG00673#1#JAHBBZ010000007.1	575109	575111
y1_HG00673.1#782	y1_HG00673.1	HG00673#1#JAHBBZ010000095.1	12260333	12463109
y1_HG00673.1#783	y1_HG00673.1	HG00673#1#JAHBBZ010000063.1	6070769	6070773
y1_HG00673.1#784	y1_HG00673.1	HG00673#1#JAHBBZ010000076.1	4466544	4699150
y1_HG00673.1#785	y1_HG00673.1	HG00673#1#JAHBBZ010000015.1	1821393	1821400
y1_HG00673.1#786	y1_HG00673.1	HG00673#1#JAHBBZ010000066.1	14163578	14164033
y1_HG00673.1#787	y1_HG00673.1	HG00673#1#JAHBBZ010000024.1	3638395	3763154
y1_HG00673.1#788	y1_HG00673.1	HG00673#1#JAHBBZ010000010.1	39383882	39693634
y1_HG00673.1#789	y1_HG00673.1	HG00673#1#JAHBBZ010000111.1	5885295	6155786
y1_HG00673.1#790	y1_HG00673.1	HG00673#1#JAHBBZ010000129.1	1104348	1104351
y1_HG00673.1#791	y1_HG00673.1	HG00673#1#JAHBBZ010000051.1	15669848	15670718
y1_HG00673.1#792	y1_HG00673.1	HG00673#1#JAHBBZ010000005.1	67151764	67517836
y1_HG00673.1#793	y1_HG00673.1	HG00673#1#JAHBBZ010000127.1	1290285	1290288
y1_HG00673.1#794	y1_HG00673.1	HG00673#1#JAHBBZ010000028.1	35179992	35180760
y1_HG00673.1#795	y1_HG00673.1	HG00673#1#JAHBBZ010000074.1	21481660	21488532
y1_HG00673.1#796	y1_HG00673.1	HG00673#1#JAHBBZ010000094.1	1675938	1675979
y1_HG00673.1#797	y1_HG00673.1	HG00673#1#JAHBBZ010000033.1	4796879	4797200
y1_HG00673.1#798	y1_HG00673.1	HG00673#1#JAHBBZ010000141.1	17396737	17396744
y1_HG00673.1#799	y1_HG00673.1	HG00673#1#JAHBBZ010000059.1	5429906	5466210
y1_HG00673.1#800	y1_HG00673.1	HG00673#1#JAHBBZ010000023.1	7206797	7206802
y1_HG00673.1#801	y1_HG00673.1	HG00673#1#JAHBBZ010000041.1	21740144	21741113
y1_HG00673.1#802	y1_HG00673.1	HG00673#1#JAHBBZ010000007.1	63387831	63392031
y1_HG00673.1#803	y1_HG00673.1	HG00673#1#JAHBBZ010000047.1	15804946	16186811
y1_HG00673.1#804	y1_HG00673.1	HG00673#1#JAHBBZ010000095.1	6575396	6575398
y1_HG00673.1#805	y1_HG00673.1	HG00673#1#JAHBBZ010000054.1	964666	1282963
y1_HG00673.1#806	y1_HG00673.1	HG00673#1#JAHBBZ010000005.1	23260997	23261779
y1_HG00673.1#807	y1_HG00673.1	HG00673#1#JAHBBZ010000026.1	28188794	28216120
y1_HG00673.1#808	y1_HG00673.1	HG00673#1#JAHBBZ010000049.1	7424698	7425530
y1_HG00673.1#809	y1_HG00673.1	HG00673#1#JAHBBZ010000043.1	32586719	32598406
y1_HG00673.1#810	y1_HG00673.1	HG00673#1#JAHBBZ010000109.1	24837173	24837178
y1_HG00673.1#811	y1_HG00673.1	HG00673#1#JAHBBZ010000315.1	3489	10964
y1_HG00673.1#812	y1_HG00673.1	HG00673#1#JAHBBZ010000003.1	22940937	22941386
y1_HG00673.1#813	y1_HG00673.1	HG00673#1#JAHBBZ010000003.1	5046991	5047108
y1_HG00673.1#814	y1_HG00673.1	HG00673#1#JAHBBZ010000020.1	5643856	5667304
y1_HG00673.1#815	y1_HG00673.1	HG00673#1#JAHBBZ010000058.1	41824866	41901468
y1_HG00673.1#816	y1_HG00673.1	HG00673#1#JAHBBZ010000074.1	49920151	49920200
y1_HG00673.1#817	y1_HG00673.1	HG00673#1#JAHBBZ010000064.1	26772583	26772592
y1_HG00673.1#818	y1_HG00673.1	HG00673#1#JAHBBZ010000074.1	8804157	8807315
y1_HG00673.1#819	y1_HG00673.1	HG00673#1#JAHBBZ010000099.1	7531124	7536188
y1_HG00673.1#820	y1_HG00673.1	HG00673#1#JAHBBZ010000038.1	1034086	1034227
y1_HG00673.1#821	y1_HG00673.1	HG00673#1#JAHBBZ010000075.1	44586663	44709394
y1_HG00673.1#822	y1_HG00673.1	HG00673#1#JAHBBZ010000097.1	6257831	6257835
y1_HG00673.1#823	y1_HG00673.1	HG00673#1#JAHBBZ010000032.1	49866818	49867970
y1_HG00673.1#824	y1_HG00673.1	HG00673#1#JAHBBZ010000119.1	7518692	7518694
y1_HG00673.1#825	y1_HG00673.1	HG00673#1#JAHBBZ010000022.1	6171346	6173514
y1_HG00673.1#826	y1_HG00673.1	HG00673#1#JAHBBZ010000021.1	9027094	9027386
y1_HG00673.1#827	y1_HG00673.1	HG00673#1#JAHBBZ010000033.1	18111448	18725693
y1_HG00673.1#828	y1_HG00673.1	HG00673#1#JAHBBZ010000111.1	10877485	10938398
y1_HG00673.1#829	y1_HG00673.1	HG00673#1#JAHBBZ010000026.1	20864715	20864735
y1_HG00673.1#830	y1_HG00673.1	HG00673#1#JAHBBZ010000025.1	8159138	8159141
y1_HG00673.1#831	y1_HG00673.1	HG00673#1#JAHBBZ010000041.1	18003253	18003260
y1_HG00673.1#832	y1_HG00673.1	HG00673#1#JAHBBZ010000003.1	10188130	10188151
y1_HG00673.1#833	y1_HG00673.1	HG00673#1#JAHBBZ010000143.1	4126247	4139446
y1_HG00673.1#834	y1_HG00673.1	HG00673#1#JAHBBZ010000063.1	24141430	24141656
y1_HG00673.1#835	y1_HG00673.1	HG00673#1#JAHBBZ010000058.1	4315275	4315278
y1_HG00673.1#836	y1_HG00673.1	HG00673#1#JAHBBZ010000004.1	906619	906623
y1_HG00673.1#837	y1_HG00673.1	HG00673#1#JAHBBZ010000018.1	4314008	4378458
y1_HG00673.1#838	y1_HG00673.1	HG00673#1#JAHBBZ010000026.1	6157532	6164158
y1_HG00673.1#839	y1_HG00673.1	HG00673#1#JAHBBZ010000003.1	28934517	28946919
y1_HG00673.1#840	y1_HG00673.1	HG00673#1#JAHBBZ010000144.1	5152973	5152977
y1_HG00673.1#841	y1_HG00673.1	HG00673#1#JAHBBZ010000109.1	23938728	24362690
y1_HG00673.1#842	y1_HG00673.1	HG00673#1#JAHBBZ010000024.1	20692008	20692057
y1_HG00673.1#843	y1_HG00673.1	HG00673#1#JAHBBZ010000041.1	52657303	52661078
y1_HG00673.1#844	y1_HG00673.1	HG00673#1#JAHBBZ010000095.1	3333924	3778585
y1_HG00673.1#845	y1_HG00673.1	HG00673#1#JAHBBZ010000078.1	30630484	31430022
y1_HG00673.1#846	y1_HG00673.1	HG00673#1#JAHBBZ010000007.1	57142365	57142926
y1_HG00673.1#847	y1_HG00673.1	HG00673#1#JAHBBZ010000015.1	51044179	51046280
y1_HG00673.1#848	y1_HG00673.1	HG00673#1#JAHBBZ010000113.1	2126278	2126449
y1_HG00673.1#849	y1_HG00673.1	HG00673#1#JAHBBZ010000029.1	10177646	10177653
y1_HG00673.1#850	y1_HG00673.1	HG00673#1#JAHBBZ010000111.1	8752550	8792400
y1_HG00673.1#851	y1_HG00673.1	HG00673#1#JAHBBZ010000007.1	24621103	24621198
y1_HG00673.1#852	y1_HG00673.1	HG00673#1#JAHBBZ010000058.1	28404447	28484446
y1_HG00673.1#853	y1_HG00673.1	HG00673#1#JAHBBZ010000060.1	9322892	9324677
y1_HG00673.1#854	y1_HG00673.1	HG00673#1#JAHBBZ010000060.1	13744880	13956258
y1_HG00673.1#855	y1_HG00673.1	HG00673#1#JAHBBZ010000023.1	32636693	32636757
y1_HG00673.1#856	y1_HG00673.1	HG00673#1#JAHBBZ010000094.1	10139356	10139416
y1_HG00673.1#857	y1_HG00673.1	HG00673#1#JAHBBZ010000012.1	41576880	41627130
y1_HG00673.1#858	y1_HG00673.1	HG00673#1#JAHBBZ010000056.1	14734174	14737704
y1_HG00673.1#859	y1_HG00673.1	HG00673#1#JAHBBZ010000043.1	33385450	33385496
y1_HG00673.1#860	y1_HG00673.1	HG00673#1#JAHBBZ010000042.1	16729095	16738596
y1_HG00673.1#861	y1_HG00673.1	HG00673#1#JAHBBZ010000056.1	20233839	20233908
y1_HG00673.1#862	y1_HG00673.1	HG00673#1#JAHBBZ010000007.1	47943164	47943206
y1_HG00673.1#863	y1_HG00673.1	HG00673#1#JAHBBZ010000054.1	1271849	1493924
y1_HG00673.1#864	y1_HG00673.1	HG00673#1#JAHBBZ010000094.1	16712199	16712268
y1_HG00673.1#865	y1_HG00673.1	HG00673#1#JAHBBZ010000005.1	69597605	69597617
y1_HG00673.1#866	y1_HG00673.1	HG00673#1#JAHBBZ010000058.1	21326273	21326338
y1_HG00673.1#867	y1_HG00673.1	HG00673#1#JAHBBZ010000075.1	60396674	60396701
y1_HG00673.1#868	y1_HG00673.1	HG00673#1#JAHBBZ010000004.1	17004965	17004991
y1_HG00673.1#869	y1_HG00673.1	HG00673#1#JAHBBZ010000095.1	2567188	2570076
y1_HG00673.1#870	y1_HG00673.1	HG00673#1#JAHBBZ010000081.1	1463699	2029230
y1_HG00673.1#871	y1_HG00673.1	HG00673#1#JAHBBZ010000041.1	56887896	57458484
y1_HG00673.1#872	y1_HG00673.1	HG00673#1#JAHBBZ010000077.1	6035931	6035945
y1_HG00673.1#873	y1_HG00673.1	HG00673#1#JAHBBZ010000023.1	4474013	4478135
y1_HG00673.1#874	y1_HG00673.1	HG00673#1#JAHBBZ010000047.1	11240692	11287399
y1_HG00673.1#875	y1_HG00673.1	HG00673#1#JAHBBZ010000034.1	35881815	35883994
y1_HG00673.1#876	y1_HG00673.1	HG00673#1#JAHBBZ010000029.1	6436490	6503499
y1_HG00673.1#877	y1_HG00673.1	HG00673#1#JAHBBZ010000222.1	0	52414
y1_HG00673.1#878	y1_HG00673.1	HG00673#1#JAHBBZ010000030.1	43487231	43487272
y1_HG00673.1#879	y1_HG00673.1	HG00673#1#JAHBBZ010000022.1	17976645	17979155
y1_HG00673.1#880	y1_HG00673.1	HG00673#1#JAHBBZ010000161.1	4259222	4259277
y1_HG00673.1#881	y1_HG00673.1	HG00673#1#JAHBBZ010000070.1	9315744	9329261
y1_HG00673.1#882	y1_HG00673.1	HG00673#1#JAHBBZ010000074.1	19531176	19623075
y1_HG00673.1#883	y1_HG00673.1	HG00673#1#JAHBBZ010000137.1	11303666	11304496
y1_HG00673.1#884	y1_HG00673.1	HG00673#1#JAHBBZ010000075.1	29507255	29508536
y1_HG00673.1#885	y1_HG00673.1	HG00673#1#JAHBBZ010000043.1	8271767	8341214
y1_HG00673.1#886	y1_HG00673.1	HG00673#1#JAHBBZ010000122.1	1855152	1863898
y1_HG00673.1#887	y1_HG00673.1	HG00673#1#JAHBBZ010000025.1	13789247	13789889
y1_HG00673.1#888	y1_HG00673.1	HG00673#1#JAHBBZ010000060.1	24699210	24699225
y1_HG00673.1#889	y1_HG00673.1	HG00673#1#JAHBBZ010000108.1	4857453	5140165
y1_HG00673.1#890	y1_HG00673.1	HG00673#1#JAHBBZ010000007.1	38112013	38179325
y1_HG00673.1#891	y1_HG00673.1	HG00673#1#JAHBBZ010000059.1	6511162	6511182
y1_HG00673.1#892	y1_HG00673.1	HG00673#1#JAHBBZ010000005.1	54443745	54570652
y1_HG00673.1#893	y1_HG00673.1	HG00673#1#JAHBBZ010000111.1	11101048	11101290
y1_HG00673.1#894	y1_HG00673.1	HG00673#1#JAHBBZ010000040.1	21221171	21249087
y1_HG00673.1#895	y1_HG00673.1	HG00673#1#JAHBBZ010000041.1	64309667	64310406
y1_HG00673.1#896	y1_HG00673.1	HG00673#1#JAHBBZ010000024.1	11208043	11473951
y1_HG00673.1#897	y1_HG00673.1	HG00673#1#JAHBBZ010000076.1	12520001	12520934
y1_HG00673.1#898	y1_HG00673.1	HG00673#1#JAHBBZ010000049.1	6015143	6015180
y1_HG00673.1#899	y1_HG00673.1	HG00673#1#JAHBBZ010000109.1	14090509	14642377
y1_HG00673.1#900	y1_HG00673.1	HG00673#1#JAHBBZ010000038.1	16387663	16388466
y1_HG00673.1#901	y1_HG00673.1	HG00673#1#JAHBBZ010000112.1	3731938	3844870
y1_HG00673.1#902	y1_HG00673.1	HG00673#1#JAHBBZ010000015.1	38585234	38613601
y1_HG00673.1#903	y1_HG00673.1	HG00673#1#JAHBBZ010000032.1	21874244	21874320
y1_HG00673.1#904	y1_HG00673.1	HG00673#1#JAHBBZ010000074.1	29381963	29381968
y1_HG00673.1#905	y1_HG00673.1	HG00673#1#JAHBBZ010000038.1	247096	247109
y1_HG00673.1#906	y1_HG00673.1	HG00673#1#JAHBBZ010000047.1	17775458	17775793
y1_HG00673.1#907	y1_HG00673.1	HG00673#1#JAHBBZ010000092.1	5415391	5415437
y1_HG00673.1#908	y1_HG00673.1	HG00673#1#JAHBBZ010000011.1	749065	749073
y1_HG00673.1#909	y1_HG00673.1	HG00673#1#JAHBBZ010000004.1	28006264	28042673
y1_HG00673.1#910	y1_HG00673.1	HG00673#1#JAHBBZ010000022.1	13046890	13046894
y1_HG00673.1#911	y1_HG00673.1	HG00673#1#JAHBBZ010000095.1	20374767	20374879
y1_HG00673.1#912	y1_HG00673.1	HG00673#1#JAHBBZ010000192.1	128436	128524
y1_HG00673.1#913	y1_HG00673.1	HG00673#1#JAHBBZ010000041.1	26797547	26840595
y1_HG00673.1#914	y1_HG00673.1	HG00673#1#JAHBBZ010000062.1	8399686	8399695
y1_HG00673.1#915	y1_HG00673.1	HG00673#1#JAHBBZ010000074.1	45828348	45851096
y1_HG00673.1#916	y1_HG00673.1	HG00673#1#JAHBBZ010000141.1	10720315	11166482
y1_HG00673.1#917	y1_HG00673.1	HG00673#1#JAHBBZ010000141.1	10464478	10464894
y1_HG00673.1#918	y1_HG00673.1	HG00673#1#JAHBBZ010000067.1	437376	438592
y1_HG00673.1#919	y1_HG00673.1	HG00673#1#JAHBBZ010000058.1	19384814	19392584
y1_HG00673.1#920	y1_HG00673.1	HG00673#1#JAHBBZ010000047.1	26703142	26703149
y1_HG00673.1#921	y1_HG00673.1	HG00673#1#JAHBBZ010000003.1	4352334	4877184
y1_HG00673.1#922	y1_HG00673.1	HG00673#1#JAHBBZ010000051.1	22384360	22384365
y1_HG00673.1#923	y1_HG00673.1	HG00673#1#JAHBBZ010000031.1	19954176	20764253
y1_HG00673.1#924	y1_HG00673.1	HG00673#1#JAHBBZ010000049.1	11633618	11935698
y1_HG00673.1#925	y1_HG00673.1	HG00673#1#JAHBBZ010000007.1	27665260	27665264
y1_HG00673.1#926	y1_HG00673.1	HG00673#1#JAHBBZ010000003.1	9273078	9274015
y1_HG00673.1#927	y1_HG00673.1	HG00673#1#JAHBBZ010000143.1	5309233	5310613
y1_HG00673.1#928	y1_HG00673.1	HG00673#1#JAHBBZ010000076.1	8813785	8823025
y1_HG00673.1#929	y1_HG00673.1	HG00673#1#JAHBBZ010000005.1	16074985	16076657
y1_HG00673.1#930	y1_HG00673.1	HG00673#1#JAHBBZ010000021.1	9982542	9982798
y1_HG00673.1#931	y1_HG00673.1	HG00673#1#JAHBBZ010000188.1	1062571	1181769
y1_HG00673.1#932	y1_HG00673.1	HG00673#1#JAHBBZ010000040.1	34911733	35009026
y1_HG00673.1#933	y1_HG00673.1	HG00673#1#JAHBBZ010000043.1	34191955	34191960
y1_HG00673.1#934	y1_HG00673.1	HG00673#1#JAHBBZ010000058.1	13096736	13096795
y1_HG00673.1#935	y1_HG00673.1	HG00673#1#JAHBBZ010000070.1	5354826	5354851
y1_HG00673.1#936	y1_HG00673.1	HG00673#1#JAHBBZ010000047.1	20376946	20381838
y1_HG00673.1#937	y1_HG00673.1	HG00673#1#JAHBBZ010000007.1	39955783	39962466
y1_HG00673.1#938	y1_HG00673.1	HG00673#1#JAHBBZ010000128.1	5789868	5801741
y1_HG00673.1#939	y1_HG00673.1	HG00673#1#JAHBBZ010000012.1	12006671	12007350
y1_HG00673.1#940	y1_HG00673.1	HG00673#1#JAHBBZ010000109.1	20669539	20686900
y1_HG00673.1#941	y1_HG00673.1	HG00673#1#JAHBBZ010000042.1	4082602	4345259
y1_HG00673.1#942	y1_HG00673.1	HG00673#1#JAHBBZ010000075.1	867587	870520
y1_HG00673.1#943	y1_HG00673.1	HG00673#1#JAHBBZ010000060.1	12742150	12742153
y1_HG00673.1#944	y1_HG00673.1	HG00673#1#JAHBBZ010000062.1	11025741	11130557
y1_HG00673.1#945	y1_HG00673.1	HG00673#1#JAHBBZ010000015.1	22494377	23412751
y1_HG00673.1#946	y1_HG00673.1	HG00673#1#JAHBBZ010000072.1	8439239	8439764
y1_HG00673.1#947	y1_HG00673.1	HG00673#1#JAHBBZ010000108.1	10574299	10576185
y1_HG00673.1#948	y1_HG00673.1	HG00673#1#JAHBBZ010000073.1	856259	856455
y1_HG00673.1#949	y1_HG00673.1	HG00673#1#JAHBBZ010000028.1	203116	334734
y1_HG00673.1#950	y1_HG00673.1	HG00673#1#JAHBBZ010000193.1	565503	565513
y1_HG00673.1#951	y1_HG00673.1	HG00673#1#JAHBBZ010000073.1	5899953	5900830
y1_HG00673.1#952	y1_HG00673.1	HG00673#1#JAHBBZ010000115.1	15884775	15890574
y1_HG00673.1#953	y1_HG00673.1	HG00673#1#JAHBBZ010000056.1	32797913	32805409
y1_HG00673.1#954	y1_HG00673.1	HG00673#1#JAHBBZ010000203.1	961329	962008
y1_HG00673.1#955	y1_HG00673.1	HG00673#1#JAHBBZ010000109.1	21259857	21267402
y1_HG00673.1#956	y1_HG00673.1	HG00673#1#JAHBBZ010000012.1	36107696	36110198
y1_HG00673.1#957	y1_HG00673.1	HG00673#1#JAHBBZ010000047.1	3345724	3345727
y1_HG00673.1#958	y1_HG00673.1	HG00673#1#JAHBBZ010000079.1	11720176	11858926
y1_HG00673.1#959	y1_HG00673.1	HG00673#1#JAHBBZ010000074.1	49819781	49819917
y1_HG00673.1#960	y1_HG00673.1	HG00673#1#JAHBBZ010000160.1	261949	271002
y1_HG00673.1#961	y1_HG00673.1	HG00673#1#JAHBBZ010000004.1	30122600	30122665
y1_HG00673.1#962	y1_HG00673.1	HG00673#1#JAHBBZ010000003.1	27231426	27269470
y1_HG00673.1#963	y1_HG00673.1	HG00673#1#JAHBBZ010000056.1	10846845	10853361
y1_HG00673.1#964	y1_HG00673.1	HG00673#1#JAHBBZ010000055.1	3552192	3552813
y1_HG00673.1#965	y1_HG00673.1	HG00673#1#JAHBBZ010000005.1	19637381	19966074
y1_HG00673.1#966	y1_HG00673.1	HG00673#1#JAHBBZ010000129.1	3344245	3344633
y1_HG00673.1#967	y1_HG00673.1	HG00673#1#JAHBBZ010000007.1	39915729	39931425
y1_HG00673.1#968	y1_HG00673.1	HG00673#1#JAHBBZ010000051.1	22442110	22442112
y1_HG00673.1#969	y1_HG00673.1	HG00673#1#JAHBBZ010000060.1	7151397	7151748
y1_HG00673.1#970	y1_HG00673.1	HG00673#1#JAHBBZ010000127.1	6214395	6214419
y1_HG00673.1#971	y1_HG00673.1	HG00673#1#JAHBBZ010000036.1	37082351	37082353
y1_HG00673.1#972	y1_HG00673.1	HG00673#1#JAHBBZ010000072.1	18313114	18324823
y1_HG00673.1#973	y1_HG00673.1	HG00673#1#JAHBBZ010000007.1	5421499	5421502
y1_HG00673.1#974	y1_HG00673.1	HG00673#1#JAHBBZ010000139.1	879251	915283
y1_HG00673.1#975	y1_HG00673.1	HG00673#1#JAHBBZ010000078.1	12979146	12979150
y1_HG00673.1#976	y1_HG00673.1	HG00673#1#JAHBBZ010000005.1	55605501	55630234
y1_HG00673.1#977	y1_HG00673.1	HG00673#1#JAHBBZ010000005.1	66060509	66060517
y1_HG00673.1#978	y1_HG00673.1	HG00673#1#JAHBBZ010000075.1	36974411	36974425
y1_HG00673.1#979	y1_HG00673.1	HG00673#1#JAHBBZ010000026.1	24668627	24668676
y1_HG00673.1#980	y1_HG00673.1	HG00673#1#JAHBBZ010000043.1	44118042	44660998
y1_HG00673.1#981	y1_HG00673.1	HG00673#1#JAHBBZ010000124.1	6749180	6749182
y1_HG00673.1#982	y1_HG00673.1	HG00673#1#JAHBBZ010000041.1	37510770	37523669
y1_HG00673.1#983	y1_HG00673.1	HG00673#1#JAHBBZ010000015.1	6526253	6535345
y1_HG00673.1#984	y1_HG00673.1	HG00673#1#JAHBBZ010000095.1	12549556	12549634
y1_HG00673.1#985	y1_HG00673.1	HG00673#1#JAHBBZ010000032.1	27153588	27154979
y1_HG00673.1#986	y1_HG00673.1	HG00673#1#JAHBBZ010000005.1	67260763	67447719
y1_HG00673.1#987	y1_HG00673.1	HG00673#1#JAHBBZ010000040.1	8855890	8916840
y1_HG00673.1#988	y1_HG00673.1	HG00673#1#JAHBBZ010000046.1	2898660	2931877
y1_HG00673.1#989	y1_HG00673.1	HG00673#1#JAHBBZ010000075.1	23719347	24012019
y1_HG00673.1#990	y1_HG00673.1	HG00673#1#JAHBBZ010000063.1	31973751	32133911
y1_HG00673.1#991	y1_HG00673.1	HG00673#1#JAHBBZ010000093.1	2264471	2327845
y1_HG00673.1#992	y1_HG00673.1	HG00673#1#JAHBBZ010000046.1	10086079	10090684
y1_HG00673.1#993	y1_HG00673.1	HG00673#1#JAHBBZ010000041.1	57503167	57503184
y1_HG00673.1#994	y1_HG00673.1	HG00673#1#JAHBBZ010000051.1	52126759	52138784
y1_HG00673.1#995	y1_HG00673.1	HG00673#1#JAHBBZ010000054.1	11996896	11997161
y1_HG00673.1#996	y1_HG00673.1	HG00673#1#JAHBBZ010000060.1	12194823	12194834
y1_HG00673.1#997	y1_HG00673.1	HG00673#1#JAHBBZ010000009.1	3284242	3284245
y1_HG00673.1#998	y1_HG00673.1	HG00673#1#JAHBBZ010000051.1	34153754	34153763
y1_HG00673.1#999	y1_HG00673.1	HG00673#1#JAHBBZ010000005.1	45817457	45817459
y1_HG00673.2#0	y1_HG00673.2	HG00673#2#JAHBBY010000094.1	25776028	25776040
y1_HG00673.2#1	y1_HG00673.2	HG00673#2#JAHBBY010000023.1	19831967	19904534
y1_HG00673.2#2	y1_HG00673.2	HG00673#2#JAHBBY010000087.1	12010028	12010127
y1_HG00673.2#3	y1_HG00673.2	HG00673#2#JAHBBY010000044.1	26732684	26734158
y1_HG00673.2#4	y1_HG00673.2	HG00673#2#JAHBBY010000024.1	14633593	15054479
y1_HG00673.2#5	y1_HG00673.2	HG00673#2#JAHBBY010000043.1	29020012	29262012
y1_HG00673.2#6	y1_HG00673.2	HG00673#2#JAHBBY010000039.1	60036619	60036646
y1_HG00673.2#7	y1_HG00673.2	HG00673#2#JAHBBY010000205.1	1385931	1386009
y1_HG00673.2#8	y1_HG00673.2	HG00673#2#JAHBBY010000085.1	19582981	19639480
y1_HG00673.2#9	y1_HG00673.2	HG00673#2#JAHBBY010000116.1	13181813	13182080
y1_HG00673.2#10	y1_HG00673.2	HG00673#2#JAHBBY010000039.1	26950274	26985962
y1_HG00673.2#11	y1_HG00673.2	HG00673#2#JAHBBY010000012.1	14470806	14487743
y1_HG00673.2#12	y1_HG00673.2	HG00673#2#JAHBBY010000017.1	804028	804227
y1_HG00673.2#13	y1_HG00673.2	HG00673#2#JAHBBY010000008.1	1643757	1643926
y1_HG00673.2#14	y1_HG00673.2	HG00673#2#JAHBBY010000018.1	12788993	13041002
y1_HG00673.2#15	y1_HG00673.2	HG00673#2#JAHBBY010000014.1	4797119	4797126
y1_HG00673.2#16	y1_HG00673.2	HG00673#2#JAHBBY010000039.1	50291643	50291796
y1_HG00673.2#17	y1_HG00673.2	HG00673#2#JAHBBY010000166.1	961731	1738964
y1_HG00673.2#18	y1_HG00673.2	HG00673#2#JAHBBY010000031.1	9947711	9947713
y1_HG00673.2#19	y1_HG00673.2	HG00673#2#JAHBBY010000089.1	15852	18064
y1_HG00673.2#20	y1_HG00673.2	HG00673#2#JAHBBY010000039.1	49592211	49768006
y1_HG00673.2#21	y1_HG00673.2	HG00673#2#JAHBBY010000093.1	25114035	25134923
y1_HG00673.2#22	y1_HG00673.2	HG00673#2#JAHBBY010000083.1	12033121	12061209
y1_HG00673.2#23	y1_HG00673.2	HG00673#2#JAHBBY010000002.1	473241	473280
y1_HG00673.2#24	y1_HG00673.2	HG00673#2#JAHBBY010000102.1	146037	146808
y1_HG00673.2#25	y1_HG00673.2	HG00673#2#JAHBBY010000032.1	24972789	24972791
y1_HG00673.2#26	y1_HG00673.2	HG00673#2#JAHBBY010000025.1	21200718	21200738
y1_HG00673.2#27	y1_HG00673.2	HG00673#2#JAHBBY010000166.1	6267187	6267211
y1_HG00673.2#28	y1_HG00673.2	HG00673#2#JAHBBY010000040.1	9958211	9958213
y1_HG00673.2#29	y1_HG00673.2	HG00673#2#JAHBBY010000015.1	19513312	19996108
y1_HG00673.2#30	y1_HG00673.2	HG00673#2#JAHBBY010000105.1	6295891	6295911
y1_HG00673.2#31	y1_HG00673.2	HG00673#2#JAHBBY010000032.1	17828397	17828553
y1_HG00673.2#32	y1_HG00673.2	HG00673#2#JAHBBY010000037.1	13352736	13353984
y1_HG00673.2#33	y1_HG00673.2	HG00673#2#JAHBBY010000109.1	1546199	1546220
y1_HG00673.2#34	y1_HG00673.2	HG00673#2#JAHBBY010000004.1	78916971	78917518
y1_HG00673.2#35	y1_HG00673.2	HG00673#2#JAHBBY010000089.1	5135565	5136260
y1_HG00673.2#36	y1_HG00673.2	HG00673#2#JAHBBY010000076.1	11763067	11773230
y1_HG00673.2#37	y1_HG00673.2	HG00673#2#JAHBBY010000003.1	24467649	24468335
y1_HG00673.2#38	y1_HG00673.2	HG00673#2#JAHBBY010000075.1	4440150	4498374
y1_HG00673.2#39	y1_HG00673.2	HG00673#2#JAHBBY010000033.1	19270350	19381157
y1_HG00673.2#40	y1_HG00673.2	HG00673#2#JAHBBY010000013.1	26641036	26707192
y1_HG00673.2#41	y1_HG00673.2	HG00673#2#JAHBBY010000084.1	39519061	39519239
y1_HG00673.2#42	y1_HG00673.2	HG00673#2#JAHBBY010000024.1	13985471	14877534
y1_HG00673.2#43	y1_HG00673.2	HG00673#2#JAHBBY010000084.1	32812941	32812994
y1_HG00673.2#44	y1_HG00673.2	HG00673#2#JAHBBY010000061.1	12585014	12589818
y1_HG00673.2#45	y1_HG00673.2	HG00673#2#JAHBBY010000069.1	26258781	26258855
y1_HG00673.2#46	y1_HG00673.2	HG00673#2#JAHBBY010000017.1	30500710	30592899
y1_HG00673.2#47	y1_HG00673.2	HG00673#2#JAHBBY010000105.1	42641409	42651941
y1_HG00673.2#48	y1_HG00673.2	HG00673#2#JAHBBY010000026.1	13969367	14390143
y1_HG00673.2#49	y1_HG00673.2	HG00673#2#JAHBBY010000059.1	10330082	10330084
y1_HG00673.2#50	y1_HG00673.2	HG00673#2#JAHBBY010000050.1	9294223	9294310
y1_HG00673.2#51	y1_HG00673.2	HG00673#2#JAHBBY010000083.1	14579319	14579346
y1_HG00673.2#52	y1_HG00673.2	HG00673#2#JAHBBY010000056.1	18531979	18531982
y1_HG00673.2#53	y1_HG00673.2	HG00673#2#JAHBBY010000018.1	1726722	1726934
y1_HG00673.2#54	y1_HG00673.2	HG00673#2#JAHBBY010000001.1	5764661	5816958
y1_HG00673.2#55	y1_HG00673.2	HG00673#2#JAHBBY010000066.1	10116782	10116855
y1_HG00673.2#56	y1_HG00673.2	HG00673#2#JAHBBY010000033.1	30035461	30047093
y1_HG00673.2#57	y1_HG00673.2	HG00673#2#JAHBBY010000272.1	31848	31853
y1_HG00673.2#58	y1_HG00673.2	HG00673#2#JAHBBY010000076.1	1229993	1230169
y1_HG00673.2#59	y1_HG00673.2	HG00673#2#JAHBBY010000116.1	3317127	3320367
y1_HG00673.2#60	y1_HG00673.2	HG00673#2#JAHBBY010000056.1	19545159	19545164
y1_HG00673.2#61	y1_HG00673.2	HG00673#2#JAHBBY010000111.1	121633	174493
y1_HG00673.2#62	y1_HG00673.2	HG00673#2#JAHBBY010000144.1	3960138	3960155
y1_HG00673.2#63	y1_HG00673.2	HG00673#2#JAHBBY010000105.1	54277186	54285868
y1_HG00673.2#64	y1_HG00673.2	HG00673#2#JAHBBY010000015.1	17337971	17356520
y1_HG00673.2#65	y1_HG00673.2	HG00673#2#JAHBBY010000098.1	30979984	30980640
y1_HG00673.2#66	y1_HG00673.2	HG00673#2#JAHBBY010000044.1	13875828	13875838
y1_HG00673.2#67	y1_HG00673.2	HG00673#2#JAHBBY010000030.1	8557049	8638999
y1_HG00673.2#68	y1_HG00673.2	HG00673#2#JAHBBY010000017.1	29314388	29314390
y1_HG00673.2#69	y1_HG00673.2	HG00673#2#JAHBBY010000044.1	24187942	24638170
y1_HG00673.2#70	y1_HG00673.2	HG00673#2#JAHBBY010000016.1	819055	819439
y1_HG00673.2#71	y1_HG00673.2	HG00673#2#JAHBBY010000015.1	25453076	25463595
y1_HG00673.2#72	y1_HG00673.2	HG00673#2#JAHBBY010000025.1	2805352	2807556
y1_HG00673.2#73	y1_HG00673.2	HG00673#2#JAHBBY010000018.1	17266609	17267060
y1_HG00673.2#74	y1_HG00673.2	HG00673#2#JAHBBY010000065.1	12070674	12070835
y1_HG00673.2#75	y1_HG00673.2	HG00673#2#JAHBBY010000013.1	34048262	34054069
y1_HG00673.2#76	y1_HG00673.2	HG00673#2#JAHBBY010000105.1	41368257	41368524
y1_HG00673.2#77	y1_HG00673.2	HG00673#2#JAHBBY010000036.1	20486538	20487030
y1_HG00673.2#78	y1_HG00673.2	HG00673#2#JAHBBY010000039.1	30824345	30824356
y1_HG00673.2#79	y1_HG00673.2	HG00673#2#JAHBBY010000090.1	19407642	19407645
y1_HG00673.2#80	y1_HG00673.2	HG00673#2#JAHBBY010000017.1	4241519	4592914
y1_HG00673.2#81	y1_HG00673.2	HG00673#2#JAHBBY010000105.1	45648345	45648370
y1_HG00673.2#82	y1_HG00673.2	HG00673#2#JAHBBY010000048.1	31752995	31753122
y1_HG00673.2#83	y1_HG00673.2	HG00673#2#JAHBBY010000062.1	16739816	17108369
y1_HG00673.2#84	y1_HG00673.2	HG00673#2#JAHBBY010000010.1	30975311	30986859
y1_HG00673.2#85	y1_HG00673.2	HG00673#2#JAHBBY010000105.1	54576723	54576725
y1_HG00673.2#86	y1_HG00673.2	HG00673#2#JAHBBY010000115.1	2775274	2775293
y1_HG00673.2#87	y1_HG00673.2	HG00673#2#JAHBBY010000144.1	7209408	7209515
y1_HG00673.2#88	y1_HG00673.2	HG00673#2#JAHBBY010000152.1	8847789	8848110
y1_HG00673.2#89	y1_HG00673.2	HG00673#2#JAHBBY010000013.1	16360647	17180088
y1_HG00673.2#90	y1_HG00673.2	HG00673#2#JAHBBY010000006.1	22260875	22260877
y1_HG00673.2#91	y1_HG00673.2	HG00673#2#JAHBBY010000073.1	4759878	4760363
y1_HG00673.2#92	y1_HG00673.2	HG00673#2#JAHBBY010000035.1	11137565	11138921
y1_HG00673.2#93	y1_HG00673.2	HG00673#2#JAHBBY010000030.1	12818616	12818622
y1_HG00673.2#94	y1_HG00673.2	HG00673#2#JAHBBY010000018.1	6045613	6049353
y1_HG00673.2#95	y1_HG00673.2	HG00673#2#JAHBBY010000017.1	16237971	16320494
y1_HG00673.2#96	y1_HG00673.2	HG00673#2#JAHBBY010000027.1	4602418	4602430
y1_HG00673.2#97	y1_HG00673.2	HG00673#2#JAHBBY010000074.1	473200	792742
y1_HG00673.2#98	y1_HG00673.2	HG00673#2#JAHBBY010000058.1	6226716	6255341
y1_HG00673.2#99	y1_HG00673.2	HG00673#2#JAHBBY010000059.1	33214685	33214694
y1_HG00673.2#100	y1_HG00673.2	HG00673#2#JAHBBY010000014.1	1983825	1986019
y1_HG00673.2#101	y1_HG00673.2	HG00673#2#JAHBBY010000101.1	12331109	12342322
y1_HG00673.2#102	y1_HG00673.2	HG00673#2#JAHBBY010000071.1	11082646	11082693
y1_HG00673.2#103	y1_HG00673.2	HG00673#2#JAHBBY010000026.1	30697800	30700469
y1_HG00673.2#104	y1_HG00673.2	HG00673#2#JAHBBY010000050.1	10317032	10317034
y1_HG00673.2#105	y1_HG00673.2	HG00673#2#JAHBBY010000039.1	6469035	6480703
y1_HG00673.2#106	y1_HG00673.2	HG00673#2#JAHBBY010000059.1	22477751	22482826
y1_HG00673.2#107	y1_HG00673.2	HG00673#2#JAHBBY010000039.1	922220	922274
y1_HG00673.2#108	y1_HG00673.2	HG00673#2#JAHBBY010000084.1	8584713	8843423
y1_HG00673.2#109	y1_HG00673.2	HG00673#2#JAHBBY010000044.1	2791880	2791930
y1_HG00673.2#110	y1_HG00673.2	HG00673#2#JAHBBY010000004.1	53118501	53141879
y1_HG00673.2#111	y1_HG00673.2	HG00673#2#JAHBBY010000065.1	20554333	20556589
y1_HG00673.2#112	y1_HG00673.2	HG00673#2#JAHBBY010000220.1	428537	428550
y1_HG00673.2#113	y1_HG00673.2	HG00673#2#JAHBBY010000023.1	6036088	6036650
y1_HG00673.2#114	y1_HG00673.2	HG00673#2#JAHBBY010000005.1	25671477	25674549
y1_HG00673.2#115	y1_HG00673.2	HG00673#2#JAHBBY010000045.1	12661911	12662312
y1_HG00673.2#116	y1_HG00673.2	HG00673#2#JAHBBY010000012.1	29119345	29484192
y1_HG00673.2#117	y1_HG00673.2	HG00673#2#JAHBBY010000098.1	12368713	12368896
y1_HG00673.2#118	y1_HG00673.2	HG00673#2#JAHBBY010000014.1	10874991	10875505
y1_HG00673.2#119	y1_HG00673.2	HG00673#2#JAHBBY010000012.1	22555120	22555125
y1_HG00673.2#120	y1_HG00673.2	HG00673#2#JAHBBY010000019.1	26487519	26568281
y1_HG00673.2#121	y1_HG00673.2	HG00673#2#JAHBBY010000051.1	7506000	8264858
y1_HG00673.2#122	y1_HG00673.2	HG00673#2#JAHBBY010000010.1	24443183	24443186
y1_HG00673.2#123	y1_HG00673.2	HG00673#2#JAHBBY010000073.1	13988910	13988940
y1_HG00673.2#124	y1_HG00673.2	HG00673#2#JAHBBY010000062.1	3115485	3115939
y1_HG00673.2#125	y1_HG00673.2	HG00673#2#JAHBBY010000094.1	29799209	29800547
y1_HG00673.2#126	y1_HG00673.2	HG00673#2#JAHBBY010000043.1	3571079	3764003
y1_HG00673.2#127	y1_HG00673.2	HG00673#2#JAHBBY010000186.1	803594	803668
y1_HG00673.2#128	y1_HG00673.2	HG00673#2#JAHBBY010000071.1	12905909	12905928
y1_HG00673.2#129	y1_HG00673.2	HG00673#2#JAHBBY010000147.1	5727327	5762350
y1_HG00673.2#130	y1_HG00673.2	HG00673#2#JAHBBY010000026.1	48471855	48471873
y1_HG00673.2#131	y1_HG00673.2	HG00673#2#JAHBBY010000030.1	3240497	3240842
y1_HG00673.2#132	y1_HG00673.2	HG00673#2#JAHBBY010000061.1	4491787	4492136
y1_HG00673.2#133	y1_HG00673.2	HG00673#2#JAHBBY010000163.1	2610680	2611395
y1_HG00673.2#134	y1_HG00673.2	HG00673#2#JAHBBY010000105.1	32340573	32340587
y1_HG00673.2#135	y1_HG00673.2	HG00673#2#JAHBBY010000019.1	403	130533
y1_HG00673.2#136	y1_HG00673.2	HG00673#2#JAHBBY010000102.1	157277	157360
y1_HG00673.2#137	y1_HG00673.2	HG00673#2#JAHBBY010000069.1	18028384	18147601
y1_HG00673.2#138	y1_HG00673.2	HG00673#2#JAHBBY010000122.1	1033461	1471948
y1_HG00673.2#139	y1_HG00673.2	HG00673#2#JAHBBY010000004.1	26897258	26897260
y1_HG00673.2#140	y1_HG00673.2	HG00673#2#JAHBBY010000076.1	4536428	4537534
y1_HG00673.2#141	y1_HG00673.2	HG00673#2#JAHBBY010000043.1	51695433	51695474
y1_HG00673.2#142	y1_HG00673.2	HG00673#2#JAHBBY010000017.1	4603949	4603951
y1_HG00673.2#143	y1_HG00673.2	HG00673#2#JAHBBY010000074.1	826116	1194495
y1_HG00673.2#144	y1_HG00673.2	HG00673#2#JAHBBY010000121.1	982491	984262
y1_HG00673.2#145	y1_HG00673.2	HG00673#2#JAHBBY010000109.1	15430610	15430986
y1_HG00673.2#146	y1_HG00673.2	HG00673#2#JAHBBY010000035.1	20944501	21320607
y1_HG00673.2#147	y1_HG00673.2	HG00673#2#JAHBBY010000048.1	35022984	35064596
y1_HG00673.2#148	y1_HG00673.2	HG00673#2#JAHBBY010000109.1	46159642	46749848
y1_HG00673.2#149	y1_HG00673.2	HG00673#2#JAHBBY010000091.1	22022188	22039799
y1_HG00673.2#150	y1_HG00673.2	HG00673#2#JAHBBY010000057.1	3057432	3059249
y1_HG00673.2#151	y1_HG00673.2	HG00673#2#JAHBBY010000018.1	19515091	19577333
y1_HG00673.2#152	y1_HG00673.2	HG00673#2#JAHBBY010000091.1	1623864	1646418
y1_HG00673.2#153	y1_HG00673.2	HG00673#2#JAHBBY010000130.1	4015831	4060650
y1_HG00673.2#154	y1_HG00673.2	HG00673#2#JAHBBY010000031.1	604451	607617
y1_HG00673.2#155	y1_HG00673.2	HG00673#2#JAHBBY010000041.1	23546721	23795976
y1_HG00673.2#156	y1_HG00673.2	HG00673#2#JAHBBY010000129.1	1068208	1068213
y1_HG00673.2#157	y1_HG00673.2	HG00673#2#JAHBBY010000071.1	7131602	7132956
y1_HG00673.2#158	y1_HG00673.2	HG00673#2#JAHBBY010000067.1	13684412	13739903
y1_HG00673.2#159	y1_HG00673.2	HG00673#2#JAHBBY010000059.1	12781018	12789073
y1_HG00673.2#160	y1_HG00673.2	HG00673#2#JAHBBY010000073.1	11732718	11734393
y1_HG00673.2#161	y1_HG00673.2	HG00673#2#JAHBBY010000037.1	1130663	1132033
y1_HG00673.2#162	y1_HG00673.2	HG00673#2#JAHBBY010000036.1	7598902	7870691
y1_HG00673.2#163	y1_HG00673.2	HG00673#2#JAHBBY010000018.1	15012254	15012258
y1_HG00673.2#164	y1_HG00673.2	HG00673#2#JAHBBY010000018.1	16452561	16452564
y1_HG00673.2#165	y1_HG00673.2	HG00673#2#JAHBBY010000017.1	38681755	38682265
y1_HG00673.2#166	y1_HG00673.2	HG00673#2#JAHBBY010000071.1	7794964	7843590
y1_HG00673.2#167	y1_HG00673.2	HG00673#2#JAHBBY010000084.1	35811889	36019328
y1_HG00673.2#168	y1_HG00673.2	HG00673#2#JAHBBY010000088.1	7121845	7122047
y1_HG00673.2#169	y1_HG00673.2	HG00673#2#JAHBBY010000032.1	3182042	3182079
y1_HG00673.2#170	y1_HG00673.2	HG00673#2#JAHBBY010000036.1	834598	834612
y1_HG00673.2#171	y1_HG00673.2	HG00673#2#JAHBBY010000109.1	14337815	14338162
y1_HG00673.2#172	y1_HG00673.2	HG00673#2#JAHBBY010000037.1	7477849	7478447
y1_HG00673.2#173	y1_HG00673.2	HG00673#2#JAHBBY010000004.1	29226595	29260063
y1_HG00673.2#174	y1_HG00673.2	HG00673#2#JAHBBY010000073.1	11562731	11562734
y1_HG00673.2#175	y1_HG00673.2	HG00673#2#JAHBBY010000071.1	15784914	15937817
y1_HG00673.2#176	y1_HG00673.2	HG00673#2#JAHBBY010000036.1	13077431	13126432
y1_HG00673.2#177	y1_HG00673.2	HG00673#2#JAHBBY010000105.1	36697423	36705846
y1_HG00673.2#178	y1_HG00673.2	HG00673#2#JAHBBY010000015.1	12525603	12526839
y1_HG00673.2#179	y1_HG00673.2	HG00673#2#JAHBBY010000090.1	2015643	2186900
y1_HG00673.2#180	y1_HG00673.2	HG00673#2#JAHBBY010000105.1	9489511	9489513
y1_HG00673.2#181	y1_HG00673.2	HG00673#2#JAHBBY010000152.1	9907111	9908082
y1_HG00673.2#182	y1_HG00673.2	HG00673#2#JAHBBY010000138.1	11688465	11713285
y1_HG00673.2#183	y1_HG00673.2	HG00673#2#JAHBBY010000082.1	1821193	1821284
y1_HG00673.2#184	y1_HG00673.2	HG00673#2#JAHBBY010000107.1	5392172	5426242
y1_HG00673.2#185	y1_HG00673.2	HG00673#2#JAHBBY010000036.1	13934296	13934301
y1_HG00673.2#186	y1_HG00673.2	HG00673#2#JAHBBY010000050.1	16113057	16113146
y1_HG00673.2#187	y1_HG00673.2	HG00673#2#JAHBBY010000051.1	3398633	3400332
y1_HG00673.2#188	y1_HG00673.2	HG00673#2#JAHBBY010000056.1	9752165	9752226
y1_HG00673.2#189	y1_HG00673.2	HG00673#2#JAHBBY010000132.1	401022	401283
y1_HG00673.2#190	y1_HG00673.2	HG00673#2#JAHBBY010000019.1	11299778	11299789
y1_HG00673.2#191	y1_HG00673.2	HG00673#2#JAHBBY010000068.1	9262150	9401474
y1_HG00673.2#192	y1_HG00673.2	HG00673#2#JAHBBY010000068.1	4017342	4410618
y1_HG00673.2#193	y1_HG00673.2	HG00673#2#JAHBBY010000060.1	450005	450012
y1_HG00673.2#194	y1_HG00673.2	HG00673#2#JAHBBY010000106.1	14740133	15113425
y1_HG00673.2#195	y1_HG00673.2	HG00673#2#JAHBBY010000001.1	6715762	6754556
y1_HG00673.2#196	y1_HG00673.2	HG00673#2#JAHBBY010000039.1	66065394	66065940
y1_HG00673.2#197	y1_HG00673.2	HG00673#2#JAHBBY010000029.1	47743786	47744451
y1_HG00673.2#198	y1_HG00673.2	HG00673#2#JAHBBY010000096.1	7526801	7527126
y1_HG00673.2#199	y1_HG00673.2	HG00673#2#JAHBBY010000001.1	21394563	21768829
y1_HG00673.2#200	y1_HG00673.2	HG00673#2#JAHBBY010000092.1	12078732	12091196
y1_HG00673.2#201	y1_HG00673.2	HG00673#2#JAHBBY010000076.1	10415209	10415238
y1_HG00673.2#202	y1_HG00673.2	HG00673#2#JAHBBY010000087.1	6351574	6383973
y1_HG00673.2#203	y1_HG00673.2	HG00673#2#JAHBBY010000009.1	9243574	9614972
y1_HG00673.2#204	y1_HG00673.2	HG00673#2#JAHBBY010000069.1	18050620	18050862
y1_HG00673.2#205	y1_HG00673.2	HG00673#2#JAHBBY010000093.1	6757124	6757718
y1_HG00673.2#206	y1_HG00673.2	HG00673#2#JAHBBY010000014.1	9313024	9313026
y1_HG00673.2#207	y1_HG00673.2	HG00673#2#JAHBBY010000001.1	25551442	25988907
y1_HG00673.2#208	y1_HG00673.2	HG00673#2#JAHBBY010000069.1	13151633	13151655
y1_HG00673.2#209	y1_HG00673.2	HG00673#2#JAHBBY010000041.1	19573790	19581291
y1_HG00673.2#210	y1_HG00673.2	HG00673#2#JAHBBY010000083.1	2398670	2455213
y1_HG00673.2#211	y1_HG00673.2	HG00673#2#JAHBBY010000026.1	35233173	35234413
y1_HG00673.2#212	y1_HG00673.2	HG00673#2#JAHBBY010000048.1	10376732	11298415
y1_HG00673.2#213	y1_HG00673.2	HG00673#2#JAHBBY010000029.1	30282249	30282251
y1_HG00673.2#214	y1_HG00673.2	HG00673#2#JAHBBY010000069.1	10740742	10740903
y1_HG00673.2#215	y1_HG00673.2	HG00673#2#JAHBBY010000084.1	30401259	30401341
y1_HG00673.2#216	y1_HG00673.2	HG00673#2#JAHBBY010000041.1	540578	540582
y1_HG00673.2#217	y1_HG00673.2	HG00673#2#JAHBBY010000032.1	1521419	1523748
y1_HG00673.2#218	y1_HG00673.2	HG00673#2#JAHBBY010000072.1	751203	754026
y1_HG00673.2#219	y1_HG00673.2	HG00673#2#JAHBBY010000030.1	9126000	9126589
y1_HG00673.2#220	y1_HG00673.2	HG00673#2#JAHBBY010000054.1	1447272	1459085
y1_HG00673.2#221	y1_HG00673.2	HG00673#2#JAHBBY010000109.1	6710924	6710926
y1_HG00673.2#222	y1_HG00673.2	HG00673#2#JAHBBY010000065.1	33143990	33145366
y1_HG00673.2#223	y1_HG00673.2	HG00673#2#JAHBBY010000084.1	13329083	13329752
y1_HG00673.2#224	y1_HG00673.2	HG00673#2#JAHBBY010000048.1	7950275	8140649
y1_HG00673.2#225	y1_HG00673.2	HG00673#2#JAHBBY010000086.1	1527135	1527142
y1_HG00673.2#226	y1_HG00673.2	HG00673#2#JAHBBY010000034.1	63324698	63324727
y1_HG00673.2#227	y1_HG00673.2	HG00673#2#JAHBBY010000104.1	3534619	4062866
y1_HG00673.2#228	y1_HG00673.2	HG00673#2#JAHBBY010000147.1	1938813	1938815
y1_HG00673.2#229	y1_HG00673.2	HG00673#2#JAHBBY010000166.1	278966	278994
y1_HG00673.2#230	y1_HG00673.2	HG00673#2#JAHBBY010000024.1	6032102	6033509
y1_HG00673.2#231	y1_HG00673.2	HG00673#2#JAHBBY010000039.1	27178586	27822579
y1_HG00673.2#232	y1_HG00673.2	HG00673#2#JAHBBY010000033.1	1544937	1547862
y1_HG00673.2#233	y1_HG00673.2	HG00673#2#JAHBBY010000046.1	24152332	24153169
y1_HG00673.2#234	y1_HG00673.2	HG00673#2#JAHBBY010000010.1	1081114	1098868
y1_HG00673.2#235	y1_HG00673.2	HG00673#2#JAHBBY010000048.1	2752675	2752708
y1_HG00673.2#236	y1_HG00673.2	HG00673#2#JAHBBY010000056.1	29498168	29498411
y1_HG00673.2#237	y1_HG00673.2	HG00673#2#JAHBBY010000180.1	1180606	1180738
y1_HG00673.2#238	y1_HG00673.2	HG00673#2#JAHBBY010000059.1	9316167	9317377
y1_HG00673.2#239	y1_HG00673.2	HG00673#2#JAHBBY010000120.1	13438204	13471604
y1_HG00673.2#240	y1_HG00673.2	HG00673#2#JAHBBY010000065.1	15805275	15805353
y1_HG00673.2#241	y1_HG00673.2	HG00673#2#JAHBBY010000071.1	1947216	1948349
y1_HG00673.2#242	y1_HG00673.2	HG00673#2#JAHBBY010000081.1	20244571	20244601
y1_HG00673.2#243	y1_HG00673.2	HG00673#2#JAHBBY010000044.1	15494727	16358014
y1_HG00673.2#244	y1_HG00673.2	HG00673#2#JAHBBY010000059.1	7909557	7909820
y1_HG00673.2#245	y1_HG00673.2	HG00673#2#JAHBBY010000093.1	16971909	16971916
y1_HG00673.2#246	y1_HG00673.2	HG00673#2#JAHBBY010000085.1	4163941	4274271
y1_HG00673.2#247	y1_HG00673.2	HG00673#2#JAHBBY010000066.1	14093574	14301978
y1_HG00673.2#248	y1_HG00673.2	HG00673#2#JAHBBY010000143.1	1950086	1950093
y1_HG00673.2#249	y1_HG00673.2	HG00673#2#JAHBBY010000041.1	43670784	43706696
y1_HG00673.2#250	y1_HG00673.2	HG00673#2#JAHBBY010000013.1	24743109	24781113
y1_HG00673.2#251	y1_HG00673.2	HG00673#2#JAHBBY010000112.1	2414062	2414948
y1_HG00673.2#252	y1_HG00673.2	HG00673#2#JAHBBY010000031.1	16570929	16696901
y1_HG00673.2#253	y1_HG00673.2	HG00673#2#JAHBBY010000008.1	3566370	3566402
y1_HG00673.2#254	y1_HG00673.2	HG00673#2#JAHBBY010000004.1	8023968	8027545
y1_HG00673.2#255	y1_HG00673.2	HG00673#2#JAHBBY010000083.1	10947869	10947874
y1_HG00673.2#256	y1_HG00673.2	HG00673#2#JAHBBY010000026.1	9698312	9700378
y1_HG00673.2#257	y1_HG00673.2	HG00673#2#JAHBBY010000010.1	7271868	7575151
y1_HG00673.2#258	y1_HG00673.2	HG00673#2#JAHBBY010000120.1	13194598	13195707
y1_HG00673.2#259	y1_HG00673.2	HG00673#2#JAHBBY010000079.1	15990735	15992357
y1_HG00673.2#260	y1_HG00673.2	HG00673#2#JAHBBY010000059.1	6504648	6533607
y1_HG00673.2#261	y1_HG00673.2	HG00673#2#JAHBBY010000062.1	7166310	7169064
y1_HG00673.2#262	y1_HG00673.2	HG00673#2#JAHBBY010000070.1	10374877	10420202
y1_HG00673.2#263	y1_HG00673.2	HG00673#2#JAHBBY010000041.1	41782854	41784397
y1_HG00673.2#264	y1_HG00673.2	HG00673#2#JAHBBY010000039.1	24151978	24151980
y1_HG00673.2#265	y1_HG00673.2	HG00673#2#JAHBBY010000066.1	11635483	11635491
y1_HG00673.2#266	y1_HG00673.2	HG00673#2#JAHBBY010000004.1	17592076	17592370
y1_HG00673.2#267	y1_HG00673.2	HG00673#2#JAHBBY010000012.1	20701434	20701441
y1_HG00673.2#268	y1_HG00673.2	HG00673#2#JAHBBY010000093.1	2559435	2694709
y1_HG00673.2#269	y1_HG00673.2	HG00673#2#JAHBBY010000067.1	1886799	1886852
y1_HG00673.2#270	y1_HG00673.2	HG00673#2#JAHBBY010000105.1	12787684	12846224
y1_HG00673.2#271	y1_HG00673.2	HG00673#2#JAHBBY010000052.1	8399241	8401140
y1_HG00673.2#272	y1_HG00673.2	HG00673#2#JAHBBY010000041.1	45756163	45756240
y1_HG00673.2#273	y1_HG00673.2	HG00673#2#JAHBBY010000109.1	9062354	9064547
y1_HG00673.2#274	y1_HG00673.2	HG00673#2#JAHBBY010000069.1	18842254	18842256
y1_HG00673.2#275	y1_HG00673.2	HG00673#2#JAHBBY010000056.1	29380859	29387448
y1_HG00673.2#276	y1_HG00673.2	HG00673#2#JAHBBY010000019.1	25766707	25767456
y1_HG00673.2#277	y1_HG00673.2	HG00673#2#JAHBBY010000091.1	37607917	38123222
y1_HG00673.2#278	y1_HG00673.2	HG00673#2#JAHBBY010000003.1	16097455	16097490
y1_HG00673.2#279	y1_HG00673.2	HG00673#2#JAHBBY010000062.1	15932501	15932510
y1_HG00673.2#280	y1_HG00673.2	HG00673#2#JAHBBY010000042.1	9058679	9099288
y1_HG00673.2#281	y1_HG00673.2	HG00673#2#JAHBBY010000127.1	9034336	9034748
y1_HG00673.2#282	y1_HG00673.2	HG00673#2#JAHBBY010000153.1	2661221	2694731
y1_HG00673.2#283	y1_HG00673.2	HG00673#2#JAHBBY010000061.1	5644054	5665565
y1_HG00673.2#284	y1_HG00673.2	HG00673#2#JAHBBY010000034.1	17659961	17683153
y1_HG00673.2#285	y1_HG00673.2	HG00673#2#JAHBBY010000023.1	24906736	25009218
y1_HG00673.2#286	y1_HG00673.2	HG00673#2#JAHBBY010000147.1	748401	748403
y1_HG00673.2#287	y1_HG00673.2	HG00673#2#JAHBBY010000012.1	25697823	25698890
y1_HG00673.2#288	y1_HG00673.2	HG00673#2#JAHBBY010000107.1	6001180	6006640
y1_HG00673.2#289	y1_HG00673.2	HG00673#2#JAHBBY010000041.1	18209007	18209024
y1_HG00673.2#290	y1_HG00673.2	HG00673#2#JAHBBY010000040.1	2391930	2458802
y1_HG00673.2#291	y1_HG00673.2	HG00673#2#JAHBBY010000059.1	34093068	34093073
y1_HG00673.2#292	y1_HG00673.2	HG00673#2#JAHBBY010000034.1	1669331	2107172
y1_HG00673.2#293	y1_HG00673.2	HG00673#2#JAHBBY010000061.1	3866680	4195026
y1_HG00673.2#294	y1_HG00673.2	HG00673#2#JAHBBY010000016.1	11694065	11694147
y1_HG00673.2#295	y1_HG00673.2	HG00673#2#JAHBBY010000122.1	5532945	5534790
y1_HG00673.2#296	y1_HG00673.2	HG00673#2#JAHBBY010000048.1	39236676	39236686
y1_HG00673.2#297	y1_HG00673.2	HG00673#2#JAHBBY010000059.1	14284625	14284730
y1_HG00673.2#298	y1_HG00673.2	HG00673#2#JAHBBY010000059.1	35357649	36306495
y1_HG00673.2#299	y1_HG00673.2	HG00673#2#JAHBBY010000050.1	11609282	11670590
y1_HG00673.2#300	y1_HG00673.2	HG00673#2#JAHBBY010000035.1	26665932	27514618
y1_HG00673.2#301	y1_HG00673.2	HG00673#2#JAHBBY010000062.1	18454382	18786671
y1_HG00673.2#302	y1_HG00673.2	HG00673#2#JAHBBY010000014.1	10800294	10800296
y1_HG00673.2#303	y1_HG00673.2	HG00673#2#JAHBBY010000044.1	19589671	19589673
y1_HG00673.2#304	y1_HG00673.2	HG00673#2#JAHBBY010000048.1	30502168	30514836
y1_HG00673.2#305	y1_HG00673.2	HG00673#2#JAHBBY010000044.1	29281997	29303354
y1_HG00673.2#306	y1_HG00673.2	HG00673#2#JAHBBY010000018.1	14135560	14135568
y1_HG00673.2#307	y1_HG00673.2	HG00673#2#JAHBBY010000106.1	15555142	15596696
y1_HG00673.2#308	y1_HG00673.2	HG00673#2#JAHBBY010000046.1	22757432	22757557
y1_HG00673.2#309	y1_HG00673.2	HG00673#2#JAHBBY010000123.1	6489126	6663594
y1_HG00673.2#310	y1_HG00673.2	HG00673#2#JAHBBY010000069.1	17323861	17327369
y1_HG00673.2#311	y1_HG00673.2	HG00673#2#JAHBBY010000059.1	5143201	5179728
y1_HG00673.2#312	y1_HG00673.2	HG00673#2#JAHBBY010000078.1	11918895	11956531
y1_HG00673.2#313	y1_HG00673.2	HG00673#2#JAHBBY010000036.1	629750	630694
y1_HG00673.2#314	y1_HG00673.2	HG00673#2#JAHBBY010000003.1	10430601	10430641
y1_HG00673.2#315	y1_HG00673.2	HG00673#2#JAHBBY010000041.1	26430504	26481346
y1_HG00673.2#316	y1_HG00673.2	HG00673#2#JAHBBY010000024.1	8588723	8590597
y1_HG00673.2#317	y1_HG00673.2	HG00673#2#JAHBBY010000128.1	5921839	5927102
y1_HG00673.2#318	y1_HG00673.2	HG00673#2#JAHBBY010000153.1	774908	778229
y1_HG00673.2#319	y1_HG00673.2	HG00673#2#JAHBBY010000091.1	31978496	32349601
y1_HG00673.2#320	y1_HG00673.2	HG00673#2#JAHBBY010000128.1	6272587	6370093
y1_HG00673.2#321	y1_HG00673.2	HG00673#2#JAHBBY010000014.1	19893783	20208507
y1_HG00673.2#322	y1_HG00673.2	HG00673#2#JAHBBY010000143.1	267154	267159
y1_HG00673.2#323	y1_HG00673.2	HG00673#2#JAHBBY010000044.1	23806473	23806482
y1_HG00673.2#324	y1_HG00673.2	HG00673#2#JAHBBY010000084.1	35557208	35560107
y1_HG00673.2#325	y1_HG00673.2	HG00673#2#JAHBBY010000061.1	2802231	2803113
y1_HG00673.2#326	y1_HG00673.2	HG00673#2#JAHBBY010000018.1	5761756	6621556
y1_HG00673.2#327	y1_HG00673.2	HG00673#2#JAHBBY010000014.1	9626717	9626720
y1_HG00673.2#328	y1_HG00673.2	HG00673#2#JAHBBY010000195.1	437530	467320
y1_HG00673.2#329	y1_HG00673.2	HG00673#2#JAHBBY010000051.1	447778	487644
y1_HG00673.2#330	y1_HG00673.2	HG00673#2#JAHBBY010000116.1	11129404	11134394
y1_HG00673.2#331	y1_HG00673.2	HG00673#2#JAHBBY010000062.1	7741934	7952033
y1_HG00673.2#332	y1_HG00673.2	HG00673#2#JAHBBY010000098.1	935705	935709
y1_HG00673.2#333	y1_HG00673.2	HG00673#2#JAHBBY010000017.1	29750962	29751488
y1_HG00673.2#334	y1_HG00673.2	HG00673#2#JAHBBY010000035.1	9559157	9560238
y1_HG00673.2#335	y1_HG00673.2	HG00673#2#JAHBBY010000019.1	28152115	28154974
y1_HG00673.2#336	y1_HG00673.2	HG00673#2#JAHBBY010000078.1	1221110	1221151
y1_HG00673.2#337	y1_HG00673.2	HG00673#2#JAHBBY010000041.1	10400505	10401052
y1_HG00673.2#338	y1_HG00673.2	HG00673#2#JAHBBY010000068.1	14515490	14515493
y1_HG00673.2#339	y1_HG00673.2	HG00673#2#JAHBBY010000004.1	19979725	19979731
y1_HG00673.2#340	y1_HG00673.2	HG00673#2#JAHBBY010000083.1	16748822	16749299
y1_HG00673.2#341	y1_HG00673.2	HG00673#2#JAHBBY010000124.1	4866450	5175141
y1_HG00673.2#342	y1_HG00673.2	HG00673#2#JAHBBY010000041.1	16313470	16313563
y1_HG00673.2#343	y1_HG00673.2	HG00673#2#JAHBBY010000019.1	15476903	15981771
y1_HG00673.2#344	y1_HG00673.2	HG00673#2#JAHBBY010000057.1	1337870	1337877
y1_HG00673.2#345	y1_HG00673.2	HG00673#2#JAHBBY010000106.1	9799252	9799263
y1_HG00673.2#346	y1_HG00673.2	HG00673#2#JAHBBY010000034.1	47257486	47257566
y1_HG00673.2#347	y1_HG00673.2	HG00673#2#JAHBBY010000055.1	6324115	6324121
y1_HG00673.2#348	y1_HG00673.2	HG00673#2#JAHBBY010000120.1	9748410	9796782
y1_HG00673.2#349	y1_HG00673.2	HG00673#2#JAHBBY010000026.1	17479366	17479427
y1_HG00673.2#350	y1_HG00673.2	HG00673#2#JAHBBY010000012.1	12548542	12548625
y1_HG00673.2#351	y1_HG00673.2	HG00673#2#JAHBBY010000078.1	1791874	1792010
y1_HG00673.2#352	y1_HG00673.2	HG00673#2#JAHBBY010000011.1	3525949	3547153
y1_HG00673.2#353	y1_HG00673.2	HG00673#2#JAHBBY010000046.1	23827414	23897745
y1_HG00673.2#354	y1_HG00673.2	HG00673#2#JAHBBY010000041.1	1832058	1833436
y1_HG00673.2#355	y1_HG00673.2	HG00673#2#JAHBBY010000202.1	124739	124747
y1_HG00673.2#356	y1_HG00673.2	HG00673#2#JAHBBY010000040.1	27124555	27124557
y1_HG00673.2#357	y1_HG00673.2	HG00673#2#JAHBBY010000046.1	6455330	6466127
y1_HG00673.2#358	y1_HG00673.2	HG00673#2#JAHBBY010000039.1	54654188	54654874
y1_HG00673.2#359	y1_HG00673.2	HG00673#2#JAHBBY010000007.1	6879105	7020191
y1_HG00673.2#360	y1_HG00673.2	HG00673#2#JAHBBY010000025.1	8549964	8550046
y1_HG00673.2#361	y1_HG00673.2	HG00673#2#JAHBBY010000109.1	41532630	41532683
y1_HG00673.2#362	y1_HG00673.2	HG00673#2#JAHBBY010000024.1	10900686	10900732
y1_HG00673.2#363	y1_HG00673.2	HG00673#2#JAHBBY010000079.1	9827577	9838257
y1_HG00673.2#364	y1_HG00673.2	HG00673#2#JAHBBY010000004.1	64559680	64982276
y1_HG00673.2#365	y1_HG00673.2	HG00673#2#JAHBBY010000054.1	18361306	18361310
y1_HG00673.2#366	y1_HG00673.2	HG00673#2#JAHBBY010000005.1	15008655	15028402
y1_HG00673.2#367	y1_HG00673.2	HG00673#2#JAHBBY010000152.1	7559382	7559408
y1_HG00673.2#368	y1_HG00673.2	HG00673#2#JAHBBY010000046.1	3719559	4191721
y1_HG00673.2#369	y1_HG00673.2	HG00673#2#JAHBBY010000080.1	4497193	4497208
y1_HG00673.2#370	y1_HG00673.2	HG00673#2#JAHBBY010000091.1	20973662	21406961
y1_HG00673.2#371	y1_HG00673.2	HG00673#2#JAHBBY010000094.1	29620693	29621885
y1_HG00673.2#372	y1_HG00673.2	HG00673#2#JAHBBY010000087.1	10988979	11097687
y1_HG00673.2#373	y1_HG00673.2	HG00673#2#JAHBBY010000098.1	14954726	14954731
y1_HG00673.2#374	y1_HG00673.2	HG00673#2#JAHBBY010000026.1	39900645	39900655
y1_HG00673.2#375	y1_HG00673.2	HG00673#2#JAHBBY010000162.1	2488871	2900282
y1_HG00673.2#376	y1_HG00673.2	HG00673#2#JAHBBY010000078.1	17893525	17894244
y1_HG00673.2#377	y1_HG00673.2	HG00673#2#JAHBBY010000012.1	17683056	18186280
y1_HG00673.2#378	y1_HG00673.2	HG00673#2#JAHBBY010000005.1	3034541	3035008
y1_HG00673.2#379	y1_HG00673.2	HG00673#2#JAHBBY010000041.1	14163822	15087577
y1_HG00673.2#380	y1_HG00673.2	HG00673#2#JAHBBY010000036.1	9349895	9350047
y1_HG00673.2#381	y1_HG00673.2	HG00673#2#JAHBBY010000061.1	23965267	23965356
y1_HG00673.2#382	y1_HG00673.2	HG00673#2#JAHBBY010000010.1	29010453	29010588
y1_HG00673.2#383	y1_HG00673.2	HG00673#2#JAHBBY010000035.1	34756484	34821288
y1_HG00673.2#384	y1_HG00673.2	HG00673#2#JAHBBY010000084.1	8208852	8404593
y1_HG00673.2#385	y1_HG00673.2	HG00673#2#JAHBBY010000045.1	16127812	16150022
y1_HG00673.2#386	y1_HG00673.2	HG00673#2#JAHBBY010000029.1	51552527	51560350
y1_HG00673.2#387	y1_HG00673.2	HG00673#2#JAHBBY010000004.1	53210610	53210645
y1_HG00673.2#388	y1_HG00673.2	HG00673#2#JAHBBY010000079.1	15862763	15930244
y1_HG00673.2#389	y1_HG00673.2	HG00673#2#JAHBBY010000091.1	39761471	39762526
y1_HG00673.2#390	y1_HG00673.2	HG00673#2#JAHBBY010000075.1	65090	68295
y1_HG00673.2#391	y1_HG00673.2	HG00673#2#JAHBBY010000016.1	8032079	8108196
y1_HG00673.2#392	y1_HG00673.2	HG00673#2#JAHBBY010000093.1	1628965	1629349
y1_HG00673.2#393	y1_HG00673.2	HG00673#2#JAHBBY010000056.1	22129716	22129750
y1_HG00673.2#394	y1_HG00673.2	HG00673#2#JAHBBY010000144.1	3676676	3952967
y1_HG00673.2#395	y1_HG00673.2	HG00673#2#JAHBBY010000036.1	36482534	36482663
y1_HG00673.2#396	y1_HG00673.2	HG00673#2#JAHBBY010000149.1	999850	1035634
y1_HG00673.2#397	y1_HG00673.2	HG00673#2#JAHBBY010000073.1	3748465	4238606
y1_HG00673.2#398	y1_HG00673.2	HG00673#2#JAHBBY010000186.1	1435639	1441063
y1_HG00673.2#399	y1_HG00673.2	HG00673#2#JAHBBY010000029.1	37927276	37983114
y1_HG00673.2#400	y1_HG00673.2	HG00673#2#JAHBBY010000085.1	7050003	7387634
y1_HG00673.2#401	y1_HG00673.2	HG00673#2#JAHBBY010000062.1	12669176	12684318
y1_HG00673.2#402	y1_HG00673.2	HG00673#2#JAHBBY010000167.1	3765783	4343873
y1_HG00673.2#403	y1_HG00673.2	HG00673#2#JAHBBY010000083.1	8070126	8093789
y1_HG00673.2#404	y1_HG00673.2	HG00673#2#JAHBBY010000029.1	48507706	48507775
y1_HG00673.2#405	y1_HG00673.2	HG00673#2#JAHBBY010000110.1	6177819	6177827
y1_HG00673.2#406	y1_HG00673.2	HG00673#2#JAHBBY010000086.1	3880979	3881796
y1_HG00673.2#407	y1_HG00673.2	HG00673#2#JAHBBY010000034.1	49110088	49110090
y1_HG00673.2#408	y1_HG00673.2	HG00673#2#JAHBBY010000088.1	3206967	3207148
y1_HG00673.2#409	y1_HG00673.2	HG00673#2#JAHBBY010000004.1	44621879	44873094
y1_HG00673.2#410	y1_HG00673.2	HG00673#2#JAHBBY010000122.1	3324290	3324488
y1_HG00673.2#411	y1_HG00673.2	HG00673#2#JAHBBY010000001.1	7304737	7305756
y1_HG00673.2#412	y1_HG00673.2	HG00673#2#JAHBBY010000037.1	12038263	12472738
y1_HG00673.2#413	y1_HG00673.2	HG00673#2#JAHBBY010000150.1	5714580	5718612
y1_HG00673.2#414	y1_HG00673.2	HG00673#2#JAHBBY010000001.1	12068591	12068593
y1_HG00673.2#415	y1_HG00673.2	HG00673#2#JAHBBY010000044.1	19678018	19686359
y1_HG00673.2#416	y1_HG00673.2	HG00673#2#JAHBBY010000114.1	10299695	10526381
y1_HG00673.2#417	y1_HG00673.2	HG00673#2#JAHBBY010000046.1	9016497	9059127
y1_HG00673.2#418	y1_HG00673.2	HG00673#2#JAHBBY010000019.1	11716268	11716286
y1_HG00673.2#419	y1_HG00673.2	HG00673#2#JAHBBY010000019.1	8069353	8069396
y1_HG00673.2#420	y1_HG00673.2	HG00673#2#JAHBBY010000044.1	26363536	26392458
y1_HG00673.2#421	y1_HG00673.2	HG00673#2#JAHBBY010000061.1	2153174	2157231
y1_HG00673.2#422	y1_HG00673.2	HG00673#2#JAHBBY010000025.1	45492721	45599897
y1_HG00673.2#423	y1_HG00673.2	HG00673#2#JAHBBY010000187.1	1506450	1506618
y1_HG00673.2#424	y1_HG00673.2	HG00673#2#JAHBBY010000084.1	30989429	30989435
y1_HG00673.2#425	y1_HG00673.2	HG00673#2#JAHBBY010000006.1	7668433	7668477
y1_HG00673.2#426	y1_HG00673.2	HG00673#2#JAHBBY010000048.1	27005025	28018968
y1_HG00673.2#427	y1_HG00673.2	HG00673#2#JAHBBY010000030.1	10766513	10766523
y1_HG00673.2#428	y1_HG00673.2	HG00673#2#JAHBBY010000033.1	2817090	2817100
y1_HG00673.2#429	y1_HG00673.2	HG00673#2#JAHBBY010000014.1	13947601	13948801
y1_HG00673.2#430	y1_HG00673.2	HG00673#2#JAHBBY010000017.1	41338662	41338990
y1_HG00673.2#431	y1_HG00673.2	HG00673#2#JAHBBY010000091.1	15988022	15988024
y1_HG00673.2#432	y1_HG00673.2	HG00673#2#JAHBBY010000048.1	43934526	44667556
y1_HG00673.2#433	y1_HG00673.2	HG00673#2#JAHBBY010000127.1	5356855	5357049
y1_HG00673.2#434	y1_HG00673.2	HG00673#2#JAHBBY010000034.1	49485912	49621112
y1_HG00673.2#435	y1_HG00673.2	HG00673#2#JAHBBY010000062.1	22054702	22080840
y1_HG00673.2#436	y1_HG00673.2	HG00673#2#JAHBBY010000019.1	4581077	4581485
y1_HG00673.2#437	y1_HG00673.2	HG00673#2#JAHBBY010000136.1	3002248	3003097
y1_HG00673.2#438	y1_HG00673.2	HG00673#2#JAHBBY010000029.1	12933846	12936914
y1_HG00673.2#439	y1_HG00673.2	HG00673#2#JAHBBY010000088.1	23600675	23600770
y1_HG00673.2#440	y1_HG00673.2	HG00673#2#JAHBBY010000078.1	7857960	7882203
y1_HG00673.2#441	y1_HG00673.2	HG00673#2#JAHBBY010000129.1	2647680	2648139
y1_HG00673.2#442	y1_HG00673.2	HG00673#2#JAHBBY010000035.1	32326929	32326938
y1_HG00673.2#443	y1_HG00673.2	HG00673#2#JAHBBY010000058.1	6647039	6647041
y1_HG00673.2#444	y1_HG00673.2	HG00673#2#JAHBBY010000074.1	6067565	6067670
y1_HG00673.2#445	y1_HG00673.2	HG00673#2#JAHBBY010000004.1	2154904	2155592
y1_HG00673.2#446	y1_HG00673.2	HG00673#2#JAHBBY010000098.1	17612838	17612843
y1_HG00673.2#447	y1_HG00673.2	HG00673#2#JAHBBY010000029.1	12328653	12328696
y1_HG00673.2#448	y1_HG00673.2	HG00673#2#JAHBBY010000033.1	4556905	4556909
y1_HG00673.2#449	y1_HG00673.2	HG00673#2#JAHBBY010000119.1	4602114	4602130
y1_HG00673.2#450	y1_HG00673.2	HG00673#2#JAHBBY010000066.1	12220195	12220209
y1_HG00673.2#451	y1_HG00673.2	HG00673#2#JAHBBY010000093.1	474264	926934
y1_HG00673.2#452	y1_HG00673.2	HG00673#2#JAHBBY010000085.1	6498353	6498459
y1_HG00673.2#453	y1_HG00673.2	HG00673#2#JAHBBY010000091.1	24214903	24214917
y1_HG00673.2#454	y1_HG00673.2	HG00673#2#JAHBBY010000105.1	39678368	39678524
y1_HG00673.2#455	y1_HG00673.2	HG00673#2#JAHBBY010000073.1	23891109	23891475
y1_HG00673.2#456	y1_HG00673.2	HG00673#2#JAHBBY010000012.1	31301053	31301661
y1_HG00673.2#457	y1_HG00673.2	HG00673#2#JAHBBY010000009.1	9994397	9994808
y1_HG00673.2#458	y1_HG00673.2	HG00673#2#JAHBBY010000018.1	5963082	5963087
y1_HG00673.2#459	y1_HG00673.2	HG00673#2#JAHBBY010000026.1	36125175	36309234
y1_HG00673.2#460	y1_HG00673.2	HG00673#2#JAHBBY010000023.1	16959533	16959652
y1_HG00673.2#461	y1_HG00673.2	HG00673#2#JAHBBY010000043.1	18759692	19271545
y1_HG00673.2#462	y1_HG00673.2	HG00673#2#JAHBBY010000029.1	2471095	2471252
y1_HG00673.2#463	y1_HG00673.2	HG00673#2#JAHBBY010000065.1	30589718	30589720
y1_HG00673.2#464	y1_HG00673.2	HG00673#2#JAHBBY010000013.1	22414973	22426134
y1_HG00673.2#465	y1_HG00673.2	HG00673#2#JAHBBY010000069.1	5914308	5914310
y1_HG00673.2#466	y1_HG00673.2	HG00673#2#JAHBBY010000029.1	42733158	42733809
y1_HG00673.2#467	y1_HG00673.2	HG00673#2#JAHBBY010000085.1	915463	1249322
y1_HG00673.2#468	y1_HG00673.2	HG00673#2#JAHBBY010000004.1	35223157	36068887
y1_HG00673.2#469	y1_HG00673.2	HG00673#2#JAHBBY010000092.1	11064292	11064317
y1_HG00673.2#470	y1_HG00673.2	HG00673#2#JAHBBY010000029.1	18293742	18295823
y1_HG00673.2#471	y1_HG00673.2	HG00673#2#JAHBBY010000047.1	1492653	1495416
y1_HG00673.2#472	y1_HG00673.2	HG00673#2#JAHBBY010000035.1	38635784	38635856
y1_HG00673.2#473	y1_HG00673.2	HG00673#2#JAHBBY010000046.1	3344156	3345135
y1_HG00673.2#474	y1_HG00673.2	HG00673#2#JAHBBY010000120.1	370294	370300
y1_HG00673.2#475	y1_HG00673.2	HG00673#2#JAHBBY010000125.1	8745995	8794737
y1_HG00673.2#476	y1_HG00673.2	HG00673#2#JAHBBY010000135.1	2167944	2168830
y1_HG00673.2#477	y1_HG00673.2	HG00673#2#JAHBBY010000045.1	18523508	18524843
y1_HG00673.2#478	y1_HG00673.2	HG00673#2#JAHBBY010000005.1	22904501	23549523
y1_HG00673.2#479	y1_HG00673.2	HG00673#2#JAHBBY010000024.1	15121984	15125177
y1_HG00673.2#480	y1_HG00673.2	HG00673#2#JAHBBY010000043.1	44858202	44858419
y1_HG00673.2#481	y1_HG00673.2	HG00673#2#JAHBBY010000094.1	28539186	28539195
y1_HG00673.2#482	y1_HG00673.2	HG00673#2#JAHBBY010000112.1	3381815	3388886
y1_HG00673.2#483	y1_HG00673.2	HG00673#2#JAHBBY010000131.1	975343	1516745
y1_HG00673.2#484	y1_HG00673.2	HG00673#2#JAHBBY010000010.1	9632332	9840385
y1_HG00673.2#485	y1_HG00673.2	HG00673#2#JAHBBY010000090.1	19963121	19963839
y1_HG00673.2#486	y1_HG00673.2	HG00673#2#JAHBBY010000084.1	24939286	24939372
y1_HG00673.2#487	y1_HG00673.2	HG00673#2#JAHBBY010000127.1	9200254	9200429
y1_HG00673.2#488	y1_HG00673.2	HG00673#2#JAHBBY010000155.1	3706035	3713837
y1_HG00673.2#489	y1_HG00673.2	HG00673#2#JAHBBY010000172.1	1888390	1892244
y1_HG00673.2#490	y1_HG00673.2	HG00673#2#JAHBBY010000026.1	51069466	51069543
y1_HG00673.2#491	y1_HG00673.2	HG00673#2#JAHBBY010000130.1	1862324	1862541
y1_HG00673.2#492	y1_HG00673.2	HG00673#2#JAHBBY010000011.1	9554646	9554755
y1_HG00673.2#493	y1_HG00673.2	HG00673#2#JAHBBY010000091.1	8126723	8126726
y1_HG00673.2#494	y1_HG00673.2	HG00673#2#JAHBBY010000059.1	16690396	16781040
y1_HG00673.2#495	y1_HG00673.2	HG00673#2#JAHBBY010000056.1	16601556	16601559
y1_HG00673.2#496	y1_HG00673.2	HG00673#2#JAHBBY010000017.1	21646024	21646034
y1_HG00673.2#497	y1_HG00673.2	HG00673#2#JAHBBY010000066.1	9930215	9930894
y1_HG00673.2#498	y1_HG00673.2	HG00673#2#JAHBBY010000048.1	41546666	41549874
y1_HG00673.2#499	y1_HG00673.2	HG00673#2#JAHBBY010000014.1	5129229	5215571
y1_HG00673.2#500	y1_HG00673.2	HG00673#2#JAHBBY010000096.1	23203065	23203217
y1_HG00673.2#501	y1_HG00673.2	HG00673#2#JAHBBY010000007.1	7031317	7031450
y1_HG00673.2#502	y1_HG00673.2	HG00673#2#JAHBBY010000069.1	1533639	1549665
y1_HG00673.2#503	y1_HG00673.2	HG00673#2#JAHBBY010000034.1	23606775	23606786
y1_HG00673.2#504	y1_HG00673.2	HG00673#2#JAHBBY010000050.1	13859389	13860247
y1_HG00673.2#505	y1_HG00673.2	HG00673#2#JAHBBY010000012.1	25710214	25711241
y1_HG00673.2#506	y1_HG00673.2	HG00673#2#JAHBBY010000044.1	13526097	13545436
y1_HG00673.2#507	y1_HG00673.2	HG00673#2#JAHBBY010000107.1	8483836	8483866
y1_HG00673.2#508	y1_HG00673.2	HG00673#2#JAHBBY010000040.1	31280283	31281330
y1_HG00673.2#509	y1_HG00673.2	HG00673#2#JAHBBY010000090.1	920999	921497
y1_HG00673.2#510	y1_HG00673.2	HG00673#2#JAHBBY010000043.1	46708023	46724569
y1_HG00673.2#511	y1_HG00673.2	HG00673#2#JAHBBY010000039.1	17037814	17040106
y1_HG00673.2#512	y1_HG00673.2	HG00673#2#JAHBBY010000004.1	47720199	47720286
y1_HG00673.2#513	y1_HG00673.2	HG00673#2#JAHBBY010000043.1	45290739	45290748
y1_HG00673.2#514	y1_HG00673.2	HG00673#2#JAHBBY010000023.1	24515763	24515780
y1_HG00673.2#515	y1_HG00673.2	HG00673#2#JAHBBY010000151.1	1603448	1609160
y1_HG00673.2#516	y1_HG00673.2	HG00673#2#JAHBBY010000043.1	41349828	41358110
y1_HG00673.2#517	y1_HG00673.2	HG00673#2#JAHBBY010000018.1	28634490	29416450
y1_HG00673.2#518	y1_HG00673.2	HG00673#2#JAHBBY010000034.1	44447434	45151884
y1_HG00673.2#519	y1_HG00673.2	HG00673#2#JAHBBY010000029.1	40825820	40825822
y1_HG00673.2#520	y1_HG00673.2	HG00673#2#JAHBBY010000033.1	15202709	15202711
y1_HG00673.2#521	y1_HG00673.2	HG00673#2#JAHBBY010000068.1	4647102	4655732
y1_HG00673.2#522	y1_HG00673.2	HG00673#2#JAHBBY010000056.1	18206363	18206365
y1_HG00673.2#523	y1_HG00673.2	HG00673#2#JAHBBY010000115.1	3343559	3343876
y1_HG00673.2#524	y1_HG00673.2	HG00673#2#JAHBBY010000012.1	25168127	25175467
y1_HG00673.2#525	y1_HG00673.2	HG00673#2#JAHBBY010000012.1	23969799	24268548
y1_HG00673.2#526	y1_HG00673.2	HG00673#2#JAHBBY010000013.1	27487361	27489610
y1_HG00673.2#527	y1_HG00673.2	HG00673#2#JAHBBY010000011.1	6909471	6911703
y1_HG00673.2#528	y1_HG00673.2	HG00673#2#JAHBBY010000024.1	11035229	11109313
y1_HG00673.2#529	y1_HG00673.2	HG00673#2#JAHBBY010000026.1	21477649	21477660
y1_HG00673.2#530	y1_HG00673.2	HG00673#2#JAHBBY010000072.1	8133786	8136182
y1_HG00673.2#531	y1_HG00673.2	HG00673#2#JAHBBY010000041.1	48143457	48197829
y1_HG00673.2#532	y1_HG00673.2	HG00673#2#JAHBBY010000024.1	2021809	2093484
y1_HG00673.2#533	y1_HG00673.2	HG00673#2#JAHBBY010000096.1	841551	841578
y1_HG00673.2#534	y1_HG00673.2	HG00673#2#JAHBBY010000056.1	23122556	23122563
y1_HG00673.2#535	y1_HG00673.2	HG00673#2#JAHBBY010000036.1	11606916	11835630
y1_HG00673.2#536	y1_HG00673.2	HG00673#2#JAHBBY010000124.1	6166891	6166894
y1_HG00673.2#537	y1_HG00673.2	HG00673#2#JAHBBY010000061.1	16372302	16673860
y1_HG00673.2#538	y1_HG00673.2	HG00673#2#JAHBBY010000026.1	11511345	12000786
y1_HG00673.2#539	y1_HG00673.2	HG00673#2#JAHBBY010000016.1	6634292	6634519
y1_HG00673.2#540	y1_HG00673.2	HG00673#2#JAHBBY010000052.1	3469135	3469187
y1_HG00673.2#541	y1_HG00673.2	HG00673#2#JAHBBY010000091.1	31122364	31135784
y1_HG00673.2#542	y1_HG00673.2	HG00673#2#JAHBBY010000031.1	2248883	2299126
y1_HG00673.2#543	y1_HG00673.2	HG00673#2#JAHBBY010000073.1	10259517	10259528
y1_HG00673.2#544	y1_HG00673.2	HG00673#2#JAHBBY010000039.1	49577712	49585587
y1_HG00673.2#545	y1_HG00673.2	HG00673#2#JAHBBY010000051.1	2058169	2058380
y1_HG00673.2#546	y1_HG00673.2	HG00673#2#JAHBBY010000068.1	1601950	2301136
y1_HG00673.2#547	y1_HG00673.2	HG00673#2#JAHBBY010000036.1	12255327	12260064
y1_HG00673.2#548	y1_HG00673.2	HG00673#2#JAHBBY010000081.1	28092887	28092893
y1_HG00673.2#549	y1_HG00673.2	HG00673#2#JAHBBY010000033.1	15742186	15754998
y1_HG00673.2#550	y1_HG00673.2	HG00673#2#JAHBBY010000056.1	4475232	4597981
y1_HG00673.2#551	y1_HG00673.2	HG00673#2#JAHBBY010000084.1	39567328	39567377
y1_HG00673.2#552	y1_HG00673.2	HG00673#2#JAHBBY010000062.1	11468913	11468917
y1_HG00673.2#553	y1_HG00673.2	HG00673#2#JAHBBY010000090.1	13342783	13343803
y1_HG00673.2#554	y1_HG00673.2	HG00673#2#JAHBBY010000054.1	690818	700687
y1_HG00673.2#555	y1_HG00673.2	HG00673#2#JAHBBY010000061.1	23979278	23979763
y1_HG00673.2#556	y1_HG00673.2	HG00673#2#JAHBBY010000039.1	42179269	42179273
y1_HG00673.2#557	y1_HG00673.2	HG00673#2#JAHBBY010000105.1	38395093	38425317
y1_HG00673.2#558	y1_HG00673.2	HG00673#2#JAHBBY010000054.1	7549402	8417279
y1_HG00673.2#559	y1_HG00673.2	HG00673#2#JAHBBY010000013.1	20470218	20470220
y1_HG00673.2#560	y1_HG00673.2	HG00673#2#JAHBBY010000085.1	7667184	7667188
y1_HG00673.2#561	y1_HG00673.2	HG00673#2#JAHBBY010000061.1	20083177	20806683
y1_HG00673.2#562	y1_HG00673.2	HG00673#2#JAHBBY010000029.1	4151846	4151909
y1_HG00673.2#563	y1_HG00673.2	HG00673#2#JAHBBY010000073.1	12248351	12248367
y1_HG00673.2#564	y1_HG00673.2	HG00673#2#JAHBBY010000069.1	20000655	20000657
y1_HG00673.2#565	y1_HG00673.2	HG00673#2#JAHBBY010000016.1	12741905	12741907
y1_HG00673.2#566	y1_HG00673.2	HG00673#2#JAHBBY010000064.1	3284447	3285498
y1_HG00673.2#567	y1_HG00673.2	HG00673#2#JAHBBY010000051.1	13638753	13639446
y1_HG00673.2#568	y1_HG00673.2	HG00673#2#JAHBBY010000091.1	30911418	30911685
y1_HG00673.2#569	y1_HG00673.2	HG00673#2#JAHBBY010000085.1	1798592	1810279
y1_HG00673.2#570	y1_HG00673.2	HG00673#2#JAHBBY010000010.1	28089765	28089910
y1_HG00673.2#571	y1_HG00673.2	HG00673#2#JAHBBY010000041.1	45544066	45544078
y1_HG00673.2#572	y1_HG00673.2	HG00673#2#JAHBBY010000062.1	3244504	3245628
y1_HG00673.2#573	y1_HG00673.2	HG00673#2#JAHBBY010000128.1	6524983	6525845
y1_HG00673.2#574	y1_HG00673.2	HG00673#2#JAHBBY010000059.1	23465393	23465398
y1_HG00673.2#575	y1_HG00673.2	HG00673#2#JAHBBY010000083.1	4736801	4746593
y1_HG00673.2#576	y1_HG00673.2	HG00673#2#JAHBBY010000077.1	874465	874468
y1_HG00673.2#577	y1_HG00673.2	HG00673#2#JAHBBY010000069.1	24234431	24234627
y1_HG00673.2#578	y1_HG00673.2	HG00673#2#JAHBBY010000089.1	2503975	2546273
y1_HG00673.2#579	y1_HG00673.2	HG00673#2#JAHBBY010000085.1	14522583	15438185
y1_HG00673.2#580	y1_HG00673.2	HG00673#2#JAHBBY010000010.1	28609747	28609751
y1_HG00673.2#581	y1_HG00673.2	HG00673#2#JAHBBY010000087.1	1701520	1701541
y1_HG00673.2#582	y1_HG00673.2	HG00673#2#JAHBBY010000093.1	17520347	17520349
y1_HG00673.2#583	y1_HG00673.2	HG00673#2#JAHBBY010000017.1	42689442	42766960
y1_HG00673.2#584	y1_HG00673.2	HG00673#2#JAHBBY010000109.1	36585903	36603527
y1_HG00673.2#585	y1_HG00673.2	HG00673#2#JAHBBY010000104.1	5882609	6428986
y1_HG00673.2#586	y1_HG00673.2	HG00673#2#JAHBBY010000105.1	23472211	23472216
y1_HG00673.2#587	y1_HG00673.2	HG00673#2#JAHBBY010000152.1	2331572	2350653
y1_HG00673.2#588	y1_HG00673.2	HG00673#2#JAHBBY010000076.1	383058	383068
y1_HG00673.2#589	y1_HG00673.2	HG00673#2#JAHBBY010000091.1	35622819	35623523
y1_HG00673.2#590	y1_HG00673.2	HG00673#2#JAHBBY010000109.1	8917799	8918148
y1_HG00673.2#591	y1_HG00673.2	HG00673#2#JAHBBY010000050.1	7566710	7566843
y1_HG00673.2#592	y1_HG00673.2	HG00673#2#JAHBBY010000080.1	8188426	8188428
y1_HG00673.2#593	y1_HG00673.2	HG00673#2#JAHBBY010000032.1	20725413	20726620
y1_HG00673.2#594	y1_HG00673.2	HG00673#2#JAHBBY010000052.1	5841183	5841187
y1_HG00673.2#595	y1_HG00673.2	HG00673#2#JAHBBY010000017.1	44111277	44111330
y1_HG00673.2#596	y1_HG00673.2	HG00673#2#JAHBBY010000039.1	35575326	35575401
y1_HG00673.2#597	y1_HG00673.2	HG00673#2#JAHBBY010000137.1	193147	194743
y1_HG00673.2#598	y1_HG00673.2	HG00673#2#JAHBBY010000041.1	12509650	12509804
y1_HG00673.2#599	y1_HG00673.2	HG00673#2#JAHBBY010000006.1	13421235	13852832
y1_HG00673.2#600	y1_HG00673.2	HG00673#2#JAHBBY010000109.1	22392401	22392403
y1_HG00673.2#601	y1_HG00673.2	HG00673#2#JAHBBY010000138.1	6590315	6590949
y1_HG00673.2#602	y1_HG00673.2	HG00673#2#JAHBBY010000035.1	27472582	27532215
y1_HG00673.2#603	y1_HG00673.2	HG00673#2#JAHBBY010000061.1	17372530	17372869
y1_HG00673.2#604	y1_HG00673.2	HG00673#2#JAHBBY010000101.1	8821635	8821694
y1_HG00673.2#605	y1_HG00673.2	HG00673#2#JAHBBY010000105.1	12869767	12870677
y1_HG00673.2#606	y1_HG00673.2	HG00673#2#JAHBBY010000029.1	36178785	36207994
y1_HG00673.2#607	y1_HG00673.2	HG00673#2#JAHBBY010000118.1	1848933	1858945
y1_HG00673.2#608	y1_HG00673.2	HG00673#2#JAHBBY010000174.1	1383194	1383200
y1_HG00673.2#609	y1_HG00673.2	HG00673#2#JAHBBY010000130.1	383388	409816
y1_HG00673.2#610	y1_HG00673.2	HG00673#2#JAHBBY010000019.1	9937563	10159941
y1_HG00673.2#611	y1_HG00673.2	HG00673#2#JAHBBY010000003.1	15711145	15711160
y1_HG00673.2#612	y1_HG00673.2	HG00673#2#JAHBBY010000084.1	12907547	12907549
y1_HG00673.2#613	y1_HG00673.2	HG00673#2#JAHBBY010000014.1	18911654	19200138
y1_HG00673.2#614	y1_HG00673.2	HG00673#2#JAHBBY010000076.1	11967188	12143337
y1_HG00673.2#615	y1_HG00673.2	HG00673#2#JAHBBY010000025.1	41471840	41471847
y1_HG00673.2#616	y1_HG00673.2	HG00673#2#JAHBBY010000048.1	40029008	40029017
y1_HG00673.2#617	y1_HG00673.2	HG00673#2#JAHBBY010000105.1	22243109	22251092
y1_HG00673.2#618	y1_HG00673.2	HG00673#2#JAHBBY010000025.1	15664965	15782009
y1_HG00673.2#619	y1_HG00673.2	HG00673#2#JAHBBY010000101.1	15535155	15631696
y1_HG00673.2#620	y1_HG00673.2	HG00673#2#JAHBBY010000027.1	1735144	1735501
y1_HG00673.2#621	y1_HG00673.2	HG00673#2#JAHBBY010000033.1	33183112	33206706
y1_HG00673.2#622	y1_HG00673.2	HG00673#2#JAHBBY010000004.1	21362204	21363572
y1_HG00673.2#623	y1_HG00673.2	HG00673#2#JAHBBY010000017.1	23743523	23752444
y1_HG00673.2#624	y1_HG00673.2	HG00673#2#JAHBBY010000058.1	414228	414245
y1_HG00673.2#625	y1_HG00673.2	HG00673#2#JAHBBY010000021.1	4055423	4055426
y1_HG00673.2#626	y1_HG00673.2	HG00673#2#JAHBBY010000104.1	17902304	17902320
y1_HG00673.2#627	y1_HG00673.2	HG00673#2#JAHBBY010000029.1	38323980	38404468
y1_HG00673.2#628	y1_HG00673.2	HG00673#2#JAHBBY010000073.1	23234986	23235287
y1_HG00673.2#629	y1_HG00673.2	HG00673#2#JAHBBY010000200.1	334770	345296
y1_HG00673.2#630	y1_HG00673.2	HG00673#2#JAHBBY010000090.1	12279155	12283996
y1_HG00673.2#631	y1_HG00673.2	HG00673#2#JAHBBY010000133.1	3465414	3465419
y1_HG00673.2#632	y1_HG00673.2	HG00673#2#JAHBBY010000186.1	2241782	2241786
y1_HG00673.2#633	y1_HG00673.2	HG00673#2#JAHBBY010000015.1	13697211	13697221
y1_HG00673.2#634	y1_HG00673.2	HG00673#2#JAHBBY010000106.1	11169533	11169547
y1_HG00673.2#635	y1_HG00673.2	HG00673#2#JAHBBY010000006.1	9556216	9556579
y1_HG00673.2#636	y1_HG00673.2	HG00673#2#JAHBBY010000141.1	382634	382641
y1_HG00673.2#637	y1_HG00673.2	HG00673#2#JAHBBY010000038.1	704197	714047
y1_HG00673.2#638	y1_HG00673.2	HG00673#2#JAHBBY010000082.1	388708	388717
y1_HG00673.2#639	y1_HG00673.2	HG00673#2#JAHBBY010000084.1	41581718	41582157
y1_HG00673.2#640	y1_HG00673.2	HG00673#2#JAHBBY010000138.1	1043109	1045582
y1_HG00673.2#641	y1_HG00673.2	HG00673#2#JAHBBY010000025.1	10503336	10505936
y1_HG00673.2#642	y1_HG00673.2	HG00673#2#JAHBBY010000145.1	962064	962070
y1_HG00673.2#643	y1_HG00673.2	HG00673#2#JAHBBY010000109.1	42768446	42889459
y1_HG00673.2#644	y1_HG00673.2	HG00673#2#JAHBBY010000013.1	39788273	39792990
y1_HG00673.2#645	y1_HG00673.2	HG00673#2#JAHBBY010000064.1	5030213	5039533
y1_HG00673.2#646	y1_HG00673.2	HG00673#2#JAHBBY010000055.1	7886203	7892187
y1_HG00673.2#647	y1_HG00673.2	HG00673#2#JAHBBY010000023.1	10813003	10813334
y1_HG00673.2#648	y1_HG00673.2	HG00673#2#JAHBBY010000042.1	4137014	4148270
y1_HG00673.2#649	y1_HG00673.2	HG00673#2#JAHBBY010000017.1	28152072	28152074
y1_HG00673.2#650	y1_HG00673.2	HG00673#2#JAHBBY010000120.1	12845059	12848733
y1_HG00673.2#651	y1_HG00673.2	HG00673#2#JAHBBY010000023.1	18349332	18349476
y1_HG00673.2#652	y1_HG00673.2	HG00673#2#JAHBBY010000026.1	35772919	35772928
y1_HG00673.2#653	y1_HG00673.2	HG00673#2#JAHBBY010000093.1	5186735	5543271
y1_HG00673.2#654	y1_HG00673.2	HG00673#2#JAHBBY010000035.1	19519265	19560093
y1_HG00673.2#655	y1_HG00673.2	HG00673#2#JAHBBY010000045.1	14150602	14150624
y1_HG00673.2#656	y1_HG00673.2	HG00673#2#JAHBBY010000043.1	18199661	18208658
y1_HG00673.2#657	y1_HG00673.2	HG00673#2#JAHBBY010000105.1	50692564	50693690
y1_HG00673.2#658	y1_HG00673.2	HG00673#2#JAHBBY010000129.1	3674256	3732110
y1_HG00673.2#659	y1_HG00673.2	HG00673#2#JAHBBY010000090.1	6880444	6903726
y1_HG00673.2#660	y1_HG00673.2	HG00673#2#JAHBBY010000036.1	5624100	5624105
y1_HG00673.2#661	y1_HG00673.2	HG00673#2#JAHBBY010000042.1	2195516	2347401
y1_HG00673.2#662	y1_HG00673.2	HG00673#2#JAHBBY010000043.1	11791040	11796351
y1_HG00673.2#663	y1_HG00673.2	HG00673#2#JAHBBY010000098.1	2506523	2509295
y1_HG00673.2#664	y1_HG00673.2	HG00673#2#JAHBBY010000041.1	30907706	31267444
y1_HG00673.2#665	y1_HG00673.2	HG00673#2#JAHBBY010000063.1	8850215	8855101
y1_HG00673.2#666	y1_HG00673.2	HG00673#2#JAHBBY010000001.1	14538315	14538336
y1_HG00673.2#667	y1_HG00673.2	HG00673#2#JAHBBY010000020.1	8892119	8973655
y1_HG00673.2#668	y1_HG00673.2	HG00673#2#JAHBBY010000092.1	16893583	16959795
y1_HG00673.2#669	y1_HG00673.2	HG00673#2#JAHBBY010000014.1	28522560	28522583
y1_HG00673.2#670	y1_HG00673.2	HG00673#2#JAHBBY010000068.1	11103216	11103230
y1_HG00673.2#671	y1_HG00673.2	HG00673#2#JAHBBY010000004.1	55559852	55560559
y1_HG00673.2#672	y1_HG00673.2	HG00673#2#JAHBBY010000116.1	6654804	6655051
y1_HG00673.2#673	y1_HG00673.2	HG00673#2#JAHBBY010000125.1	13133642	13139670
y1_HG00673.2#674	y1_HG00673.2	HG00673#2#JAHBBY010000089.1	756237	756240
y1_HG00673.2#675	y1_HG00673.2	HG00673#2#JAHBBY010000051.1	7755737	7755739
y1_HG00673.2#676	y1_HG00673.2	HG00673#2#JAHBBY010000017.1	1421324	1423532
y1_HG00673.2#677	y1_HG00673.2	HG00673#2#JAHBBY010000043.1	31873286	32010076
y1_HG00673.2#678	y1_HG00673.2	HG00673#2#JAHBBY010000092.1	2638533	2638571
y1_HG00673.2#679	y1_HG00673.2	HG00673#2#JAHBBY010000056.1	23843050	24381222
y1_HG00673.2#680	y1_HG00673.2	HG00673#2#JAHBBY010000113.1	219800	219802
y1_HG00673.2#681	y1_HG00673.2	HG00673#2#JAHBBY010000054.1	8731295	8731491
y1_HG00673.2#682	y1_HG00673.2	HG00673#2#JAHBBY010000048.1	2435217	2435240
y1_HG00673.2#683	y1_HG00673.2	HG00673#2#JAHBBY010000104.1	9916798	9916806
y1_HG00673.2#684	y1_HG00673.2	HG00673#2#JAHBBY010000084.1	40536801	40563311
y1_HG00673.2#685	y1_HG00673.2	HG00673#2#JAHBBY010000039.1	50767237	51438736
y1_HG00673.2#686	y1_HG00673.2	HG00673#2#JAHBBY010000123.1	4507101	4508909
y1_HG00673.2#687	y1_HG00673.2	HG00673#2#JAHBBY010000078.1	15480939	15481013
y1_HG00673.2#688	y1_HG00673.2	HG00673#2#JAHBBY010000053.1	2513713	2515193
y1_HG00673.2#689	y1_HG00673.2	HG00673#2#JAHBBY010000084.1	32310749	32335303
y1_HG00673.2#690	y1_HG00673.2	HG00673#2#JAHBBY010000062.1	4645223	4645443
y1_HG00673.2#691	y1_HG00673.2	HG00673#2#JAHBBY010000030.1	4976153	4976341
y1_HG00673.2#692	y1_HG00673.2	HG00673#2#JAHBBY010000048.1	53784865	53788369
y1_HG00673.2#693	y1_HG00673.2	HG00673#2#JAHBBY010000109.1	45825810	46265555
y1_HG00673.2#694	y1_HG00673.2	HG00673#2#JAHBBY010000085.1	11039624	11107809
y1_HG00673.2#695	y1_HG00673.2	HG00673#2#JAHBBY010000187.1	1031580	1032334
y1_HG00673.2#696	y1_HG00673.2	HG00673#2#JAHBBY010000013.1	21020700	21030833
y1_HG00673.2#697	y1_HG00673.2	HG00673#2#JAHBBY010000084.1	32038146	32038902
y1_HG00673.2#698	y1_HG00673.2	HG00673#2#JAHBBY010000080.1	6274499	6275960
y1_HG00673.2#699	y1_HG00673.2	HG00673#2#JAHBBY010000025.1	30451390	30451392
y1_HG00673.2#700	y1_HG00673.2	HG00673#2#JAHBBY010000054.1	1223248	1223266
y1_HG00673.2#701	y1_HG00673.2	HG00673#2#JAHBBY010000034.1	3543108	4227714
y1_HG00673.2#702	y1_HG00673.2	HG00673#2#JAHBBY010000065.1	14402281	14403189
y1_HG00673.2#703	y1_HG00673.2	HG00673#2#JAHBBY010000144.1	10421033	10626248
y1_HG00673.2#704	y1_HG00673.2	HG00673#2#JAHBBY010000012.1	35341673	35342180
y1_HG00673.2#705	y1_HG00673.2	HG00673#2#JAHBBY010000029.1	18981992	18981995
y1_HG00673.2#706	y1_HG00673.2	HG00673#2#JAHBBY010000105.1	42504787	42520174
y1_HG00673.2#707	y1_HG00673.2	HG00673#2#JAHBBY010000105.1	27518459	27571994
y1_HG00673.2#708	y1_HG00673.2	HG00673#2#JAHBBY010000085.1	6993307	7001034
y1_HG00673.2#709	y1_HG00673.2	HG00673#2#JAHBBY010000033.1	9944321	9944373
y1_HG00673.2#710	y1_HG00673.2	HG00673#2#JAHBBY010000181.1	1204354	1204416
y1_HG00673.2#711	y1_HG00673.2	HG00673#2#JAHBBY010000080.1	1538122	1538401
y1_HG00673.2#712	y1_HG00673.2	HG00673#2#JAHBBY010000034.1	51785466	51785621
y1_HG00673.2#713	y1_HG00673.2	HG00673#2#JAHBBY010000050.1	17070661	17083003
y1_HG00673.2#714	y1_HG00673.2	HG00673#2#JAHBBY010000005.1	25135414	25135474
y1_HG00673.2#715	y1_HG00673.2	HG00673#2#JAHBBY010000048.1	13659561	13661817
y1_HG00673.2#716	y1_HG00673.2	HG00673#2#JAHBBY010000059.1	27568179	27568181
y1_HG00673.2#717	y1_HG00673.2	HG00673#2#JAHBBY010000174.1	6944014	6944018
y1_HG00673.2#718	y1_HG00673.2	HG00673#2#JAHBBY010000010.1	26384241	26384348
y1_HG00673.2#719	y1_HG00673.2	HG00673#2#JAHBBY010000088.1	28720695	28720704
y1_HG00673.2#720	y1_HG00673.2	HG00673#2#JAHBBY010000070.1	14303123	14313241
y1_HG00673.2#721	y1_HG00673.2	HG00673#2#JAHBBY010000116.1	7837793	7847836
y1_HG00673.2#722	y1_HG00673.2	HG00673#2#JAHBBY010000135.1	5038290	5038485
y1_HG00673.2#723	y1_HG00673.2	HG00673#2#JAHBBY010000081.1	12603225	12606004
y1_HG00673.2#724	y1_HG00673.2	HG00673#2#JAHBBY010000088.1	29997534	30004210
y1_HG00673.2#725	y1_HG00673.2	HG00673#2#JAHBBY010000081.1	12965181	12968229
y1_HG00673.2#726	y1_HG00673.2	HG00673#2#JAHBBY010000101.1	8163006	8163048
y1_HG00673.2#727	y1_HG00673.2	HG00673#2#JAHBBY010000010.1	11750642	11752064
y1_HG00673.2#728	y1_HG00673.2	HG00673#2#JAHBBY010000027.1	8379091	8379143
y1_HG00673.2#729	y1_HG00673.2	HG00673#2#JAHBBY010000243.1	0	344449
y1_HG00673.2#730	y1_HG00673.2	HG00673#2#JAHBBY010000043.1	49898309	49904321
y1_HG00673.2#731	y1_HG00673.2	HG00673#2#JAHBBY010000030.1	7880770	7881049
y1_HG00673.2#732	y1_HG00673.2	HG00673#2#JAHBBY010000040.1	4679890	4693763
y1_HG00673.2#733	y1_HG00673.2	HG00673#2#JAHBBY010000078.1	23186723	23188967
y1_HG00673.2#734	y1_HG00673.2	HG00673#2#JAHBBY010000125.1	1417428	1420015
y1_HG00673.2#735	y1_HG00673.2	HG00673#2#JAHBBY010000059.1	27784290	27784298
y1_HG00673.2#736	y1_HG00673.2	HG00673#2#JAHBBY010000098.1	22194401	22194408
y1_HG00673.2#737	y1_HG00673.2	HG00673#2#JAHBBY010000030.1	7243555	7243599
y1_HG00673.2#738	y1_HG00673.2	HG00673#2#JAHBBY010000062.1	26596543	26644414
y1_HG00673.2#739	y1_HG00673.2	HG00673#2#JAHBBY010000025.1	6969960	6972730
y1_HG00673.2#740	y1_HG00673.2	HG00673#2#JAHBBY010000014.1	4977924	4981460
y1_HG00673.2#741	y1_HG00673.2	HG00673#2#JAHBBY010000036.1	33183938	33184115
y1_HG00673.2#742	y1_HG00673.2	HG00673#2#JAHBBY010000029.1	17256039	17411312
y1_HG00673.2#743	y1_HG00673.2	HG00673#2#JAHBBY010000114.1	2890852	2897005
y1_HG00673.2#744	y1_HG00673.2	HG00673#2#JAHBBY010000005.1	10531500	10712115
y1_HG00673.2#745	y1_HG00673.2	HG00673#2#JAHBBY010000135.1	3170423	3170494
y1_HG00673.2#746	y1_HG00673.2	HG00673#2#JAHBBY010000197.1	49294	49297
y1_HG00673.2#747	y1_HG00673.2	HG00673#2#JAHBBY010000071.1	14969697	14969750
y1_HG00673.2#748	y1_HG00673.2	HG00673#2#JAHBBY010000018.1	30861065	30861081
y1_HG00673.2#749	y1_HG00673.2	HG00673#2#JAHBBY010000008.1	760534	863090
y1_HG00673.2#750	y1_HG00673.2	HG00673#2#JAHBBY010000076.1	2126820	2128869
y1_HG00673.2#751	y1_HG00673.2	HG00673#2#JAHBBY010000021.1	16359344	16360601
y1_HG00673.2#752	y1_HG00673.2	HG00673#2#JAHBBY010000084.1	11875732	11885512
y1_HG00673.2#753	y1_HG00673.2	HG00673#2#JAHBBY010000016.1	12358724	12400383
y1_HG00673.2#754	y1_HG00673.2	HG00673#2#JAHBBY010000098.1	11973126	11988410
y1_HG00673.2#755	y1_HG00673.2	HG00673#2#JAHBBY010000017.1	2419700	2419709
y1_HG00673.2#756	y1_HG00673.2	HG00673#2#JAHBBY010000039.1	67793336	67867828
y1_HG00673.2#757	y1_HG00673.2	HG00673#2#JAHBBY010000109.1	4359569	4359571
y1_HG00673.2#758	y1_HG00673.2	HG00673#2#JAHBBY010000150.1	2617809	2618605
y1_HG00673.2#759	y1_HG00673.2	HG00673#2#JAHBBY010000034.1	11356067	11356075
y1_HG00673.2#760	y1_HG00673.2	HG00673#2#JAHBBY010000072.1	5369946	5371472
y1_HG00673.2#761	y1_HG00673.2	HG00673#2#JAHBBY010000004.1	16533868	16538010
y1_HG00673.2#762	y1_HG00673.2	HG00673#2#JAHBBY010000004.1	39708683	39709546
y1_HG00673.2#763	y1_HG00673.2	HG00673#2#JAHBBY010000017.1	36212417	36212469
y1_HG00673.2#764	y1_HG00673.2	HG00673#2#JAHBBY010000036.1	20980242	20980288
y1_HG00673.2#765	y1_HG00673.2	HG00673#2#JAHBBY010000037.1	2261821	2262586
y1_HG00673.2#766	y1_HG00673.2	HG00673#2#JAHBBY010000114.1	3230878	3231257
y1_HG00673.2#767	y1_HG00673.2	HG00673#2#JAHBBY010000021.1	13731035	13731713
y1_HG00673.2#768	y1_HG00673.2	HG00673#2#JAHBBY010000012.1	30142539	30833397
y1_HG00673.2#769	y1_HG00673.2	HG00673#2#JAHBBY010000035.1	14417292	15180400
y1_HG00673.2#770	y1_HG00673.2	HG00673#2#JAHBBY010000019.1	10403862	10421077
y1_HG00673.2#771	y1_HG00673.2	HG00673#2#JAHBBY010000171.1	1554136	1558972
y1_HG00673.2#772	y1_HG00673.2	HG00673#2#JAHBBY010000001.1	4582779	5187793
y1_HG00673.2#773	y1_HG00673.2	HG00673#2#JAHBBY010000041.1	21816000	21879946
y1_HG00673.2#774	y1_HG00673.2	HG00673#2#JAHBBY010000087.1	4469384	4469394
y1_HG00673.2#775	y1_HG00673.2	HG00673#2#JAHBBY010000035.1	488067	490621
y1_HG00673.2#776	y1_HG00673.2	HG00673#2#JAHBBY010000116.1	12492936	12643929
y1_HG00673.2#777	y1_HG00673.2	HG00673#2#JAHBBY010000019.1	39963836	40007157
y1_HG00673.2#778	y1_HG00673.2	HG00673#2#JAHBBY010000079.1	9759909	9952422
y1_HG00673.2#779	y1_HG00673.2	HG00673#2#JAHBBY010000031.1	21188368	21189913
y1_HG00673.2#780	y1_HG00673.2	HG00673#2#JAHBBY010000073.1	654603	661774
y1_HG00673.2#781	y1_HG00673.2	HG00673#2#JAHBBY010000014.1	9602769	9602970
y1_HG00673.2#782	y1_HG00673.2	HG00673#2#JAHBBY010000004.1	16694428	16694767
y1_HG00673.2#783	y1_HG00673.2	HG00673#2#JAHBBY010000096.1	1650275	1651686
y1_HG00673.2#784	y1_HG00673.2	HG00673#2#JAHBBY010000026.1	7851708	7851812
y1_HG00673.2#785	y1_HG00673.2	HG00673#2#JAHBBY010000104.1	8224153	8228030
y1_HG00673.2#786	y1_HG00673.2	HG00673#2#JAHBBY010000036.1	20977903	22013018
y1_HG00673.2#787	y1_HG00673.2	HG00673#2#JAHBBY010000091.1	325094	325204
y1_HG00673.2#788	y1_HG00673.2	HG00673#2#JAHBBY010000059.1	9281657	9567271
y1_HG00673.2#789	y1_HG00673.2	HG00673#2#JAHBBY010000017.1	28296022	28296034
y1_HG00673.2#790	y1_HG00673.2	HG00673#2#JAHBBY010000104.1	341413	377484
y1_HG00673.2#791	y1_HG00673.2	HG00673#2#JAHBBY010000098.1	24266161	24290333
y1_HG00673.2#792	y1_HG00673.2	HG00673#2#JAHBBY010000185.1	602730	602741
y1_HG00673.2#793	y1_HG00673.2	HG00673#2#JAHBBY010000017.1	55139040	55139511
y1_HG00673.2#794	y1_HG00673.2	HG00673#2#JAHBBY010000054.1	13746895	13747048
y1_HG00673.2#795	y1_HG00673.2	HG00673#2#JAHBBY010000105.1	54781009	54812755
y1_HG00673.2#796	y1_HG00673.2	HG00673#2#JAHBBY010000061.1	19262207	19279479
y1_HG00673.2#797	y1_HG00673.2	HG00673#2#JAHBBY010000157.1	1344460	1345138
y1_HG00673.2#798	y1_HG00673.2	HG00673#2#JAHBBY010000157.1	398652	398860
y1_HG00673.2#799	y1_HG00673.2	HG00673#2#JAHBBY010000017.1	58628453	59452050
y1_HG00673.2#800	y1_HG00673.2	HG00673#2#JAHBBY010000029.1	17771611	17780706
y1_HG00673.2#801	y1_HG00673.2	HG00673#2#JAHBBY010000065.1	28400984	28400986
y1_HG00673.2#802	y1_HG00673.2	HG00673#2#JAHBBY010000091.1	22435974	22435976
y1_HG00673.2#803	y1_HG00673.2	HG00673#2#JAHBBY010000028.1	14204243	14204281
y1_HG00673.2#804	y1_HG00673.2	HG00673#2#JAHBBY010000109.1	24636740	24636742
y1_HG00673.2#805	y1_HG00673.2	HG00673#2#JAHBBY010000010.1	2820388	2820771
y1_HG00673.2#806	y1_HG00673.2	HG00673#2#JAHBBY010000085.1	3395629	3398593
y1_HG00673.2#807	y1_HG00673.2	HG00673#2#JAHBBY010000031.1	16245151	16245162
y1_HG00673.2#808	y1_HG00673.2	HG00673#2#JAHBBY010000009.1	26177909	26180933
y1_HG00673.2#809	y1_HG00673.2	HG00673#2#JAHBBY010000048.1	22627969	22628885
y1_HG00673.2#810	y1_HG00673.2	HG00673#2#JAHBBY010000101.1	12698249	12766944
y1_HG00673.2#811	y1_HG00673.2	HG00673#2#JAHBBY010000015.1	24650619	24650646
y1_HG00673.2#812	y1_HG00673.2	HG00673#2#JAHBBY010000109.1	14628343	14628821
y1_HG00673.2#813	y1_HG00673.2	HG00673#2#JAHBBY010000096.1	14778028	15181539
y1_HG00673.2#814	y1_HG00673.2	HG00673#2#JAHBBY010000039.1	36823276	36823282
y1_HG00673.2#815	y1_HG00673.2	HG00673#2#JAHBBY010000017.1	56169674	57187390
y1_HG00673.2#816	y1_HG00673.2	HG00673#2#JAHBBY010000091.1	23630736	23677213
y1_HG00673.2#817	y1_HG00673.2	HG00673#2#JAHBBY010000064.1	4783736	4783738
y1_HG00673.2#818	y1_HG00673.2	HG00673#2#JAHBBY010000048.1	13543101	13543108
y1_HG00673.2#819	y1_HG00673.2	HG00673#2#JAHBBY010000017.1	21986994	21987146
y1_HG00673.2#820	y1_HG00673.2	HG00673#2#JAHBBY010000025.1	12791735	12791754
y1_HG00673.2#821	y1_HG00673.2	HG00673#2#JAHBBY010000032.1	15937835	15938022
y1_HG00673.2#822	y1_HG00673.2	HG00673#2#JAHBBY010000094.1	5251611	5253168
y1_HG00673.2#823	y1_HG00673.2	HG00673#2#JAHBBY010000101.1	7390478	7390511
y1_HG00673.2#824	y1_HG00673.2	HG00673#2#JAHBBY010000165.1	1780453	2602144
y1_HG00673.2#825	y1_HG00673.2	HG00673#2#JAHBBY010000073.1	27682313	27682760
y1_HG00673.2#826	y1_HG00673.2	HG00673#2#JAHBBY010000075.1	6237760	6322305
y1_HG00673.2#827	y1_HG00673.2	HG00673#2#JAHBBY010000043.1	14041495	14041499
y1_HG00673.2#828	y1_HG00673.2	HG00673#2#JAHBBY010000004.1	2711897	2715950
y1_HG00673.2#829	y1_HG00673.2	HG00673#2#JAHBBY010000043.1	45907944	45907949
y1_HG00673.2#830	y1_HG00673.2	HG00673#2#JAHBBY010000127.1	12193916	12193918
y1_HG00673.2#831	y1_HG00673.2	HG00673#2#JAHBBY010000005.1	17189356	17217958
y1_HG00673.2#832	y1_HG00673.2	HG00673#2#JAHBBY010000034.1	12290284	12970159
y1_HG00673.2#833	y1_HG00673.2	HG00673#2#JAHBBY010000059.1	23325662	23325664
y1_HG00673.2#834	y1_HG00673.2	HG00673#2#JAHBBY010000051.1	2690684	2690742
y1_HG00673.2#835	y1_HG00673.2	HG00673#2#JAHBBY010000014.1	12652364	12693865
y1_HG00673.2#836	y1_HG00673.2	HG00673#2#JAHBBY010000048.1	27954950	27955133
y1_HG00673.2#837	y1_HG00673.2	HG00673#2#JAHBBY010000072.1	12871496	12874341
y1_HG00673.2#838	y1_HG00673.2	HG00673#2#JAHBBY010000059.1	29807581	29807728
y1_HG00673.2#839	y1_HG00673.2	HG00673#2#JAHBBY010000098.1	24852635	24853083
y1_HG00673.2#840	y1_HG00673.2	HG00673#2#JAHBBY010000127.1	10925001	10925398
y1_HG00673.2#841	y1_HG00673.2	HG00673#2#JAHBBY010000040.1	31399007	31566924
y1_HG00673.2#842	y1_HG00673.2	HG00673#2#JAHBBY010000105.1	41271710	41271715
y1_HG00673.2#843	y1_HG00673.2	HG00673#2#JAHBBY010000084.1	14490542	14509011
y1_HG00673.2#844	y1_HG00673.2	HG00673#2#JAHBBY010000004.1	52206760	52207145
y1_HG00673.2#845	y1_HG00673.2	HG00673#2#JAHBBY010000060.1	1228771	1442743
y1_HG00673.2#846	y1_HG00673.2	HG00673#2#JAHBBY010000048.1	11892543	11906641
y1_HG00673.2#847	y1_HG00673.2	HG00673#2#JAHBBY010000093.1	1051574	1051576
y1_HG00673.2#848	y1_HG00673.2	HG00673#2#JAHBBY010000094.1	23520471	23521667
y1_HG00673.2#849	y1_HG00673.2	HG00673#2#JAHBBY010000172.1	4646282	4646689
y1_HG00673.2#850	y1_HG00673.2	HG00673#2#JAHBBY010000006.1	21222866	21228016
y1_HG00673.2#851	y1_HG00673.2	HG00673#2#JAHBBY010000105.1	47876412	47893302
y1_HG00673.2#852	y1_HG00673.2	HG00673#2#JAHBBY010000044.1	12593396	12593401
y1_HG00673.2#853	y1_HG00673.2	HG00673#2#JAHBBY010000040.1	14374759	14374769
y1_HG00673.2#854	y1_HG00673.2	HG00673#2#JAHBBY010000039.1	49794	49801
y1_HG00673.2#855	y1_HG00673.2	HG00673#2#JAHBBY010000029.1	4857210	4857304
y1_HG00673.2#856	y1_HG00673.2	HG00673#2#JAHBBY010000091.1	14986114	15039234
y1_HG00673.2#857	y1_HG00673.2	HG00673#2#JAHBBY010000166.1	3095500	3134006
y1_HG00673.2#858	y1_HG00673.2	HG00673#2#JAHBBY010000136.1	5249732	5277603
y1_HG00673.2#859	y1_HG00673.2	HG00673#2#JAHBBY010000018.1	4895390	4970495
y1_HG00673.2#860	y1_HG00673.2	HG00673#2#JAHBBY010000059.1	31357887	31358125
y1_HG00673.2#861	y1_HG00673.2	HG00673#2#JAHBBY010000059.1	2598249	3400583
y1_HG00673.2#862	y1_HG00673.2	HG00673#2#JAHBBY010000067.1	8966699	9068622
y1_HG00673.2#863	y1_HG00673.2	HG00673#2#JAHBBY010000051.1	13496437	13496588
y1_HG00673.2#864	y1_HG00673.2	HG00673#2#JAHBBY010000063.1	808476	814360
y1_HG00673.2#865	y1_HG00673.2	HG00673#2#JAHBBY010000084.1	13810372	13810376
y1_HG00673.2#866	y1_HG00673.2	HG00673#2#JAHBBY010000048.1	16541692	16542073
y1_HG00673.2#867	y1_HG00673.2	HG00673#2#JAHBBY010000100.1	6877278	6877291
y1_HG00673.2#868	y1_HG00673.2	HG00673#2#JAHBBY010000110.1	1124543	1124912
y1_HG00673.2#869	y1_HG00673.2	HG00673#2#JAHBBY010000040.1	32426075	32524258
y1_HG00673.2#870	y1_HG00673.2	HG00673#2#JAHBBY010000014.1	26000161	26000167
y1_HG00673.2#871	y1_HG00673.2	HG00673#2#JAHBBY010000018.1	6068120	6380650
y1_HG00673.2#872	y1_HG00673.2	HG00673#2#JAHBBY010000070.1	9294526	9294821
y1_HG00673.2#873	y1_HG00673.2	HG00673#2#JAHBBY010000056.1	9193306	9197385
y1_HG00673.2#874	y1_HG00673.2	HG00673#2#JAHBBY010000135.1	2421819	2438334
y1_HG00673.2#875	y1_HG00673.2	HG00673#2#JAHBBY010000040.1	10861990	11051873
y1_HG00673.2#876	y1_HG00673.2	HG00673#2#JAHBBY010000017.1	41861516	41862778
y1_HG00673.2#877	y1_HG00673.2	HG00673#2#JAHBBY010000062.1	11451005	11451024
y1_HG00673.2#878	y1_HG00673.2	HG00673#2#JAHBBY010000053.1	1127850	1129949
y1_HG00673.2#879	y1_HG00673.2	HG00673#2#JAHBBY010000029.1	27780721	27780763
y1_HG00673.2#880	y1_HG00673.2	HG00673#2#JAHBBY010000081.1	32408201	32410940
y1_HG00673.2#881	y1_HG00673.2	HG00673#2#JAHBBY010000034.1	2472743	2501905
y1_HG00673.2#882	y1_HG00673.2	HG00673#2#JAHBBY010000067.1	8150777	8525342
y1_HG00673.2#883	y1_HG00673.2	HG00673#2#JAHBBY010000125.1	7908045	7908047
y1_HG00673.2#884	y1_HG00673.2	HG00673#2#JAHBBY010000072.1	12061339	12069667
y1_HG00673.2#885	y1_HG00673.2	HG00673#2#JAHBBY010000123.1	865129	980643
y1_HG00673.2#886	y1_HG00673.2	HG00673#2#JAHBBY010000021.1	1384388	1384395
y1_HG00673.2#887	y1_HG00673.2	HG00673#2#JAHBBY010000109.1	35548714	35548718
y1_HG00673.2#888	y1_HG00673.2	HG00673#2#JAHBBY010000084.1	5558370	5558407
y1_HG00673.2#889	y1_HG00673.2	HG00673#2#JAHBBY010000043.1	36778725	36780557
y1_HG00673.2#890	y1_HG00673.2	HG00673#2#JAHBBY010000072.1	13152515	13163985
y1_HG00673.2#891	y1_HG00673.2	HG00673#2#JAHBBY010000054.1	6796085	6902855
y1_HG00673.2#892	y1_HG00673.2	HG00673#2#JAHBBY010000048.1	28235876	28237401
y1_HG00673.2#893	y1_HG00673.2	HG00673#2#JAHBBY010000017.1	15874423	15895684
y1_HG00673.2#894	y1_HG00673.2	HG00673#2#JAHBBY010000076.1	12992317	12992361
y1_HG00673.2#895	y1_HG00673.2	HG00673#2#JAHBBY010000010.1	39765578	40284673
y1_HG00673.2#896	y1_HG00673.2	HG00673#2#JAHBBY010000039.1	69632985	69634077
y1_HG00673.2#897	y1_HG00673.2	HG00673#2#JAHBBY010000043.1	19555171	19555175
y1_HG00673.2#898	y1_HG00673.2	HG00673#2#JAHBBY010000034.1	20655575	20816901
y1_HG00673.2#899	y1_HG00673.2	HG00673#2#JAHBBY010000029.1	18562537	19021690
y1_HG00673.2#900	y1_HG00673.2	HG00673#2#JAHBBY010000006.1	22864929	22865467
y1_HG00673.2#901	y1_HG00673.2	HG00673#2#JAHBBY010000004.1	74937764	74937785
y1_HG00673.2#902	y1_HG00673.2	HG00673#2#JAHBBY010000109.1	34123656	34123691
y1_HG00673.2#903	y1_HG00673.2	HG00673#2#JAHBBY010000039.1	33788627	33869724
y1_HG00673.2#904	y1_HG00673.2	HG00673#2#JAHBBY010000004.1	67856168	67858006
y1_HG00673.2#905	y1_HG00673.2	HG00673#2#JAHBBY010000169.1	59660	59856
y1_HG00673.2#906	y1_HG00673.2	HG00673#2#JAHBBY010000188.1	2627179	2627335
y1_HG00673.2#907	y1_HG00673.2	HG00673#2#JAHBBY010000116.1	9616949	9696020
y1_HG00673.2#908	y1_HG00673.2	HG00673#2#JAHBBY010000018.1	144890	290088
y1_HG00673.2#909	y1_HG00673.2	HG00673#2#JAHBBY010000101.1	17617648	18052770
y1_HG00673.2#910	y1_HG00673.2	HG00673#2#JAHBBY010000088.1	17757630	17898909
y1_HG00673.2#911	y1_HG00673.2	HG00673#2#JAHBBY010000017.1	24181000	24181020
y1_HG00673.2#912	y1_HG00673.2	HG00673#2#JAHBBY010000043.1	43545879	43548090
y1_HG00673.2#913	y1_HG00673.2	HG00673#2#JAHBBY010000048.1	31883630	32183043
y1_HG00673.2#914	y1_HG00673.2	HG00673#2#JAHBBY010000113.1	7204326	7204329
y1_HG00673.2#915	y1_HG00673.2	HG00673#2#JAHBBY010000127.1	7809443	7809451
y1_HG00673.2#916	y1_HG00673.2	HG00673#2#JAHBBY010000017.1	14985731	14986033
y1_HG00673.2#917	y1_HG00673.2	HG00673#2#JAHBBY010000039.1	26606225	26626105
y1_HG00673.2#918	y1_HG00673.2	HG00673#2#JAHBBY010000006.1	19638967	20050176
y1_HG00673.2#919	y1_HG00673.2	HG00673#2#JAHBBY010000033.1	17003822	17498140
y1_HG00673.2#920	y1_HG00673.2	HG00673#2#JAHBBY010000090.1	16255391	16256635
y1_HG00673.2#921	y1_HG00673.2	HG00673#2#JAHBBY010000105.1	10649278	10649280
y1_HG00673.2#922	y1_HG00673.2	HG00673#2#JAHBBY010000005.1	16086945	16089312
y1_HG00673.2#923	y1_HG00673.2	HG00673#2#JAHBBY010000076.1	5458064	5458076
y1_HG00673.2#924	y1_HG00673.2	HG00673#2#JAHBBY010000043.1	36839529	36839531
y1_HG00673.2#925	y1_HG00673.2	HG00673#2#JAHBBY010000092.1	7844821	8393778
y1_HG00673.2#926	y1_HG00673.2	HG00673#2#JAHBBY010000004.1	8449879	8469846
y1_HG00673.2#927	y1_HG00673.2	HG00673#2#JAHBBY010000036.1	6733151	6773593
y1_HG00673.2#928	y1_HG00673.2	HG00673#2#JAHBBY010000071.1	8198122	8440187
y1_HG00673.2#929	y1_HG00673.2	HG00673#2#JAHBBY010000023.1	22997565	22997567
y1_HG00673.2#930	y1_HG00673.2	HG00673#2#JAHBBY010000024.1	8214861	8840576
y1_HG00673.2#931	y1_HG00673.2	HG00673#2#JAHBBY010000144.1	11207525	11207527
y1_HG00673.2#932	y1_HG00673.2	HG00673#2#JAHBBY010000003.1	10466888	10537121
y1_HG00673.2#933	y1_HG00673.2	HG00673#2#JAHBBY010000078.1	19490920	19529990
y1_HG00673.2#934	y1_HG00673.2	HG00673#2#JAHBBY010000004.1	61946251	61946291
y1_HG00673.2#935	y1_HG00673.2	HG00673#2#JAHBBY010000004.1	25543902	25543904
y1_HG00673.2#936	y1_HG00673.2	HG00673#2#JAHBBY010000046.1	15526736	15528617
y1_HG00673.2#937	y1_HG00673.2	HG00673#2#JAHBBY010000122.1	3410456	3410485
y1_HG00673.2#938	y1_HG00673.2	HG00673#2#JAHBBY010000100.1	2656014	3566638
y1_HG00673.2#939	y1_HG00673.2	HG00673#2#JAHBBY010000046.1	9391351	9394757
y1_HG00673.2#940	y1_HG00673.2	HG00673#2#JAHBBY010000033.1	24026110	24026176
y1_HG00673.2#941	y1_HG00673.2	HG00673#2#JAHBBY010000110.1	8681154	8829340
y1_HG00673.2#942	y1_HG00673.2	HG00673#2#JAHBBY010000081.1	16014908	16018043
y1_HG00673.2#943	y1_HG00673.2	HG00673#2#JAHBBY010000035.1	33146523	33157959
y1_HG00673.2#944	y1_HG00673.2	HG00673#2#JAHBBY010000048.1	16223130	16223191
y1_HG00673.2#945	y1_HG00673.2	HG00673#2#JAHBBY010000026.1	8924895	8925935
y1_HG00673.2#946	y1_HG00673.2	HG00673#2#JAHBBY010000034.1	25978440	25978815
y1_HG00673.2#947	y1_HG00673.2	HG00673#2#JAHBBY010000071.1	13695111	14095423
y1_HG00673.2#948	y1_HG00673.2	HG00673#2#JAHBBY010000012.1	18957447	18957471
y1_HG00673.2#949	y1_HG00673.2	HG00673#2#JAHBBY010000032.1	5421089	5421101
y1_HG00673.2#950	y1_HG00673.2	HG00673#2#JAHBBY010000062.1	14570282	14570409
y1_HG00673.2#951	y1_HG00673.2	HG00673#2#JAHBBY010000152.1	11221522	11221709
y1_HG00673.2#952	y1_HG00673.2	HG00673#2#JAHBBY010000037.1	10765765	11003218
y1_HG00673.2#953	y1_HG00673.2	HG00673#2#JAHBBY010000167.1	4985635	4985821
y1_HG00673.2#954	y1_HG00673.2	HG00673#2#JAHBBY010000011.1	2808462	2808621
y1_HG00673.2#955	y1_HG00673.2	HG00673#2#JAHBBY010000004.1	6484656	6504130
y1_HG00673.2#956	y1_HG00673.2	HG00673#2#JAHBBY010000088.1	6537557	6539015
y1_HG00673.2#957	y1_HG00673.2	HG00673#2#JAHBBY010000039.1	62319595	62319597
y1_HG00673.2#958	y1_HG00673.2	HG00673#2#JAHBBY010000087.1	9529354	10484843
y1_HG00673.2#959	y1_HG00673.2	HG00673#2#JAHBBY010000023.1	9400178	9558078
y1_HG00673.2#960	y1_HG00673.2	HG00673#2#JAHBBY010000117.1	5199726	5227737
y1_HG00673.2#961	y1_HG00673.2	HG00673#2#JAHBBY010000046.1	12613231	12752606
y1_HG00673.2#962	y1_HG00673.2	HG00673#2#JAHBBY010000041.1	20650965	20658961
y1_HG00673.2#963	y1_HG00673.2	HG00673#2#JAHBBY010000073.1	1038820	1038973
y1_HG00673.2#964	y1_HG00673.2	HG00673#2#JAHBBY010000033.1	14298026	14349288
y1_HG00673.2#965	y1_HG00673.2	HG00673#2#JAHBBY010000011.1	3562729	3562734
y1_HG00673.2#966	y1_HG00673.2	HG00673#2#JAHBBY010000061.1	984338	985335
y1_HG00673.2#967	y1_HG00673.2	HG00673#2#JAHBBY010000037.1	4336330	4581507
y1_HG00673.2#968	y1_HG00673.2	HG00673#2#JAHBBY010000085.1	13780868	13782930
y1_HG00673.2#969	y1_HG00673.2	HG00673#2#JAHBBY010000027.1	8902618	8902739
y1_HG00673.2#970	y1_HG00673.2	HG00673#2#JAHBBY010000025.1	5527185	5527202
y1_HG00673.2#971	y1_HG00673.2	HG00673#2#JAHBBY010000034.1	35294053	35296412
y1_HG00673.2#972	y1_HG00673.2	HG00673#2#JAHBBY010000034.1	41003471	41137906
y1_HG00673.2#973	y1_HG00673.2	HG00673#2#JAHBBY010000142.1	1321761	1321765
y1_HG00673.2#974	y1_HG00673.2	HG00673#2#JAHBBY010000031.1	9310140	9310235
y1_HG00673.2#975	y1_HG00673.2	HG00673#2#JAHBBY010000060.1	1001482	1001773
y1_HG00673.2#976	y1_HG00673.2	HG00673#2#JAHBBY010000004.1	826168	912134
y1_HG00673.2#977	y1_HG00673.2	HG00673#2#JAHBBY010000043.1	41566317	41567387
y1_HG00673.2#978	y1_HG00673.2	HG00673#2#JAHBBY010000124.1	6731874	6732873
y1_HG00673.2#979	y1_HG00673.2	HG00673#2#JAHBBY010000069.1	18759489	18966967
y1_HG00673.2#980	y1_HG00673.2	HG00673#2#JAHBBY010000146.1	42156	42749
y1_HG00673.2#981	y1_HG00673.2	HG00673#2#JAHBBY010000093.1	3499529	3499531
y1_HG00673.2#982	y1_HG00673.2	HG00673#2#JAHBBY010000149.1	2091629	2091633
y1_HG00673.2#983	y1_HG00673.2	HG00673#2#JAHBBY010000029.1	44508427	44508926
y1_HG00673.2#984	y1_HG00673.2	HG00673#2#JAHBBY010000105.1	31344348	31378636
y1_HG00673.2#985	y1_HG00673.2	HG00673#2#JAHBBY010000098.1	18396978	18398401
y1_HG00673.2#986	y1_HG00673.2	HG00673#2#JAHBBY010000029.1	14326080	14327671
y1_HG00673.2#987	y1_HG00673.2	HG00673#2#JAHBBY010000054.1	15156382	15156406
y1_HG00673.2#988	y1_HG00673.2	HG00673#2#JAHBBY010000202.1	59472	59476
y1_HG00673.2#989	y1_HG00673.2	HG00673#2#JAHBBY010000105.1	36257888	36258033
y1_HG00673.2#990	y1_HG00673.2	HG00673#2#JAHBBY010000083.1	11051987	11052034
y1_HG00673.2#991	y1_HG00673.2	HG00673#2#JAHBBY010000104.1	8305020	8305163
y1_HG00673.2#992	y1_HG00673.2	HG00673#2#JAHBBY010000084.1	38348430	38348465
y1_HG00673.2#993	y1_HG00673.2	HG00673#2#JAHBBY010000035.1	34379876	34392465
y1_HG00673.2#994	y1_HG00673.2	HG00673#2#JAHBBY010000013.1	37409633	37409637
y1_HG00673.2#995	y1_HG00673.2	HG00673#2#JAHBBY010000105.1	33848145	33848218
y1_HG00673.2#996	y1_HG00673.2	HG00673#2#JAHBBY010000150.1	3285614	3342596
y1_HG00673.2#997	y1_HG00673.2	HG00673#2#JAHBBY010000114.1	5110263	5118904
y1_HG00673.2#998	y1_HG00673.2	HG00673#2#JAHBBY010000044.1	6537365	6537367
y1_HG00673.2#999	y1_HG00673.2	HG00673#2#JAHBBY010000044.1	5952656	6393208
y1_HG00735.1#0	y1_HG00735.1	HG00735#1#JAHBCH010000011.1	64556049	64556065
y1_HG00735.1#1	y1_HG00735.1	HG00735#1#JAHBCH010000001.1	2704698	2791126
y1_HG00735.1#2	y1_HG00735.1	HG00735#1#JAHBCH010000002.1	70487276	70491984
y1_HG00735.1#3	y1_HG00735.1	HG00735#1#JAHBCH010000033.1	52693165	52914190
y1_HG00735.1#4	y1_HG00735.1	HG00735#1#JAHBCH010000014.1	66794792	66851617
y1_HG00735.1#5	y1_HG00735.1	HG00735#1#JAHBCH010000104.1	487224	622954
y1_HG00735.1#6	y1_HG00735.1	HG00735#1#JAHBCH010000014.1	8240387	8242487
y1_HG00735.1#7	y1_HG00735.1	HG00735#1#JAHBCH010000081.1	5893625	5893668
y1_HG00735.1#8	y1_HG00735.1	HG00735#1#JAHBCH010000092.1	1132614	1530711
y1_HG00735.1#9	y1_HG00735.1	HG00735#1#JAHBCH010000066.1	787183	787409
y1_HG00735.1#10	y1_HG00735.1	HG00735#1#JAHBCH010000003.1	120474570	120488367
y1_HG00735.1#11	y1_HG00735.1	HG00735#1#JAHBCH010000001.1	28535036	28536762
y1_HG00735.1#12	y1_HG00735.1	HG00735#1#JAHBCH010000008.1	14958077	15174433
y1_HG00735.1#13	y1_HG00735.1	HG00735#1#JAHBCH010000040.1	4651796	4651799
y1_HG00735.1#14	y1_HG00735.1	HG00735#1#JAHBCH010000011.1	59183247	59184877
y1_HG00735.1#15	y1_HG00735.1	HG00735#1#JAHBCH010000055.1	13684330	13883601
y1_HG00735.1#16	y1_HG00735.1	HG00735#1#JAHBCH010000037.1	37675513	37675515
y1_HG00735.1#17	y1_HG00735.1	HG00735#1#JAHBCH010000010.1	47766699	47769900
y1_HG00735.1#18	y1_HG00735.1	HG00735#1#JAHBCH010000014.1	96079822	96080016
y1_HG00735.1#19	y1_HG00735.1	HG00735#1#JAHBCH010000006.1	2164843	2164847
y1_HG00735.1#20	y1_HG00735.1	HG00735#1#JAHBCH010000002.1	47294684	47294894
y1_HG00735.1#21	y1_HG00735.1	HG00735#1#JAHBCH010000014.1	93971198	93971506
y1_HG00735.1#22	y1_HG00735.1	HG00735#1#JAHBCH010000036.1	1497580	1498219
y1_HG00735.1#23	y1_HG00735.1	HG00735#1#JAHBCH010000020.1	80966311	80966329
y1_HG00735.1#24	y1_HG00735.1	HG00735#1#JAHBCH010000007.1	84185657	84185687
y1_HG00735.1#25	y1_HG00735.1	HG00735#1#JAHBCH010000129.1	3308895	3309359
y1_HG00735.1#26	y1_HG00735.1	HG00735#1#JAHBCH010000016.1	8210730	8295633
y1_HG00735.1#27	y1_HG00735.1	HG00735#1#JAHBCH010000058.1	28104639	28104653
y1_HG00735.1#28	y1_HG00735.1	HG00735#1#JAHBCH010000086.1	440884	1249897
y1_HG00735.1#29	y1_HG00735.1	HG00735#1#JAHBCH010000033.1	16707619	16711900
y1_HG00735.1#30	y1_HG00735.1	HG00735#1#JAHBCH010000031.1	37342178	37410312
y1_HG00735.1#31	y1_HG00735.1	HG00735#1#JAHBCH010000005.1	15134932	15553413
y1_HG00735.1#32	y1_HG00735.1	HG00735#1#JAHBCH010000032.1	54519468	54742339
y1_HG00735.1#33	y1_HG00735.1	HG00735#1#JAHBCH010000025.1	2298988	2307421
y1_HG00735.1#34	y1_HG00735.1	HG00735#1#JAHBCH010000004.1	25116559	25119515
y1_HG00735.1#35	y1_HG00735.1	HG00735#1#JAHBCH010000002.1	67123345	67123358
y1_HG00735.1#36	y1_HG00735.1	HG00735#1#JAHBCH010000010.1	21913036	21913098
y1_HG00735.1#37	y1_HG00735.1	HG00735#1#JAHBCH010000005.1	19910790	20097802
y1_HG00735.1#38	y1_HG00735.1	HG00735#1#JAHBCH010000069.1	3953163	4290304
y1_HG00735.1#39	y1_HG00735.1	HG00735#1#JAHBCH010000055.1	20943808	21695856
y1_HG00735.1#40	y1_HG00735.1	HG00735#1#JAHBCH010000031.1	21678875	21683274
y1_HG00735.1#41	y1_HG00735.1	HG00735#1#JAHBCH010000057.1	15756069	16611283
y1_HG00735.1#42	y1_HG00735.1	HG00735#1#JAHBCH010000003.1	116506661	116506691
y1_HG00735.1#43	y1_HG00735.1	HG00735#1#JAHBCH010000028.1	22491797	23445271
y1_HG00735.1#44	y1_HG00735.1	HG00735#1#JAHBCH010000088.1	10903635	10903697
y1_HG00735.1#45	y1_HG00735.1	HG00735#1#JAHBCH010000004.1	42636181	42636189
y1_HG00735.1#46	y1_HG00735.1	HG00735#1#JAHBCH010000029.1	9711395	9711398
y1_HG00735.1#47	y1_HG00735.1	HG00735#1#JAHBCH010000047.1	2405870	2810148
y1_HG00735.1#48	y1_HG00735.1	HG00735#1#JAHBCH010000007.1	122911410	122964568
y1_HG00735.1#49	y1_HG00735.1	HG00735#1#JAHBCH010000034.1	23944049	23961857
y1_HG00735.1#50	y1_HG00735.1	HG00735#1#JAHBCH010000005.1	23868581	23868584
y1_HG00735.1#51	y1_HG00735.1	HG00735#1#JAHBCH010000010.1	30947693	30952297
y1_HG00735.1#52	y1_HG00735.1	HG00735#1#JAHBCH010000028.1	28100110	28100119
y1_HG00735.1#53	y1_HG00735.1	HG00735#1#JAHBCH010000002.1	92167592	92179065
y1_HG00735.1#54	y1_HG00735.1	HG00735#1#JAHBCH010000020.1	8972913	8972919
y1_HG00735.1#55	y1_HG00735.1	HG00735#1#JAHBCH010000062.1	4478269	4490732
y1_HG00735.1#56	y1_HG00735.1	HG00735#1#JAHBCH010000032.1	17233282	18067093
y1_HG00735.1#57	y1_HG00735.1	HG00735#1#JAHBCH010000012.1	12676929	12678179
y1_HG00735.1#58	y1_HG00735.1	HG00735#1#JAHBCH010000003.1	5074856	5074873
y1_HG00735.1#59	y1_HG00735.1	HG00735#1#JAHBCH010000003.1	87462314	87613542
y1_HG00735.1#60	y1_HG00735.1	HG00735#1#JAHBCH010000037.1	57835298	57835314
y1_HG00735.1#61	y1_HG00735.1	HG00735#1#JAHBCH010000058.1	8221765	8232942
y1_HG00735.1#62	y1_HG00735.1	HG00735#1#JAHBCH010000015.1	3595548	3595609
y1_HG00735.1#63	y1_HG00735.1	HG00735#1#JAHBCH010000007.1	75894681	75896360
y1_HG00735.1#64	y1_HG00735.1	HG00735#1#JAHBCH010000013.1	38787024	38787035
y1_HG00735.1#65	y1_HG00735.1	HG00735#1#JAHBCH010000086.1	17814214	17814218
y1_HG00735.1#66	y1_HG00735.1	HG00735#1#JAHBCH010000014.1	40915718	40945014
y1_HG00735.1#67	y1_HG00735.1	HG00735#1#JAHBCH010000001.1	2323710	2323713
y1_HG00735.1#68	y1_HG00735.1	HG00735#1#JAHBCH010000020.1	41643478	41780658
y1_HG00735.1#69	y1_HG00735.1	HG00735#1#JAHBCH010000015.1	32744925	32744928
y1_HG00735.1#70	y1_HG00735.1	HG00735#1#JAHBCH010000011.1	63203210	63203225
y1_HG00735.1#71	y1_HG00735.1	HG00735#1#JAHBCH010000037.1	4488849	4637518
y1_HG00735.1#72	y1_HG00735.1	HG00735#1#JAHBCH010000141.1	184792	187442
y1_HG00735.1#73	y1_HG00735.1	HG00735#1#JAHBCH010000020.1	77178611	77178821
y1_HG00735.1#74	y1_HG00735.1	HG00735#1#JAHBCH010000058.1	51726637	51727007
y1_HG00735.1#75	y1_HG00735.1	HG00735#1#JAHBCH010000082.1	1343232	1346154
y1_HG00735.1#76	y1_HG00735.1	HG00735#1#JAHBCH010000035.1	2704103	3047281
y1_HG00735.1#77	y1_HG00735.1	HG00735#1#JAHBCH010000025.1	12390702	12394017
y1_HG00735.1#78	y1_HG00735.1	HG00735#1#JAHBCH010000034.1	8541606	8541633
y1_HG00735.1#79	y1_HG00735.1	HG00735#1#JAHBCH010000004.1	61366262	61619170
y1_HG00735.1#80	y1_HG00735.1	HG00735#1#JAHBCH010000046.1	7975457	7975461
y1_HG00735.1#81	y1_HG00735.1	HG00735#1#JAHBCH010000092.1	1507969	1507983
y1_HG00735.1#82	y1_HG00735.1	HG00735#1#JAHBCH010000020.1	84037474	84037481
y1_HG00735.1#83	y1_HG00735.1	HG00735#1#JAHBCH010000003.1	88773027	88776210
y1_HG00735.1#84	y1_HG00735.1	HG00735#1#JAHBCH010000010.1	27123850	27123852
y1_HG00735.1#85	y1_HG00735.1	HG00735#1#JAHBCH010000004.1	96398973	96398975
y1_HG00735.1#86	y1_HG00735.1	HG00735#1#JAHBCH010000064.1	12770450	12773374
y1_HG00735.1#87	y1_HG00735.1	HG00735#1#JAHBCH010000031.1	53511256	54142189
y1_HG00735.1#88	y1_HG00735.1	HG00735#1#JAHBCH010000029.1	39348577	39348587
y1_HG00735.1#89	y1_HG00735.1	HG00735#1#JAHBCH010000004.1	123791037	123803753
y1_HG00735.1#90	y1_HG00735.1	HG00735#1#JAHBCH010000036.1	53904545	53904550
y1_HG00735.1#91	y1_HG00735.1	HG00735#1#JAHBCH010000053.1	5053441	5056469
y1_HG00735.1#92	y1_HG00735.1	HG00735#1#JAHBCH010000005.1	59986860	59986879
y1_HG00735.1#93	y1_HG00735.1	HG00735#1#JAHBCH010000004.1	16622656	16624697
y1_HG00735.1#94	y1_HG00735.1	HG00735#1#JAHBCH010000011.1	51936366	51936649
y1_HG00735.1#95	y1_HG00735.1	HG00735#1#JAHBCH010000066.1	15849581	15849596
y1_HG00735.1#96	y1_HG00735.1	HG00735#1#JAHBCH010000053.1	13418409	13418439
y1_HG00735.1#97	y1_HG00735.1	HG00735#1#JAHBCH010000046.1	17593874	17597584
y1_HG00735.1#98	y1_HG00735.1	HG00735#1#JAHBCH010000004.1	4200871	4310362
y1_HG00735.1#99	y1_HG00735.1	HG00735#1#JAHBCH010000077.1	705140	1621742
y1_HG00735.1#100	y1_HG00735.1	HG00735#1#JAHBCH010000133.1	1039324	1039338
y1_HG00735.1#101	y1_HG00735.1	HG00735#1#JAHBCH010000003.1	120606012	120606014
y1_HG00735.1#102	y1_HG00735.1	HG00735#1#JAHBCH010000014.1	94211497	94212996
y1_HG00735.1#103	y1_HG00735.1	HG00735#1#JAHBCH010000007.1	116522377	116928816
y1_HG00735.1#104	y1_HG00735.1	HG00735#1#JAHBCH010000040.1	16288589	16293770
y1_HG00735.1#105	y1_HG00735.1	HG00735#1#JAHBCH010000035.1	6185184	6186433
y1_HG00735.1#106	y1_HG00735.1	HG00735#1#JAHBCH010000007.1	125721014	125721699
y1_HG00735.1#107	y1_HG00735.1	HG00735#1#JAHBCH010000018.1	12991052	13043966
y1_HG00735.1#108	y1_HG00735.1	HG00735#1#JAHBCH010000011.1	57119009	57119065
y1_HG00735.1#109	y1_HG00735.1	HG00735#1#JAHBCH010000007.1	99318706	99319133
y1_HG00735.1#110	y1_HG00735.1	HG00735#1#JAHBCH010000048.1	9953108	9953110
y1_HG00735.1#111	y1_HG00735.1	HG00735#1#JAHBCH010000036.1	88775779	88775789
y1_HG00735.1#112	y1_HG00735.1	HG00735#1#JAHBCH010000020.1	115782957	115782963
y1_HG00735.1#113	y1_HG00735.1	HG00735#1#JAHBCH010000067.1	422289	422476
y1_HG00735.1#114	y1_HG00735.1	HG00735#1#JAHBCH010000036.1	42619753	42619762
y1_HG00735.1#115	y1_HG00735.1	HG00735#1#JAHBCH010000062.1	28313046	28313057
y1_HG00735.1#116	y1_HG00735.1	HG00735#1#JAHBCH010000015.1	39088923	39236301
y1_HG00735.1#117	y1_HG00735.1	HG00735#1#JAHBCH010000036.1	71569994	71570200
y1_HG00735.1#118	y1_HG00735.1	HG00735#1#JAHBCH010000004.1	103769360	103769365
y1_HG00735.1#119	y1_HG00735.1	HG00735#1#JAHBCH010000001.1	8034864	8040289
y1_HG00735.1#120	y1_HG00735.1	HG00735#1#JAHBCH010000011.1	56763206	56845609
y1_HG00735.1#121	y1_HG00735.1	HG00735#1#JAHBCH010000002.1	54691695	54691856
y1_HG00735.1#122	y1_HG00735.1	HG00735#1#JAHBCH010000005.1	67686749	67927724
y1_HG00735.1#123	y1_HG00735.1	HG00735#1#JAHBCH010000090.1	4405916	4407809
y1_HG00735.1#124	y1_HG00735.1	HG00735#1#JAHBCH010000003.1	42509313	42509324
y1_HG00735.1#125	y1_HG00735.1	HG00735#1#JAHBCH010000037.1	40344429	40344432
y1_HG00735.1#126	y1_HG00735.1	HG00735#1#JAHBCH010000107.1	1760159	1764229
y1_HG00735.1#127	y1_HG00735.1	HG00735#1#JAHBCH010000004.1	143820635	143822059
y1_HG00735.1#128	y1_HG00735.1	HG00735#1#JAHBCH010000020.1	13189169	13189335
y1_HG00735.1#129	y1_HG00735.1	HG00735#1#JAHBCH010000011.1	19930996	19931000
y1_HG00735.1#130	y1_HG00735.1	HG00735#1#JAHBCH010000006.1	10480382	10552810
y1_HG00735.1#131	y1_HG00735.1	HG00735#1#JAHBCH010000129.1	4302664	4302673
y1_HG00735.1#132	y1_HG00735.1	HG00735#1#JAHBCH010000071.1	147101	147117
y1_HG00735.1#133	y1_HG00735.1	HG00735#1#JAHBCH010000005.1	34266376	34267177
y1_HG00735.1#134	y1_HG00735.1	HG00735#1#JAHBCH010000002.1	117500003	117500018
y1_HG00735.1#135	y1_HG00735.1	HG00735#1#JAHBCH010000020.1	66468642	66501576
y1_HG00735.1#136	y1_HG00735.1	HG00735#1#JAHBCH010000079.1	6971422	6972781
y1_HG00735.1#137	y1_HG00735.1	HG00735#1#JAHBCH010000004.1	40239330	40239351
y1_HG00735.1#138	y1_HG00735.1	HG00735#1#JAHBCH010000028.1	4296828	4348025
y1_HG00735.1#139	y1_HG00735.1	HG00735#1#JAHBCH010000007.1	12055388	12097006
y1_HG00735.1#140	y1_HG00735.1	HG00735#1#JAHBCH010000067.1	5288784	5288787
y1_HG00735.1#141	y1_HG00735.1	HG00735#1#JAHBCH010000048.1	286791	286861
y1_HG00735.1#142	y1_HG00735.1	HG00735#1#JAHBCH010000017.1	51398576	51409488
y1_HG00735.1#143	y1_HG00735.1	HG00735#1#JAHBCH010000064.1	8743232	8851615
y1_HG00735.1#144	y1_HG00735.1	HG00735#1#JAHBCH010000020.1	14550910	14550994
y1_HG00735.1#145	y1_HG00735.1	HG00735#1#JAHBCH010000002.1	35567286	35751654
y1_HG00735.1#146	y1_HG00735.1	HG00735#1#JAHBCH010000029.1	1856837	2103028
y1_HG00735.1#147	y1_HG00735.1	HG00735#1#JAHBCH010000047.1	29409283	29409646
y1_HG00735.1#148	y1_HG00735.1	HG00735#1#JAHBCH010000020.1	125361334	125454879
y1_HG00735.1#149	y1_HG00735.1	HG00735#1#JAHBCH010000122.1	65867	65946
y1_HG00735.1#150	y1_HG00735.1	HG00735#1#JAHBCH010000022.1	27078709	27669608
y1_HG00735.1#151	y1_HG00735.1	HG00735#1#JAHBCH010000002.1	120730462	120730467
y1_HG00735.1#152	y1_HG00735.1	HG00735#1#JAHBCH010000006.1	18208559	18208562
y1_HG00735.1#153	y1_HG00735.1	HG00735#1#JAHBCH010000113.1	808889	810662
y1_HG00735.1#154	y1_HG00735.1	HG00735#1#JAHBCH010000014.1	93938631	93938633
y1_HG00735.1#155	y1_HG00735.1	HG00735#1#JAHBCH010000020.1	100672570	100672590
y1_HG00735.1#156	y1_HG00735.1	HG00735#1#JAHBCH010000143.1	2304441	2304459
y1_HG00735.1#157	y1_HG00735.1	HG00735#1#JAHBCH010000010.1	48964115	49845600
y1_HG00735.1#158	y1_HG00735.1	HG00735#1#JAHBCH010000058.1	50735961	50736214
y1_HG00735.1#159	y1_HG00735.1	HG00735#1#JAHBCH010000002.1	41541225	41541984
y1_HG00735.1#160	y1_HG00735.1	HG00735#1#JAHBCH010000003.1	66412946	66417028
y1_HG00735.1#161	y1_HG00735.1	HG00735#1#JAHBCH010000001.1	29223618	29308488
y1_HG00735.1#162	y1_HG00735.1	HG00735#1#JAHBCH010000020.1	17642523	17684846
y1_HG00735.1#163	y1_HG00735.1	HG00735#1#JAHBCH010000014.1	53187323	53203776
y1_HG00735.1#164	y1_HG00735.1	HG00735#1#JAHBCH010000020.1	88504174	88507914
y1_HG00735.1#165	y1_HG00735.1	HG00735#1#JAHBCH010000058.1	11262469	11262831
y1_HG00735.1#166	y1_HG00735.1	HG00735#1#JAHBCH010000031.1	37008300	37010740
y1_HG00735.1#167	y1_HG00735.1	HG00735#1#JAHBCH010000020.1	22651350	23692193
y1_HG00735.1#168	y1_HG00735.1	HG00735#1#JAHBCH010000025.1	38029859	38029913
y1_HG00735.1#169	y1_HG00735.1	HG00735#1#JAHBCH010000011.1	1830895	1831009
y1_HG00735.1#170	y1_HG00735.1	HG00735#1#JAHBCH010000046.1	24645932	24650804
y1_HG00735.1#171	y1_HG00735.1	HG00735#1#JAHBCH010000006.1	35622061	35622455
y1_HG00735.1#172	y1_HG00735.1	HG00735#1#JAHBCH010000098.1	853033	880108
y1_HG00735.1#173	y1_HG00735.1	HG00735#1#JAHBCH010000006.1	36564013	36564025
y1_HG00735.1#174	y1_HG00735.1	HG00735#1#JAHBCH010000020.1	60959224	62000128
y1_HG00735.1#175	y1_HG00735.1	HG00735#1#JAHBCH010000002.1	96908163	96914002
y1_HG00735.1#176	y1_HG00735.1	HG00735#1#JAHBCH010000036.1	92857394	92857424
y1_HG00735.1#177	y1_HG00735.1	HG00735#1#JAHBCH010000038.1	17098345	17099485
y1_HG00735.1#178	y1_HG00735.1	HG00735#1#JAHBCH010000072.1	1544615	1544883
y1_HG00735.1#179	y1_HG00735.1	HG00735#1#JAHBCH010000004.1	122904951	122904953
y1_HG00735.1#180	y1_HG00735.1	HG00735#1#JAHBCH010000110.1	250183	250789
y1_HG00735.1#181	y1_HG00735.1	HG00735#1#JAHBCH010000014.1	103666573	103666704
y1_HG00735.1#182	y1_HG00735.1	HG00735#1#JAHBCH010000129.1	2077139	2077266
y1_HG00735.1#183	y1_HG00735.1	HG00735#1#JAHBCH010000036.1	61247327	61247339
y1_HG00735.1#184	y1_HG00735.1	HG00735#1#JAHBCH010000016.1	20619914	20619956
y1_HG00735.1#185	y1_HG00735.1	HG00735#1#JAHBCH010000033.1	9503263	9529201
y1_HG00735.1#186	y1_HG00735.1	HG00735#1#JAHBCH010000001.1	43574584	43574594
y1_HG00735.1#187	y1_HG00735.1	HG00735#1#JAHBCH010000029.1	4100005	4108865
y1_HG00735.1#188	y1_HG00735.1	HG00735#1#JAHBCH010000007.1	41828576	41828839
y1_HG00735.1#189	y1_HG00735.1	HG00735#1#JAHBCH010000034.1	1715656	1715663
y1_HG00735.1#190	y1_HG00735.1	HG00735#1#JAHBCH010000033.1	52156998	52157000
y1_HG00735.1#191	y1_HG00735.1	HG00735#1#JAHBCH010000020.1	13582236	13582266
y1_HG00735.1#192	y1_HG00735.1	HG00735#1#JAHBCH010000061.1	2008006	2008915
y1_HG00735.1#193	y1_HG00735.1	HG00735#1#JAHBCH010000062.1	22587843	22656888
y1_HG00735.1#194	y1_HG00735.1	HG00735#1#JAHBCH010000011.1	79126476	79126510
y1_HG00735.1#195	y1_HG00735.1	HG00735#1#JAHBCH010000028.1	17211315	17211765
y1_HG00735.1#196	y1_HG00735.1	HG00735#1#JAHBCH010000006.1	10630382	10630609
y1_HG00735.1#197	y1_HG00735.1	HG00735#1#JAHBCH010000003.1	86073014	86097347
y1_HG00735.1#198	y1_HG00735.1	HG00735#1#JAHBCH010000047.1	28483936	28497274
y1_HG00735.1#199	y1_HG00735.1	HG00735#1#JAHBCH010000058.1	43105503	43109412
y1_HG00735.1#200	y1_HG00735.1	HG00735#1#JAHBCH010000002.1	62903318	62975151
y1_HG00735.1#201	y1_HG00735.1	HG00735#1#JAHBCH010000086.1	9005406	9613577
y1_HG00735.1#202	y1_HG00735.1	HG00735#1#JAHBCH010000032.1	29520837	29522124
y1_HG00735.1#203	y1_HG00735.1	HG00735#1#JAHBCH010000042.1	12052671	12052676
y1_HG00735.1#204	y1_HG00735.1	HG00735#1#JAHBCH010000055.1	24122135	24122148
y1_HG00735.1#205	y1_HG00735.1	HG00735#1#JAHBCH010000011.1	101621568	101621693
y1_HG00735.1#206	y1_HG00735.1	HG00735#1#JAHBCH010000042.1	20375143	20652830
y1_HG00735.1#207	y1_HG00735.1	HG00735#1#JAHBCH010000086.1	4639843	4639955
y1_HG00735.1#208	y1_HG00735.1	HG00735#1#JAHBCH010000004.1	21423874	21470355
y1_HG00735.1#209	y1_HG00735.1	HG00735#1#JAHBCH010000036.1	69137305	69140562
y1_HG00735.1#210	y1_HG00735.1	HG00735#1#JAHBCH010000004.1	49031605	49031615
y1_HG00735.1#211	y1_HG00735.1	HG00735#1#JAHBCH010000037.1	28579650	28677628
y1_HG00735.1#212	y1_HG00735.1	HG00735#1#JAHBCH010000079.1	12074211	12074359
y1_HG00735.1#213	y1_HG00735.1	HG00735#1#JAHBCH010000065.1	8079792	8079796
y1_HG00735.1#214	y1_HG00735.1	HG00735#1#JAHBCH010000040.1	18807916	18807918
y1_HG00735.1#215	y1_HG00735.1	HG00735#1#JAHBCH010000133.1	1487822	1487827
y1_HG00735.1#216	y1_HG00735.1	HG00735#1#JAHBCH010000025.1	23724488	23724515
y1_HG00735.1#217	y1_HG00735.1	HG00735#1#JAHBCH010000006.1	2610323	2610463
y1_HG00735.1#218	y1_HG00735.1	HG00735#1#JAHBCH010000002.1	89532537	89606370
y1_HG00735.1#219	y1_HG00735.1	HG00735#1#JAHBCH010000004.1	23846718	23855284
y1_HG00735.1#220	y1_HG00735.1	HG00735#1#JAHBCH010000055.1	20977469	20977861
y1_HG00735.1#221	y1_HG00735.1	HG00735#1#JAHBCH010000060.1	1432374	1432380
y1_HG00735.1#222	y1_HG00735.1	HG00735#1#JAHBCH010000004.1	66256892	66270494
y1_HG00735.1#223	y1_HG00735.1	HG00735#1#JAHBCH010000002.1	63553105	63553131
y1_HG00735.1#224	y1_HG00735.1	HG00735#1#JAHBCH010000015.1	21650780	21650783
y1_HG00735.1#225	y1_HG00735.1	HG00735#1#JAHBCH010000039.1	4818214	4838118
y1_HG00735.1#226	y1_HG00735.1	HG00735#1#JAHBCH010000055.1	27803828	27808288
y1_HG00735.1#227	y1_HG00735.1	HG00735#1#JAHBCH010000015.1	13159789	13160129
y1_HG00735.1#228	y1_HG00735.1	HG00735#1#JAHBCH010000011.1	48195215	48195217
y1_HG00735.1#229	y1_HG00735.1	HG00735#1#JAHBCH010000029.1	21290568	21294884
y1_HG00735.1#230	y1_HG00735.1	HG00735#1#JAHBCH010000050.1	6369480	6370466
y1_HG00735.1#231	y1_HG00735.1	HG00735#1#JAHBCH010000062.1	15182631	15182636
y1_HG00735.1#232	y1_HG00735.1	HG00735#1#JAHBCH010000029.1	20436005	20436080
y1_HG00735.1#233	y1_HG00735.1	HG00735#1#JAHBCH010000047.1	25115849	25155752
y1_HG00735.1#234	y1_HG00735.1	HG00735#1#JAHBCH010000046.1	17866321	17866448
y1_HG00735.1#235	y1_HG00735.1	HG00735#1#JAHBCH010000002.1	4016479	4016527
y1_HG00735.1#236	y1_HG00735.1	HG00735#1#JAHBCH010000028.1	34149445	34149460
y1_HG00735.1#237	y1_HG00735.1	HG00735#1#JAHBCH010000016.1	23309957	23309960
y1_HG00735.1#238	y1_HG00735.1	HG00735#1#JAHBCH010000016.1	17737902	17737908
y1_HG00735.1#239	y1_HG00735.1	HG00735#1#JAHBCH010000078.1	3931013	3962274
y1_HG00735.1#240	y1_HG00735.1	HG00735#1#JAHBCH010000051.1	2115748	2115750
y1_HG00735.1#241	y1_HG00735.1	HG00735#1#JAHBCH010000014.1	108917329	108917662
y1_HG00735.1#242	y1_HG00735.1	HG00735#1#JAHBCH010000016.1	12526705	13265509
y1_HG00735.1#243	y1_HG00735.1	HG00735#1#JAHBCH010000036.1	84692168	84698181
y1_HG00735.1#244	y1_HG00735.1	HG00735#1#JAHBCH010000036.1	103799193	103817396
y1_HG00735.1#245	y1_HG00735.1	HG00735#1#JAHBCH010000097.1	1082604	1082699
y1_HG00735.1#246	y1_HG00735.1	HG00735#1#JAHBCH010000091.1	416459	1060938
y1_HG00735.1#247	y1_HG00735.1	HG00735#1#JAHBCH010000010.1	30226078	30226115
y1_HG00735.1#248	y1_HG00735.1	HG00735#1#JAHBCH010000011.1	81924817	81998100
y1_HG00735.1#249	y1_HG00735.1	HG00735#1#JAHBCH010000060.1	6568703	6569061
y1_HG00735.1#250	y1_HG00735.1	HG00735#1#JAHBCH010000018.1	34282152	34282159
y1_HG00735.1#251	y1_HG00735.1	HG00735#1#JAHBCH010000001.1	27223520	27255745
y1_HG00735.1#252	y1_HG00735.1	HG00735#1#JAHBCH010000034.1	9048550	9054040
y1_HG00735.1#253	y1_HG00735.1	HG00735#1#JAHBCH010000014.1	61537051	61537118
y1_HG00735.1#254	y1_HG00735.1	HG00735#1#JAHBCH010000057.1	6154815	6173021
y1_HG00735.1#255	y1_HG00735.1	HG00735#1#JAHBCH010000014.1	40780462	40780509
y1_HG00735.1#256	y1_HG00735.1	HG00735#1#JAHBCH010000017.1	66387312	66387342
y1_HG00735.1#257	y1_HG00735.1	HG00735#1#JAHBCH010000020.1	87390014	87390023
y1_HG00735.1#258	y1_HG00735.1	HG00735#1#JAHBCH010000057.1	7683792	7694217
y1_HG00735.1#259	y1_HG00735.1	HG00735#1#JAHBCH010000025.1	12977310	12977312
y1_HG00735.1#260	y1_HG00735.1	HG00735#1#JAHBCH010000004.1	154993299	154996013
y1_HG00735.1#261	y1_HG00735.1	HG00735#1#JAHBCH010000117.1	1733650	1733652
y1_HG00735.1#262	y1_HG00735.1	HG00735#1#JAHBCH010000019.1	3282161	3282302
y1_HG00735.1#263	y1_HG00735.1	HG00735#1#JAHBCH010000009.1	10922132	10922264
y1_HG00735.1#264	y1_HG00735.1	HG00735#1#JAHBCH010000006.1	22109702	22148367
y1_HG00735.1#265	y1_HG00735.1	HG00735#1#JAHBCH010000020.1	19528736	19558318
y1_HG00735.1#266	y1_HG00735.1	HG00735#1#JAHBCH010000014.1	86625071	86625074
y1_HG00735.1#267	y1_HG00735.1	HG00735#1#JAHBCH010000079.1	9287896	9288727
y1_HG00735.1#268	y1_HG00735.1	HG00735#1#JAHBCH010000022.1	6195072	6195185
y1_HG00735.1#269	y1_HG00735.1	HG00735#1#JAHBCH010000001.1	30968922	31057136
y1_HG00735.1#270	y1_HG00735.1	HG00735#1#JAHBCH010000114.1	228665	573202
y1_HG00735.1#271	y1_HG00735.1	HG00735#1#JAHBCH010000017.1	40407524	40408149
y1_HG00735.1#272	y1_HG00735.1	HG00735#1#JAHBCH010000036.1	3518776	3518784
y1_HG00735.1#273	y1_HG00735.1	HG00735#1#JAHBCH010000062.1	43853892	43861291
y1_HG00735.1#274	y1_HG00735.1	HG00735#1#JAHBCH010000003.1	61192708	61218029
y1_HG00735.1#275	y1_HG00735.1	HG00735#1#JAHBCH010000043.1	5469170	5471487
y1_HG00735.1#276	y1_HG00735.1	HG00735#1#JAHBCH010000033.1	26545532	26595791
y1_HG00735.1#277	y1_HG00735.1	HG00735#1#JAHBCH010000051.1	12208407	12210953
y1_HG00735.1#278	y1_HG00735.1	HG00735#1#JAHBCH010000047.1	1359853	1361204
y1_HG00735.1#279	y1_HG00735.1	HG00735#1#JAHBCH010000007.1	37674141	37707725
y1_HG00735.1#280	y1_HG00735.1	HG00735#1#JAHBCH010000037.1	54986143	54986151
y1_HG00735.1#281	y1_HG00735.1	HG00735#1#JAHBCH010000010.1	41105885	41131477
y1_HG00735.1#282	y1_HG00735.1	HG00735#1#JAHBCH010000004.1	146303307	147035125
y1_HG00735.1#283	y1_HG00735.1	HG00735#1#JAHBCH010000003.1	107242520	107242522
y1_HG00735.1#284	y1_HG00735.1	HG00735#1#JAHBCH010000036.1	12618394	13142157
y1_HG00735.1#285	y1_HG00735.1	HG00735#1#JAHBCH010000004.1	110388137	110388140
y1_HG00735.1#286	y1_HG00735.1	HG00735#1#JAHBCH010000047.1	10324268	10578022
y1_HG00735.1#287	y1_HG00735.1	HG00735#1#JAHBCH010000049.1	2218174	2218427
y1_HG00735.1#288	y1_HG00735.1	HG00735#1#JAHBCH010000014.1	22026180	22401191
y1_HG00735.1#289	y1_HG00735.1	HG00735#1#JAHBCH010000050.1	11842297	11842779
y1_HG00735.1#290	y1_HG00735.1	HG00735#1#JAHBCH010000003.1	54364165	55064904
y1_HG00735.1#291	y1_HG00735.1	HG00735#1#JAHBCH010000013.1	34755503	34778808
y1_HG00735.1#292	y1_HG00735.1	HG00735#1#JAHBCH010000035.1	4263315	4263336
y1_HG00735.1#293	y1_HG00735.1	HG00735#1#JAHBCH010000036.1	2426540	2536763
y1_HG00735.1#294	y1_HG00735.1	HG00735#1#JAHBCH010000008.1	12846921	12846950
y1_HG00735.1#295	y1_HG00735.1	HG00735#1#JAHBCH010000051.1	10770074	10774336
y1_HG00735.1#296	y1_HG00735.1	HG00735#1#JAHBCH010000006.1	27336735	27336782
y1_HG00735.1#297	y1_HG00735.1	HG00735#1#JAHBCH010000003.1	15421439	15771698
y1_HG00735.1#298	y1_HG00735.1	HG00735#1#JAHBCH010000051.1	12204317	12207211
y1_HG00735.1#299	y1_HG00735.1	HG00735#1#JAHBCH010000004.1	135146562	135147157
y1_HG00735.1#300	y1_HG00735.1	HG00735#1#JAHBCH010000014.1	11094926	11178115
y1_HG00735.1#301	y1_HG00735.1	HG00735#1#JAHBCH010000004.1	3415951	3424624
y1_HG00735.1#302	y1_HG00735.1	HG00735#1#JAHBCH010000058.1	19385761	19402573
y1_HG00735.1#303	y1_HG00735.1	HG00735#1#JAHBCH010000014.1	24865172	24876050
y1_HG00735.1#304	y1_HG00735.1	HG00735#1#JAHBCH010000081.1	1973605	1973612
y1_HG00735.1#305	y1_HG00735.1	HG00735#1#JAHBCH010000018.1	16194961	16425558
y1_HG00735.1#306	y1_HG00735.1	HG00735#1#JAHBCH010000005.1	53268101	53268106
y1_HG00735.1#307	y1_HG00735.1	HG00735#1#JAHBCH010000002.1	54985953	55336403
y1_HG00735.1#308	y1_HG00735.1	HG00735#1#JAHBCH010000011.1	18461521	18468890
y1_HG00735.1#309	y1_HG00735.1	HG00735#1#JAHBCH010000013.1	9590258	9612926
y1_HG00735.1#310	y1_HG00735.1	HG00735#1#JAHBCH010000014.1	64922524	64922563
y1_HG00735.1#311	y1_HG00735.1	HG00735#1#JAHBCH010000025.1	3595562	3595567
y1_HG00735.1#312	y1_HG00735.1	HG00735#1#JAHBCH010000059.1	3572456	3572480
y1_HG00735.1#313	y1_HG00735.1	HG00735#1#JAHBCH010000101.1	2724649	2724849
y1_HG00735.1#314	y1_HG00735.1	HG00735#1#JAHBCH010000020.1	131740989	131740991
y1_HG00735.1#315	y1_HG00735.1	HG00735#1#JAHBCH010000005.1	18333683	18334037
y1_HG00735.1#316	y1_HG00735.1	HG00735#1#JAHBCH010000042.1	16039390	16039463
y1_HG00735.1#317	y1_HG00735.1	HG00735#1#JAHBCH010000014.1	108600549	108851024
y1_HG00735.1#318	y1_HG00735.1	HG00735#1#JAHBCH010000003.1	92353456	92353922
y1_HG00735.1#319	y1_HG00735.1	HG00735#1#JAHBCH010000033.1	43333769	43333931
y1_HG00735.1#320	y1_HG00735.1	HG00735#1#JAHBCH010000017.1	64176776	64176864
y1_HG00735.1#321	y1_HG00735.1	HG00735#1#JAHBCH010000046.1	18107739	18107741
y1_HG00735.1#322	y1_HG00735.1	HG00735#1#JAHBCH010000005.1	35481419	35935778
y1_HG00735.1#323	y1_HG00735.1	HG00735#1#JAHBCH010000065.1	9779113	10230777
y1_HG00735.1#324	y1_HG00735.1	HG00735#1#JAHBCH010000086.1	12663546	12663552
y1_HG00735.1#325	y1_HG00735.1	HG00735#1#JAHBCH010000017.1	32476276	32476994
y1_HG00735.1#326	y1_HG00735.1	HG00735#1#JAHBCH010000148.1	843266	847791
y1_HG00735.1#327	y1_HG00735.1	HG00735#1#JAHBCH010000017.1	44375029	44379126
y1_HG00735.1#328	y1_HG00735.1	HG00735#1#JAHBCH010000040.1	39663318	39665925
y1_HG00735.1#329	y1_HG00735.1	HG00735#1#JAHBCH010000048.1	13834207	13834609
y1_HG00735.1#330	y1_HG00735.1	HG00735#1#JAHBCH010000047.1	20510345	20525875
y1_HG00735.1#331	y1_HG00735.1	HG00735#1#JAHBCH010000027.1	14997493	14997878
y1_HG00735.1#332	y1_HG00735.1	HG00735#1#JAHBCH010000023.1	193227	211731
y1_HG00735.1#333	y1_HG00735.1	HG00735#1#JAHBCH010000032.1	48161048	48161974
y1_HG00735.1#334	y1_HG00735.1	HG00735#1#JAHBCH010000036.1	2016588	2017733
y1_HG00735.1#335	y1_HG00735.1	HG00735#1#JAHBCH010000062.1	7889563	7890866
y1_HG00735.1#336	y1_HG00735.1	HG00735#1#JAHBCH010000005.1	20892774	20893129
y1_HG00735.1#337	y1_HG00735.1	HG00735#1#JAHBCH010000007.1	44714920	45106326
y1_HG00735.1#338	y1_HG00735.1	HG00735#1#JAHBCH010000014.1	73800170	73891008
y1_HG00735.1#339	y1_HG00735.1	HG00735#1#JAHBCH010000028.1	35718589	35902542
y1_HG00735.1#340	y1_HG00735.1	HG00735#1#JAHBCH010000031.1	5543689	5543828
y1_HG00735.1#341	y1_HG00735.1	HG00735#1#JAHBCH010000058.1	6039073	6042608
y1_HG00735.1#342	y1_HG00735.1	HG00735#1#JAHBCH010000003.1	104864285	105030883
y1_HG00735.1#343	y1_HG00735.1	HG00735#1#JAHBCH010000033.1	28963506	28963509
y1_HG00735.1#344	y1_HG00735.1	HG00735#1#JAHBCH010000025.1	38652877	38653676
y1_HG00735.1#345	y1_HG00735.1	HG00735#1#JAHBCH010000058.1	16664851	17227832
y1_HG00735.1#346	y1_HG00735.1	HG00735#1#JAHBCH010000062.1	2131592	2199210
y1_HG00735.1#347	y1_HG00735.1	HG00735#1#JAHBCH010000004.1	4455215	4455218
y1_HG00735.1#348	y1_HG00735.1	HG00735#1#JAHBCH010000036.1	108908702	108908715
y1_HG00735.1#349	y1_HG00735.1	HG00735#1#JAHBCH010000001.1	34407285	34407287
y1_HG00735.1#350	y1_HG00735.1	HG00735#1#JAHBCH010000031.1	45747241	45751858
y1_HG00735.1#351	y1_HG00735.1	HG00735#1#JAHBCH010000080.1	480791	487122
y1_HG00735.1#352	y1_HG00735.1	HG00735#1#JAHBCH010000014.1	38550506	38551123
y1_HG00735.1#353	y1_HG00735.1	HG00735#1#JAHBCH010000004.1	83893915	84363789
y1_HG00735.1#354	y1_HG00735.1	HG00735#1#JAHBCH010000081.1	9208310	9208314
y1_HG00735.1#355	y1_HG00735.1	HG00735#1#JAHBCH010000020.1	125882734	125882800
y1_HG00735.1#356	y1_HG00735.1	HG00735#1#JAHBCH010000033.1	19005381	19005390
y1_HG00735.1#357	y1_HG00735.1	HG00735#1#JAHBCH010000031.1	14218386	14218440
y1_HG00735.1#358	y1_HG00735.1	HG00735#1#JAHBCH010000017.1	20783976	20784006
y1_HG00735.1#359	y1_HG00735.1	HG00735#1#JAHBCH010000031.1	47191996	47192069
y1_HG00735.1#360	y1_HG00735.1	HG00735#1#JAHBCH010000036.1	51148278	51150173
y1_HG00735.1#361	y1_HG00735.1	HG00735#1#JAHBCH010000063.1	903320	904194
y1_HG00735.1#362	y1_HG00735.1	HG00735#1#JAHBCH010000020.1	57048254	57073020
y1_HG00735.1#363	y1_HG00735.1	HG00735#1#JAHBCH010000011.1	33871287	34110796
y1_HG00735.1#364	y1_HG00735.1	HG00735#1#JAHBCH010000064.1	18411359	18789186
y1_HG00735.1#365	y1_HG00735.1	HG00735#1#JAHBCH010000085.1	1353569	1353572
y1_HG00735.1#366	y1_HG00735.1	HG00735#1#JAHBCH010000086.1	4628042	4628055
y1_HG00735.1#367	y1_HG00735.1	HG00735#1#JAHBCH010000061.1	14936223	14936225
y1_HG00735.1#368	y1_HG00735.1	HG00735#1#JAHBCH010000065.1	13374887	13375567
y1_HG00735.1#369	y1_HG00735.1	HG00735#1#JAHBCH010000133.1	144431	144440
y1_HG00735.1#370	y1_HG00735.1	HG00735#1#JAHBCH010000059.1	3350860	3350871
y1_HG00735.1#371	y1_HG00735.1	HG00735#1#JAHBCH010000013.1	31007222	31010572
y1_HG00735.1#372	y1_HG00735.1	HG00735#1#JAHBCH010000003.1	95475744	95476022
y1_HG00735.1#373	y1_HG00735.1	HG00735#1#JAHBCH010000015.1	21330505	21331642
y1_HG00735.1#374	y1_HG00735.1	HG00735#1#JAHBCH010000007.1	60913642	60913706
y1_HG00735.1#375	y1_HG00735.1	HG00735#1#JAHBCH010000038.1	10510296	10510492
y1_HG00735.1#376	y1_HG00735.1	HG00735#1#JAHBCH010000080.1	5850282	5851058
y1_HG00735.1#377	y1_HG00735.1	HG00735#1#JAHBCH010000007.1	23043655	23046103
y1_HG00735.1#378	y1_HG00735.1	HG00735#1#JAHBCH010000042.1	17897113	17908060
y1_HG00735.1#379	y1_HG00735.1	HG00735#1#JAHBCH010000058.1	10438451	10438473
y1_HG00735.1#380	y1_HG00735.1	HG00735#1#JAHBCH010000003.1	121974338	121974344
y1_HG00735.1#381	y1_HG00735.1	HG00735#1#JAHBCH010000003.1	123352110	123352116
y1_HG00735.1#382	y1_HG00735.1	HG00735#1#JAHBCH010000036.1	57814207	57814246
y1_HG00735.1#383	y1_HG00735.1	HG00735#1#JAHBCH010000066.1	7714117	7714275
y1_HG00735.1#384	y1_HG00735.1	HG00735#1#JAHBCH010000036.1	88468457	88472787
y1_HG00735.1#385	y1_HG00735.1	HG00735#1#JAHBCH010000029.1	38112825	38113029
y1_HG00735.1#386	y1_HG00735.1	HG00735#1#JAHBCH010000020.1	26486903	26733895
y1_HG00735.1#387	y1_HG00735.1	HG00735#1#JAHBCH010000029.1	43508768	43508850
y1_HG00735.1#388	y1_HG00735.1	HG00735#1#JAHBCH010000011.1	6199112	6199115
y1_HG00735.1#389	y1_HG00735.1	HG00735#1#JAHBCH010000040.1	45417820	45469594
y1_HG00735.1#390	y1_HG00735.1	HG00735#1#JAHBCH010000004.1	61283408	61283440
y1_HG00735.1#391	y1_HG00735.1	HG00735#1#JAHBCH010000006.1	6901570	6905794
y1_HG00735.1#392	y1_HG00735.1	HG00735#1#JAHBCH010000055.1	23372086	23372088
y1_HG00735.1#393	y1_HG00735.1	HG00735#1#JAHBCH010000003.1	112807966	113691644
y1_HG00735.1#394	y1_HG00735.1	HG00735#1#JAHBCH010000002.1	110334102	110338566
y1_HG00735.1#395	y1_HG00735.1	HG00735#1#JAHBCH010000037.1	42689673	42696054
y1_HG00735.1#396	y1_HG00735.1	HG00735#1#JAHBCH010000004.1	136757473	136787169
y1_HG00735.1#397	y1_HG00735.1	HG00735#1#JAHBCH010000022.1	15141982	15145982
y1_HG00735.1#398	y1_HG00735.1	HG00735#1#JAHBCH010000053.1	5335180	5335182
y1_HG00735.1#399	y1_HG00735.1	HG00735#1#JAHBCH010000020.1	59790753	59790778
y1_HG00735.1#400	y1_HG00735.1	HG00735#1#JAHBCH010000004.1	63262436	63262442
y1_HG00735.1#401	y1_HG00735.1	HG00735#1#JAHBCH010000020.1	136365010	136366616
y1_HG00735.1#402	y1_HG00735.1	HG00735#1#JAHBCH010000020.1	38007409	38010713
y1_HG00735.1#403	y1_HG00735.1	HG00735#1#JAHBCH010000036.1	37089286	37107757
y1_HG00735.1#404	y1_HG00735.1	HG00735#1#JAHBCH010000016.1	25844242	25845972
y1_HG00735.1#405	y1_HG00735.1	HG00735#1#JAHBCH010000004.1	126468112	126468135
y1_HG00735.1#406	y1_HG00735.1	HG00735#1#JAHBCH010000028.1	49557465	49557474
y1_HG00735.1#407	y1_HG00735.1	HG00735#1#JAHBCH010000025.1	33330483	33330893
y1_HG00735.1#408	y1_HG00735.1	HG00735#1#JAHBCH010000001.1	3341455	3341476
y1_HG00735.1#409	y1_HG00735.1	HG00735#1#JAHBCH010000047.1	14737209	15024483
y1_HG00735.1#410	y1_HG00735.1	HG00735#1#JAHBCH010000006.1	16142415	16142417
y1_HG00735.1#411	y1_HG00735.1	HG00735#1#JAHBCH010000036.1	79105102	79105122
y1_HG00735.1#412	y1_HG00735.1	HG00735#1#JAHBCH010000047.1	31344079	31351757
y1_HG00735.1#413	y1_HG00735.1	HG00735#1#JAHBCH010000040.1	35717368	35790487
y1_HG00735.1#414	y1_HG00735.1	HG00735#1#JAHBCH010000064.1	1677905	1677912
y1_HG00735.1#415	y1_HG00735.1	HG00735#1#JAHBCH010000022.1	33941309	33946259
y1_HG00735.1#416	y1_HG00735.1	HG00735#1#JAHBCH010000002.1	118958528	118958536
y1_HG00735.1#417	y1_HG00735.1	HG00735#1#JAHBCH010000022.1	2304363	2320720
y1_HG00735.1#418	y1_HG00735.1	HG00735#1#JAHBCH010000010.1	61772570	61772573
y1_HG00735.1#419	y1_HG00735.1	HG00735#1#JAHBCH010000014.1	766987	767697
y1_HG00735.1#420	y1_HG00735.1	HG00735#1#JAHBCH010000003.1	70827880	70828305
y1_HG00735.1#421	y1_HG00735.1	HG00735#1#JAHBCH010000010.1	6144780	6144997
y1_HG00735.1#422	y1_HG00735.1	HG00735#1#JAHBCH010000020.1	85526288	85526290
y1_HG00735.1#423	y1_HG00735.1	HG00735#1#JAHBCH010000007.1	122015937	122016013
y1_HG00735.1#424	y1_HG00735.1	HG00735#1#JAHBCH010000029.1	29672943	30587618
y1_HG00735.1#425	y1_HG00735.1	HG00735#1#JAHBCH010000015.1	16475320	16475518
y1_HG00735.1#426	y1_HG00735.1	HG00735#1#JAHBCH010000025.1	7283647	7387883
y1_HG00735.1#427	y1_HG00735.1	HG00735#1#JAHBCH010000031.1	3419829	3440797
y1_HG00735.1#428	y1_HG00735.1	HG00735#1#JAHBCH010000045.1	2967766	3405236
y1_HG00735.1#429	y1_HG00735.1	HG00735#1#JAHBCH010000016.1	27126247	27126494
y1_HG00735.1#430	y1_HG00735.1	HG00735#1#JAHBCH010000003.1	24936285	24936463
y1_HG00735.1#431	y1_HG00735.1	HG00735#1#JAHBCH010000007.1	86416903	86421267
y1_HG00735.1#432	y1_HG00735.1	HG00735#1#JAHBCH010000106.1	151445	151502
y1_HG00735.1#433	y1_HG00735.1	HG00735#1#JAHBCH010000037.1	47312721	47312750
y1_HG00735.1#434	y1_HG00735.1	HG00735#1#JAHBCH010000048.1	12193467	12193494
y1_HG00735.1#435	y1_HG00735.1	HG00735#1#JAHBCH010000056.1	2249871	2249951
y1_HG00735.1#436	y1_HG00735.1	HG00735#1#JAHBCH010000004.1	96648175	96656326
y1_HG00735.1#437	y1_HG00735.1	HG00735#1#JAHBCH010000002.1	56123328	56124128
y1_HG00735.1#438	y1_HG00735.1	HG00735#1#JAHBCH010000029.1	22227711	22227713
y1_HG00735.1#439	y1_HG00735.1	HG00735#1#JAHBCH010000034.1	52360366	52375730
y1_HG00735.1#440	y1_HG00735.1	HG00735#1#JAHBCH010000006.1	327154	370244
y1_HG00735.1#441	y1_HG00735.1	HG00735#1#JAHBCH010000014.1	8976656	8976659
y1_HG00735.1#442	y1_HG00735.1	HG00735#1#JAHBCH010000033.1	11655629	11677916
y1_HG00735.1#443	y1_HG00735.1	HG00735#1#JAHBCH010000020.1	54324657	55169499
y1_HG00735.1#444	y1_HG00735.1	HG00735#1#JAHBCH010000029.1	32884319	32884333
y1_HG00735.1#445	y1_HG00735.1	HG00735#1#JAHBCH010000002.1	37238086	37238089
y1_HG00735.1#446	y1_HG00735.1	HG00735#1#JAHBCH010000071.1	1429457	1429462
y1_HG00735.1#447	y1_HG00735.1	HG00735#1#JAHBCH010000057.1	3127115	3140652
y1_HG00735.1#448	y1_HG00735.1	HG00735#1#JAHBCH010000001.1	474173	474175
y1_HG00735.1#449	y1_HG00735.1	HG00735#1#JAHBCH010000064.1	26521662	26521665
y1_HG00735.1#450	y1_HG00735.1	HG00735#1#JAHBCH010000069.1	10185637	10185651
y1_HG00735.1#451	y1_HG00735.1	HG00735#1#JAHBCH010000063.1	5916439	5916446
y1_HG00735.1#452	y1_HG00735.1	HG00735#1#JAHBCH010000009.1	3733791	3735861
y1_HG00735.1#453	y1_HG00735.1	HG00735#1#JAHBCH010000110.1	1010514	1013202
y1_HG00735.1#454	y1_HG00735.1	HG00735#1#JAHBCH010000040.1	38580590	39613722
y1_HG00735.1#455	y1_HG00735.1	HG00735#1#JAHBCH010000007.1	100790151	100962481
y1_HG00735.1#456	y1_HG00735.1	HG00735#1#JAHBCH010000011.1	80489538	80489619
y1_HG00735.1#457	y1_HG00735.1	HG00735#1#JAHBCH010000006.1	21019879	21019898
y1_HG00735.1#458	y1_HG00735.1	HG00735#1#JAHBCH010000058.1	48372953	48377413
y1_HG00735.1#459	y1_HG00735.1	HG00735#1#JAHBCH010000062.1	14036423	14036490
y1_HG00735.1#460	y1_HG00735.1	HG00735#1#JAHBCH010000069.1	2836461	2853680
y1_HG00735.1#461	y1_HG00735.1	HG00735#1#JAHBCH010000038.1	9799390	9799405
y1_HG00735.1#462	y1_HG00735.1	HG00735#1#JAHBCH010000028.1	8719870	8727908
y1_HG00735.1#463	y1_HG00735.1	HG00735#1#JAHBCH010000022.1	21940634	21941869
y1_HG00735.1#464	y1_HG00735.1	HG00735#1#JAHBCH010000011.1	63718102	63718137
y1_HG00735.1#465	y1_HG00735.1	HG00735#1#JAHBCH010000014.1	48303312	48380280
y1_HG00735.1#466	y1_HG00735.1	HG00735#1#JAHBCH010000027.1	9857066	9861316
y1_HG00735.1#467	y1_HG00735.1	HG00735#1#JAHBCH010000038.1	18775220	18783376
y1_HG00735.1#468	y1_HG00735.1	HG00735#1#JAHBCH010000004.1	130422756	130422831
y1_HG00735.1#469	y1_HG00735.1	HG00735#1#JAHBCH010000073.1	4674729	4674733
y1_HG00735.1#470	y1_HG00735.1	HG00735#1#JAHBCH010000032.1	9603933	9619717
y1_HG00735.1#471	y1_HG00735.1	HG00735#1#JAHBCH010000004.1	107579711	107619229
y1_HG00735.1#472	y1_HG00735.1	HG00735#1#JAHBCH010000004.1	14352876	14991855
y1_HG00735.1#473	y1_HG00735.1	HG00735#1#JAHBCH010000057.1	12574546	12574594
y1_HG00735.1#474	y1_HG00735.1	HG00735#1#JAHBCH010000010.1	56292817	56292830
y1_HG00735.1#475	y1_HG00735.1	HG00735#1#JAHBCH010000003.1	105734197	105736091
y1_HG00735.1#476	y1_HG00735.1	HG00735#1#JAHBCH010000064.1	20286812	20288680
y1_HG00735.1#477	y1_HG00735.1	HG00735#1#JAHBCH010000014.1	92904812	92944076
y1_HG00735.1#478	y1_HG00735.1	HG00735#1#JAHBCH010000010.1	44603332	44603602
y1_HG00735.1#479	y1_HG00735.1	HG00735#1#JAHBCH010000014.1	71258659	71353147
y1_HG00735.1#480	y1_HG00735.1	HG00735#1#JAHBCH010000160.1	491547	601721
y1_HG00735.1#481	y1_HG00735.1	HG00735#1#JAHBCH010000029.1	5746947	5746966
y1_HG00735.1#482	y1_HG00735.1	HG00735#1#JAHBCH010000001.1	17318353	17325662
y1_HG00735.1#483	y1_HG00735.1	HG00735#1#JAHBCH010000053.1	7096652	7096667
y1_HG00735.1#484	y1_HG00735.1	HG00735#1#JAHBCH010000016.1	29124320	29124341
y1_HG00735.1#485	y1_HG00735.1	HG00735#1#JAHBCH010000003.1	14497045	14497945
y1_HG00735.1#486	y1_HG00735.1	HG00735#1#JAHBCH010000062.1	1304185	1304804
y1_HG00735.1#487	y1_HG00735.1	HG00735#1#JAHBCH010000003.1	87843462	87848866
y1_HG00735.1#488	y1_HG00735.1	HG00735#1#JAHBCH010000058.1	50464648	50464737
y1_HG00735.1#489	y1_HG00735.1	HG00735#1#JAHBCH010000045.1	1603950	1884343
y1_HG00735.1#490	y1_HG00735.1	HG00735#1#JAHBCH010000025.1	18634056	19200302
y1_HG00735.1#491	y1_HG00735.1	HG00735#1#JAHBCH010000002.1	79572851	79599671
y1_HG00735.1#492	y1_HG00735.1	HG00735#1#JAHBCH010000031.1	32137276	32137278
y1_HG00735.1#493	y1_HG00735.1	HG00735#1#JAHBCH010000151.1	769385	769410
y1_HG00735.1#494	y1_HG00735.1	HG00735#1#JAHBCH010000033.1	37749622	37749743
y1_HG00735.1#495	y1_HG00735.1	HG00735#1#JAHBCH010000004.1	49404901	49404910
y1_HG00735.1#496	y1_HG00735.1	HG00735#1#JAHBCH010000035.1	3004206	3004222
y1_HG00735.1#497	y1_HG00735.1	HG00735#1#JAHBCH010000028.1	19452489	19452491
y1_HG00735.1#498	y1_HG00735.1	HG00735#1#JAHBCH010000020.1	14010021	14016852
y1_HG00735.1#499	y1_HG00735.1	HG00735#1#JAHBCH010000034.1	40646281	40646292
y1_HG00735.1#500	y1_HG00735.1	HG00735#1#JAHBCH010000048.1	3689022	4363262
y1_HG00735.1#501	y1_HG00735.1	HG00735#1#JAHBCH010000014.1	38139572	38784876
y1_HG00735.1#502	y1_HG00735.1	HG00735#1#JAHBCH010000046.1	24032853	24033102
y1_HG00735.1#503	y1_HG00735.1	HG00735#1#JAHBCH010000020.1	3054713	3054725
y1_HG00735.1#504	y1_HG00735.1	HG00735#1#JAHBCH010000066.1	677268	680211
y1_HG00735.1#505	y1_HG00735.1	HG00735#1#JAHBCH010000004.1	157994447	157994574
y1_HG00735.1#506	y1_HG00735.1	HG00735#1#JAHBCH010000005.1	30148900	30148905
y1_HG00735.1#507	y1_HG00735.1	HG00735#1#JAHBCH010000136.1	131184	131189
y1_HG00735.1#508	y1_HG00735.1	HG00735#1#JAHBCH010000050.1	2738276	2748867
y1_HG00735.1#509	y1_HG00735.1	HG00735#1#JAHBCH010000054.1	5967918	5997857
y1_HG00735.1#510	y1_HG00735.1	HG00735#1#JAHBCH010000062.1	945118	1005683
y1_HG00735.1#511	y1_HG00735.1	HG00735#1#JAHBCH010000033.1	59055410	59056348
y1_HG00735.1#512	y1_HG00735.1	HG00735#1#JAHBCH010000007.1	4713445	4713805
y1_HG00735.1#513	y1_HG00735.1	HG00735#1#JAHBCH010000002.1	29024380	29025903
y1_HG00735.1#514	y1_HG00735.1	HG00735#1#JAHBCH010000005.1	21254084	21435826
y1_HG00735.1#515	y1_HG00735.1	HG00735#1#JAHBCH010000068.1	2661941	2719331
y1_HG00735.1#516	y1_HG00735.1	HG00735#1#JAHBCH010000025.1	13971071	13973570
y1_HG00735.1#517	y1_HG00735.1	HG00735#1#JAHBCH010000007.1	26514422	26515475
y1_HG00735.1#518	y1_HG00735.1	HG00735#1#JAHBCH010000007.1	12953775	12953777
y1_HG00735.1#519	y1_HG00735.1	HG00735#1#JAHBCH010000033.1	53405864	53405866
y1_HG00735.1#520	y1_HG00735.1	HG00735#1#JAHBCH010000011.1	69753950	69754022
y1_HG00735.1#521	y1_HG00735.1	HG00735#1#JAHBCH010000078.1	4485649	4737095
y1_HG00735.1#522	y1_HG00735.1	HG00735#1#JAHBCH010000036.1	81435720	81435722
y1_HG00735.1#523	y1_HG00735.1	HG00735#1#JAHBCH010000015.1	23204772	23204774
y1_HG00735.1#524	y1_HG00735.1	HG00735#1#JAHBCH010000014.1	46297236	46297257
y1_HG00735.1#525	y1_HG00735.1	HG00735#1#JAHBCH010000033.1	29960738	30202231
y1_HG00735.1#526	y1_HG00735.1	HG00735#1#JAHBCH010000036.1	54969398	55626217
y1_HG00735.1#527	y1_HG00735.1	HG00735#1#JAHBCH010000011.1	16834651	16878829
y1_HG00735.1#528	y1_HG00735.1	HG00735#1#JAHBCH010000086.1	14090944	14090948
y1_HG00735.1#529	y1_HG00735.1	HG00735#1#JAHBCH010000059.1	2679772	2679880
y1_HG00735.1#530	y1_HG00735.1	HG00735#1#JAHBCH010000002.1	31607233	31608678
y1_HG00735.1#531	y1_HG00735.1	HG00735#1#JAHBCH010000020.1	90127913	90127925
y1_HG00735.1#532	y1_HG00735.1	HG00735#1#JAHBCH010000002.1	79404833	80124468
y1_HG00735.1#533	y1_HG00735.1	HG00735#1#JAHBCH010000031.1	27450422	27484291
y1_HG00735.1#534	y1_HG00735.1	HG00735#1#JAHBCH010000058.1	52370104	52370113
y1_HG00735.1#535	y1_HG00735.1	HG00735#1#JAHBCH010000078.1	16415389	16416813
y1_HG00735.1#536	y1_HG00735.1	HG00735#1#JAHBCH010000022.1	16713031	16713045
y1_HG00735.1#537	y1_HG00735.1	HG00735#1#JAHBCH010000010.1	42073340	42073358
y1_HG00735.1#538	y1_HG00735.1	HG00735#1#JAHBCH010000036.1	44870749	44873457
y1_HG00735.1#539	y1_HG00735.1	HG00735#1#JAHBCH010000088.1	6714993	6715488
y1_HG00735.1#540	y1_HG00735.1	HG00735#1#JAHBCH010000003.1	79389067	79389384
y1_HG00735.1#541	y1_HG00735.1	HG00735#1#JAHBCH010000004.1	58752431	59494118
y1_HG00735.1#542	y1_HG00735.1	HG00735#1#JAHBCH010000108.1	54696	137027
y1_HG00735.1#543	y1_HG00735.1	HG00735#1#JAHBCH010000020.1	6265494	7012326
y1_HG00735.1#544	y1_HG00735.1	HG00735#1#JAHBCH010000025.1	16901060	16901180
y1_HG00735.1#545	y1_HG00735.1	HG00735#1#JAHBCH010000065.1	9932047	9932687
y1_HG00735.1#546	y1_HG00735.1	HG00735#1#JAHBCH010000047.1	53307298	53307303
y1_HG00735.1#547	y1_HG00735.1	HG00735#1#JAHBCH010000020.1	50352299	50365018
y1_HG00735.1#548	y1_HG00735.1	HG00735#1#JAHBCH010000003.1	16244595	16244602
y1_HG00735.1#549	y1_HG00735.1	HG00735#1#JAHBCH010000010.1	16410270	16729764
y1_HG00735.1#550	y1_HG00735.1	HG00735#1#JAHBCH010000031.1	6289730	6289933
y1_HG00735.1#551	y1_HG00735.1	HG00735#1#JAHBCH010000038.1	10018404	10019582
y1_HG00735.1#552	y1_HG00735.1	HG00735#1#JAHBCH010000105.1	353157	353159
y1_HG00735.1#553	y1_HG00735.1	HG00735#1#JAHBCH010000036.1	90691834	90691842
y1_HG00735.1#554	y1_HG00735.1	HG00735#1#JAHBCH010000004.1	150839740	150867676
y1_HG00735.1#555	y1_HG00735.1	HG00735#1#JAHBCH010000007.1	66214049	66214080
y1_HG00735.1#556	y1_HG00735.1	HG00735#1#JAHBCH010000017.1	49233376	49233398
y1_HG00735.1#557	y1_HG00735.1	HG00735#1#JAHBCH010000027.1	5101406	5101872
y1_HG00735.1#558	y1_HG00735.1	HG00735#1#JAHBCH010000136.1	2295722	2295749
y1_HG00735.1#559	y1_HG00735.1	HG00735#1#JAHBCH010000067.1	2483008	2483026
y1_HG00735.1#560	y1_HG00735.1	HG00735#1#JAHBCH010000047.1	38211913	38212151
y1_HG00735.1#561	y1_HG00735.1	HG00735#1#JAHBCH010000003.1	116604099	116604485
y1_HG00735.1#562	y1_HG00735.1	HG00735#1#JAHBCH010000036.1	74729126	74729130
y1_HG00735.1#563	y1_HG00735.1	HG00735#1#JAHBCH010000011.1	4636449	4636455
y1_HG00735.1#564	y1_HG00735.1	HG00735#1#JAHBCH010000056.1	773384	780742
y1_HG00735.1#565	y1_HG00735.1	HG00735#1#JAHBCH010000022.1	26440473	26440480
y1_HG00735.1#566	y1_HG00735.1	HG00735#1#JAHBCH010000058.1	48290593	48376008
y1_HG00735.1#567	y1_HG00735.1	HG00735#1#JAHBCH010000011.1	5804258	5807066
y1_HG00735.1#568	y1_HG00735.1	HG00735#1#JAHBCH010000020.1	58410896	58411579
y1_HG00735.1#569	y1_HG00735.1	HG00735#1#JAHBCH010000033.1	41745896	41746222
y1_HG00735.1#570	y1_HG00735.1	HG00735#1#JAHBCH010000086.1	19452294	19462803
y1_HG00735.1#571	y1_HG00735.1	HG00735#1#JAHBCH010000031.1	2955214	2958898
y1_HG00735.1#572	y1_HG00735.1	HG00735#1#JAHBCH010000078.1	11637384	11641558
y1_HG00735.1#573	y1_HG00735.1	HG00735#1#JAHBCH010000015.1	17884724	17888598
y1_HG00735.1#574	y1_HG00735.1	HG00735#1#JAHBCH010000007.1	49051483	49065655
y1_HG00735.1#575	y1_HG00735.1	HG00735#1#JAHBCH010000068.1	6315270	6318965
y1_HG00735.1#576	y1_HG00735.1	HG00735#1#JAHBCH010000006.1	1380595	1418999
y1_HG00735.1#577	y1_HG00735.1	HG00735#1#JAHBCH010000020.1	25423969	25424010
y1_HG00735.1#578	y1_HG00735.1	HG00735#1#JAHBCH010000060.1	4821045	4821511
y1_HG00735.1#579	y1_HG00735.1	HG00735#1#JAHBCH010000039.1	3830984	4729642
y1_HG00735.1#580	y1_HG00735.1	HG00735#1#JAHBCH010000029.1	45524827	45524869
y1_HG00735.1#581	y1_HG00735.1	HG00735#1#JAHBCH010000028.1	7105026	7369778
y1_HG00735.1#582	y1_HG00735.1	HG00735#1#JAHBCH010000011.1	91572929	91572932
y1_HG00735.1#583	y1_HG00735.1	HG00735#1#JAHBCH010000002.1	78213011	78214295
y1_HG00735.1#584	y1_HG00735.1	HG00735#1#JAHBCH010000004.1	67641762	67641862
y1_HG00735.1#585	y1_HG00735.1	HG00735#1#JAHBCH010000088.1	1098088	1657845
y1_HG00735.1#586	y1_HG00735.1	HG00735#1#JAHBCH010000073.1	10051829	10090469
y1_HG00735.1#587	y1_HG00735.1	HG00735#1#JAHBCH010000033.1	52635223	53377216
y1_HG00735.1#588	y1_HG00735.1	HG00735#1#JAHBCH010000034.1	51819093	51837132
y1_HG00735.1#589	y1_HG00735.1	HG00735#1#JAHBCH010000013.1	36794156	36795551
y1_HG00735.1#590	y1_HG00735.1	HG00735#1#JAHBCH010000040.1	41138227	41138371
y1_HG00735.1#591	y1_HG00735.1	HG00735#1#JAHBCH010000036.1	72883802	72887450
y1_HG00735.1#592	y1_HG00735.1	HG00735#1#JAHBCH010000067.1	6455284	6455291
y1_HG00735.1#593	y1_HG00735.1	HG00735#1#JAHBCH010000042.1	1669968	1670979
y1_HG00735.1#594	y1_HG00735.1	HG00735#1#JAHBCH010000020.1	49564772	49565873
y1_HG00735.1#595	y1_HG00735.1	HG00735#1#JAHBCH010000005.1	60225547	60294527
y1_HG00735.1#596	y1_HG00735.1	HG00735#1#JAHBCH010000020.1	112930564	112939601
y1_HG00735.1#597	y1_HG00735.1	HG00735#1#JAHBCH010000020.1	23741561	23741563
y1_HG00735.1#598	y1_HG00735.1	HG00735#1#JAHBCH010000009.1	3437829	3437831
y1_HG00735.1#599	y1_HG00735.1	HG00735#1#JAHBCH010000017.1	27361657	27361661
y1_HG00735.1#600	y1_HG00735.1	HG00735#1#JAHBCH010000004.1	146168045	146201892
y1_HG00735.1#601	y1_HG00735.1	HG00735#1#JAHBCH010000029.1	7210904	7211005
y1_HG00735.1#602	y1_HG00735.1	HG00735#1#JAHBCH010000003.1	83524983	83570764
y1_HG00735.1#603	y1_HG00735.1	HG00735#1#JAHBCH010000004.1	132727561	132728381
y1_HG00735.1#604	y1_HG00735.1	HG00735#1#JAHBCH010000028.1	45096993	45097043
y1_HG00735.1#605	y1_HG00735.1	HG00735#1#JAHBCH010000047.1	7541551	7541897
y1_HG00735.1#606	y1_HG00735.1	HG00735#1#JAHBCH010000028.1	40395464	40401471
y1_HG00735.1#607	y1_HG00735.1	HG00735#1#JAHBCH010000171.1	237120	237123
y1_HG00735.1#608	y1_HG00735.1	HG00735#1#JAHBCH010000081.1	7824688	7827758
y1_HG00735.1#609	y1_HG00735.1	HG00735#1#JAHBCH010000046.1	358814	371768
y1_HG00735.1#610	y1_HG00735.1	HG00735#1#JAHBCH010000005.1	19851891	19851896
y1_HG00735.1#611	y1_HG00735.1	HG00735#1#JAHBCH010000074.1	120578	120582
y1_HG00735.1#612	y1_HG00735.1	HG00735#1#JAHBCH010000009.1	16237710	16722203
y1_HG00735.1#613	y1_HG00735.1	HG00735#1#JAHBCH010000022.1	28636380	28636383
y1_HG00735.1#614	y1_HG00735.1	HG00735#1#JAHBCH010000001.1	37486446	37486930
y1_HG00735.1#615	y1_HG00735.1	HG00735#1#JAHBCH010000003.1	12967623	13136738
y1_HG00735.1#616	y1_HG00735.1	HG00735#1#JAHBCH010000036.1	109095232	109723044
y1_HG00735.1#617	y1_HG00735.1	HG00735#1#JAHBCH010000051.1	6095117	6102579
y1_HG00735.1#618	y1_HG00735.1	HG00735#1#JAHBCH010000031.1	5839615	5841519
y1_HG00735.1#619	y1_HG00735.1	HG00735#1#JAHBCH010000007.1	97471921	97471986
y1_HG00735.1#620	y1_HG00735.1	HG00735#1#JAHBCH010000066.1	14082740	14083305
y1_HG00735.1#621	y1_HG00735.1	HG00735#1#JAHBCH010000040.1	11772431	11779969
y1_HG00735.1#622	y1_HG00735.1	HG00735#1#JAHBCH010000033.1	6667142	6667159
y1_HG00735.1#623	y1_HG00735.1	HG00735#1#JAHBCH010000047.1	23516541	23638435
y1_HG00735.1#624	y1_HG00735.1	HG00735#1#JAHBCH010000079.1	1955526	1955756
y1_HG00735.1#625	y1_HG00735.1	HG00735#1#JAHBCH010000014.1	39298221	39474686
y1_HG00735.1#626	y1_HG00735.1	HG00735#1#JAHBCH010000031.1	13861238	13868718
y1_HG00735.1#627	y1_HG00735.1	HG00735#1#JAHBCH010000042.1	2260983	2261402
y1_HG00735.1#628	y1_HG00735.1	HG00735#1#JAHBCH010000006.1	15111362	15112347
y1_HG00735.1#629	y1_HG00735.1	HG00735#1#JAHBCH010000010.1	16216963	16221232
y1_HG00735.1#630	y1_HG00735.1	HG00735#1#JAHBCH010000037.1	34200140	34200157
y1_HG00735.1#631	y1_HG00735.1	HG00735#1#JAHBCH010000016.1	33287078	33287482
y1_HG00735.1#632	y1_HG00735.1	HG00735#1#JAHBCH010000020.1	102071696	102072930
y1_HG00735.1#633	y1_HG00735.1	HG00735#1#JAHBCH010000007.1	130114790	130115105
y1_HG00735.1#634	y1_HG00735.1	HG00735#1#JAHBCH010000001.1	1769365	1771025
y1_HG00735.1#635	y1_HG00735.1	HG00735#1#JAHBCH010000028.1	31425199	31484965
y1_HG00735.1#636	y1_HG00735.1	HG00735#1#JAHBCH010000059.1	9837600	9861117
y1_HG00735.1#637	y1_HG00735.1	HG00735#1#JAHBCH010000032.1	45074110	45074285
y1_HG00735.1#638	y1_HG00735.1	HG00735#1#JAHBCH010000004.1	155708484	155718324
y1_HG00735.1#639	y1_HG00735.1	HG00735#1#JAHBCH010000058.1	33722792	33722804
y1_HG00735.1#640	y1_HG00735.1	HG00735#1#JAHBCH010000061.1	5860000	5999586
y1_HG00735.1#641	y1_HG00735.1	HG00735#1#JAHBCH010000017.1	14066519	14067296
y1_HG00735.1#642	y1_HG00735.1	HG00735#1#JAHBCH010000001.1	20620713	20622445
y1_HG00735.1#643	y1_HG00735.1	HG00735#1#JAHBCH010000004.1	118651991	118657032
y1_HG00735.1#644	y1_HG00735.1	HG00735#1#JAHBCH010000061.1	14425097	14426638
y1_HG00735.1#645	y1_HG00735.1	HG00735#1#JAHBCH010000043.1	2552795	2556358
y1_HG00735.1#646	y1_HG00735.1	HG00735#1#JAHBCH010000070.1	446748	447385
y1_HG00735.1#647	y1_HG00735.1	HG00735#1#JAHBCH010000017.1	54798169	54919298
y1_HG00735.1#648	y1_HG00735.1	HG00735#1#JAHBCH010000007.1	12082632	12082703
y1_HG00735.1#649	y1_HG00735.1	HG00735#1#JAHBCH010000022.1	22895191	23030011
y1_HG00735.1#650	y1_HG00735.1	HG00735#1#JAHBCH010000027.1	21255029	21256486
y1_HG00735.1#651	y1_HG00735.1	HG00735#1#JAHBCH010000071.1	3628947	3666997
y1_HG00735.1#652	y1_HG00735.1	HG00735#1#JAHBCH010000003.1	51112115	51121730
y1_HG00735.1#653	y1_HG00735.1	HG00735#1#JAHBCH010000012.1	12891753	13320199
y1_HG00735.1#654	y1_HG00735.1	HG00735#1#JAHBCH010000029.1	15220101	15220103
y1_HG00735.1#655	y1_HG00735.1	HG00735#1#JAHBCH010000023.1	300169	782971
y1_HG00735.1#656	y1_HG00735.1	HG00735#1#JAHBCH010000013.1	23306012	23316351
y1_HG00735.1#657	y1_HG00735.1	HG00735#1#JAHBCH010000037.1	11316844	11325633
y1_HG00735.1#658	y1_HG00735.1	HG00735#1#JAHBCH010000062.1	43193702	43200978
y1_HG00735.1#659	y1_HG00735.1	HG00735#1#JAHBCH010000004.1	1133454	1133486
y1_HG00735.1#660	y1_HG00735.1	HG00735#1#JAHBCH010000016.1	21080229	21080232
y1_HG00735.1#661	y1_HG00735.1	HG00735#1#JAHBCH010000001.1	43386659	43386693
y1_HG00735.1#662	y1_HG00735.1	HG00735#1#JAHBCH010000062.1	9830790	9848640
y1_HG00735.1#663	y1_HG00735.1	HG00735#1#JAHBCH010000036.1	35117499	35125860
y1_HG00735.1#664	y1_HG00735.1	HG00735#1#JAHBCH010000051.1	4176337	4176346
y1_HG00735.1#665	y1_HG00735.1	HG00735#1#JAHBCH010000003.1	58912087	58913662
y1_HG00735.1#666	y1_HG00735.1	HG00735#1#JAHBCH010000004.1	72827667	72827857
y1_HG00735.1#667	y1_HG00735.1	HG00735#1#JAHBCH010000028.1	43709252	43709741
y1_HG00735.1#668	y1_HG00735.1	HG00735#1#JAHBCH010000020.1	108506934	108513788
y1_HG00735.1#669	y1_HG00735.1	HG00735#1#JAHBCH010000057.1	6301348	6301351
y1_HG00735.1#670	y1_HG00735.1	HG00735#1#JAHBCH010000028.1	44352186	44352259
y1_HG00735.1#671	y1_HG00735.1	HG00735#1#JAHBCH010000020.1	52252848	52252867
y1_HG00735.1#672	y1_HG00735.1	HG00735#1#JAHBCH010000037.1	33473172	33473195
y1_HG00735.1#673	y1_HG00735.1	HG00735#1#JAHBCH010000014.1	73863104	73863846
y1_HG00735.1#674	y1_HG00735.1	HG00735#1#JAHBCH010000020.1	33874666	33881690
y1_HG00735.1#675	y1_HG00735.1	HG00735#1#JAHBCH010000036.1	47704865	48589008
y1_HG00735.1#676	y1_HG00735.1	HG00735#1#JAHBCH010000003.1	120633391	120633393
y1_HG00735.1#677	y1_HG00735.1	HG00735#1#JAHBCH010000002.1	43958857	44066499
y1_HG00735.1#678	y1_HG00735.1	HG00735#1#JAHBCH010000047.1	7368159	7373670
y1_HG00735.1#679	y1_HG00735.1	HG00735#1#JAHBCH010000052.1	1492025	1492027
y1_HG00735.1#680	y1_HG00735.1	HG00735#1#JAHBCH010000042.1	23360047	23840416
y1_HG00735.1#681	y1_HG00735.1	HG00735#1#JAHBCH010000051.1	24378757	24380488
y1_HG00735.1#682	y1_HG00735.1	HG00735#1#JAHBCH010000065.1	19537964	19545387
y1_HG00735.1#683	y1_HG00735.1	HG00735#1#JAHBCH010000020.1	138998501	139050920
y1_HG00735.1#684	y1_HG00735.1	HG00735#1#JAHBCH010000032.1	18170673	18905310
y1_HG00735.1#685	y1_HG00735.1	HG00735#1#JAHBCH010000078.1	1298726	1712897
y1_HG00735.1#686	y1_HG00735.1	HG00735#1#JAHBCH010000002.1	29867276	29867928
y1_HG00735.1#687	y1_HG00735.1	HG00735#1#JAHBCH010000036.1	81123251	81711237
y1_HG00735.1#688	y1_HG00735.1	HG00735#1#JAHBCH010000062.1	9349952	9356029
y1_HG00735.1#689	y1_HG00735.1	HG00735#1#JAHBCH010000006.1	5206299	5245326
y1_HG00735.1#690	y1_HG00735.1	HG00735#1#JAHBCH010000002.1	90179815	90279141
y1_HG00735.1#691	y1_HG00735.1	HG00735#1#JAHBCH010000080.1	863223	971047
y1_HG00735.1#692	y1_HG00735.1	HG00735#1#JAHBCH010000006.1	50952712	50972194
y1_HG00735.1#693	y1_HG00735.1	HG00735#1#JAHBCH010000053.1	6363816	7052869
y1_HG00735.1#694	y1_HG00735.1	HG00735#1#JAHBCH010000020.1	60010983	60021263
y1_HG00735.1#695	y1_HG00735.1	HG00735#1#JAHBCH010000050.1	7372024	7372045
y1_HG00735.1#696	y1_HG00735.1	HG00735#1#JAHBCH010000065.1	1136837	1475183
y1_HG00735.1#697	y1_HG00735.1	HG00735#1#JAHBCH010000020.1	17011153	17011155
y1_HG00735.1#698	y1_HG00735.1	HG00735#1#JAHBCH010000005.1	19046726	19046732
y1_HG00735.1#699	y1_HG00735.1	HG00735#1#JAHBCH010000089.1	9314591	9314656
y1_HG00735.1#700	y1_HG00735.1	HG00735#1#JAHBCH010000016.1	10262427	10481701
y1_HG00735.1#701	y1_HG00735.1	HG00735#1#JAHBCH010000029.1	38010252	38010981
y1_HG00735.1#702	y1_HG00735.1	HG00735#1#JAHBCH010000086.1	5065421	5079658
y1_HG00735.1#703	y1_HG00735.1	HG00735#1#JAHBCH010000036.1	35134417	35134420
y1_HG00735.1#704	y1_HG00735.1	HG00735#1#JAHBCH010000055.1	32082296	32082298
y1_HG00735.1#705	y1_HG00735.1	HG00735#1#JAHBCH010000002.1	112007242	112007277
y1_HG00735.1#706	y1_HG00735.1	HG00735#1#JAHBCH010000046.1	9350870	9353106
y1_HG00735.1#707	y1_HG00735.1	HG00735#1#JAHBCH010000036.1	64051880	64065102
y1_HG00735.1#708	y1_HG00735.1	HG00735#1#JAHBCH010000006.1	51127197	51127209
y1_HG00735.1#709	y1_HG00735.1	HG00735#1#JAHBCH010000020.1	58943935	59173558
y1_HG00735.1#710	y1_HG00735.1	HG00735#1#JAHBCH010000100.1	306673	307226
y1_HG00735.1#711	y1_HG00735.1	HG00735#1#JAHBCH010000047.1	20200436	20665637
y1_HG00735.1#712	y1_HG00735.1	HG00735#1#JAHBCH010000042.1	2992101	2993070
y1_HG00735.1#713	y1_HG00735.1	HG00735#1#JAHBCH010000112.1	1565028	1693633
y1_HG00735.1#714	y1_HG00735.1	HG00735#1#JAHBCH010000003.1	38778901	38836633
y1_HG00735.1#715	y1_HG00735.1	HG00735#1#JAHBCH010000039.1	5947355	6156745
y1_HG00735.1#716	y1_HG00735.1	HG00735#1#JAHBCH010000036.1	66891672	66891675
y1_HG00735.1#717	y1_HG00735.1	HG00735#1#JAHBCH010000033.1	25104632	25104641
y1_HG00735.1#718	y1_HG00735.1	HG00735#1#JAHBCH010000036.1	66190840	66190845
y1_HG00735.1#719	y1_HG00735.1	HG00735#1#JAHBCH010000037.1	49433735	49433822
y1_HG00735.1#720	y1_HG00735.1	HG00735#1#JAHBCH010000067.1	16772859	16844472
y1_HG00735.1#721	y1_HG00735.1	HG00735#1#JAHBCH010000066.1	8081213	8081839
y1_HG00735.1#722	y1_HG00735.1	HG00735#1#JAHBCH010000054.1	7870875	7871722
y1_HG00735.1#723	y1_HG00735.1	HG00735#1#JAHBCH010000268.1	0	42837
y1_HG00735.1#724	y1_HG00735.1	HG00735#1#JAHBCH010000025.1	37274956	37275082
y1_HG00735.1#725	y1_HG00735.1	HG00735#1#JAHBCH010000011.1	54197207	54197245
y1_HG00735.1#726	y1_HG00735.1	HG00735#1#JAHBCH010000071.1	4811945	4811949
y1_HG00735.1#727	y1_HG00735.1	HG00735#1#JAHBCH010000032.1	35745791	35750633
y1_HG00735.1#728	y1_HG00735.1	HG00735#1#JAHBCH010000007.1	25730875	26452045
y1_HG00735.1#729	y1_HG00735.1	HG00735#1#JAHBCH010000016.1	15895012	15936246
y1_HG00735.1#730	y1_HG00735.1	HG00735#1#JAHBCH010000006.1	47104194	47119437
y1_HG00735.1#731	y1_HG00735.1	HG00735#1#JAHBCH010000078.1	17662653	17662661
y1_HG00735.1#732	y1_HG00735.1	HG00735#1#JAHBCH010000006.1	41046155	41046171
y1_HG00735.1#733	y1_HG00735.1	HG00735#1#JAHBCH010000012.1	11949559	11949562
y1_HG00735.1#734	y1_HG00735.1	HG00735#1#JAHBCH010000037.1	3345677	3378999
y1_HG00735.1#735	y1_HG00735.1	HG00735#1#JAHBCH010000036.1	87660063	87709786
y1_HG00735.1#736	y1_HG00735.1	HG00735#1#JAHBCH010000006.1	22298687	22298695
y1_HG00735.1#737	y1_HG00735.1	HG00735#1#JAHBCH010000020.1	135290308	135290310
y1_HG00735.1#738	y1_HG00735.1	HG00735#1#JAHBCH010000033.1	4465502	4474007
y1_HG00735.1#739	y1_HG00735.1	HG00735#1#JAHBCH010000112.1	699937	715361
y1_HG00735.1#740	y1_HG00735.1	HG00735#1#JAHBCH010000040.1	25154847	25154854
y1_HG00735.1#741	y1_HG00735.1	HG00735#1#JAHBCH010000002.1	10038058	11046144
y1_HG00735.1#742	y1_HG00735.1	HG00735#1#JAHBCH010000007.1	128141411	128182645
y1_HG00735.1#743	y1_HG00735.1	HG00735#1#JAHBCH010000058.1	17700950	17701058
y1_HG00735.1#744	y1_HG00735.1	HG00735#1#JAHBCH010000004.1	113838346	113838490
y1_HG00735.1#745	y1_HG00735.1	HG00735#1#JAHBCH010000005.1	25335490	25336625
y1_HG00735.1#746	y1_HG00735.1	HG00735#1#JAHBCH010000011.1	58441382	58442198
y1_HG00735.1#747	y1_HG00735.1	HG00735#1#JAHBCH010000016.1	24211025	24422668
y1_HG00735.1#748	y1_HG00735.1	HG00735#1#JAHBCH010000036.1	94683555	94683557
y1_HG00735.1#749	y1_HG00735.1	HG00735#1#JAHBCH010000013.1	16207753	16267588
y1_HG00735.1#750	y1_HG00735.1	HG00735#1#JAHBCH010000058.1	3472779	3473771
y1_HG00735.1#751	y1_HG00735.1	HG00735#1#JAHBCH010000032.1	43774945	43775281
y1_HG00735.1#752	y1_HG00735.1	HG00735#1#JAHBCH010000004.1	46986037	47287193
y1_HG00735.1#753	y1_HG00735.1	HG00735#1#JAHBCH010000025.1	41280845	41281153
y1_HG00735.1#754	y1_HG00735.1	HG00735#1#JAHBCH010000018.1	24093130	24093168
y1_HG00735.1#755	y1_HG00735.1	HG00735#1#JAHBCH010000046.1	21755473	21755476
y1_HG00735.1#756	y1_HG00735.1	HG00735#1#JAHBCH010000059.1	3668001	3668007
y1_HG00735.1#757	y1_HG00735.1	HG00735#1#JAHBCH010000005.1	2937693	3274488
y1_HG00735.1#758	y1_HG00735.1	HG00735#1#JAHBCH010000022.1	1342107	1342558
y1_HG00735.1#759	y1_HG00735.1	HG00735#1#JAHBCH010000020.1	107687646	107687648
y1_HG00735.1#760	y1_HG00735.1	HG00735#1#JAHBCH010000002.1	87623912	87623952
y1_HG00735.1#761	y1_HG00735.1	HG00735#1#JAHBCH010000047.1	23470908	23472252
y1_HG00735.1#762	y1_HG00735.1	HG00735#1#JAHBCH010000003.1	12111707	12112003
y1_HG00735.1#763	y1_HG00735.1	HG00735#1#JAHBCH010000006.1	30700271	30700295
y1_HG00735.1#764	y1_HG00735.1	HG00735#1#JAHBCH010000002.1	35801792	35805543
y1_HG00735.1#765	y1_HG00735.1	HG00735#1#JAHBCH010000032.1	10674610	10700590
y1_HG00735.1#766	y1_HG00735.1	HG00735#1#JAHBCH010000112.1	1546317	1639307
y1_HG00735.1#767	y1_HG00735.1	HG00735#1#JAHBCH010000002.1	87229918	87229921
y1_HG00735.1#768	y1_HG00735.1	HG00735#1#JAHBCH010000033.1	65895724	65900955
y1_HG00735.1#769	y1_HG00735.1	HG00735#1#JAHBCH010000014.1	64238404	64240556
y1_HG00735.1#770	y1_HG00735.1	HG00735#1#JAHBCH010000007.1	20660294	20660449
y1_HG00735.1#771	y1_HG00735.1	HG00735#1#JAHBCH010000027.1	18762464	18797749
y1_HG00735.1#772	y1_HG00735.1	HG00735#1#JAHBCH010000031.1	30164051	30164061
y1_HG00735.1#773	y1_HG00735.1	HG00735#1#JAHBCH010000057.1	8010931	8011085
y1_HG00735.1#774	y1_HG00735.1	HG00735#1#JAHBCH010000046.1	29848	95030
y1_HG00735.1#775	y1_HG00735.1	HG00735#1#JAHBCH010000058.1	10747533	10748685
y1_HG00735.1#776	y1_HG00735.1	HG00735#1#JAHBCH010000040.1	38160848	38164755
y1_HG00735.1#777	y1_HG00735.1	HG00735#1#JAHBCH010000034.1	26005362	26005411
y1_HG00735.1#778	y1_HG00735.1	HG00735#1#JAHBCH010000014.1	8904515	8904517
y1_HG00735.1#779	y1_HG00735.1	HG00735#1#JAHBCH010000036.1	89455499	89455878
y1_HG00735.1#780	y1_HG00735.1	HG00735#1#JAHBCH010000006.1	20869845	20877606
y1_HG00735.1#781	y1_HG00735.1	HG00735#1#JAHBCH010000011.1	27580370	27580407
y1_HG00735.1#782	y1_HG00735.1	HG00735#1#JAHBCH010000073.1	7140822	7141177
y1_HG00735.1#783	y1_HG00735.1	HG00735#1#JAHBCH010000033.1	18609990	18679127
y1_HG00735.1#784	y1_HG00735.1	HG00735#1#JAHBCH010000028.1	1497207	1501074
y1_HG00735.1#785	y1_HG00735.1	HG00735#1#JAHBCH010000065.1	13267982	13333871
y1_HG00735.1#786	y1_HG00735.1	HG00735#1#JAHBCH010000036.1	12929116	12929119
y1_HG00735.1#787	y1_HG00735.1	HG00735#1#JAHBCH010000049.1	5458999	5506924
y1_HG00735.1#788	y1_HG00735.1	HG00735#1#JAHBCH010000063.1	2796410	2830848
y1_HG00735.1#789	y1_HG00735.1	HG00735#1#JAHBCH010000009.1	2946783	2946785
y1_HG00735.1#790	y1_HG00735.1	HG00735#1#JAHBCH010000007.1	66787783	66787851
y1_HG00735.1#791	y1_HG00735.1	HG00735#1#JAHBCH010000027.1	16309797	16309820
y1_HG00735.1#792	y1_HG00735.1	HG00735#1#JAHBCH010000067.1	12401715	12462238
y1_HG00735.1#793	y1_HG00735.1	HG00735#1#JAHBCH010000015.1	1910875	1910879
y1_HG00735.1#794	y1_HG00735.1	HG00735#1#JAHBCH010000011.1	4155514	4190581
y1_HG00735.1#795	y1_HG00735.1	HG00735#1#JAHBCH010000037.1	15588555	15588739
y1_HG00735.1#796	y1_HG00735.1	HG00735#1#JAHBCH010000017.1	14378470	14378513
y1_HG00735.1#797	y1_HG00735.1	HG00735#1#JAHBCH010000004.1	51693747	51695439
y1_HG00735.1#798	y1_HG00735.1	HG00735#1#JAHBCH010000050.1	6518275	6518372
y1_HG00735.1#799	y1_HG00735.1	HG00735#1#JAHBCH010000033.1	21166001	21166017
y1_HG00735.1#800	y1_HG00735.1	HG00735#1#JAHBCH010000138.1	579929	602559
y1_HG00735.1#801	y1_HG00735.1	HG00735#1#JAHBCH010000058.1	48906914	48907435
y1_HG00735.1#802	y1_HG00735.1	HG00735#1#JAHBCH010000018.1	29453130	29453628
y1_HG00735.1#803	y1_HG00735.1	HG00735#1#JAHBCH010000031.1	54705064	54705071
y1_HG00735.1#804	y1_HG00735.1	HG00735#1#JAHBCH010000065.1	14744996	14787560
y1_HG00735.1#805	y1_HG00735.1	HG00735#1#JAHBCH010000018.1	2548147	2798804
y1_HG00735.1#806	y1_HG00735.1	HG00735#1#JAHBCH010000011.1	74308870	74313442
y1_HG00735.1#807	y1_HG00735.1	HG00735#1#JAHBCH010000004.1	78904737	79366385
y1_HG00735.1#808	y1_HG00735.1	HG00735#1#JAHBCH010000002.1	27501085	27569289
y1_HG00735.1#809	y1_HG00735.1	HG00735#1#JAHBCH010000209.1	0	164392
y1_HG00735.1#810	y1_HG00735.1	HG00735#1#JAHBCH010000028.1	19061661	19064615
y1_HG00735.1#811	y1_HG00735.1	HG00735#1#JAHBCH010000036.1	32065280	32065365
y1_HG00735.1#812	y1_HG00735.1	HG00735#1#JAHBCH010000089.1	11092671	11094801
y1_HG00735.1#813	y1_HG00735.1	HG00735#1#JAHBCH010000013.1	6628386	6628948
y1_HG00735.1#814	y1_HG00735.1	HG00735#1#JAHBCH010000004.1	134652046	134652048
y1_HG00735.1#815	y1_HG00735.1	HG00735#1#JAHBCH010000011.1	17117292	17160237
y1_HG00735.1#816	y1_HG00735.1	HG00735#1#JAHBCH010000039.1	11044111	11107014
y1_HG00735.1#817	y1_HG00735.1	HG00735#1#JAHBCH010000020.1	13707388	13883826
y1_HG00735.1#818	y1_HG00735.1	HG00735#1#JAHBCH010000032.1	41290609	41290616
y1_HG00735.1#819	y1_HG00735.1	HG00735#1#JAHBCH010000057.1	7333851	7333923
y1_HG00735.1#820	y1_HG00735.1	HG00735#1#JAHBCH010000003.1	2903985	2904381
y1_HG00735.1#821	y1_HG00735.1	HG00735#1#JAHBCH010000086.1	15877777	16048749
y1_HG00735.1#822	y1_HG00735.1	HG00735#1#JAHBCH010000025.1	17149041	17153649
y1_HG00735.1#823	y1_HG00735.1	HG00735#1#JAHBCH010000073.1	3970343	3970345
y1_HG00735.1#824	y1_HG00735.1	HG00735#1#JAHBCH010000003.1	31637487	31786590
y1_HG00735.1#825	y1_HG00735.1	HG00735#1#JAHBCH010000017.1	13896419	13933839
y1_HG00735.1#826	y1_HG00735.1	HG00735#1#JAHBCH010000034.1	36096869	36096887
y1_HG00735.1#827	y1_HG00735.1	HG00735#1#JAHBCH010000048.1	25569797	25571120
y1_HG00735.1#828	y1_HG00735.1	HG00735#1#JAHBCH010000042.1	18936780	19376082
y1_HG00735.1#829	y1_HG00735.1	HG00735#1#JAHBCH010000011.1	72449653	72450913
y1_HG00735.1#830	y1_HG00735.1	HG00735#1#JAHBCH010000007.1	81447274	81447276
y1_HG00735.1#831	y1_HG00735.1	HG00735#1#JAHBCH010000020.1	22275782	22276215
y1_HG00735.1#832	y1_HG00735.1	HG00735#1#JAHBCH010000022.1	31607077	31607182
y1_HG00735.1#833	y1_HG00735.1	HG00735#1#JAHBCH010000013.1	23528765	23528769
y1_HG00735.1#834	y1_HG00735.1	HG00735#1#JAHBCH010000046.1	8740579	8740586
y1_HG00735.1#835	y1_HG00735.1	HG00735#1#JAHBCH010000028.1	51238970	51239121
y1_HG00735.1#836	y1_HG00735.1	HG00735#1#JAHBCH010000011.1	100636388	100636626
y1_HG00735.1#837	y1_HG00735.1	HG00735#1#JAHBCH010000022.1	15777673	15777907
y1_HG00735.1#838	y1_HG00735.1	HG00735#1#JAHBCH010000002.1	53258434	53269422
y1_HG00735.1#839	y1_HG00735.1	HG00735#1#JAHBCH010000003.1	113969937	113969939
y1_HG00735.1#840	y1_HG00735.1	HG00735#1#JAHBCH010000004.1	58407659	58486970
y1_HG00735.1#841	y1_HG00735.1	HG00735#1#JAHBCH010000049.1	1771444	1771474
y1_HG00735.1#842	y1_HG00735.1	HG00735#1#JAHBCH010000009.1	19116640	19116644
y1_HG00735.1#843	y1_HG00735.1	HG00735#1#JAHBCH010000001.1	41830950	41831537
y1_HG00735.1#844	y1_HG00735.1	HG00735#1#JAHBCH010000036.1	47765117	47765221
y1_HG00735.1#845	y1_HG00735.1	HG00735#1#JAHBCH010000055.1	18376523	18376525
y1_HG00735.1#846	y1_HG00735.1	HG00735#1#JAHBCH010000046.1	23711973	23711976
y1_HG00735.1#847	y1_HG00735.1	HG00735#1#JAHBCH010000064.1	2662740	2664356
y1_HG00735.1#848	y1_HG00735.1	HG00735#1#JAHBCH010000032.1	6164108	6664038
y1_HG00735.1#849	y1_HG00735.1	HG00735#1#JAHBCH010000020.1	60560868	60564332
y1_HG00735.1#850	y1_HG00735.1	HG00735#1#JAHBCH010000014.1	4625507	4625604
y1_HG00735.1#851	y1_HG00735.1	HG00735#1#JAHBCH010000004.1	104593327	104596661
y1_HG00735.1#852	y1_HG00735.1	HG00735#1#JAHBCH010000017.1	25449739	25461138
y1_HG00735.1#853	y1_HG00735.1	HG00735#1#JAHBCH010000074.1	6579270	6579939
y1_HG00735.1#854	y1_HG00735.1	HG00735#1#JAHBCH010000020.1	109365829	109465573
y1_HG00735.1#855	y1_HG00735.1	HG00735#1#JAHBCH010000036.1	24513484	24590115
y1_HG00735.1#856	y1_HG00735.1	HG00735#1#JAHBCH010000010.1	7277644	7277648
y1_HG00735.1#857	y1_HG00735.1	HG00735#1#JAHBCH010000080.1	2684476	2684478
y1_HG00735.1#858	y1_HG00735.1	HG00735#1#JAHBCH010000038.1	8841921	8841924
y1_HG00735.1#859	y1_HG00735.1	HG00735#1#JAHBCH010000002.1	63718326	63718459
y1_HG00735.1#860	y1_HG00735.1	HG00735#1#JAHBCH010000001.1	1028351	1029238
y1_HG00735.1#861	y1_HG00735.1	HG00735#1#JAHBCH010000016.1	27025718	27027051
y1_HG00735.1#862	y1_HG00735.1	HG00735#1#JAHBCH010000011.1	95117087	95675266
y1_HG00735.1#863	y1_HG00735.1	HG00735#1#JAHBCH010000128.1	0	350051
y1_HG00735.1#864	y1_HG00735.1	HG00735#1#JAHBCH010000004.1	56824931	56831173
y1_HG00735.1#865	y1_HG00735.1	HG00735#1#JAHBCH010000033.1	11398903	11398950
y1_HG00735.1#866	y1_HG00735.1	HG00735#1#JAHBCH010000078.1	319009	320383
y1_HG00735.1#867	y1_HG00735.1	HG00735#1#JAHBCH010000114.1	1290768	1291994
y1_HG00735.1#868	y1_HG00735.1	HG00735#1#JAHBCH010000005.1	53864867	53864874
y1_HG00735.1#869	y1_HG00735.1	HG00735#1#JAHBCH010000011.1	75152970	75152975
y1_HG00735.1#870	y1_HG00735.1	HG00735#1#JAHBCH010000042.1	20045960	20153954
y1_HG00735.1#871	y1_HG00735.1	HG00735#1#JAHBCH010000007.1	8083955	8084726
y1_HG00735.1#872	y1_HG00735.1	HG00735#1#JAHBCH010000048.1	17988208	17988215
y1_HG00735.1#873	y1_HG00735.1	HG00735#1#JAHBCH010000018.1	19247632	19492202
y1_HG00735.1#874	y1_HG00735.1	HG00735#1#JAHBCH010000047.1	11512943	11512953
y1_HG00735.1#875	y1_HG00735.1	HG00735#1#JAHBCH010000020.1	139594841	139595081
y1_HG00735.1#876	y1_HG00735.1	HG00735#1#JAHBCH010000006.1	6159204	6159206
y1_HG00735.1#877	y1_HG00735.1	HG00735#1#JAHBCH010000027.1	8573888	8574128
y1_HG00735.1#878	y1_HG00735.1	HG00735#1#JAHBCH010000055.1	21289652	21291547
y1_HG00735.1#879	y1_HG00735.1	HG00735#1#JAHBCH010000031.1	39693177	39699612
y1_HG00735.1#880	y1_HG00735.1	HG00735#1#JAHBCH010000080.1	4458984	4624394
y1_HG00735.1#881	y1_HG00735.1	HG00735#1#JAHBCH010000011.1	35742095	36223619
y1_HG00735.1#882	y1_HG00735.1	HG00735#1#JAHBCH010000010.1	16579243	17161986
y1_HG00735.1#883	y1_HG00735.1	HG00735#1#JAHBCH010000003.1	59818422	59818444
y1_HG00735.1#884	y1_HG00735.1	HG00735#1#JAHBCH010000047.1	45076916	45077334
y1_HG00735.1#885	y1_HG00735.1	HG00735#1#JAHBCH010000014.1	99231749	99485573
y1_HG00735.1#886	y1_HG00735.1	HG00735#1#JAHBCH010000036.1	41529015	42034099
y1_HG00735.1#887	y1_HG00735.1	HG00735#1#JAHBCH010000004.1	69517096	69524633
y1_HG00735.1#888	y1_HG00735.1	HG00735#1#JAHBCH010000020.1	103667889	103667968
y1_HG00735.1#889	y1_HG00735.1	HG00735#1#JAHBCH010000062.1	37946683	37946687
y1_HG00735.1#890	y1_HG00735.1	HG00735#1#JAHBCH010000027.1	4656495	4656514
y1_HG00735.1#891	y1_HG00735.1	HG00735#1#JAHBCH010000007.1	78275579	78303381
y1_HG00735.1#892	y1_HG00735.1	HG00735#1#JAHBCH010000072.1	1911775	1966720
y1_HG00735.1#893	y1_HG00735.1	HG00735#1#JAHBCH010000004.1	63846840	63846842
y1_HG00735.1#894	y1_HG00735.1	HG00735#1#JAHBCH010000012.1	3642801	3643437
y1_HG00735.1#895	y1_HG00735.1	HG00735#1#JAHBCH010000040.1	26529824	26532077
y1_HG00735.1#896	y1_HG00735.1	HG00735#1#JAHBCH010000074.1	5127437	5127439
y1_HG00735.1#897	y1_HG00735.1	HG00735#1#JAHBCH010000015.1	27794639	27794650
y1_HG00735.1#898	y1_HG00735.1	HG00735#1#JAHBCH010000032.1	13951246	13951574
y1_HG00735.1#899	y1_HG00735.1	HG00735#1#JAHBCH010000037.1	51175501	51175511
y1_HG00735.1#900	y1_HG00735.1	HG00735#1#JAHBCH010000013.1	32210602	32235104
y1_HG00735.1#901	y1_HG00735.1	HG00735#1#JAHBCH010000031.1	42329587	42329592
y1_HG00735.1#902	y1_HG00735.1	HG00735#1#JAHBCH010000005.1	23740787	23740789
y1_HG00735.1#903	y1_HG00735.1	HG00735#1#JAHBCH010000037.1	29913461	29913494
y1_HG00735.1#904	y1_HG00735.1	HG00735#1#JAHBCH010000002.1	73570041	73642863
y1_HG00735.1#905	y1_HG00735.1	HG00735#1#JAHBCH010000020.1	104664307	104664468
y1_HG00735.1#906	y1_HG00735.1	HG00735#1#JAHBCH010000017.1	56051326	56127405
y1_HG00735.1#907	y1_HG00735.1	HG00735#1#JAHBCH010000018.1	31941607	32734614
y1_HG00735.1#908	y1_HG00735.1	HG00735#1#JAHBCH010000007.1	72673007	72684197
y1_HG00735.1#909	y1_HG00735.1	HG00735#1#JAHBCH010000036.1	68270685	68325607
y1_HG00735.1#910	y1_HG00735.1	HG00735#1#JAHBCH010000063.1	7673741	7968290
y1_HG00735.1#911	y1_HG00735.1	HG00735#1#JAHBCH010000020.1	34392329	34478330
y1_HG00735.1#912	y1_HG00735.1	HG00735#1#JAHBCH010000015.1	18169577	18169924
y1_HG00735.1#913	y1_HG00735.1	HG00735#1#JAHBCH010000051.1	6455585	6455597
y1_HG00735.1#914	y1_HG00735.1	HG00735#1#JAHBCH010000007.1	106839055	106839075
y1_HG00735.1#915	y1_HG00735.1	HG00735#1#JAHBCH010000038.1	5654638	5794574
y1_HG00735.1#916	y1_HG00735.1	HG00735#1#JAHBCH010000020.1	61611574	61611580
y1_HG00735.1#917	y1_HG00735.1	HG00735#1#JAHBCH010000016.1	4863183	5045081
y1_HG00735.1#918	y1_HG00735.1	HG00735#1#JAHBCH010000062.1	11024248	11037373
y1_HG00735.1#919	y1_HG00735.1	HG00735#1#JAHBCH010000055.1	28551538	28558190
y1_HG00735.1#920	y1_HG00735.1	HG00735#1#JAHBCH010000030.1	1157323	1159188
y1_HG00735.1#921	y1_HG00735.1	HG00735#1#JAHBCH010000020.1	67771998	67814479
y1_HG00735.1#922	y1_HG00735.1	HG00735#1#JAHBCH010000001.1	41150043	41150073
y1_HG00735.1#923	y1_HG00735.1	HG00735#1#JAHBCH010000036.1	60775533	60782210
y1_HG00735.1#924	y1_HG00735.1	HG00735#1#JAHBCH010000017.1	1317664	1343364
y1_HG00735.1#925	y1_HG00735.1	HG00735#1#JAHBCH010000047.1	32165329	32165874
y1_HG00735.1#926	y1_HG00735.1	HG00735#1#JAHBCH010000033.1	34482131	34514797
y1_HG00735.1#927	y1_HG00735.1	HG00735#1#JAHBCH010000027.1	30559933	30567103
y1_HG00735.1#928	y1_HG00735.1	HG00735#1#JAHBCH010000022.1	18810928	18810931
y1_HG00735.1#929	y1_HG00735.1	HG00735#1#JAHBCH010000032.1	56173141	56173143
y1_HG00735.1#930	y1_HG00735.1	HG00735#1#JAHBCH010000003.1	5066436	5241640
y1_HG00735.1#931	y1_HG00735.1	HG00735#1#JAHBCH010000023.1	8909593	8909603
y1_HG00735.1#932	y1_HG00735.1	HG00735#1#JAHBCH010000003.1	69670124	69670141
y1_HG00735.1#933	y1_HG00735.1	HG00735#1#JAHBCH010000004.1	33589325	33624467
y1_HG00735.1#934	y1_HG00735.1	HG00735#1#JAHBCH010000003.1	77696203	77704947
y1_HG00735.1#935	y1_HG00735.1	HG00735#1#JAHBCH010000011.1	32637945	32637977
y1_HG00735.1#936	y1_HG00735.1	HG00735#1#JAHBCH010000065.1	17869759	17869775
y1_HG00735.1#937	y1_HG00735.1	HG00735#1#JAHBCH010000014.1	69061330	69517237
y1_HG00735.1#938	y1_HG00735.1	HG00735#1#JAHBCH010000047.1	46883364	46888958
y1_HG00735.1#939	y1_HG00735.1	HG00735#1#JAHBCH010000067.1	12587616	12618080
y1_HG00735.1#940	y1_HG00735.1	HG00735#1#JAHBCH010000058.1	17350525	17350566
y1_HG00735.1#941	y1_HG00735.1	HG00735#1#JAHBCH010000002.1	115487708	115487930
y1_HG00735.1#942	y1_HG00735.1	HG00735#1#JAHBCH010000064.1	5802769	5867544
y1_HG00735.1#943	y1_HG00735.1	HG00735#1#JAHBCH010000067.1	2492945	2501393
y1_HG00735.1#944	y1_HG00735.1	HG00735#1#JAHBCH010000022.1	15652552	15652556
y1_HG00735.1#945	y1_HG00735.1	HG00735#1#JAHBCH010000011.1	5965313	6195574
y1_HG00735.1#946	y1_HG00735.1	HG00735#1#JAHBCH010000001.1	36043115	36043193
y1_HG00735.1#947	y1_HG00735.1	HG00735#1#JAHBCH010000025.1	27228157	27228542
y1_HG00735.1#948	y1_HG00735.1	HG00735#1#JAHBCH010000022.1	22177710	22179727
y1_HG00735.1#949	y1_HG00735.1	HG00735#1#JAHBCH010000035.1	8784561	8784564
y1_HG00735.1#950	y1_HG00735.1	HG00735#1#JAHBCH010000081.1	8744740	8744766
y1_HG00735.1#951	y1_HG00735.1	HG00735#1#JAHBCH010000014.1	35288522	35295595
y1_HG00735.1#952	y1_HG00735.1	HG00735#1#JAHBCH010000014.1	74254360	74254384
y1_HG00735.1#953	y1_HG00735.1	HG00735#1#JAHBCH010000012.1	8530219	8531397
y1_HG00735.1#954	y1_HG00735.1	HG00735#1#JAHBCH010000020.1	104195833	104195887
y1_HG00735.1#955	y1_HG00735.1	HG00735#1#JAHBCH010000031.1	34408466	34409093
y1_HG00735.1#956	y1_HG00735.1	HG00735#1#JAHBCH010000027.1	5314283	5337588
y1_HG00735.1#957	y1_HG00735.1	HG00735#1#JAHBCH010000002.1	100380568	100724224
y1_HG00735.1#958	y1_HG00735.1	HG00735#1#JAHBCH010000094.1	196020	225799
y1_HG00735.1#959	y1_HG00735.1	HG00735#1#JAHBCH010000059.1	12991902	12991909
y1_HG00735.1#960	y1_HG00735.1	HG00735#1#JAHBCH010000047.1	44835338	44835340
y1_HG00735.1#961	y1_HG00735.1	HG00735#1#JAHBCH010000003.1	66549731	66677911
y1_HG00735.1#962	y1_HG00735.1	HG00735#1#JAHBCH010000018.1	15343299	15880962
y1_HG00735.1#963	y1_HG00735.1	HG00735#1#JAHBCH010000029.1	31005937	31005951
y1_HG00735.1#964	y1_HG00735.1	HG00735#1#JAHBCH010000005.1	12390549	12390587
y1_HG00735.1#965	y1_HG00735.1	HG00735#1#JAHBCH010000004.1	5981620	6069661
y1_HG00735.1#966	y1_HG00735.1	HG00735#1#JAHBCH010000020.1	57626429	57626462
y1_HG00735.1#967	y1_HG00735.1	HG00735#1#JAHBCH010000020.1	35239555	35255272
y1_HG00735.1#968	y1_HG00735.1	HG00735#1#JAHBCH010000062.1	7566382	7566411
y1_HG00735.1#969	y1_HG00735.1	HG00735#1#JAHBCH010000073.1	14299295	14448578
y1_HG00735.1#970	y1_HG00735.1	HG00735#1#JAHBCH010000065.1	2766832	2766836
y1_HG00735.1#971	y1_HG00735.1	HG00735#1#JAHBCH010000020.1	63236732	63236740
y1_HG00735.1#972	y1_HG00735.1	HG00735#1#JAHBCH010000037.1	44870694	45144325
y1_HG00735.1#973	y1_HG00735.1	HG00735#1#JAHBCH010000037.1	44821717	44821727
y1_HG00735.1#974	y1_HG00735.1	HG00735#1#JAHBCH010000014.1	54692640	54730699
y1_HG00735.1#975	y1_HG00735.1	HG00735#1#JAHBCH010000088.1	3533695	3533716
y1_HG00735.1#976	y1_HG00735.1	HG00735#1#JAHBCH010000010.1	33260333	33273065
y1_HG00735.1#977	y1_HG00735.1	HG00735#1#JAHBCH010000043.1	1848710	1850332
y1_HG00735.1#978	y1_HG00735.1	HG00735#1#JAHBCH010000017.1	45923137	46330508
y1_HG00735.1#979	y1_HG00735.1	HG00735#1#JAHBCH010000048.1	26731624	26957415
y1_HG00735.1#980	y1_HG00735.1	HG00735#1#JAHBCH010000020.1	57957712	57958092
y1_HG00735.1#981	y1_HG00735.1	HG00735#1#JAHBCH010000071.1	573819	574383
y1_HG00735.1#982	y1_HG00735.1	HG00735#1#JAHBCH010000045.1	327553	750196
y1_HG00735.1#983	y1_HG00735.1	HG00735#1#JAHBCH010000013.1	20376230	20378231
y1_HG00735.1#984	y1_HG00735.1	HG00735#1#JAHBCH010000012.1	17956758	18005718
y1_HG00735.1#985	y1_HG00735.1	HG00735#1#JAHBCH010000110.1	5978026	5978330
y1_HG00735.1#986	y1_HG00735.1	HG00735#1#JAHBCH010000099.1	214853	214902
y1_HG00735.1#987	y1_HG00735.1	HG00735#1#JAHBCH010000027.1	17920035	17985180
y1_HG00735.1#988	y1_HG00735.1	HG00735#1#JAHBCH010000019.1	4320958	4330461
y1_HG00735.1#989	y1_HG00735.1	HG00735#1#JAHBCH010000004.1	65201951	65244176
y1_HG00735.1#990	y1_HG00735.1	HG00735#1#JAHBCH010000011.1	24828559	24828670
y1_HG00735.1#991	y1_HG00735.1	HG00735#1#JAHBCH010000011.1	38009570	38012190
y1_HG00735.1#992	y1_HG00735.1	HG00735#1#JAHBCH010000039.1	5082223	5082234
y1_HG00735.1#993	y1_HG00735.1	HG00735#1#JAHBCH010000047.1	39935065	39935077
y1_HG00735.1#994	y1_HG00735.1	HG00735#1#JAHBCH010000069.1	78782	78784
y1_HG00735.1#995	y1_HG00735.1	HG00735#1#JAHBCH010000028.1	44037856	44037860
y1_HG00735.1#996	y1_HG00735.1	HG00735#1#JAHBCH010000061.1	6154033	6157106
y1_HG00735.1#997	y1_HG00735.1	HG00735#1#JAHBCH010000011.1	4489234	4518926
y1_HG00735.1#998	y1_HG00735.1	HG00735#1#JAHBCH010000097.1	75692	75796
y1_HG00735.1#999	y1_HG00735.1	HG00735#1#JAHBCH010000004.1	47108433	47122546
y1_HG00735.2#0	y1_HG00735.2	HG00735#2#JAHBCG010000008.1	34547607	34571842
y1_HG00735.2#1	y1_HG00735.2	HG00735#2#JAHBCG010000090.1	18379685	18392290
y1_HG00735.2#2	y1_HG00735.2	HG00735#2#JAHBCG010000022.1	6612672	6613144
y1_HG00735.2#3	y1_HG00735.2	HG00735#2#JAHBCG010000062.1	35323677	35874451
y1_HG00735.2#4	y1_HG00735.2	HG00735#2#JAHBCG010000015.1	890372	891928
y1_HG00735.2#5	y1_HG00735.2	HG00735#2#JAHBCG010000010.1	84236597	84260354
y1_HG00735.2#6	y1_HG00735.2	HG00735#2#JAHBCG010000075.1	257776	265229
y1_HG00735.2#7	y1_HG00735.2	HG00735#2#JAHBCG010000108.1	20188370	20188372
y1_HG00735.2#8	y1_HG00735.2	HG00735#2#JAHBCG010000039.1	55007084	55007227
y1_HG00735.2#9	y1_HG00735.2	HG00735#2#JAHBCG010000090.1	21258569	21265851
y1_HG00735.2#10	y1_HG00735.2	HG00735#2#JAHBCG010000026.1	62592430	62596092
y1_HG00735.2#11	y1_HG00735.2	HG00735#2#JAHBCG010000007.1	56457548	56457942
y1_HG00735.2#12	y1_HG00735.2	HG00735#2#JAHBCG010000026.1	31068101	31068104
y1_HG00735.2#13	y1_HG00735.2	HG00735#2#JAHBCG010000088.1	996005	1013644
y1_HG00735.2#14	y1_HG00735.2	HG00735#2#JAHBCG010000014.1	10525387	10527612
y1_HG00735.2#15	y1_HG00735.2	HG00735#2#JAHBCG010000009.1	33823562	33863457
y1_HG00735.2#16	y1_HG00735.2	HG00735#2#JAHBCG010000043.1	6284604	6286371
y1_HG00735.2#17	y1_HG00735.2	HG00735#2#JAHBCG010000032.1	5210503	5210991
y1_HG00735.2#18	y1_HG00735.2	HG00735#2#JAHBCG010000021.1	28921544	29432265
y1_HG00735.2#19	y1_HG00735.2	HG00735#2#JAHBCG010000007.1	40991152	40991162
y1_HG00735.2#20	y1_HG00735.2	HG00735#2#JAHBCG010000074.1	3708940	3709055
y1_HG00735.2#21	y1_HG00735.2	HG00735#2#JAHBCG010000039.1	7209811	7209932
y1_HG00735.2#22	y1_HG00735.2	HG00735#2#JAHBCG010000005.1	12273263	12273352
y1_HG00735.2#23	y1_HG00735.2	HG00735#2#JAHBCG010000026.1	8786093	8786096
y1_HG00735.2#24	y1_HG00735.2	HG00735#2#JAHBCG010000031.1	92916736	92936818
y1_HG00735.2#25	y1_HG00735.2	HG00735#2#JAHBCG010000005.1	17162206	17224159
y1_HG00735.2#26	y1_HG00735.2	HG00735#2#JAHBCG010000032.1	7750863	8128756
y1_HG00735.2#27	y1_HG00735.2	HG00735#2#JAHBCG010000011.1	33350366	33350440
y1_HG00735.2#28	y1_HG00735.2	HG00735#2#JAHBCG010000023.1	8475716	8475806
y1_HG00735.2#29	y1_HG00735.2	HG00735#2#JAHBCG010000008.1	40080345	40081541
y1_HG00735.2#30	y1_HG00735.2	HG00735#2#JAHBCG010000036.1	6976894	6981516
y1_HG00735.2#31	y1_HG00735.2	HG00735#2#JAHBCG010000039.1	3422389	3743291
y1_HG00735.2#32	y1_HG00735.2	HG00735#2#JAHBCG010000037.1	2143720	2144596
y1_HG00735.2#33	y1_HG00735.2	HG00735#2#JAHBCG010000031.1	5408236	5464958
y1_HG00735.2#34	y1_HG00735.2	HG00735#2#JAHBCG010000108.1	10393130	10674853
y1_HG00735.2#35	y1_HG00735.2	HG00735#2#JAHBCG010000108.1	14040954	14621206
y1_HG00735.2#36	y1_HG00735.2	HG00735#2#JAHBCG010000005.1	54139686	54140441
y1_HG00735.2#37	y1_HG00735.2	HG00735#2#JAHBCG010000032.1	43360639	44067803
y1_HG00735.2#38	y1_HG00735.2	HG00735#2#JAHBCG010000048.1	25065739	25065816
y1_HG00735.2#39	y1_HG00735.2	HG00735#2#JAHBCG010000011.1	32725184	32852757
y1_HG00735.2#40	y1_HG00735.2	HG00735#2#JAHBCG010000012.1	23514087	23631338
y1_HG00735.2#41	y1_HG00735.2	HG00735#2#JAHBCG010000001.1	8320706	8320708
y1_HG00735.2#42	y1_HG00735.2	HG00735#2#JAHBCG010000013.1	32162077	32163567
y1_HG00735.2#43	y1_HG00735.2	HG00735#2#JAHBCG010000062.1	38547911	38547913
y1_HG00735.2#44	y1_HG00735.2	HG00735#2#JAHBCG010000014.1	14578450	14580583
y1_HG00735.2#45	y1_HG00735.2	HG00735#2#JAHBCG010000089.1	7564571	7564637
y1_HG00735.2#46	y1_HG00735.2	HG00735#2#JAHBCG010000012.1	13135414	13136219
y1_HG00735.2#47	y1_HG00735.2	HG00735#2#JAHBCG010000007.1	34597101	34597103
y1_HG00735.2#48	y1_HG00735.2	HG00735#2#JAHBCG010000108.1	21671340	21671353
y1_HG00735.2#49	y1_HG00735.2	HG00735#2#JAHBCG010000058.1	29722970	29724391
y1_HG00735.2#50	y1_HG00735.2	HG00735#2#JAHBCG010000005.1	3359437	3412452
y1_HG00735.2#51	y1_HG00735.2	HG00735#2#JAHBCG010000009.1	44842720	44873947
y1_HG00735.2#52	y1_HG00735.2	HG00735#2#JAHBCG010000030.1	6976041	6976059
y1_HG00735.2#53	y1_HG00735.2	HG00735#2#JAHBCG010000034.1	26573331	26575439
y1_HG00735.2#54	y1_HG00735.2	HG00735#2#JAHBCG010000007.1	21809830	21820908
y1_HG00735.2#55	y1_HG00735.2	HG00735#2#JAHBCG010000086.1	1652127	1652129
y1_HG00735.2#56	y1_HG00735.2	HG00735#2#JAHBCG010000001.1	23694342	23702908
y1_HG00735.2#57	y1_HG00735.2	HG00735#2#JAHBCG010000010.1	54311981	54358376
y1_HG00735.2#58	y1_HG00735.2	HG00735#2#JAHBCG010000029.1	12554599	12847974
y1_HG00735.2#59	y1_HG00735.2	HG00735#2#JAHBCG010000036.1	19075770	19082600
y1_HG00735.2#60	y1_HG00735.2	HG00735#2#JAHBCG010000024.1	20839221	20841121
y1_HG00735.2#61	y1_HG00735.2	HG00735#2#JAHBCG010000039.1	70894674	70899791
y1_HG00735.2#62	y1_HG00735.2	HG00735#2#JAHBCG010000017.1	96208506	96208728
y1_HG00735.2#63	y1_HG00735.2	HG00735#2#JAHBCG010000008.1	9785443	9785765
y1_HG00735.2#64	y1_HG00735.2	HG00735#2#JAHBCG010000062.1	36282933	36282935
y1_HG00735.2#65	y1_HG00735.2	HG00735#2#JAHBCG010000068.1	16557176	16557297
y1_HG00735.2#66	y1_HG00735.2	HG00735#2#JAHBCG010000017.1	13614942	13615528
y1_HG00735.2#67	y1_HG00735.2	HG00735#2#JAHBCG010000029.1	16645263	16646386
y1_HG00735.2#68	y1_HG00735.2	HG00735#2#JAHBCG010000034.1	41163187	41163193
y1_HG00735.2#69	y1_HG00735.2	HG00735#2#JAHBCG010000022.1	6494576	6495475
y1_HG00735.2#70	y1_HG00735.2	HG00735#2#JAHBCG010000002.1	21567980	21684765
y1_HG00735.2#71	y1_HG00735.2	HG00735#2#JAHBCG010000031.1	255986	255991
y1_HG00735.2#72	y1_HG00735.2	HG00735#2#JAHBCG010000071.1	10959317	11028116
y1_HG00735.2#73	y1_HG00735.2	HG00735#2#JAHBCG010000002.1	23358108	23358111
y1_HG00735.2#74	y1_HG00735.2	HG00735#2#JAHBCG010000021.1	23318713	23318856
y1_HG00735.2#75	y1_HG00735.2	HG00735#2#JAHBCG010000071.1	7845606	7846815
y1_HG00735.2#76	y1_HG00735.2	HG00735#2#JAHBCG010000008.1	6746288	6746313
y1_HG00735.2#77	y1_HG00735.2	HG00735#2#JAHBCG010000032.1	23371821	23371855
y1_HG00735.2#78	y1_HG00735.2	HG00735#2#JAHBCG010000023.1	52551253	52580350
y1_HG00735.2#79	y1_HG00735.2	HG00735#2#JAHBCG010000031.1	36613668	37036458
y1_HG00735.2#80	y1_HG00735.2	HG00735#2#JAHBCG010000029.1	19372219	19372223
y1_HG00735.2#81	y1_HG00735.2	HG00735#2#JAHBCG010000032.1	2742832	2747175
y1_HG00735.2#82	y1_HG00735.2	HG00735#2#JAHBCG010000006.1	28638098	28638335
y1_HG00735.2#83	y1_HG00735.2	HG00735#2#JAHBCG010000040.1	80786934	80786951
y1_HG00735.2#84	y1_HG00735.2	HG00735#2#JAHBCG010000004.1	28892824	28893032
y1_HG00735.2#85	y1_HG00735.2	HG00735#2#JAHBCG010000028.1	3488914	3488917
y1_HG00735.2#86	y1_HG00735.2	HG00735#2#JAHBCG010000089.1	1335494	1462037
y1_HG00735.2#87	y1_HG00735.2	HG00735#2#JAHBCG010000020.1	10280185	10280950
y1_HG00735.2#88	y1_HG00735.2	HG00735#2#JAHBCG010000023.1	87797440	87797447
y1_HG00735.2#89	y1_HG00735.2	HG00735#2#JAHBCG010000020.1	41001062	41001065
y1_HG00735.2#90	y1_HG00735.2	HG00735#2#JAHBCG010000030.1	17837378	17837726
y1_HG00735.2#91	y1_HG00735.2	HG00735#2#JAHBCG010000011.1	69188004	69194539
y1_HG00735.2#92	y1_HG00735.2	HG00735#2#JAHBCG010000025.1	17398773	17400320
y1_HG00735.2#93	y1_HG00735.2	HG00735#2#JAHBCG010000009.1	75493343	75494813
y1_HG00735.2#94	y1_HG00735.2	HG00735#2#JAHBCG010000077.1	331662	331693
y1_HG00735.2#95	y1_HG00735.2	HG00735#2#JAHBCG010000005.1	93486273	93869051
y1_HG00735.2#96	y1_HG00735.2	HG00735#2#JAHBCG010000031.1	21070623	21076274
y1_HG00735.2#97	y1_HG00735.2	HG00735#2#JAHBCG010000047.1	4650320	4677099
y1_HG00735.2#98	y1_HG00735.2	HG00735#2#JAHBCG010000040.1	52173619	52173748
y1_HG00735.2#99	y1_HG00735.2	HG00735#2#JAHBCG010000025.1	26824369	27385572
y1_HG00735.2#100	y1_HG00735.2	HG00735#2#JAHBCG010000005.1	97883581	97883731
y1_HG00735.2#101	y1_HG00735.2	HG00735#2#JAHBCG010000002.1	47324228	47324303
y1_HG00735.2#102	y1_HG00735.2	HG00735#2#JAHBCG010000005.1	88650212	88662831
y1_HG00735.2#103	y1_HG00735.2	HG00735#2#JAHBCG010000039.1	70691762	70691771
y1_HG00735.2#104	y1_HG00735.2	HG00735#2#JAHBCG010000054.1	20030000	20030014
y1_HG00735.2#105	y1_HG00735.2	HG00735#2#JAHBCG010000001.1	15946700	15947120
y1_HG00735.2#106	y1_HG00735.2	HG00735#2#JAHBCG010000031.1	4139890	4140647
y1_HG00735.2#107	y1_HG00735.2	HG00735#2#JAHBCG010000019.1	10400231	10871800
y1_HG00735.2#108	y1_HG00735.2	HG00735#2#JAHBCG010000052.1	13583638	13583649
y1_HG00735.2#109	y1_HG00735.2	HG00735#2#JAHBCG010000022.1	12535712	12583027
y1_HG00735.2#110	y1_HG00735.2	HG00735#2#JAHBCG010000013.1	33323120	34000560
y1_HG00735.2#111	y1_HG00735.2	HG00735#2#JAHBCG010000040.1	49512980	50055396
y1_HG00735.2#112	y1_HG00735.2	HG00735#2#JAHBCG010000039.1	59814577	59814606
y1_HG00735.2#113	y1_HG00735.2	HG00735#2#JAHBCG010000034.1	28012770	28733661
y1_HG00735.2#114	y1_HG00735.2	HG00735#2#JAHBCG010000008.1	35773029	36774789
y1_HG00735.2#115	y1_HG00735.2	HG00735#2#JAHBCG010000026.1	66098895	66289525
y1_HG00735.2#116	y1_HG00735.2	HG00735#2#JAHBCG010000120.1	918168	1269108
y1_HG00735.2#117	y1_HG00735.2	HG00735#2#JAHBCG010000022.1	28166979	28166990
y1_HG00735.2#118	y1_HG00735.2	HG00735#2#JAHBCG010000023.1	27740409	27740894
y1_HG00735.2#119	y1_HG00735.2	HG00735#2#JAHBCG010000076.1	8073779	8073807
y1_HG00735.2#120	y1_HG00735.2	HG00735#2#JAHBCG010000013.1	38089057	38095245
y1_HG00735.2#121	y1_HG00735.2	HG00735#2#JAHBCG010000038.1	23646498	23669983
y1_HG00735.2#122	y1_HG00735.2	HG00735#2#JAHBCG010000010.1	56485867	56485869
y1_HG00735.2#123	y1_HG00735.2	HG00735#2#JAHBCG010000091.1	9571892	9571923
y1_HG00735.2#124	y1_HG00735.2	HG00735#2#JAHBCG010000066.1	3622214	4186010
y1_HG00735.2#125	y1_HG00735.2	HG00735#2#JAHBCG010000010.1	51004822	51004867
y1_HG00735.2#126	y1_HG00735.2	HG00735#2#JAHBCG010000017.1	56330926	56330928
y1_HG00735.2#127	y1_HG00735.2	HG00735#2#JAHBCG010000039.1	74100604	74103092
y1_HG00735.2#128	y1_HG00735.2	HG00735#2#JAHBCG010000017.1	31159842	31163047
y1_HG00735.2#129	y1_HG00735.2	HG00735#2#JAHBCG010000030.1	23325589	23939295
y1_HG00735.2#130	y1_HG00735.2	HG00735#2#JAHBCG010000058.1	50101714	50102259
y1_HG00735.2#131	y1_HG00735.2	HG00735#2#JAHBCG010000062.1	4133175	4133273
y1_HG00735.2#132	y1_HG00735.2	HG00735#2#JAHBCG010000014.1	19445087	19446262
y1_HG00735.2#133	y1_HG00735.2	HG00735#2#JAHBCG010000007.1	33877742	34121304
y1_HG00735.2#134	y1_HG00735.2	HG00735#2#JAHBCG010000007.1	27094260	27101332
y1_HG00735.2#135	y1_HG00735.2	HG00735#2#JAHBCG010000039.1	73287846	73302695
y1_HG00735.2#136	y1_HG00735.2	HG00735#2#JAHBCG010000042.1	18251405	18254789
y1_HG00735.2#137	y1_HG00735.2	HG00735#2#JAHBCG010000083.1	2135907	2135923
y1_HG00735.2#138	y1_HG00735.2	HG00735#2#JAHBCG010000010.1	55642776	55644210
y1_HG00735.2#139	y1_HG00735.2	HG00735#2#JAHBCG010000058.1	24049191	24049193
y1_HG00735.2#140	y1_HG00735.2	HG00735#2#JAHBCG010000069.1	26926924	26926928
y1_HG00735.2#141	y1_HG00735.2	HG00735#2#JAHBCG010000014.1	18559583	18559586
y1_HG00735.2#142	y1_HG00735.2	HG00735#2#JAHBCG010000010.1	40316727	40332935
y1_HG00735.2#143	y1_HG00735.2	HG00735#2#JAHBCG010000034.1	42365757	42386277
y1_HG00735.2#144	y1_HG00735.2	HG00735#2#JAHBCG010000023.1	98821682	98821701
y1_HG00735.2#145	y1_HG00735.2	HG00735#2#JAHBCG010000017.1	17982287	18519206
y1_HG00735.2#146	y1_HG00735.2	HG00735#2#JAHBCG010000029.1	20977390	20977435
y1_HG00735.2#147	y1_HG00735.2	HG00735#2#JAHBCG010000061.1	5262341	5269217
y1_HG00735.2#148	y1_HG00735.2	HG00735#2#JAHBCG010000029.1	4092262	4092320
y1_HG00735.2#149	y1_HG00735.2	HG00735#2#JAHBCG010000026.1	24844327	25003477
y1_HG00735.2#150	y1_HG00735.2	HG00735#2#JAHBCG010000002.1	82385820	82470136
y1_HG00735.2#151	y1_HG00735.2	HG00735#2#JAHBCG010000035.1	20363968	20363988
y1_HG00735.2#152	y1_HG00735.2	HG00735#2#JAHBCG010000022.1	12218980	12232588
y1_HG00735.2#153	y1_HG00735.2	HG00735#2#JAHBCG010000008.1	42290893	42290924
y1_HG00735.2#154	y1_HG00735.2	HG00735#2#JAHBCG010000007.1	29645169	29645171
y1_HG00735.2#155	y1_HG00735.2	HG00735#2#JAHBCG010000035.1	23564895	23564943
y1_HG00735.2#156	y1_HG00735.2	HG00735#2#JAHBCG010000059.1	1581068	1585340
y1_HG00735.2#157	y1_HG00735.2	HG00735#2#JAHBCG010000010.1	91915301	91920367
y1_HG00735.2#158	y1_HG00735.2	HG00735#2#JAHBCG010000040.1	38299704	38299706
y1_HG00735.2#159	y1_HG00735.2	HG00735#2#JAHBCG010000011.1	55325068	55330794
y1_HG00735.2#160	y1_HG00735.2	HG00735#2#JAHBCG010000048.1	23255566	23255568
y1_HG00735.2#161	y1_HG00735.2	HG00735#2#JAHBCG010000137.1	1005532	1023876
y1_HG00735.2#162	y1_HG00735.2	HG00735#2#JAHBCG010000001.1	109140254	109140414
y1_HG00735.2#163	y1_HG00735.2	HG00735#2#JAHBCG010000030.1	51301454	51301459
y1_HG00735.2#164	y1_HG00735.2	HG00735#2#JAHBCG010000043.1	5414028	5428460
y1_HG00735.2#165	y1_HG00735.2	HG00735#2#JAHBCG010000016.1	3838924	3870417
y1_HG00735.2#166	y1_HG00735.2	HG00735#2#JAHBCG010000009.1	80174426	80174429
y1_HG00735.2#167	y1_HG00735.2	HG00735#2#JAHBCG010000010.1	10600857	10607504
y1_HG00735.2#168	y1_HG00735.2	HG00735#2#JAHBCG010000009.1	42223075	42225994
y1_HG00735.2#169	y1_HG00735.2	HG00735#2#JAHBCG010000049.1	10784908	10784910
y1_HG00735.2#170	y1_HG00735.2	HG00735#2#JAHBCG010000008.1	42709685	42709722
y1_HG00735.2#171	y1_HG00735.2	HG00735#2#JAHBCG010000041.1	3641257	3643172
y1_HG00735.2#172	y1_HG00735.2	HG00735#2#JAHBCG010000091.1	19220870	19291862
y1_HG00735.2#173	y1_HG00735.2	HG00735#2#JAHBCG010000017.1	38435430	38435470
y1_HG00735.2#174	y1_HG00735.2	HG00735#2#JAHBCG010000004.1	33607061	33607758
y1_HG00735.2#175	y1_HG00735.2	HG00735#2#JAHBCG010000032.1	17762617	17883398
y1_HG00735.2#176	y1_HG00735.2	HG00735#2#JAHBCG010000054.1	15735803	15830484
y1_HG00735.2#177	y1_HG00735.2	HG00735#2#JAHBCG010000037.1	18729725	18729795
y1_HG00735.2#178	y1_HG00735.2	HG00735#2#JAHBCG010000034.1	46724980	46762249
y1_HG00735.2#179	y1_HG00735.2	HG00735#2#JAHBCG010000078.1	6624008	6624055
y1_HG00735.2#180	y1_HG00735.2	HG00735#2#JAHBCG010000007.1	61069722	61069724
y1_HG00735.2#181	y1_HG00735.2	HG00735#2#JAHBCG010000034.1	46157658	46158721
y1_HG00735.2#182	y1_HG00735.2	HG00735#2#JAHBCG010000007.1	41467433	41467560
y1_HG00735.2#183	y1_HG00735.2	HG00735#2#JAHBCG010000083.1	10520795	10572752
y1_HG00735.2#184	y1_HG00735.2	HG00735#2#JAHBCG010000016.1	39308882	39310943
y1_HG00735.2#185	y1_HG00735.2	HG00735#2#JAHBCG010000031.1	37077820	37091413
y1_HG00735.2#186	y1_HG00735.2	HG00735#2#JAHBCG010000034.1	17782073	17786152
y1_HG00735.2#187	y1_HG00735.2	HG00735#2#JAHBCG010000042.1	27377354	27377548
y1_HG00735.2#188	y1_HG00735.2	HG00735#2#JAHBCG010000092.1	2766130	2766132
y1_HG00735.2#189	y1_HG00735.2	HG00735#2#JAHBCG010000059.1	4790391	4818259
y1_HG00735.2#190	y1_HG00735.2	HG00735#2#JAHBCG010000006.1	16342881	16556646
y1_HG00735.2#191	y1_HG00735.2	HG00735#2#JAHBCG010000039.1	46853766	46853769
y1_HG00735.2#192	y1_HG00735.2	HG00735#2#JAHBCG010000037.1	20004772	20005315
y1_HG00735.2#193	y1_HG00735.2	HG00735#2#JAHBCG010000051.1	2140717	2151751
y1_HG00735.2#194	y1_HG00735.2	HG00735#2#JAHBCG010000048.1	28546776	28546911
y1_HG00735.2#195	y1_HG00735.2	HG00735#2#JAHBCG010000074.1	8006509	8020849
y1_HG00735.2#196	y1_HG00735.2	HG00735#2#JAHBCG010000058.1	41178103	41178105
y1_HG00735.2#197	y1_HG00735.2	HG00735#2#JAHBCG010000055.1	821744	821815
y1_HG00735.2#198	y1_HG00735.2	HG00735#2#JAHBCG010000087.1	1807673	1818062
y1_HG00735.2#199	y1_HG00735.2	HG00735#2#JAHBCG010000029.1	13719376	14264129
y1_HG00735.2#200	y1_HG00735.2	HG00735#2#JAHBCG010000040.1	40653935	40658100
y1_HG00735.2#201	y1_HG00735.2	HG00735#2#JAHBCG010000048.1	2068035	2083399
y1_HG00735.2#202	y1_HG00735.2	HG00735#2#JAHBCG010000071.1	11274002	11274004
y1_HG00735.2#203	y1_HG00735.2	HG00735#2#JAHBCG010000008.1	20834679	20834688
y1_HG00735.2#204	y1_HG00735.2	HG00735#2#JAHBCG010000002.1	53675019	54006329
y1_HG00735.2#205	y1_HG00735.2	HG00735#2#JAHBCG010000019.1	5177151	5221907
y1_HG00735.2#206	y1_HG00735.2	HG00735#2#JAHBCG010000005.1	30704411	30705976
y1_HG00735.2#207	y1_HG00735.2	HG00735#2#JAHBCG010000002.1	77543086	77543161
y1_HG00735.2#208	y1_HG00735.2	HG00735#2#JAHBCG010000010.1	69930464	69930485
y1_HG00735.2#209	y1_HG00735.2	HG00735#2#JAHBCG010000002.1	46419127	46419424
y1_HG00735.2#210	y1_HG00735.2	HG00735#2#JAHBCG010000013.1	72303483	72303778
y1_HG00735.2#211	y1_HG00735.2	HG00735#2#JAHBCG010000058.1	42980690	42980692
y1_HG00735.2#212	y1_HG00735.2	HG00735#2#JAHBCG010000058.1	6884024	6886474
y1_HG00735.2#213	y1_HG00735.2	HG00735#2#JAHBCG010000006.1	45205595	45205597
y1_HG00735.2#214	y1_HG00735.2	HG00735#2#JAHBCG010000013.1	23587224	23587226
y1_HG00735.2#215	y1_HG00735.2	HG00735#2#JAHBCG010000010.1	82929230	82943927
y1_HG00735.2#216	y1_HG00735.2	HG00735#2#JAHBCG010000004.1	55133471	55166925
y1_HG00735.2#217	y1_HG00735.2	HG00735#2#JAHBCG010000010.1	5177335	5212575
y1_HG00735.2#218	y1_HG00735.2	HG00735#2#JAHBCG010000011.1	75846857	76138961
y1_HG00735.2#219	y1_HG00735.2	HG00735#2#JAHBCG010000001.1	61002679	61006419
y1_HG00735.2#220	y1_HG00735.2	HG00735#2#JAHBCG010000056.1	3705986	3706009
y1_HG00735.2#221	y1_HG00735.2	HG00735#2#JAHBCG010000002.1	55566628	55566632
y1_HG00735.2#222	y1_HG00735.2	HG00735#2#JAHBCG010000031.1	5685196	6074232
y1_HG00735.2#223	y1_HG00735.2	HG00735#2#JAHBCG010000087.1	3981400	3981752
y1_HG00735.2#224	y1_HG00735.2	HG00735#2#JAHBCG010000003.1	4647072	4647075
y1_HG00735.2#225	y1_HG00735.2	HG00735#2#JAHBCG010000024.1	20153598	20153607
y1_HG00735.2#226	y1_HG00735.2	HG00735#2#JAHBCG010000020.1	43028736	43028742
y1_HG00735.2#227	y1_HG00735.2	HG00735#2#JAHBCG010000021.1	15631907	15637058
y1_HG00735.2#228	y1_HG00735.2	HG00735#2#JAHBCG010000005.1	18719447	18719456
y1_HG00735.2#229	y1_HG00735.2	HG00735#2#JAHBCG010000069.1	1718363	1718532
y1_HG00735.2#230	y1_HG00735.2	HG00735#2#JAHBCG010000089.1	3162347	3162374
y1_HG00735.2#231	y1_HG00735.2	HG00735#2#JAHBCG010000062.1	1828342	1881121
y1_HG00735.2#232	y1_HG00735.2	HG00735#2#JAHBCG010000090.1	19649828	19655137
y1_HG00735.2#233	y1_HG00735.2	HG00735#2#JAHBCG010000007.1	34037861	34137247
y1_HG00735.2#234	y1_HG00735.2	HG00735#2#JAHBCG010000071.1	8701641	8701646
y1_HG00735.2#235	y1_HG00735.2	HG00735#2#JAHBCG010000021.1	10675658	10683650
y1_HG00735.2#236	y1_HG00735.2	HG00735#2#JAHBCG010000021.1	22605964	22607297
y1_HG00735.2#237	y1_HG00735.2	HG00735#2#JAHBCG010000063.1	15164405	15165222
y1_HG00735.2#238	y1_HG00735.2	HG00735#2#JAHBCG010000017.1	43017413	43017467
y1_HG00735.2#239	y1_HG00735.2	HG00735#2#JAHBCG010000010.1	66609124	66609144
y1_HG00735.2#240	y1_HG00735.2	HG00735#2#JAHBCG010000083.1	5337859	5340566
y1_HG00735.2#241	y1_HG00735.2	HG00735#2#JAHBCG010000010.1	72594240	72594288
y1_HG00735.2#242	y1_HG00735.2	HG00735#2#JAHBCG010000058.1	35031891	35032849
y1_HG00735.2#243	y1_HG00735.2	HG00735#2#JAHBCG010000036.1	22156617	22192593
y1_HG00735.2#244	y1_HG00735.2	HG00735#2#JAHBCG010000031.1	17625307	17625843
y1_HG00735.2#245	y1_HG00735.2	HG00735#2#JAHBCG010000017.1	68340094	68446717
y1_HG00735.2#246	y1_HG00735.2	HG00735#2#JAHBCG010000014.1	2896504	2962064
y1_HG00735.2#247	y1_HG00735.2	HG00735#2#JAHBCG010000030.1	55249042	55249045
y1_HG00735.2#248	y1_HG00735.2	HG00735#2#JAHBCG010000017.1	101668310	101670992
y1_HG00735.2#249	y1_HG00735.2	HG00735#2#JAHBCG010000032.1	9096684	9096686
y1_HG00735.2#250	y1_HG00735.2	HG00735#2#JAHBCG010000012.1	30380318	30380370
y1_HG00735.2#251	y1_HG00735.2	HG00735#2#JAHBCG010000039.1	22726974	22812148
y1_HG00735.2#252	y1_HG00735.2	HG00735#2#JAHBCG010000014.1	625749	627425
y1_HG00735.2#253	y1_HG00735.2	HG00735#2#JAHBCG010000019.1	16317782	16352764
y1_HG00735.2#254	y1_HG00735.2	HG00735#2#JAHBCG010000016.1	6200888	6208701
y1_HG00735.2#255	y1_HG00735.2	HG00735#2#JAHBCG010000001.1	96079092	96215451
y1_HG00735.2#256	y1_HG00735.2	HG00735#2#JAHBCG010000066.1	16673271	16673684
y1_HG00735.2#257	y1_HG00735.2	HG00735#2#JAHBCG010000039.1	75558766	75562233
y1_HG00735.2#258	y1_HG00735.2	HG00735#2#JAHBCG010000076.1	5761511	5769446
y1_HG00735.2#259	y1_HG00735.2	HG00735#2#JAHBCG010000024.1	29206709	29207868
y1_HG00735.2#260	y1_HG00735.2	HG00735#2#JAHBCG010000017.1	85741846	85820893
y1_HG00735.2#261	y1_HG00735.2	HG00735#2#JAHBCG010000013.1	2194190	2544562
y1_HG00735.2#262	y1_HG00735.2	HG00735#2#JAHBCG010000120.1	487189	487210
y1_HG00735.2#263	y1_HG00735.2	HG00735#2#JAHBCG010000013.1	35938409	35938411
y1_HG00735.2#264	y1_HG00735.2	HG00735#2#JAHBCG010000058.1	14765704	15049088
y1_HG00735.2#265	y1_HG00735.2	HG00735#2#JAHBCG010000002.1	14906530	14906532
y1_HG00735.2#266	y1_HG00735.2	HG00735#2#JAHBCG010000007.1	22186164	22204850
y1_HG00735.2#267	y1_HG00735.2	HG00735#2#JAHBCG010000008.1	1765654	1765961
y1_HG00735.2#268	y1_HG00735.2	HG00735#2#JAHBCG010000063.1	12033053	12033484
y1_HG00735.2#269	y1_HG00735.2	HG00735#2#JAHBCG010000043.1	36581751	36785742
y1_HG00735.2#270	y1_HG00735.2	HG00735#2#JAHBCG010000030.1	47030864	47144415
y1_HG00735.2#271	y1_HG00735.2	HG00735#2#JAHBCG010000021.1	3196933	3196937
y1_HG00735.2#272	y1_HG00735.2	HG00735#2#JAHBCG010000002.1	16225069	16228861
y1_HG00735.2#273	y1_HG00735.2	HG00735#2#JAHBCG010000005.1	43696110	43977873
y1_HG00735.2#274	y1_HG00735.2	HG00735#2#JAHBCG010000025.1	3661853	3661860
y1_HG00735.2#275	y1_HG00735.2	HG00735#2#JAHBCG010000119.1	65032	65239
y1_HG00735.2#276	y1_HG00735.2	HG00735#2#JAHBCG010000052.1	11244031	11244059
y1_HG00735.2#277	y1_HG00735.2	HG00735#2#JAHBCG010000039.1	48284187	49282401
y1_HG00735.2#278	y1_HG00735.2	HG00735#2#JAHBCG010000040.1	32068996	32069004
y1_HG00735.2#279	y1_HG00735.2	HG00735#2#JAHBCG010000052.1	3491042	3491062
y1_HG00735.2#280	y1_HG00735.2	HG00735#2#JAHBCG010000001.1	31339126	31339131
y1_HG00735.2#281	y1_HG00735.2	HG00735#2#JAHBCG010000043.1	9895155	9909918
y1_HG00735.2#282	y1_HG00735.2	HG00735#2#JAHBCG010000005.1	85044943	85059225
y1_HG00735.2#283	y1_HG00735.2	HG00735#2#JAHBCG010000017.1	1180985	1207975
y1_HG00735.2#284	y1_HG00735.2	HG00735#2#JAHBCG010000004.1	7659802	7660212
y1_HG00735.2#285	y1_HG00735.2	HG00735#2#JAHBCG010000007.1	50298205	50302873
y1_HG00735.2#286	y1_HG00735.2	HG00735#2#JAHBCG010000020.1	31011947	31128284
y1_HG00735.2#287	y1_HG00735.2	HG00735#2#JAHBCG010000001.1	81472007	81472010
y1_HG00735.2#288	y1_HG00735.2	HG00735#2#JAHBCG010000039.1	56298374	56298380
y1_HG00735.2#289	y1_HG00735.2	HG00735#2#JAHBCG010000069.1	27991950	28044543
y1_HG00735.2#290	y1_HG00735.2	HG00735#2#JAHBCG010000058.1	21207597	21211255
y1_HG00735.2#291	y1_HG00735.2	HG00735#2#JAHBCG010000052.1	10173922	10497159
y1_HG00735.2#292	y1_HG00735.2	HG00735#2#JAHBCG010000023.1	56944746	57108832
y1_HG00735.2#293	y1_HG00735.2	HG00735#2#JAHBCG010000007.1	71510000	71970815
y1_HG00735.2#294	y1_HG00735.2	HG00735#2#JAHBCG010000049.1	1652647	1652723
y1_HG00735.2#295	y1_HG00735.2	HG00735#2#JAHBCG010000020.1	39326373	39967244
y1_HG00735.2#296	y1_HG00735.2	HG00735#2#JAHBCG010000009.1	64900769	64941833
y1_HG00735.2#297	y1_HG00735.2	HG00735#2#JAHBCG010000031.1	30590860	30590864
y1_HG00735.2#298	y1_HG00735.2	HG00735#2#JAHBCG010000043.1	50635425	50641545
y1_HG00735.2#299	y1_HG00735.2	HG00735#2#JAHBCG010000022.1	39467731	39468277
y1_HG00735.2#300	y1_HG00735.2	HG00735#2#JAHBCG010000035.1	5143689	5155922
y1_HG00735.2#301	y1_HG00735.2	HG00735#2#JAHBCG010000005.1	68610569	68616436
y1_HG00735.2#302	y1_HG00735.2	HG00735#2#JAHBCG010000079.1	16231391	16231395
y1_HG00735.2#303	y1_HG00735.2	HG00735#2#JAHBCG010000033.1	7475570	7629010
y1_HG00735.2#304	y1_HG00735.2	HG00735#2#JAHBCG010000068.1	2491658	2491745
y1_HG00735.2#305	y1_HG00735.2	HG00735#2#JAHBCG010000069.1	14532241	14532269
y1_HG00735.2#306	y1_HG00735.2	HG00735#2#JAHBCG010000002.1	61917398	61917402
y1_HG00735.2#307	y1_HG00735.2	HG00735#2#JAHBCG010000091.1	15968252	16763281
y1_HG00735.2#308	y1_HG00735.2	HG00735#2#JAHBCG010000037.1	10459087	10461242
y1_HG00735.2#309	y1_HG00735.2	HG00735#2#JAHBCG010000003.1	3744549	3746204
y1_HG00735.2#310	y1_HG00735.2	HG00735#2#JAHBCG010000056.1	1397613	1403806
y1_HG00735.2#311	y1_HG00735.2	HG00735#2#JAHBCG010000006.1	8889081	8889169
y1_HG00735.2#312	y1_HG00735.2	HG00735#2#JAHBCG010000001.1	76591515	76637138
y1_HG00735.2#313	y1_HG00735.2	HG00735#2#JAHBCG010000034.1	11539396	11616644
y1_HG00735.2#314	y1_HG00735.2	HG00735#2#JAHBCG010000065.1	4304373	4357408
y1_HG00735.2#315	y1_HG00735.2	HG00735#2#JAHBCG010000066.1	11193912	11193925
y1_HG00735.2#316	y1_HG00735.2	HG00735#2#JAHBCG010000048.1	29030073	29030076
y1_HG00735.2#317	y1_HG00735.2	HG00735#2#JAHBCG010000058.1	18201819	18231957
y1_HG00735.2#318	y1_HG00735.2	HG00735#2#JAHBCG010000022.1	55820563	55820828
y1_HG00735.2#319	y1_HG00735.2	HG00735#2#JAHBCG010000010.1	88839131	88839241
y1_HG00735.2#320	y1_HG00735.2	HG00735#2#JAHBCG010000026.1	66166365	66166367
y1_HG00735.2#321	y1_HG00735.2	HG00735#2#JAHBCG010000066.1	13609879	13651471
y1_HG00735.2#322	y1_HG00735.2	HG00735#2#JAHBCG010000069.1	25087393	25087469
y1_HG00735.2#323	y1_HG00735.2	HG00735#2#JAHBCG010000097.1	4012195	4012228
y1_HG00735.2#324	y1_HG00735.2	HG00735#2#JAHBCG010000030.1	23207497	23215579
y1_HG00735.2#325	y1_HG00735.2	HG00735#2#JAHBCG010000034.1	11351809	11403198
y1_HG00735.2#326	y1_HG00735.2	HG00735#2#JAHBCG010000065.1	6016812	6016988
y1_HG00735.2#327	y1_HG00735.2	HG00735#2#JAHBCG010000033.1	11515127	12163370
y1_HG00735.2#328	y1_HG00735.2	HG00735#2#JAHBCG010000009.1	47155855	47155861
y1_HG00735.2#329	y1_HG00735.2	HG00735#2#JAHBCG010000025.1	1948369	2265666
y1_HG00735.2#330	y1_HG00735.2	HG00735#2#JAHBCG010000026.1	45198628	45256203
y1_HG00735.2#331	y1_HG00735.2	HG00735#2#JAHBCG010000054.1	456509	460482
y1_HG00735.2#332	y1_HG00735.2	HG00735#2#JAHBCG010000074.1	11141099	11950017
y1_HG00735.2#333	y1_HG00735.2	HG00735#2#JAHBCG010000064.1	191479	702803
y1_HG00735.2#334	y1_HG00735.2	HG00735#2#JAHBCG010000092.1	12513230	12515973
y1_HG00735.2#335	y1_HG00735.2	HG00735#2#JAHBCG010000058.1	45296805	45296807
y1_HG00735.2#336	y1_HG00735.2	HG00735#2#JAHBCG010000040.1	28259622	28263211
y1_HG00735.2#337	y1_HG00735.2	HG00735#2#JAHBCG010000090.1	10266047	10864010
y1_HG00735.2#338	y1_HG00735.2	HG00735#2#JAHBCG010000012.1	9401655	9583554
y1_HG00735.2#339	y1_HG00735.2	HG00735#2#JAHBCG010000031.1	23287884	23289550
y1_HG00735.2#340	y1_HG00735.2	HG00735#2#JAHBCG010000031.1	66051336	66051360
y1_HG00735.2#341	y1_HG00735.2	HG00735#2#JAHBCG010000010.1	62953073	62953900
y1_HG00735.2#342	y1_HG00735.2	HG00735#2#JAHBCG010000009.1	34350485	34350487
y1_HG00735.2#343	y1_HG00735.2	HG00735#2#JAHBCG010000001.1	27671835	27673350
y1_HG00735.2#344	y1_HG00735.2	HG00735#2#JAHBCG010000079.1	23726545	23726549
y1_HG00735.2#345	y1_HG00735.2	HG00735#2#JAHBCG010000008.1	13906242	13906281
y1_HG00735.2#346	y1_HG00735.2	HG00735#2#JAHBCG010000001.1	43362481	43362483
y1_HG00735.2#347	y1_HG00735.2	HG00735#2#JAHBCG010000011.1	54307039	54307162
y1_HG00735.2#348	y1_HG00735.2	HG00735#2#JAHBCG010000005.1	37727695	37727730
y1_HG00735.2#349	y1_HG00735.2	HG00735#2#JAHBCG010000004.1	18269687	18412595
y1_HG00735.2#350	y1_HG00735.2	HG00735#2#JAHBCG010000002.1	28168518	28169093
y1_HG00735.2#351	y1_HG00735.2	HG00735#2#JAHBCG010000005.1	52465936	52472109
y1_HG00735.2#352	y1_HG00735.2	HG00735#2#JAHBCG010000023.1	40992817	40999660
y1_HG00735.2#353	y1_HG00735.2	HG00735#2#JAHBCG010000017.1	38518264	38585279
y1_HG00735.2#354	y1_HG00735.2	HG00735#2#JAHBCG010000079.1	11849166	11849665
y1_HG00735.2#355	y1_HG00735.2	HG00735#2#JAHBCG010000005.1	73217985	73979425
y1_HG00735.2#356	y1_HG00735.2	HG00735#2#JAHBCG010000011.1	14274972	14275048
y1_HG00735.2#357	y1_HG00735.2	HG00735#2#JAHBCG010000012.1	20548003	20920529
y1_HG00735.2#358	y1_HG00735.2	HG00735#2#JAHBCG010000026.1	54597026	54597028
y1_HG00735.2#359	y1_HG00735.2	HG00735#2#JAHBCG010000034.1	38485303	39428153
y1_HG00735.2#360	y1_HG00735.2	HG00735#2#JAHBCG010000034.1	34891212	34903842
y1_HG00735.2#361	y1_HG00735.2	HG00735#2#JAHBCG010000002.1	19777899	19778099
y1_HG00735.2#362	y1_HG00735.2	HG00735#2#JAHBCG010000011.1	12797289	12798255
y1_HG00735.2#363	y1_HG00735.2	HG00735#2#JAHBCG010000066.1	15917510	15917692
y1_HG00735.2#364	y1_HG00735.2	HG00735#2#JAHBCG010000005.1	72832366	72982561
y1_HG00735.2#365	y1_HG00735.2	HG00735#2#JAHBCG010000076.1	5486207	5505646
y1_HG00735.2#366	y1_HG00735.2	HG00735#2#JAHBCG010000058.1	2086982	2898032
y1_HG00735.2#367	y1_HG00735.2	HG00735#2#JAHBCG010000013.1	3830732	3862574
y1_HG00735.2#368	y1_HG00735.2	HG00735#2#JAHBCG010000013.1	45347323	45347343
y1_HG00735.2#369	y1_HG00735.2	HG00735#2#JAHBCG010000024.1	10692678	10890577
y1_HG00735.2#370	y1_HG00735.2	HG00735#2#JAHBCG010000062.1	1401628	1496117
y1_HG00735.2#371	y1_HG00735.2	HG00735#2#JAHBCG010000034.1	45406545	45406597
y1_HG00735.2#372	y1_HG00735.2	HG00735#2#JAHBCG010000022.1	41191273	41191306
y1_HG00735.2#373	y1_HG00735.2	HG00735#2#JAHBCG010000030.1	4974850	4974852
y1_HG00735.2#374	y1_HG00735.2	HG00735#2#JAHBCG010000034.1	2676621	2676901
y1_HG00735.2#375	y1_HG00735.2	HG00735#2#JAHBCG010000008.1	20746350	20753833
y1_HG00735.2#376	y1_HG00735.2	HG00735#2#JAHBCG010000039.1	2443905	2443912
y1_HG00735.2#377	y1_HG00735.2	HG00735#2#JAHBCG010000031.1	56703206	56703238
y1_HG00735.2#378	y1_HG00735.2	HG00735#2#JAHBCG010000010.1	50248010	50407205
y1_HG00735.2#379	y1_HG00735.2	HG00735#2#JAHBCG010000090.1	12222551	12222605
y1_HG00735.2#380	y1_HG00735.2	HG00735#2#JAHBCG010000058.1	35240379	35248388
y1_HG00735.2#381	y1_HG00735.2	HG00735#2#JAHBCG010000023.1	60014906	60023462
y1_HG00735.2#382	y1_HG00735.2	HG00735#2#JAHBCG010000040.1	61015564	61089165
y1_HG00735.2#383	y1_HG00735.2	HG00735#2#JAHBCG010000022.1	13310576	13313118
y1_HG00735.2#384	y1_HG00735.2	HG00735#2#JAHBCG010000042.1	6084557	6084628
y1_HG00735.2#385	y1_HG00735.2	HG00735#2#JAHBCG010000014.1	13051072	13051563
y1_HG00735.2#386	y1_HG00735.2	HG00735#2#JAHBCG010000092.1	12305160	12305162
y1_HG00735.2#387	y1_HG00735.2	HG00735#2#JAHBCG010000020.1	37761157	37761179
y1_HG00735.2#388	y1_HG00735.2	HG00735#2#JAHBCG010000021.1	11501778	11501834
y1_HG00735.2#389	y1_HG00735.2	HG00735#2#JAHBCG010000034.1	41676246	41676262
y1_HG00735.2#390	y1_HG00735.2	HG00735#2#JAHBCG010000007.1	40474282	40474435
y1_HG00735.2#391	y1_HG00735.2	HG00735#2#JAHBCG010000108.1	20668203	20668216
y1_HG00735.2#392	y1_HG00735.2	HG00735#2#JAHBCG010000001.1	49053809	49053826
y1_HG00735.2#393	y1_HG00735.2	HG00735#2#JAHBCG010000009.1	764928	765312
y1_HG00735.2#394	y1_HG00735.2	HG00735#2#JAHBCG010000021.1	29273130	29273186
y1_HG00735.2#395	y1_HG00735.2	HG00735#2#JAHBCG010000031.1	16096234	16124450
y1_HG00735.2#396	y1_HG00735.2	HG00735#2#JAHBCG010000022.1	22470110	22471378
y1_HG00735.2#397	y1_HG00735.2	HG00735#2#JAHBCG010000043.1	26953937	26953943
y1_HG00735.2#398	y1_HG00735.2	HG00735#2#JAHBCG010000043.1	47803171	47803340
y1_HG00735.2#399	y1_HG00735.2	HG00735#2#JAHBCG010000011.1	5197128	5238217
y1_HG00735.2#400	y1_HG00735.2	HG00735#2#JAHBCG010000010.1	86280357	86505407
y1_HG00735.2#401	y1_HG00735.2	HG00735#2#JAHBCG010000034.1	34024071	34024106
y1_HG00735.2#402	y1_HG00735.2	HG00735#2#JAHBCG010000010.1	95776482	96236955
y1_HG00735.2#403	y1_HG00735.2	HG00735#2#JAHBCG010000063.1	24123530	24123550
y1_HG00735.2#404	y1_HG00735.2	HG00735#2#JAHBCG010000006.1	30838280	30838729
y1_HG00735.2#405	y1_HG00735.2	HG00735#2#JAHBCG010000054.1	10816625	11081565
y1_HG00735.2#406	y1_HG00735.2	HG00735#2#JAHBCG010000008.1	661231	672491
y1_HG00735.2#407	y1_HG00735.2	HG00735#2#JAHBCG010000013.1	72682132	72682325
y1_HG00735.2#408	y1_HG00735.2	HG00735#2#JAHBCG010000009.1	57845527	57845816
y1_HG00735.2#409	y1_HG00735.2	HG00735#2#JAHBCG010000108.1	7327660	7335532
y1_HG00735.2#410	y1_HG00735.2	HG00735#2#JAHBCG010000040.1	75756573	75757801
y1_HG00735.2#411	y1_HG00735.2	HG00735#2#JAHBCG010000014.1	24534430	24621880
y1_HG00735.2#412	y1_HG00735.2	HG00735#2#JAHBCG010000013.1	59075551	59143971
y1_HG00735.2#413	y1_HG00735.2	HG00735#2#JAHBCG010000005.1	10116570	10120229
y1_HG00735.2#414	y1_HG00735.2	HG00735#2#JAHBCG010000026.1	36458967	36509351
y1_HG00735.2#415	y1_HG00735.2	HG00735#2#JAHBCG010000062.1	13577982	13578430
y1_HG00735.2#416	y1_HG00735.2	HG00735#2#JAHBCG010000090.1	5506765	5536181
y1_HG00735.2#417	y1_HG00735.2	HG00735#2#JAHBCG010000073.1	8204865	8205961
y1_HG00735.2#418	y1_HG00735.2	HG00735#2#JAHBCG010000020.1	27431111	27431114
y1_HG00735.2#419	y1_HG00735.2	HG00735#2#JAHBCG010000054.1	7238226	7246653
y1_HG00735.2#420	y1_HG00735.2	HG00735#2#JAHBCG010000048.1	3000185	3673949
y1_HG00735.2#421	y1_HG00735.2	HG00735#2#JAHBCG010000022.1	47633304	47641004
y1_HG00735.2#422	y1_HG00735.2	HG00735#2#JAHBCG010000096.1	3087744	3088402
y1_HG00735.2#423	y1_HG00735.2	HG00735#2#JAHBCG010000029.1	20764631	20767059
y1_HG00735.2#424	y1_HG00735.2	HG00735#2#JAHBCG010000002.1	25643692	25693215
y1_HG00735.2#425	y1_HG00735.2	HG00735#2#JAHBCG010000066.1	27890226	28377278
y1_HG00735.2#426	y1_HG00735.2	HG00735#2#JAHBCG010000008.1	34521296	34521316
y1_HG00735.2#427	y1_HG00735.2	HG00735#2#JAHBCG010000010.1	20384375	20406128
y1_HG00735.2#428	y1_HG00735.2	HG00735#2#JAHBCG010000065.1	6313568	6314807
y1_HG00735.2#429	y1_HG00735.2	HG00735#2#JAHBCG010000006.1	57025577	57025579
y1_HG00735.2#430	y1_HG00735.2	HG00735#2#JAHBCG010000005.1	43929866	43932765
y1_HG00735.2#431	y1_HG00735.2	HG00735#2#JAHBCG010000022.1	36852866	36852868
y1_HG00735.2#432	y1_HG00735.2	HG00735#2#JAHBCG010000016.1	1412395	1412398
y1_HG00735.2#433	y1_HG00735.2	HG00735#2#JAHBCG010000062.1	36278416	36279896
y1_HG00735.2#434	y1_HG00735.2	HG00735#2#JAHBCG010000013.1	29643819	29663910
y1_HG00735.2#435	y1_HG00735.2	HG00735#2#JAHBCG010000001.1	49160231	49160308
y1_HG00735.2#436	y1_HG00735.2	HG00735#2#JAHBCG010000001.1	77327291	77327293
y1_HG00735.2#437	y1_HG00735.2	HG00735#2#JAHBCG010000006.1	9699887	9699995
y1_HG00735.2#438	y1_HG00735.2	HG00735#2#JAHBCG010000017.1	18345565	18626815
y1_HG00735.2#439	y1_HG00735.2	HG00735#2#JAHBCG010000012.1	20274814	20516037
y1_HG00735.2#440	y1_HG00735.2	HG00735#2#JAHBCG010000062.1	35188379	35188383
y1_HG00735.2#441	y1_HG00735.2	HG00735#2#JAHBCG010000013.1	51705859	51705874
y1_HG00735.2#442	y1_HG00735.2	HG00735#2#JAHBCG010000032.1	48449122	48449199
y1_HG00735.2#443	y1_HG00735.2	HG00735#2#JAHBCG010000007.1	39555487	39939698
y1_HG00735.2#444	y1_HG00735.2	HG00735#2#JAHBCG010000040.1	90043773	90403469
y1_HG00735.2#445	y1_HG00735.2	HG00735#2#JAHBCG010000039.1	4104765	4105142
y1_HG00735.2#446	y1_HG00735.2	HG00735#2#JAHBCG010000008.1	35542067	35543704
y1_HG00735.2#447	y1_HG00735.2	HG00735#2#JAHBCG010000024.1	30742394	30754857
y1_HG00735.2#448	y1_HG00735.2	HG00735#2#JAHBCG010000116.1	371437	413120
y1_HG00735.2#449	y1_HG00735.2	HG00735#2#JAHBCG010000039.1	26801028	26806443
y1_HG00735.2#450	y1_HG00735.2	HG00735#2#JAHBCG010000071.1	11320184	11320187
y1_HG00735.2#451	y1_HG00735.2	HG00735#2#JAHBCG010000001.1	31896794	32087756
y1_HG00735.2#452	y1_HG00735.2	HG00735#2#JAHBCG010000007.1	72007943	72087042
y1_HG00735.2#453	y1_HG00735.2	HG00735#2#JAHBCG010000002.1	64994774	64994823
y1_HG00735.2#454	y1_HG00735.2	HG00735#2#JAHBCG010000017.1	11360103	11362858
y1_HG00735.2#455	y1_HG00735.2	HG00735#2#JAHBCG010000145.1	11030	11679
y1_HG00735.2#456	y1_HG00735.2	HG00735#2#JAHBCG010000001.1	101871617	101959584
y1_HG00735.2#457	y1_HG00735.2	HG00735#2#JAHBCG010000032.1	5425113	5945752
y1_HG00735.2#458	y1_HG00735.2	HG00735#2#JAHBCG010000009.1	75490208	75490245
y1_HG00735.2#459	y1_HG00735.2	HG00735#2#JAHBCG010000007.1	75026949	75038268
y1_HG00735.2#460	y1_HG00735.2	HG00735#2#JAHBCG010000108.1	2370247	2384550
y1_HG00735.2#461	y1_HG00735.2	HG00735#2#JAHBCG010000031.1	22230054	23043768
y1_HG00735.2#462	y1_HG00735.2	HG00735#2#JAHBCG010000023.1	53398272	53398399
y1_HG00735.2#463	y1_HG00735.2	HG00735#2#JAHBCG010000002.1	82967757	82967875
y1_HG00735.2#464	y1_HG00735.2	HG00735#2#JAHBCG010000065.1	3517019	3517061
y1_HG00735.2#465	y1_HG00735.2	HG00735#2#JAHBCG010000021.1	19669530	19740116
y1_HG00735.2#466	y1_HG00735.2	HG00735#2#JAHBCG010000075.1	1909596	1932373
y1_HG00735.2#467	y1_HG00735.2	HG00735#2#JAHBCG010000025.1	19107883	19108008
y1_HG00735.2#468	y1_HG00735.2	HG00735#2#JAHBCG010000008.1	17587873	17587906
y1_HG00735.2#469	y1_HG00735.2	HG00735#2#JAHBCG010000066.1	22572244	22572264
y1_HG00735.2#470	y1_HG00735.2	HG00735#2#JAHBCG010000009.1	71804759	71804770
y1_HG00735.2#471	y1_HG00735.2	HG00735#2#JAHBCG010000038.1	30858751	30925750
y1_HG00735.2#472	y1_HG00735.2	HG00735#2#JAHBCG010000007.1	55915978	55915980
y1_HG00735.2#473	y1_HG00735.2	HG00735#2#JAHBCG010000005.1	55148941	55182537
y1_HG00735.2#474	y1_HG00735.2	HG00735#2#JAHBCG010000026.1	46901777	46901867
y1_HG00735.2#475	y1_HG00735.2	HG00735#2#JAHBCG010000036.1	29577796	29579091
y1_HG00735.2#476	y1_HG00735.2	HG00735#2#JAHBCG010000007.1	13741366	13752981
y1_HG00735.2#477	y1_HG00735.2	HG00735#2#JAHBCG010000009.1	38220540	39164211
y1_HG00735.2#478	y1_HG00735.2	HG00735#2#JAHBCG010000059.1	2083168	2083175
y1_HG00735.2#479	y1_HG00735.2	HG00735#2#JAHBCG010000010.1	75305002	75503371
y1_HG00735.2#480	y1_HG00735.2	HG00735#2#JAHBCG010000009.1	56719817	56749791
y1_HG00735.2#481	y1_HG00735.2	HG00735#2#JAHBCG010000036.1	819518	882274
y1_HG00735.2#482	y1_HG00735.2	HG00735#2#JAHBCG010000005.1	29601787	29601869
y1_HG00735.2#483	y1_HG00735.2	HG00735#2#JAHBCG010000069.1	6578281	6583728
y1_HG00735.2#484	y1_HG00735.2	HG00735#2#JAHBCG010000007.1	74524790	74524796
y1_HG00735.2#485	y1_HG00735.2	HG00735#2#JAHBCG010000013.1	23071878	23072535
y1_HG00735.2#486	y1_HG00735.2	HG00735#2#JAHBCG010000079.1	229103	470683
y1_HG00735.2#487	y1_HG00735.2	HG00735#2#JAHBCG010000001.1	50956695	50968818
y1_HG00735.2#488	y1_HG00735.2	HG00735#2#JAHBCG010000013.1	13592147	13594022
y1_HG00735.2#489	y1_HG00735.2	HG00735#2#JAHBCG010000020.1	2081342	2081398
y1_HG00735.2#490	y1_HG00735.2	HG00735#2#JAHBCG010000037.1	21932985	22897853
y1_HG00735.2#491	y1_HG00735.2	HG00735#2#JAHBCG010000063.1	14350786	14350805
y1_HG00735.2#492	y1_HG00735.2	HG00735#2#JAHBCG010000068.1	16897865	16897979
y1_HG00735.2#493	y1_HG00735.2	HG00735#2#JAHBCG010000017.1	85844030	85844061
y1_HG00735.2#494	y1_HG00735.2	HG00735#2#JAHBCG010000036.1	19234029	19234041
y1_HG00735.2#495	y1_HG00735.2	HG00735#2#JAHBCG010000074.1	15221424	15881505
y1_HG00735.2#496	y1_HG00735.2	HG00735#2#JAHBCG010000082.1	1792407	1944574
y1_HG00735.2#497	y1_HG00735.2	HG00735#2#JAHBCG010000062.1	25285094	25285195
y1_HG00735.2#498	y1_HG00735.2	HG00735#2#JAHBCG010000010.1	49124857	49124873
y1_HG00735.2#499	y1_HG00735.2	HG00735#2#JAHBCG010000023.1	99092257	99096632
y1_HG00735.2#500	y1_HG00735.2	HG00735#2#JAHBCG010000013.1	40959127	40961280
y1_HG00735.2#501	y1_HG00735.2	HG00735#2#JAHBCG010000006.1	44520807	44543934
y1_HG00735.2#502	y1_HG00735.2	HG00735#2#JAHBCG010000001.1	86629597	86631389
y1_HG00735.2#503	y1_HG00735.2	HG00735#2#JAHBCG010000058.1	50386631	50386646
y1_HG00735.2#504	y1_HG00735.2	HG00735#2#JAHBCG010000001.1	37744987	37744993
y1_HG00735.2#505	y1_HG00735.2	HG00735#2#JAHBCG010000006.1	14580178	14580186
y1_HG00735.2#506	y1_HG00735.2	HG00735#2#JAHBCG010000016.1	22019896	22026218
y1_HG00735.2#507	y1_HG00735.2	HG00735#2#JAHBCG010000040.1	32791276	33042500
y1_HG00735.2#508	y1_HG00735.2	HG00735#2#JAHBCG010000013.1	41770228	41867457
y1_HG00735.2#509	y1_HG00735.2	HG00735#2#JAHBCG010000017.1	58805918	58805966
y1_HG00735.2#510	y1_HG00735.2	HG00735#2#JAHBCG010000017.1	53594208	53594941
y1_HG00735.2#511	y1_HG00735.2	HG00735#2#JAHBCG010000036.1	11126959	11127018
y1_HG00735.2#512	y1_HG00735.2	HG00735#2#JAHBCG010000091.1	8250169	8250171
y1_HG00735.2#513	y1_HG00735.2	HG00735#2#JAHBCG010000066.1	6846616	7421317
y1_HG00735.2#514	y1_HG00735.2	HG00735#2#JAHBCG010000007.1	86533621	87469116
y1_HG00735.2#515	y1_HG00735.2	HG00735#2#JAHBCG010000030.1	54496417	54496422
y1_HG00735.2#516	y1_HG00735.2	HG00735#2#JAHBCG010000039.1	63674701	63674794
y1_HG00735.2#517	y1_HG00735.2	HG00735#2#JAHBCG010000025.1	2658661	2660229
y1_HG00735.2#518	y1_HG00735.2	HG00735#2#JAHBCG010000008.1	11153533	11157511
y1_HG00735.2#519	y1_HG00735.2	HG00735#2#JAHBCG010000007.1	44827471	44827477
y1_HG00735.2#520	y1_HG00735.2	HG00735#2#JAHBCG010000001.1	49779307	49779309
y1_HG00735.2#521	y1_HG00735.2	HG00735#2#JAHBCG010000010.1	7735792	7736816
y1_HG00735.2#522	y1_HG00735.2	HG00735#2#JAHBCG010000063.1	15826204	15826207
y1_HG00735.2#523	y1_HG00735.2	HG00735#2#JAHBCG010000031.1	34593318	34593546
y1_HG00735.2#524	y1_HG00735.2	HG00735#2#JAHBCG010000009.1	53698363	53698427
y1_HG00735.2#525	y1_HG00735.2	HG00735#2#JAHBCG010000007.1	69540009	69540096
y1_HG00735.2#526	y1_HG00735.2	HG00735#2#JAHBCG010000069.1	22492021	22492043
y1_HG00735.2#527	y1_HG00735.2	HG00735#2#JAHBCG010000058.1	29991461	30017503
y1_HG00735.2#528	y1_HG00735.2	HG00735#2#JAHBCG010000025.1	23017577	23017679
y1_HG00735.2#529	y1_HG00735.2	HG00735#2#JAHBCG010000013.1	38157965	38191104
y1_HG00735.2#530	y1_HG00735.2	HG00735#2#JAHBCG010000033.1	4787534	4963585
y1_HG00735.2#531	y1_HG00735.2	HG00735#2#JAHBCG010000024.1	19430834	19492298
y1_HG00735.2#532	y1_HG00735.2	HG00735#2#JAHBCG010000008.1	27287727	27287732
y1_HG00735.2#533	y1_HG00735.2	HG00735#2#JAHBCG010000005.1	25795930	25803328
y1_HG00735.2#534	y1_HG00735.2	HG00735#2#JAHBCG010000036.1	24950998	25682046
y1_HG00735.2#535	y1_HG00735.2	HG00735#2#JAHBCG010000023.1	92778040	92779534
y1_HG00735.2#536	y1_HG00735.2	HG00735#2#JAHBCG010000017.1	52495619	52496584
y1_HG00735.2#537	y1_HG00735.2	HG00735#2#JAHBCG010000070.1	11191100	11412269
y1_HG00735.2#538	y1_HG00735.2	HG00735#2#JAHBCG010000147.1	513922	513947
y1_HG00735.2#539	y1_HG00735.2	HG00735#2#JAHBCG010000034.1	4077470	4091273
y1_HG00735.2#540	y1_HG00735.2	HG00735#2#JAHBCG010000032.1	16055432	16235757
y1_HG00735.2#541	y1_HG00735.2	HG00735#2#JAHBCG010000040.1	18857074	18857193
y1_HG00735.2#542	y1_HG00735.2	HG00735#2#JAHBCG010000006.1	29822315	29822348
y1_HG00735.2#543	y1_HG00735.2	HG00735#2#JAHBCG010000007.1	13424533	13424535
y1_HG00735.2#544	y1_HG00735.2	HG00735#2#JAHBCG010000005.1	48376015	48376100
y1_HG00735.2#545	y1_HG00735.2	HG00735#2#JAHBCG010000002.1	76086410	76662800
y1_HG00735.2#546	y1_HG00735.2	HG00735#2#JAHBCG010000049.1	1235996	1274595
y1_HG00735.2#547	y1_HG00735.2	HG00735#2#JAHBCG010000026.1	65227695	65227718
y1_HG00735.2#548	y1_HG00735.2	HG00735#2#JAHBCG010000022.1	23783160	23783185
y1_HG00735.2#549	y1_HG00735.2	HG00735#2#JAHBCG010000023.1	20969796	20975816
y1_HG00735.2#550	y1_HG00735.2	HG00735#2#JAHBCG010000005.1	72941755	72941758
y1_HG00735.2#551	y1_HG00735.2	HG00735#2#JAHBCG010000023.1	29016296	29016304
y1_HG00735.2#552	y1_HG00735.2	HG00735#2#JAHBCG010000020.1	22365005	22372265
y1_HG00735.2#553	y1_HG00735.2	HG00735#2#JAHBCG010000022.1	15431193	15431196
y1_HG00735.2#554	y1_HG00735.2	HG00735#2#JAHBCG010000001.1	49478658	49478665
y1_HG00735.2#555	y1_HG00735.2	HG00735#2#JAHBCG010000021.1	11214322	11214461
y1_HG00735.2#556	y1_HG00735.2	HG00735#2#JAHBCG010000036.1	2359835	2361494
y1_HG00735.2#557	y1_HG00735.2	HG00735#2#JAHBCG010000006.1	10521068	10521072
y1_HG00735.2#558	y1_HG00735.2	HG00735#2#JAHBCG010000070.1	15010971	15010998
y1_HG00735.2#559	y1_HG00735.2	HG00735#2#JAHBCG010000036.1	2545343	2547012
y1_HG00735.2#560	y1_HG00735.2	HG00735#2#JAHBCG010000065.1	2617658	2617661
y1_HG00735.2#561	y1_HG00735.2	HG00735#2#JAHBCG010000042.1	30597914	30597919
y1_HG00735.2#562	y1_HG00735.2	HG00735#2#JAHBCG010000030.1	53000703	53000733
y1_HG00735.2#563	y1_HG00735.2	HG00735#2#JAHBCG010000010.1	68883853	68883856
y1_HG00735.2#564	y1_HG00735.2	HG00735#2#JAHBCG010000068.1	16867074	16868363
y1_HG00735.2#565	y1_HG00735.2	HG00735#2#JAHBCG010000076.1	9073117	9073123
y1_HG00735.2#566	y1_HG00735.2	HG00735#2#JAHBCG010000041.1	338747	338750
y1_HG00735.2#567	y1_HG00735.2	HG00735#2#JAHBCG010000058.1	29241901	29241903
y1_HG00735.2#568	y1_HG00735.2	HG00735#2#JAHBCG010000001.1	114042545	114042547
y1_HG00735.2#569	y1_HG00735.2	HG00735#2#JAHBCG010000026.1	37229529	37901071
y1_HG00735.2#570	y1_HG00735.2	HG00735#2#JAHBCG010000040.1	19217567	19217786
y1_HG00735.2#571	y1_HG00735.2	HG00735#2#JAHBCG010000058.1	7017022	7019734
y1_HG00735.2#572	y1_HG00735.2	HG00735#2#JAHBCG010000030.1	35504948	35504986
y1_HG00735.2#573	y1_HG00735.2	HG00735#2#JAHBCG010000023.1	86381140	86384277
y1_HG00735.2#574	y1_HG00735.2	HG00735#2#JAHBCG010000013.1	40236784	40255427
y1_HG00735.2#575	y1_HG00735.2	HG00735#2#JAHBCG010000063.1	11222484	11222495
y1_HG00735.2#576	y1_HG00735.2	HG00735#2#JAHBCG010000078.1	3787501	3793919
y1_HG00735.2#577	y1_HG00735.2	HG00735#2#JAHBCG010000013.1	26103847	26140452
y1_HG00735.2#578	y1_HG00735.2	HG00735#2#JAHBCG010000057.1	5876206	6155836
y1_HG00735.2#579	y1_HG00735.2	HG00735#2#JAHBCG010000023.1	53228856	53228863
y1_HG00735.2#580	y1_HG00735.2	HG00735#2#JAHBCG010000032.1	14742698	14743175
y1_HG00735.2#581	y1_HG00735.2	HG00735#2#JAHBCG010000073.1	3712741	3716025
y1_HG00735.2#582	y1_HG00735.2	HG00735#2#JAHBCG010000001.1	28725515	28729944
y1_HG00735.2#583	y1_HG00735.2	HG00735#2#JAHBCG010000058.1	6997592	7505780
y1_HG00735.2#584	y1_HG00735.2	HG00735#2#JAHBCG010000046.1	745213	745258
y1_HG00735.2#585	y1_HG00735.2	HG00735#2#JAHBCG010000037.1	2041111	2042557
y1_HG00735.2#586	y1_HG00735.2	HG00735#2#JAHBCG010000001.1	41010062	41251832
y1_HG00735.2#587	y1_HG00735.2	HG00735#2#JAHBCG010000034.1	13208229	13208365
y1_HG00735.2#588	y1_HG00735.2	HG00735#2#JAHBCG010000019.1	865859	866734
y1_HG00735.2#589	y1_HG00735.2	HG00735#2#JAHBCG010000017.1	47991415	48003774
y1_HG00735.2#590	y1_HG00735.2	HG00735#2#JAHBCG010000092.1	8089192	8154403
y1_HG00735.2#591	y1_HG00735.2	HG00735#2#JAHBCG010000040.1	91748624	91754348
y1_HG00735.2#592	y1_HG00735.2	HG00735#2#JAHBCG010000116.1	211233	972599
y1_HG00735.2#593	y1_HG00735.2	HG00735#2#JAHBCG010000002.1	80012082	80012084
y1_HG00735.2#594	y1_HG00735.2	HG00735#2#JAHBCG010000005.1	96893929	96893979
y1_HG00735.2#595	y1_HG00735.2	HG00735#2#JAHBCG010000037.1	24618983	25248215
y1_HG00735.2#596	y1_HG00735.2	HG00735#2#JAHBCG010000068.1	12362080	12368591
y1_HG00735.2#597	y1_HG00735.2	HG00735#2#JAHBCG010000070.1	6023730	6024232
y1_HG00735.2#598	y1_HG00735.2	HG00735#2#JAHBCG010000025.1	27296427	27355496
y1_HG00735.2#599	y1_HG00735.2	HG00735#2#JAHBCG010000007.1	17063283	17066586
y1_HG00735.2#600	y1_HG00735.2	HG00735#2#JAHBCG010000090.1	6568532	6568534
y1_HG00735.2#601	y1_HG00735.2	HG00735#2#JAHBCG010000040.1	14593241	14593264
y1_HG00735.2#602	y1_HG00735.2	HG00735#2#JAHBCG010000026.1	58687959	59484318
y1_HG00735.2#603	y1_HG00735.2	HG00735#2#JAHBCG010000069.1	16689383	17190185
y1_HG00735.2#604	y1_HG00735.2	HG00735#2#JAHBCG010000033.1	15349671	15349739
y1_HG00735.2#605	y1_HG00735.2	HG00735#2#JAHBCG010000058.1	10842607	11671054
y1_HG00735.2#606	y1_HG00735.2	HG00735#2#JAHBCG010000011.1	19002131	19002493
y1_HG00735.2#607	y1_HG00735.2	HG00735#2#JAHBCG010000022.1	27914505	28425672
y1_HG00735.2#608	y1_HG00735.2	HG00735#2#JAHBCG010000022.1	47288241	47335501
y1_HG00735.2#609	y1_HG00735.2	HG00735#2#JAHBCG010000076.1	11604832	11607332
y1_HG00735.2#610	y1_HG00735.2	HG00735#2#JAHBCG010000073.1	8853500	8887564
y1_HG00735.2#611	y1_HG00735.2	HG00735#2#JAHBCG010000031.1	6773483	6773491
y1_HG00735.2#612	y1_HG00735.2	HG00735#2#JAHBCG010000034.1	23717028	23717034
y1_HG00735.2#613	y1_HG00735.2	HG00735#2#JAHBCG010000035.1	23075347	23075351
y1_HG00735.2#614	y1_HG00735.2	HG00735#2#JAHBCG010000021.1	6698399	6698624
y1_HG00735.2#615	y1_HG00735.2	HG00735#2#JAHBCG010000023.1	71009884	71010272
y1_HG00735.2#616	y1_HG00735.2	HG00735#2#JAHBCG010000012.1	16088042	16122878
y1_HG00735.2#617	y1_HG00735.2	HG00735#2#JAHBCG010000014.1	8150729	8153657
y1_HG00735.2#618	y1_HG00735.2	HG00735#2#JAHBCG010000002.1	23154428	23260710
y1_HG00735.2#619	y1_HG00735.2	HG00735#2#JAHBCG010000023.1	18640073	18640111
y1_HG00735.2#620	y1_HG00735.2	HG00735#2#JAHBCG010000073.1	6983798	7159547
y1_HG00735.2#621	y1_HG00735.2	HG00735#2#JAHBCG010000074.1	11855258	11857543
y1_HG00735.2#622	y1_HG00735.2	HG00735#2#JAHBCG010000048.1	20799004	21030265
y1_HG00735.2#623	y1_HG00735.2	HG00735#2#JAHBCG010000007.1	2429358	2430793
y1_HG00735.2#624	y1_HG00735.2	HG00735#2#JAHBCG010000024.1	13384748	13384791
y1_HG00735.2#625	y1_HG00735.2	HG00735#2#JAHBCG010000038.1	1717090	1760054
y1_HG00735.2#626	y1_HG00735.2	HG00735#2#JAHBCG010000052.1	6181974	6182331
y1_HG00735.2#627	y1_HG00735.2	HG00735#2#JAHBCG010000084.1	950565	1136655
y1_HG00735.2#628	y1_HG00735.2	HG00735#2#JAHBCG010000030.1	36804966	36850750
y1_HG00735.2#629	y1_HG00735.2	HG00735#2#JAHBCG010000037.1	14247118	14255870
y1_HG00735.2#630	y1_HG00735.2	HG00735#2#JAHBCG010000010.1	75339678	75339681
y1_HG00735.2#631	y1_HG00735.2	HG00735#2#JAHBCG010000034.1	32652579	32654362
y1_HG00735.2#632	y1_HG00735.2	HG00735#2#JAHBCG010000094.1	1176487	1176490
y1_HG00735.2#633	y1_HG00735.2	HG00735#2#JAHBCG010000043.1	48529140	48529204
y1_HG00735.2#634	y1_HG00735.2	HG00735#2#JAHBCG010000020.1	32925632	32973978
y1_HG00735.2#635	y1_HG00735.2	HG00735#2#JAHBCG010000068.1	583205	630847
y1_HG00735.2#636	y1_HG00735.2	HG00735#2#JAHBCG010000014.1	20537198	20537640
y1_HG00735.2#637	y1_HG00735.2	HG00735#2#JAHBCG010000097.1	3508826	3511409
y1_HG00735.2#638	y1_HG00735.2	HG00735#2#JAHBCG010000008.1	20669778	21570207
y1_HG00735.2#639	y1_HG00735.2	HG00735#2#JAHBCG010000021.1	2502998	3248070
y1_HG00735.2#640	y1_HG00735.2	HG00735#2#JAHBCG010000032.1	40159565	40160013
y1_HG00735.2#641	y1_HG00735.2	HG00735#2#JAHBCG010000001.1	102797740	102797773
y1_HG00735.2#642	y1_HG00735.2	HG00735#2#JAHBCG010000052.1	10693971	10693974
y1_HG00735.2#643	y1_HG00735.2	HG00735#2#JAHBCG010000019.1	17153652	17377680
y1_HG00735.2#644	y1_HG00735.2	HG00735#2#JAHBCG010000011.1	25492027	25492450
y1_HG00735.2#645	y1_HG00735.2	HG00735#2#JAHBCG010000031.1	81905012	81905015
y1_HG00735.2#646	y1_HG00735.2	HG00735#2#JAHBCG010000082.1	1880991	2145360
y1_HG00735.2#647	y1_HG00735.2	HG00735#2#JAHBCG010000002.1	26623012	26623301
y1_HG00735.2#648	y1_HG00735.2	HG00735#2#JAHBCG010000005.1	16827706	16827708
y1_HG00735.2#649	y1_HG00735.2	HG00735#2#JAHBCG010000057.1	8584651	8584653
y1_HG00735.2#650	y1_HG00735.2	HG00735#2#JAHBCG010000039.1	12175507	12175555
y1_HG00735.2#651	y1_HG00735.2	HG00735#2#JAHBCG010000007.1	1248149	1585036
y1_HG00735.2#652	y1_HG00735.2	HG00735#2#JAHBCG010000001.1	3208935	3209543
y1_HG00735.2#653	y1_HG00735.2	HG00735#2#JAHBCG010000033.1	10012089	10013834
y1_HG00735.2#654	y1_HG00735.2	HG00735#2#JAHBCG010000043.1	22127264	22268263
y1_HG00735.2#655	y1_HG00735.2	HG00735#2#JAHBCG010000030.1	44252625	44727302
y1_HG00735.2#656	y1_HG00735.2	HG00735#2#JAHBCG010000063.1	16955042	16955307
y1_HG00735.2#657	y1_HG00735.2	HG00735#2#JAHBCG010000102.1	753251	1009908
y1_HG00735.2#658	y1_HG00735.2	HG00735#2#JAHBCG010000007.1	46186461	47177537
y1_HG00735.2#659	y1_HG00735.2	HG00735#2#JAHBCG010000084.1	7223624	7223779
y1_HG00735.2#660	y1_HG00735.2	HG00735#2#JAHBCG010000008.1	39258002	39259222
y1_HG00735.2#661	y1_HG00735.2	HG00735#2#JAHBCG010000042.1	31165902	31339601
y1_HG00735.2#662	y1_HG00735.2	HG00735#2#JAHBCG010000054.1	13446680	13448940
y1_HG00735.2#663	y1_HG00735.2	HG00735#2#JAHBCG010000050.1	5510578	5543380
y1_HG00735.2#664	y1_HG00735.2	HG00735#2#JAHBCG010000023.1	73601363	73601392
y1_HG00735.2#665	y1_HG00735.2	HG00735#2#JAHBCG010000002.1	33469757	33471818
y1_HG00735.2#666	y1_HG00735.2	HG00735#2#JAHBCG010000005.1	70263088	70301123
y1_HG00735.2#667	y1_HG00735.2	HG00735#2#JAHBCG010000110.1	2030200	2241397
y1_HG00735.2#668	y1_HG00735.2	HG00735#2#JAHBCG010000011.1	21834173	21834222
y1_HG00735.2#669	y1_HG00735.2	HG00735#2#JAHBCG010000011.1	55165924	55166028
y1_HG00735.2#670	y1_HG00735.2	HG00735#2#JAHBCG010000004.1	4775282	4777065
y1_HG00735.2#671	y1_HG00735.2	HG00735#2#JAHBCG010000023.1	9319278	9319317
y1_HG00735.2#672	y1_HG00735.2	HG00735#2#JAHBCG010000083.1	4636806	5080539
y1_HG00735.2#673	y1_HG00735.2	HG00735#2#JAHBCG010000040.1	74958480	74960801
y1_HG00735.2#674	y1_HG00735.2	HG00735#2#JAHBCG010000023.1	69218525	69218879
y1_HG00735.2#675	y1_HG00735.2	HG00735#2#JAHBCG010000030.1	30453213	30453408
y1_HG00735.2#676	y1_HG00735.2	HG00735#2#JAHBCG010000006.1	14286082	14300438
y1_HG00735.2#677	y1_HG00735.2	HG00735#2#JAHBCG010000002.1	69639296	69639782
y1_HG00735.2#678	y1_HG00735.2	HG00735#2#JAHBCG010000043.1	11098266	11156334
y1_HG00735.2#679	y1_HG00735.2	HG00735#2#JAHBCG010000021.1	3589588	3596379
y1_HG00735.2#680	y1_HG00735.2	HG00735#2#JAHBCG010000074.1	4532079	4532100
y1_HG00735.2#681	y1_HG00735.2	HG00735#2#JAHBCG010000005.1	76248999	76307595
y1_HG00735.2#682	y1_HG00735.2	HG00735#2#JAHBCG010000014.1	15094917	15109459
y1_HG00735.2#683	y1_HG00735.2	HG00735#2#JAHBCG010000004.1	49001714	49010768
y1_HG00735.2#684	y1_HG00735.2	HG00735#2#JAHBCG010000004.1	37721237	37721405
y1_HG00735.2#685	y1_HG00735.2	HG00735#2#JAHBCG010000084.1	16667653	16955705
y1_HG00735.2#686	y1_HG00735.2	HG00735#2#JAHBCG010000058.1	37094378	37096642
y1_HG00735.2#687	y1_HG00735.2	HG00735#2#JAHBCG010000021.1	26507163	26507168
y1_HG00735.2#688	y1_HG00735.2	HG00735#2#JAHBCG010000025.1	28450585	28612250
y1_HG00735.2#689	y1_HG00735.2	HG00735#2#JAHBCG010000001.1	14014837	14028827
y1_HG00735.2#690	y1_HG00735.2	HG00735#2#JAHBCG010000017.1	29141460	29173581
y1_HG00735.2#691	y1_HG00735.2	HG00735#2#JAHBCG010000058.1	16837819	16852045
y1_HG00735.2#692	y1_HG00735.2	HG00735#2#JAHBCG010000001.1	5262973	5262978
y1_HG00735.2#693	y1_HG00735.2	HG00735#2#JAHBCG010000007.1	86182464	86248729
y1_HG00735.2#694	y1_HG00735.2	HG00735#2#JAHBCG010000002.1	28805855	28806567
y1_HG00735.2#695	y1_HG00735.2	HG00735#2#JAHBCG010000026.1	53337250	53337386
y1_HG00735.2#696	y1_HG00735.2	HG00735#2#JAHBCG010000009.1	80696783	80698065
y1_HG00735.2#697	y1_HG00735.2	HG00735#2#JAHBCG010000028.1	5039761	5040159
y1_HG00735.2#698	y1_HG00735.2	HG00735#2#JAHBCG010000010.1	89271375	89271415
y1_HG00735.2#699	y1_HG00735.2	HG00735#2#JAHBCG010000009.1	81811786	82275038
y1_HG00735.2#700	y1_HG00735.2	HG00735#2#JAHBCG010000017.1	45634783	45637227
y1_HG00735.2#701	y1_HG00735.2	HG00735#2#JAHBCG010000039.1	52488817	52488882
y1_HG00735.2#702	y1_HG00735.2	HG00735#2#JAHBCG010000013.1	42843439	43861732
y1_HG00735.2#703	y1_HG00735.2	HG00735#2#JAHBCG010000012.1	24704406	25226393
y1_HG00735.2#704	y1_HG00735.2	HG00735#2#JAHBCG010000079.1	22555291	22567527
y1_HG00735.2#705	y1_HG00735.2	HG00735#2#JAHBCG010000011.1	64798105	64798113
y1_HG00735.2#706	y1_HG00735.2	HG00735#2#JAHBCG010000030.1	7464785	7464787
y1_HG00735.2#707	y1_HG00735.2	HG00735#2#JAHBCG010000020.1	31699017	31721894
y1_HG00735.2#708	y1_HG00735.2	HG00735#2#JAHBCG010000126.1	179105	179107
y1_HG00735.2#709	y1_HG00735.2	HG00735#2#JAHBCG010000001.1	41204433	41356827
y1_HG00735.2#710	y1_HG00735.2	HG00735#2#JAHBCG010000031.1	93999395	94005430
y1_HG00735.2#711	y1_HG00735.2	HG00735#2#JAHBCG010000017.1	48802289	48802585
y1_HG00735.2#712	y1_HG00735.2	HG00735#2#JAHBCG010000030.1	27513267	27628175
y1_HG00735.2#713	y1_HG00735.2	HG00735#2#JAHBCG010000007.1	87835323	87835393
y1_HG00735.2#714	y1_HG00735.2	HG00735#2#JAHBCG010000001.1	38808644	38809856
y1_HG00735.2#715	y1_HG00735.2	HG00735#2#JAHBCG010000036.1	20898303	20898305
y1_HG00735.2#716	y1_HG00735.2	HG00735#2#JAHBCG010000064.1	628519	628609
y1_HG00735.2#717	y1_HG00735.2	HG00735#2#JAHBCG010000013.1	44104918	44109096
y1_HG00735.2#718	y1_HG00735.2	HG00735#2#JAHBCG010000040.1	85016092	85016416
y1_HG00735.2#719	y1_HG00735.2	HG00735#2#JAHBCG010000019.1	9548568	9577638
y1_HG00735.2#720	y1_HG00735.2	HG00735#2#JAHBCG010000014.1	14918468	14993899
y1_HG00735.2#721	y1_HG00735.2	HG00735#2#JAHBCG010000057.1	5785898	5811192
y1_HG00735.2#722	y1_HG00735.2	HG00735#2#JAHBCG010000007.1	34332015	34332026
y1_HG00735.2#723	y1_HG00735.2	HG00735#2#JAHBCG010000017.1	64731635	64731637
y1_HG00735.2#724	y1_HG00735.2	HG00735#2#JAHBCG010000009.1	53644080	53644134
y1_HG00735.2#725	y1_HG00735.2	HG00735#2#JAHBCG010000048.1	19617091	19617400
y1_HG00735.2#726	y1_HG00735.2	HG00735#2#JAHBCG010000007.1	17691746	18210177
y1_HG00735.2#727	y1_HG00735.2	HG00735#2#JAHBCG010000020.1	33720346	33720362
y1_HG00735.2#728	y1_HG00735.2	HG00735#2#JAHBCG010000031.1	54636524	54636661
y1_HG00735.2#729	y1_HG00735.2	HG00735#2#JAHBCG010000023.1	14607909	14734435
y1_HG00735.2#730	y1_HG00735.2	HG00735#2#JAHBCG010000043.1	27937523	27937527
y1_HG00735.2#731	y1_HG00735.2	HG00735#2#JAHBCG010000072.1	1314853	1801394
y1_HG00735.2#732	y1_HG00735.2	HG00735#2#JAHBCG010000004.1	40569071	40783438
y1_HG00735.2#733	y1_HG00735.2	HG00735#2#JAHBCG010000052.1	5509722	5509858
y1_HG00735.2#734	y1_HG00735.2	HG00735#2#JAHBCG010000014.1	29531830	29532110
y1_HG00735.2#735	y1_HG00735.2	HG00735#2#JAHBCG010000005.1	10815508	10815514
y1_HG00735.2#736	y1_HG00735.2	HG00735#2#JAHBCG010000015.1	6815581	7096455
y1_HG00735.2#737	y1_HG00735.2	HG00735#2#JAHBCG010000002.1	71332679	71858691
y1_HG00735.2#738	y1_HG00735.2	HG00735#2#JAHBCG010000057.1	11638198	11688770
y1_HG00735.2#739	y1_HG00735.2	HG00735#2#JAHBCG010000062.1	9196415	9196427
y1_HG00735.2#740	y1_HG00735.2	HG00735#2#JAHBCG010000069.1	29774506	29774662
y1_HG00735.2#741	y1_HG00735.2	HG00735#2#JAHBCG010000036.1	9357067	9357069
y1_HG00735.2#742	y1_HG00735.2	HG00735#2#JAHBCG010000009.1	14318134	14318154
y1_HG00735.2#743	y1_HG00735.2	HG00735#2#JAHBCG010000001.1	59394961	59394966
y1_HG00735.2#744	y1_HG00735.2	HG00735#2#JAHBCG010000042.1	5115971	5116025
y1_HG00735.2#745	y1_HG00735.2	HG00735#2#JAHBCG010000032.1	45195401	45195412
y1_HG00735.2#746	y1_HG00735.2	HG00735#2#JAHBCG010000101.1	1614477	1614479
y1_HG00735.2#747	y1_HG00735.2	HG00735#2#JAHBCG010000092.1	7453700	7461999
y1_HG00735.2#748	y1_HG00735.2	HG00735#2#JAHBCG010000017.1	95205212	95205354
y1_HG00735.2#749	y1_HG00735.2	HG00735#2#JAHBCG010000053.1	3080575	3080578
y1_HG00735.2#750	y1_HG00735.2	HG00735#2#JAHBCG010000035.1	17548912	17558265
y1_HG00735.2#751	y1_HG00735.2	HG00735#2#JAHBCG010000039.1	21185933	21189137
y1_HG00735.2#752	y1_HG00735.2	HG00735#2#JAHBCG010000071.1	1127194	1127204
y1_HG00735.2#753	y1_HG00735.2	HG00735#2#JAHBCG010000032.1	7372290	7372321
y1_HG00735.2#754	y1_HG00735.2	HG00735#2#JAHBCG010000062.1	23396584	23396664
y1_HG00735.2#755	y1_HG00735.2	HG00735#2#JAHBCG010000024.1	22618163	22653961
y1_HG00735.2#756	y1_HG00735.2	HG00735#2#JAHBCG010000066.1	2872755	2872862
y1_HG00735.2#757	y1_HG00735.2	HG00735#2#JAHBCG010000025.1	12938023	12938144
y1_HG00735.2#758	y1_HG00735.2	HG00735#2#JAHBCG010000005.1	41811790	41811795
y1_HG00735.2#759	y1_HG00735.2	HG00735#2#JAHBCG010000074.1	13584564	13774052
y1_HG00735.2#760	y1_HG00735.2	HG00735#2#JAHBCG010000025.1	20175874	20189966
y1_HG00735.2#761	y1_HG00735.2	HG00735#2#JAHBCG010000010.1	12804858	12804860
y1_HG00735.2#762	y1_HG00735.2	HG00735#2#JAHBCG010000063.1	9554660	9554669
y1_HG00735.2#763	y1_HG00735.2	HG00735#2#JAHBCG010000042.1	1546020	1546217
y1_HG00735.2#764	y1_HG00735.2	HG00735#2#JAHBCG010000039.1	34159384	34159901
y1_HG00735.2#765	y1_HG00735.2	HG00735#2#JAHBCG010000074.1	1479619	1495655
y1_HG00735.2#766	y1_HG00735.2	HG00735#2#JAHBCG010000065.1	11794544	11798372
y1_HG00735.2#767	y1_HG00735.2	HG00735#2#JAHBCG010000017.1	85585422	85758327
y1_HG00735.2#768	y1_HG00735.2	HG00735#2#JAHBCG010000091.1	17871258	17873313
y1_HG00735.2#769	y1_HG00735.2	HG00735#2#JAHBCG010000035.1	26281369	26284155
y1_HG00735.2#770	y1_HG00735.2	HG00735#2#JAHBCG010000003.1	7269192	7592252
y1_HG00735.2#771	y1_HG00735.2	HG00735#2#JAHBCG010000023.1	71511569	71650704
y1_HG00735.2#772	y1_HG00735.2	HG00735#2#JAHBCG010000001.1	54026748	54033112
y1_HG00735.2#773	y1_HG00735.2	HG00735#2#JAHBCG010000059.1	8243838	8244528
y1_HG00735.2#774	y1_HG00735.2	HG00735#2#JAHBCG010000012.1	24930223	24934715
y1_HG00735.2#775	y1_HG00735.2	HG00735#2#JAHBCG010000005.1	10407722	10407918
y1_HG00735.2#776	y1_HG00735.2	HG00735#2#JAHBCG010000066.1	6312250	6312439
y1_HG00735.2#777	y1_HG00735.2	HG00735#2#JAHBCG010000038.1	15361345	15362764
y1_HG00735.2#778	y1_HG00735.2	HG00735#2#JAHBCG010000013.1	33995095	34008261
y1_HG00735.2#779	y1_HG00735.2	HG00735#2#JAHBCG010000062.1	30418997	30678195
y1_HG00735.2#780	y1_HG00735.2	HG00735#2#JAHBCG010000075.1	2762922	2762976
y1_HG00735.2#781	y1_HG00735.2	HG00735#2#JAHBCG010000002.1	61699334	61699345
y1_HG00735.2#782	y1_HG00735.2	HG00735#2#JAHBCG010000054.1	20575195	21499705
y1_HG00735.2#783	y1_HG00735.2	HG00735#2#JAHBCG010000065.1	7200276	7340193
y1_HG00735.2#784	y1_HG00735.2	HG00735#2#JAHBCG010000069.1	10345340	10350162
y1_HG00735.2#785	y1_HG00735.2	HG00735#2#JAHBCG010000058.1	36799818	36799822
y1_HG00735.2#786	y1_HG00735.2	HG00735#2#JAHBCG010000038.1	20996628	20996691
y1_HG00735.2#787	y1_HG00735.2	HG00735#2#JAHBCG010000014.1	21661072	21662323
y1_HG00735.2#788	y1_HG00735.2	HG00735#2#JAHBCG010000011.1	22071446	22071460
y1_HG00735.2#789	y1_HG00735.2	HG00735#2#JAHBCG010000032.1	35310644	35310646
y1_HG00735.2#790	y1_HG00735.2	HG00735#2#JAHBCG010000023.1	33760601	33760603
y1_HG00735.2#791	y1_HG00735.2	HG00735#2#JAHBCG010000043.1	24307792	24307794
y1_HG00735.2#792	y1_HG00735.2	HG00735#2#JAHBCG010000050.1	2721591	2721593
y1_HG00735.2#793	y1_HG00735.2	HG00735#2#JAHBCG010000002.1	2064715	2065074
y1_HG00735.2#794	y1_HG00735.2	HG00735#2#JAHBCG010000094.1	5995241	5995277
y1_HG00735.2#795	y1_HG00735.2	HG00735#2#JAHBCG010000023.1	86305138	86382882
y1_HG00735.2#796	y1_HG00735.2	HG00735#2#JAHBCG010000010.1	17031749	17031752
y1_HG00735.2#797	y1_HG00735.2	HG00735#2#JAHBCG010000012.1	9614277	9710783
y1_HG00735.2#798	y1_HG00735.2	HG00735#2#JAHBCG010000001.1	24090126	24090399
y1_HG00735.2#799	y1_HG00735.2	HG00735#2#JAHBCG010000041.1	3325409	3329807
y1_HG00735.2#800	y1_HG00735.2	HG00735#2#JAHBCG010000034.1	40103740	40104013
y1_HG00735.2#801	y1_HG00735.2	HG00735#2#JAHBCG010000007.1	74394699	74394703
y1_HG00735.2#802	y1_HG00735.2	HG00735#2#JAHBCG010000062.1	37795614	37795626
y1_HG00735.2#803	y1_HG00735.2	HG00735#2#JAHBCG010000016.1	25474680	26270402
y1_HG00735.2#804	y1_HG00735.2	HG00735#2#JAHBCG010000032.1	13466855	13470691
y1_HG00735.2#805	y1_HG00735.2	HG00735#2#JAHBCG010000074.1	16789122	17020689
y1_HG00735.2#806	y1_HG00735.2	HG00735#2#JAHBCG010000004.1	33131618	33179155
y1_HG00735.2#807	y1_HG00735.2	HG00735#2#JAHBCG010000012.1	21326075	21326077
y1_HG00735.2#808	y1_HG00735.2	HG00735#2#JAHBCG010000026.1	45996941	45996963
y1_HG00735.2#809	y1_HG00735.2	HG00735#2#JAHBCG010000062.1	6896783	6896788
y1_HG00735.2#810	y1_HG00735.2	HG00735#2#JAHBCG010000042.1	19788625	19794053
y1_HG00735.2#811	y1_HG00735.2	HG00735#2#JAHBCG010000011.1	58518074	59245963
y1_HG00735.2#812	y1_HG00735.2	HG00735#2#JAHBCG010000010.1	43008295	43019741
y1_HG00735.2#813	y1_HG00735.2	HG00735#2#JAHBCG010000019.1	18109430	18109866
y1_HG00735.2#814	y1_HG00735.2	HG00735#2#JAHBCG010000017.1	35258669	35258673
y1_HG00735.2#815	y1_HG00735.2	HG00735#2#JAHBCG010000066.1	29768875	29768878
y1_HG00735.2#816	y1_HG00735.2	HG00735#2#JAHBCG010000079.1	5708776	5708834
y1_HG00735.2#817	y1_HG00735.2	HG00735#2#JAHBCG010000017.1	1282612	1295426
y1_HG00735.2#818	y1_HG00735.2	HG00735#2#JAHBCG010000062.1	8781238	8783092
y1_HG00735.2#819	y1_HG00735.2	HG00735#2#JAHBCG010000066.1	7126020	7126022
y1_HG00735.2#820	y1_HG00735.2	HG00735#2#JAHBCG010000005.1	38260024	38263812
y1_HG00735.2#821	y1_HG00735.2	HG00735#2#JAHBCG010000062.1	18363077	18363182
y1_HG00735.2#822	y1_HG00735.2	HG00735#2#JAHBCG010000043.1	11664294	11664304
y1_HG00735.2#823	y1_HG00735.2	HG00735#2#JAHBCG010000021.1	21303499	21303501
y1_HG00735.2#824	y1_HG00735.2	HG00735#2#JAHBCG010000009.1	89405468	89593435
y1_HG00735.2#825	y1_HG00735.2	HG00735#2#JAHBCG010000066.1	29364605	29428638
y1_HG00735.2#826	y1_HG00735.2	HG00735#2#JAHBCG010000025.1	32474387	32474454
y1_HG00735.2#827	y1_HG00735.2	HG00735#2#JAHBCG010000011.1	48154101	48154239
y1_HG00735.2#828	y1_HG00735.2	HG00735#2#JAHBCG010000040.1	79090432	79223289
y1_HG00735.2#829	y1_HG00735.2	HG00735#2#JAHBCG010000013.1	45185160	45185881
y1_HG00735.2#830	y1_HG00735.2	HG00735#2#JAHBCG010000068.1	1806071	1806120
y1_HG00735.2#831	y1_HG00735.2	HG00735#2#JAHBCG010000043.1	24846577	24846618
y1_HG00735.2#832	y1_HG00735.2	HG00735#2#JAHBCG010000026.1	21610524	21610564
y1_HG00735.2#833	y1_HG00735.2	HG00735#2#JAHBCG010000011.1	23822410	24015228
y1_HG00735.2#834	y1_HG00735.2	HG00735#2#JAHBCG010000062.1	5186160	5188552
y1_HG00735.2#835	y1_HG00735.2	HG00735#2#JAHBCG010000054.1	121546	121568
y1_HG00735.2#836	y1_HG00735.2	HG00735#2#JAHBCG010000017.1	82843852	83235002
y1_HG00735.2#837	y1_HG00735.2	HG00735#2#JAHBCG010000002.1	13629577	13629632
y1_HG00735.2#838	y1_HG00735.2	HG00735#2#JAHBCG010000038.1	27797453	27797502
y1_HG00735.2#839	y1_HG00735.2	HG00735#2#JAHBCG010000119.1	801496	820619
y1_HG00735.2#840	y1_HG00735.2	HG00735#2#JAHBCG010000013.1	71580376	71580856
y1_HG00735.2#841	y1_HG00735.2	HG00735#2#JAHBCG010000052.1	12913524	12913536
y1_HG00735.2#842	y1_HG00735.2	HG00735#2#JAHBCG010000031.1	51807630	51807653
y1_HG00735.2#843	y1_HG00735.2	HG00735#2#JAHBCG010000033.1	758441	1001242
y1_HG00735.2#844	y1_HG00735.2	HG00735#2#JAHBCG010000039.1	18347972	19016907
y1_HG00735.2#845	y1_HG00735.2	HG00735#2#JAHBCG010000040.1	85435334	85442030
y1_HG00735.2#846	y1_HG00735.2	HG00735#2#JAHBCG010000031.1	3104499	3106662
y1_HG00735.2#847	y1_HG00735.2	HG00735#2#JAHBCG010000062.1	7082535	7082546
y1_HG00735.2#848	y1_HG00735.2	HG00735#2#JAHBCG010000021.1	20089836	20089874
y1_HG00735.2#849	y1_HG00735.2	HG00735#2#JAHBCG010000066.1	28604881	28605036
y1_HG00735.2#850	y1_HG00735.2	HG00735#2#JAHBCG010000036.1	33145831	33270981
y1_HG00735.2#851	y1_HG00735.2	HG00735#2#JAHBCG010000195.1	32955	34241
y1_HG00735.2#852	y1_HG00735.2	HG00735#2#JAHBCG010000020.1	31044961	31044963
y1_HG00735.2#853	y1_HG00735.2	HG00735#2#JAHBCG010000036.1	31941453	31946938
y1_HG00735.2#854	y1_HG00735.2	HG00735#2#JAHBCG010000022.1	56600047	56600080
y1_HG00735.2#855	y1_HG00735.2	HG00735#2#JAHBCG010000083.1	6539273	6547100
y1_HG00735.2#856	y1_HG00735.2	HG00735#2#JAHBCG010000004.1	18870702	18918811
y1_HG00735.2#857	y1_HG00735.2	HG00735#2#JAHBCG010000043.1	40910426	40911597
y1_HG00735.2#858	y1_HG00735.2	HG00735#2#JAHBCG010000038.1	9255477	9267830
y1_HG00735.2#859	y1_HG00735.2	HG00735#2#JAHBCG010000091.1	14113760	14201156
y1_HG00735.2#860	y1_HG00735.2	HG00735#2#JAHBCG010000006.1	20033223	20033284
y1_HG00735.2#861	y1_HG00735.2	HG00735#2#JAHBCG010000010.1	69328507	69329299
y1_HG00735.2#862	y1_HG00735.2	HG00735#2#JAHBCG010000023.1	63578085	63598091
y1_HG00735.2#863	y1_HG00735.2	HG00735#2#JAHBCG010000036.1	30280841	30280843
y1_HG00735.2#864	y1_HG00735.2	HG00735#2#JAHBCG010000009.1	86395787	86395830
y1_HG00735.2#865	y1_HG00735.2	HG00735#2#JAHBCG010000040.1	23466212	23529022
y1_HG00735.2#866	y1_HG00735.2	HG00735#2#JAHBCG010000017.1	60160887	60160893
y1_HG00735.2#867	y1_HG00735.2	HG00735#2#JAHBCG010000011.1	68550465	68833081
y1_HG00735.2#868	y1_HG00735.2	HG00735#2#JAHBCG010000032.1	34169395	34169398
y1_HG00735.2#869	y1_HG00735.2	HG00735#2#JAHBCG010000004.1	24421584	24421591
y1_HG00735.2#870	y1_HG00735.2	HG00735#2#JAHBCG010000108.1	6711991	6725082
y1_HG00735.2#871	y1_HG00735.2	HG00735#2#JAHBCG010000007.1	75432856	75432859
y1_HG00735.2#872	y1_HG00735.2	HG00735#2#JAHBCG010000008.1	28965615	28965709
y1_HG00735.2#873	y1_HG00735.2	HG00735#2#JAHBCG010000007.1	62105634	62165112
y1_HG00735.2#874	y1_HG00735.2	HG00735#2#JAHBCG010000100.1	1171669	1180323
y1_HG00735.2#875	y1_HG00735.2	HG00735#2#JAHBCG010000001.1	17141342	17194706
y1_HG00735.2#876	y1_HG00735.2	HG00735#2#JAHBCG010000039.1	70298498	70312361
y1_HG00735.2#877	y1_HG00735.2	HG00735#2#JAHBCG010000038.1	9750097	9750115
y1_HG00735.2#878	y1_HG00735.2	HG00735#2#JAHBCG010000069.1	9826698	9826866
y1_HG00735.2#879	y1_HG00735.2	HG00735#2#JAHBCG010000008.1	45424200	45518892
y1_HG00735.2#880	y1_HG00735.2	HG00735#2#JAHBCG010000009.1	40699899	40699942
y1_HG00735.2#881	y1_HG00735.2	HG00735#2#JAHBCG010000012.1	35170729	35170732
y1_HG00735.2#882	y1_HG00735.2	HG00735#2#JAHBCG010000035.1	18089988	18090005
y1_HG00735.2#883	y1_HG00735.2	HG00735#2#JAHBCG010000016.1	4735778	4735786
y1_HG00735.2#884	y1_HG00735.2	HG00735#2#JAHBCG010000061.1	1809806	1857894
y1_HG00735.2#885	y1_HG00735.2	HG00735#2#JAHBCG010000040.1	16364568	16372202
y1_HG00735.2#886	y1_HG00735.2	HG00735#2#JAHBCG010000054.1	3882371	3908569
y1_HG00735.2#887	y1_HG00735.2	HG00735#2#JAHBCG010000084.1	5726807	5726935
y1_HG00735.2#888	y1_HG00735.2	HG00735#2#JAHBCG010000023.1	21621380	21621475
y1_HG00735.2#889	y1_HG00735.2	HG00735#2#JAHBCG010000094.1	2967653	2971630
y1_HG00735.2#890	y1_HG00735.2	HG00735#2#JAHBCG010000075.1	1889739	1889763
y1_HG00735.2#891	y1_HG00735.2	HG00735#2#JAHBCG010000012.1	29539095	29565534
y1_HG00735.2#892	y1_HG00735.2	HG00735#2#JAHBCG010000031.1	42335675	42489803
y1_HG00735.2#893	y1_HG00735.2	HG00735#2#JAHBCG010000012.1	2003971	2343805
y1_HG00735.2#894	y1_HG00735.2	HG00735#2#JAHBCG010000122.1	1295696	1295765
y1_HG00735.2#895	y1_HG00735.2	HG00735#2#JAHBCG010000004.1	17215384	17216096
y1_HG00735.2#896	y1_HG00735.2	HG00735#2#JAHBCG010000062.1	1240576	1356110
y1_HG00735.2#897	y1_HG00735.2	HG00735#2#JAHBCG010000032.1	22787074	22989444
y1_HG00735.2#898	y1_HG00735.2	HG00735#2#JAHBCG010000005.1	4993924	4999024
y1_HG00735.2#899	y1_HG00735.2	HG00735#2#JAHBCG010000066.1	33827945	33827959
y1_HG00735.2#900	y1_HG00735.2	HG00735#2#JAHBCG010000022.1	38792244	38793518
y1_HG00735.2#901	y1_HG00735.2	HG00735#2#JAHBCG010000032.1	46171386	46180738
y1_HG00735.2#902	y1_HG00735.2	HG00735#2#JAHBCG010000090.1	2641979	3150828
y1_HG00735.2#903	y1_HG00735.2	HG00735#2#JAHBCG010000083.1	16637150	16637168
y1_HG00735.2#904	y1_HG00735.2	HG00735#2#JAHBCG010000038.1	13928438	13928453
y1_HG00735.2#905	y1_HG00735.2	HG00735#2#JAHBCG010000031.1	77727707	77728302
y1_HG00735.2#906	y1_HG00735.2	HG00735#2#JAHBCG010000043.1	8179468	8179577
y1_HG00735.2#907	y1_HG00735.2	HG00735#2#JAHBCG010000009.1	83999016	84009573
y1_HG00735.2#908	y1_HG00735.2	HG00735#2#JAHBCG010000061.1	7092761	7093211
y1_HG00735.2#909	y1_HG00735.2	HG00735#2#JAHBCG010000020.1	16928165	16928456
y1_HG00735.2#910	y1_HG00735.2	HG00735#2#JAHBCG010000058.1	49623295	49623320
y1_HG00735.2#911	y1_HG00735.2	HG00735#2#JAHBCG010000024.1	12385850	12400282
y1_HG00735.2#912	y1_HG00735.2	HG00735#2#JAHBCG010000021.1	14937841	14939085
y1_HG00735.2#913	y1_HG00735.2	HG00735#2#JAHBCG010000005.1	21463557	21463581
y1_HG00735.2#914	y1_HG00735.2	HG00735#2#JAHBCG010000009.1	48599994	48714781
y1_HG00735.2#915	y1_HG00735.2	HG00735#2#JAHBCG010000112.1	2707601	2707603
y1_HG00735.2#916	y1_HG00735.2	HG00735#2#JAHBCG010000022.1	18529221	18529231
y1_HG00735.2#917	y1_HG00735.2	HG00735#2#JAHBCG010000009.1	37276681	37276695
y1_HG00735.2#918	y1_HG00735.2	HG00735#2#JAHBCG010000005.1	1939122	2112257
y1_HG00735.2#919	y1_HG00735.2	HG00735#2#JAHBCG010000037.1	1935973	2006404
y1_HG00735.2#920	y1_HG00735.2	HG00735#2#JAHBCG010000042.1	15375276	15472405
y1_HG00735.2#921	y1_HG00735.2	HG00735#2#JAHBCG010000012.1	10734505	10737172
y1_HG00735.2#922	y1_HG00735.2	HG00735#2#JAHBCG010000042.1	26135862	26136078
y1_HG00735.2#923	y1_HG00735.2	HG00735#2#JAHBCG010000024.1	17787635	17787701
y1_HG00735.2#924	y1_HG00735.2	HG00735#2#JAHBCG010000017.1	78520436	78520538
y1_HG00735.2#925	y1_HG00735.2	HG00735#2#JAHBCG010000048.1	21605866	21606532
y1_HG00735.2#926	y1_HG00735.2	HG00735#2#JAHBCG010000052.1	9686662	9687918
y1_HG00735.2#927	y1_HG00735.2	HG00735#2#JAHBCG010000006.1	40461293	40898462
y1_HG00735.2#928	y1_HG00735.2	HG00735#2#JAHBCG010000026.1	51190098	51190159
y1_HG00735.2#929	y1_HG00735.2	HG00735#2#JAHBCG010000001.1	101670135	101670137
y1_HG00735.2#930	y1_HG00735.2	HG00735#2#JAHBCG010000010.1	50112627	50112811
y1_HG00735.2#931	y1_HG00735.2	HG00735#2#JAHBCG010000012.1	8315064	8355304
y1_HG00735.2#932	y1_HG00735.2	HG00735#2#JAHBCG010000083.1	10449553	10449556
y1_HG00735.2#933	y1_HG00735.2	HG00735#2#JAHBCG010000039.1	50105128	50118770
y1_HG00735.2#934	y1_HG00735.2	HG00735#2#JAHBCG010000009.1	77537273	77537280
y1_HG00735.2#935	y1_HG00735.2	HG00735#2#JAHBCG010000002.1	52716168	52879603
y1_HG00735.2#936	y1_HG00735.2	HG00735#2#JAHBCG010000001.1	28629995	28630998
y1_HG00735.2#937	y1_HG00735.2	HG00735#2#JAHBCG010000042.1	7562674	7562789
y1_HG00735.2#938	y1_HG00735.2	HG00735#2#JAHBCG010000023.1	59152765	59160001
y1_HG00735.2#939	y1_HG00735.2	HG00735#2#JAHBCG010000064.1	498657	498722
y1_HG00735.2#940	y1_HG00735.2	HG00735#2#JAHBCG010000091.1	7836719	7837852
y1_HG00735.2#941	y1_HG00735.2	HG00735#2#JAHBCG010000062.1	14203789	14540872
y1_HG00735.2#942	y1_HG00735.2	HG00735#2#JAHBCG010000058.1	30106055	30106773
y1_HG00735.2#943	y1_HG00735.2	HG00735#2#JAHBCG010000021.1	26807427	26807463
y1_HG00735.2#944	y1_HG00735.2	HG00735#2#JAHBCG010000045.1	3475444	3863472
y1_HG00735.2#945	y1_HG00735.2	HG00735#2#JAHBCG010000009.1	11213842	11213953
y1_HG00735.2#946	y1_HG00735.2	HG00735#2#JAHBCG010000135.1	636503	641762
y1_HG00735.2#947	y1_HG00735.2	HG00735#2#JAHBCG010000062.1	13890670	13894906
y1_HG00735.2#948	y1_HG00735.2	HG00735#2#JAHBCG010000009.1	1925288	1925292
y1_HG00735.2#949	y1_HG00735.2	HG00735#2#JAHBCG010000010.1	22527653	22531783
y1_HG00735.2#950	y1_HG00735.2	HG00735#2#JAHBCG010000026.1	48184012	48274510
y1_HG00735.2#951	y1_HG00735.2	HG00735#2#JAHBCG010000022.1	40483314	40871855
y1_HG00735.2#952	y1_HG00735.2	HG00735#2#JAHBCG010000071.1	8400422	8542225
y1_HG00735.2#953	y1_HG00735.2	HG00735#2#JAHBCG010000008.1	6594992	6595063
y1_HG00735.2#954	y1_HG00735.2	HG00735#2#JAHBCG010000007.1	36092827	36628924
y1_HG00735.2#955	y1_HG00735.2	HG00735#2#JAHBCG010000017.1	26142761	26142855
y1_HG00735.2#956	y1_HG00735.2	HG00735#2#JAHBCG010000037.1	8246585	8252928
y1_HG00735.2#957	y1_HG00735.2	HG00735#2#JAHBCG010000097.1	115393	1091620
y1_HG00735.2#958	y1_HG00735.2	HG00735#2#JAHBCG010000010.1	39547956	39654921
y1_HG00735.2#959	y1_HG00735.2	HG00735#2#JAHBCG010000001.1	21265446	21265509
y1_HG00735.2#960	y1_HG00735.2	HG00735#2#JAHBCG010000006.1	49412289	49412368
y1_HG00735.2#961	y1_HG00735.2	HG00735#2#JAHBCG010000091.1	5557461	5557470
y1_HG00735.2#962	y1_HG00735.2	HG00735#2#JAHBCG010000006.1	13231358	13429185
y1_HG00735.2#963	y1_HG00735.2	HG00735#2#JAHBCG010000016.1	31967394	31989383
y1_HG00735.2#964	y1_HG00735.2	HG00735#2#JAHBCG010000026.1	62009748	62093343
y1_HG00735.2#965	y1_HG00735.2	HG00735#2#JAHBCG010000013.1	45798444	45798459
y1_HG00735.2#966	y1_HG00735.2	HG00735#2#JAHBCG010000029.1	20454989	20456079
y1_HG00735.2#967	y1_HG00735.2	HG00735#2#JAHBCG010000023.1	50009709	50009712
y1_HG00735.2#968	y1_HG00735.2	HG00735#2#JAHBCG010000066.1	29020851	29020855
y1_HG00735.2#969	y1_HG00735.2	HG00735#2#JAHBCG010000031.1	69829408	70088648
y1_HG00735.2#970	y1_HG00735.2	HG00735#2#JAHBCG010000040.1	88022561	88762180
y1_HG00735.2#971	y1_HG00735.2	HG00735#2#JAHBCG010000017.1	23571245	23576586
y1_HG00735.2#972	y1_HG00735.2	HG00735#2#JAHBCG010000066.1	18743497	18743515
y1_HG00735.2#973	y1_HG00735.2	HG00735#2#JAHBCG010000039.1	31475573	31475584
y1_HG00735.2#974	y1_HG00735.2	HG00735#2#JAHBCG010000040.1	24669800	24669802
y1_HG00735.2#975	y1_HG00735.2	HG00735#2#JAHBCG010000010.1	56605629	56606613
y1_HG00735.2#976	y1_HG00735.2	HG00735#2#JAHBCG010000024.1	185713	185747
y1_HG00735.2#977	y1_HG00735.2	HG00735#2#JAHBCG010000079.1	20621586	20779246
y1_HG00735.2#978	y1_HG00735.2	HG00735#2#JAHBCG010000003.1	3267524	3829314
y1_HG00735.2#979	y1_HG00735.2	HG00735#2#JAHBCG010000002.1	7030863	7032267
y1_HG00735.2#980	y1_HG00735.2	HG00735#2#JAHBCG010000024.1	7604624	7654668
y1_HG00735.2#981	y1_HG00735.2	HG00735#2#JAHBCG010000032.1	4508469	4540877
y1_HG00735.2#982	y1_HG00735.2	HG00735#2#JAHBCG010000040.1	8823217	8823245
y1_HG00735.2#983	y1_HG00735.2	HG00735#2#JAHBCG010000015.1	7286569	7452699
y1_HG00735.2#984	y1_HG00735.2	HG00735#2#JAHBCG010000012.1	17754793	17762389
y1_HG00735.2#985	y1_HG00735.2	HG00735#2#JAHBCG010000010.1	18541065	18598270
y1_HG00735.2#986	y1_HG00735.2	HG00735#2#JAHBCG010000043.1	44827636	44827638
y1_HG00735.2#987	y1_HG00735.2	HG00735#2#JAHBCG010000056.1	2399403	2419977
y1_HG00735.2#988	y1_HG00735.2	HG00735#2#JAHBCG010000030.1	42174563	42174683
y1_HG00735.2#989	y1_HG00735.2	HG00735#2#JAHBCG010000007.1	14482246	14482990
y1_HG00735.2#990	y1_HG00735.2	HG00735#2#JAHBCG010000042.1	7128054	7128435
y1_HG00735.2#991	y1_HG00735.2	HG00735#2#JAHBCG010000016.1	12979596	12979759
y1_HG00735.2#992	y1_HG00735.2	HG00735#2#JAHBCG010000021.1	7339494	7349995
y1_HG00735.2#993	y1_HG00735.2	HG00735#2#JAHBCG010000022.1	338695	338708
y1_HG00735.2#994	y1_HG00735.2	HG00735#2#JAHBCG010000065.1	10198663	10198665
y1_HG00735.2#995	y1_HG00735.2	HG00735#2#JAHBCG010000040.1	69743871	69744428
y1_HG00735.2#996	y1_HG00735.2	HG00735#2#JAHBCG010000037.1	8415211	8557780
y1_HG00735.2#997	y1_HG00735.2	HG00735#2#JAHBCG010000031.1	79052061	79165354
y1_HG00735.2#998	y1_HG00735.2	HG00735#2#JAHBCG010000010.1	5565154	5565507
y1_HG00735.2#999	y1_HG00735.2	HG00735#2#JAHBCG010000011.1	11270306	11270347
