id	sha256
y1_HG00438.1#0	1501ecba7b15441fcdd2dbf76bbfb70ae8a1fe00eeea801e4d3656cee88115b7
y1_HG00438.1#1	5dba617603451190d0aae1328eb19efe451390de49a9eddb2ae9cf4c3850fffb
y1_HG00438.1#2	1024c81ab895454bc5000fcda5ff6205cb30b20e2505f3e15630b15d76e3063d
y1_HG00438.1#3	5ad1b12ddf8f0da6ca4f6e15f91348b6dccfd89a2aecb44960abb5a2e8ca373f
y1_HG00438.1#4	61fcad2ead7578fba3ca496682e15a6c55d94c7dcc69aed4c5f213a4a302ef0a
y1_HG00438.1#5	23238e74697f991db19fc0251bf6b24cab2552d69a302578a5e86af0b253d471
y1_HG00438.1#6	6b52226d62e0259c6c9aca27a03774dc8ab4e5b85c4f4986a8ab56ea0634cf6f
y1_HG00438.1#7	cd034a8d3734d973ad25c461105f0103508ef0534ba7504494b90a1aee2c2b1d
y1_HG00438.1#8	e0eb72977cbe35687567a19d6ed65e74f3ab55281b5c1ef07384838372404b07
y1_HG00438.1#9	bec0110188b7234afa7b600cd55327217c8cf7be0f6bb8c1f2edd7d2973ee2f9
y1_HG00438.1#10	33a2da1623ea3b40f1fe265e286d96927da7bf010ce68d92a7fd7a19062e488e
y1_HG00438.1#11	da211397e8837ee0f79d2cd47cc0e01ea95d407e6c1bc104c013d60f5d23f914
y1_HG00438.1#12	76595197b97c067b005765e16a77a0c0fed99f0b96ba6c5157bb2cf7a6b99141
y1_HG00438.1#13	398e7345d1851d844e8b41b598f091dbc2f1a609ec70d09caeeddd06728f6001
y1_HG00438.1#14	ee7f01fd24d5cc391d7c4997a30ec1e1e5b4e2a6fa8a2155a0fe31491cb9cd37
y1_HG00438.1#15	b0c612875a7c440f654dfb9dfe15490f5f1eeec0d7f9ecb8e14dab610821b159
y1_HG00438.1#16	bda7c3504361ada9b95777af6ffce4debbb624634d2c28616a0b2cd40fc7d792
y1_HG00438.1#17	66ecf4a0b8085d4f93c4a392184548c6771bb6471e196bc26cf68636bfd450d5
y1_HG00438.1#18	cbfafad51cb7379a6b27c87140d005da557aba7627ba6b2fbcbdf815e6774f79
y1_HG00438.1#19	9779469589f956f434b70b578302dcbaa084a5eabb0124ccd61b0ae58c596e70
y1_HG00438.1#20	55e1d9eaf53035b57aaf67bdba74b14aa56b4270c7b2fba72833b574a178c04e
y1_HG00438.1#21	d0697f6d316e36eb6b40263d751e84f59cd0d9b8ee2aa6d5518504355f9496e9
y1_HG00438.1#22	267feee388655e295b474332e5917cdeec7c8b2e3fb45afd94bfe1acc416cc96
y1_HG00438.1#23	7248ca799f6afadb01ac3692adcf7564cb4bcb09ec643804a9b575650af64cdd
y1_HG00438.1#24	8879cef660bc2fbd7e4b56ad1dda2a0d1f7f70b5b362a5b96a0c6b164146c09a
y1_HG00438.1#25	8fcae5e7dca77bc393f8302e0ad6310291b244319da945ea636531c136c65c9b
y1_HG00438.1#26	9dc327d56e701eddd5a58a374796cb3ec304903c0c2832632689a98a0d6b01d7
y1_HG00438.1#27	e3f442d768bc4dee2ef4e908cc745a10ab3ea622fb85f9f0c6a4413ae7c6e75c
y1_HG00438.1#28	70a51617b7cb1705a47e582e1c1559efc45042f8495fc80a83c1014da5901a45
y1_HG00438.1#29	782486c344b20941e7cf3e027fd4610f6f3851321c010f03e7ed54ca795046ea
y1_HG00438.1#30	d2ae656c70df9f4faafc805f82291e4b4cd66fce08d0e7297d727a246b3f4abf
y1_HG00438.1#31	cb9745539a4b613680098f63202ffd5fbb45f77009e6ed0fa34761d4897eab9a
y1_HG00438.1#32	04ba56dac32c1ed6d96180d0c75d06fd40d095132cc274ea9707d3cd45f66526
y1_HG00438.1#33	2c71e604cd3768d697be10a18c335c67d9ff0e8a84485510816cf3c078054bfd
y1_HG00438.1#34	9779469589f956f434b70b578302dcbaa084a5eabb0124ccd61b0ae58c596e70
y1_HG00438.1#35	6dcd56bf46c7930442f31dc1bf20bcf870e0806b6ef1d90344c04c95c9bb2804
y1_HG00438.1#36	1f1bf44a7f514f837fbfec22e7d9b977620d57ba0b8d724a338a093a00905c38
y1_HG00438.1#37	47a14e625826835636a9c7b7b337282723ca819f8c7b5b7dc800f613dc2c5a6d
y1_HG00438.1#38	f37465a55cf5feb04e0be1f8b5377b186cc20a2e3e52604c9d782af587c0b409
y1_HG00438.1#39	ce8dd33eac1c54445a8a6f2e94d13d5bb4bb3a3911193fc851675970f5675aa2
y1_HG00438.1#40	140b55721eb0945b474377c6eb0752856499bf80e68265d8555434482d4e9859
y1_HG00438.1#41	fed4036d80572570b9eae16803a04208903f9f18ff08022bd126156e4bbb3020
y1_HG00438.1#42	59c8dcaa8f04768be14df70667125ac21ff310ef86916c90f9e47ddee1ecbf25
y1_HG00438.1#43	bac5e280711dd0e263720b2a5a9c2f2f8965a8088096bfd6379da0f947c5e6d6
y1_HG00438.1#44	a16cae0591bc275be2c0eeb719d8f68142e78bd57260d38f271c2fefa615097c
y1_HG00438.1#45	c04c17a3d411da3415425e6dfb9bd47d6653bd47cad4b746ed4adc77ab513589
y1_HG00438.1#46	15cbe5f066da796145940479d571424695e3077a1de270cb04972942d5b16260
y1_HG00438.1#47	6e152550361dbc72a58269e3677693a35b19dfff2f2d13fc968e5b7dbdaf62b8
y1_HG00438.1#48	56469cfed503c6e9f4f13f73999ccc8b10ee21287e5eb920de4b56c941e96893
y1_HG00438.1#49	28cc3557704948f150bebe95b0bf8e1ca5a79f61986d1d712738facb05572b60
y1_HG00438.1#50	96d5f02be0d843afffd257dcf9df4576e29960085b36b64392c7f718fa4983f4
y1_HG00438.1#51	c2056cee2d573b980222b66a503c9cb4fc525d85bba7d9d87d25e1f110821287
y1_HG00438.1#52	e02ac6daf7976ebe27eee8c897e6c2315988cd73f35808a1fff385c6b9c017cb
y1_HG00438.1#53	440b22df8a762962bfec5a95b02928813713420d0e1ad9903d3fcd0988f1f8ce
y1_HG00438.1#54	ccd5f75260dc03661445240da308fdd176288e3bd2bfb89a48327bb9b751e71a
y1_HG00438.1#55	76ea620a89ce4a8eb05baee4cc36a0dd2a61f821f94598801e7ebc3f8741f0ac
y1_HG00438.1#56	8187761984658accb938bb04c4bf85e9a8c3eb3037c19994ddfd39b3d36154c6
y1_HG00438.1#57	9779469589f956f434b70b578302dcbaa084a5eabb0124ccd61b0ae58c596e70
y1_HG00438.1#58	098048c589c99e815912e068d55349f622308a13bd49966ea796350721db53ad
y1_HG00438.1#59	40a8252e171e0fc036893abc51aa8a97862d988c4a686178312b556057d2ff74
y1_HG00438.1#60	089b2ac6a4aa5949a515b9d27b97ec164e2350d510fc8c3aa1d4f9e29f678422
y1_HG00438.1#61	43a5c2cee504b8d02f41cce21eda6b78e3e3f45bc7b5faec40a042f94d6619fb
y1_HG00438.1#62	18f0f6c1494c07d7ef61fff400d2bf65fe1aa553ff65a2db581cfa214a8d17f9
y1_HG00438.1#63	0714fb6c89b75e12fe6ee8a3441a5bd7b37cf9abd333e1f2282a76f81184faa5
y1_HG00438.1#64	15cbe5f066da796145940479d571424695e3077a1de270cb04972942d5b16260
y1_HG00438.1#65	034fc48ba584fc2a8b0b40c727e4ce36b79845d7ed910c63abfb2c22e630382c
y1_HG00438.1#66	5e14578144317c4d4b88377772bbca0351ffc928b803dfd0913f4be68838e413
y1_HG00438.1#67	6e7d00fbb13fce9add2aae335c46419919ce7718dbf6cc9bb9e5ef8e412bcafa
y1_HG00438.1#68	7de3a21fab4adc793eee6ab6f1cad103c07d91ee08a45eefc8caeecc6fa13398
y1_HG00438.1#69	4da60759033c9d9462343d5678e29c12875186cb0930374428ba9c67af862833
y1_HG00438.1#70	2bd6b2e2dfdca22b7f1a1ccbefdb134af49970c839665446e57231cb490c582f
y1_HG00438.1#71	1b6a15ff9ed24e2a07ec4aae15b42573f0227837002527054ce866a05e2e2dec
y1_HG00438.1#72	10977f5a3a153a1ed4eba42b8c68d61dbb0165a41e3d561fb09e894874d32fdb
y1_HG00438.1#73	6f0aea83ad1d44272ee2daf3b7060bb5fed140d6ee8590f67880c70fadb7c02b
y1_HG00438.1#74	3a9beb6e246b69a102b2117c9873cffcb5f32079c2564f6b855a09725c441f0f
y1_HG00438.1#75	bf62b657f1cc70bc1566b676898a9de3209d2e49e9cd62676ff0fe5a1d027c8d
y1_HG00438.1#76	ee0be3fbee68b238b4d22cecee9f333156942c4dbf7883cbc53e17da4ae29a4d
y1_HG00438.1#77	a56362a10c816abf206d72cb914e2d5ca454eb9c7e744f88b1a1422c379e9942
y1_HG00438.1#78	32c5b26d3402ffb6b49ff74e9aec2c644eb719e07f484f32c0788771da95f40a
y1_HG00438.1#79	c7c7578a129ac1ef2dcc6a3e3c2e4a9cb66180882a64f84e35ee3e170539d951
y1_HG00438.1#80	c0b3fafb4d7784117214c67053a6b0cb1f745f1f226d721ff961ea04c2ec5183
y1_HG00438.1#81	e620703160e5988c31250af58bc8dd9108f2b5ce585c59f160c30a357124b48f
y1_HG00438.1#82	4bcc1ff04865ee497a588e66d91461794ea08aa90aa9b49bb83d00b1bdd45718
y1_HG00438.1#83	98e3f99d948e71d368e3e1258eb1678c820a37be8b092b4cdd4e861f03b0a536
y1_HG00438.1#84	51ec3a615f5c3e6a01171b85c587247627d29a15f3cebb5978ad40e2c57b3c60
y1_HG00438.1#85	47689861da9ab53bffc83d8659b0a95456352102e371949ba0d8991a9d32b991
y1_HG00438.1#86	5e3085fd8e5cca8ad50b8819b585d0a7d99dceac20fa97f231076d84e6719073
y1_HG00438.1#87	571e10106250ff2e965c97a86958402a037e10ed95fdc229c985d2abec7c42a9
y1_HG00438.1#88	77265ee0e3347abb83206f8d4a37c745fd78e114b0a1af633d59ec2f56fa67e9
y1_HG00438.1#89	2e8417d6300f2d5887ff343c59c3470f2426870246e8eb44b06fcd14be008697
y1_HG00438.1#90	288fb0e9dfbd362ab41d67a79566b1ddc61fa703ba8d38147aba456cf39eb337
y1_HG00438.1#91	8516632dc4d3b654cb48fadf8e56a22b728b0ddf5c16708cda9eee4c0910a1b7
y1_HG00438.1#92	5a5c32872582a25fada7fa6e0c87deb283a727851be01776751bdfd02d2fe756
y1_HG00438.1#93	3b40dfd962eadbdf017b4a19a1181fcc1a07c02ca96216da0a3f6b561af85a6c
y1_HG00438.1#94	8bbe35596a78edd582f2133279d196b5f6f3190222adccd2a76e86d00736b520
y1_HG00438.1#95	2d1bbc04fde68022bd43515f6547ef1a15f350c0a37842216756fb5029c2ae33
y1_HG00438.1#96	1c1673c0b00fa537eb1845e5fe63eeaa0b7022a82be87023bb4a936100d30c2f
y1_HG00438.1#97	a477797c62f56a7cc95f045d53e93f039d85151f4ecef05227ce7273be5aa551
y1_HG00438.1#98	0098baa81386ece0c43b14557a839f36c2c9483c000c065a4d205b7d6c4238ea
y1_HG00438.1#99	1d77705cb6fe8ecb5304a3641b840a2056767e6b1b254c95412c30c4c2361682
y1_HG00438.1#100	8b9b5220e6617092659ee50e63327c3407c4b0200f73feafab47564f22358b2e
y1_HG00438.1#101	26153299ae7133a17551706ceaca52b7ee0789eee39239e21240059c332e467e
y1_HG00438.1#102	d10b4f91d2a7a9cedec355b9474663bb098e0f0c08575e684d4b01af31ba26ff
y1_HG00438.1#103	c3dfee00291bdcd92ef8c5c3b588e84ac0775058524c92eb2074c4801a5e0034
y1_HG00438.1#104	27dd23f66be51fa81dd9b801790b61647493b7a8d0de796865995ed695acd7f7
y1_HG00438.1#105	d8bfeded7969175e124fe85a002e6a494e6e24062e367c67cb3fd8db852b930c
y1_HG00438.1#106	9fb896cc895b9131e9149812a78f6f35b565e1759480516404ba443741afca0b
y1_HG00438.1#107	2dec60960b1fa38a19128e2899b9fe54547768efa4982f1d7118a1e212a7a489
y1_HG00438.1#108	c507978195c0fd451f04b00e85e303d60a3ef681c0f0901b52c057e3528d4388
y1_HG00438.1#109	0daba9a265838d982c366341953cbcf66408c0f42639f608786024ce7d9d2056
y1_HG00438.1#110	05e4d58fe050cc63fbeebf4cd6dfb0bc10d2543a0cf4cf090de50ce980df0ba4
y1_HG00438.1#111	17ec15a1e82e969b94d196c3f2dac6d313b554562258ea116e4ea7443924bb4b
y1_HG00438.1#112	f18b8012c054bce075972fcde4689bd1d1c1ba19a583cac1967a0105ad130b87
y1_HG00438.1#113	e2e5fda0dabd930feacbdd65627ed5b9bd6c37d90189d9f59e9067be3b9281c4
y1_HG00438.1#114	a744e03fe39bdccf673d74907f6ca1792b0d2e81cdaa64efa4cfc7e2efa54e39
y1_HG00438.1#115	c2fd2022b23444aabb90e6d6e17780b4d6868633d8ce5363b77433b7fadf7ecf
y1_HG00438.1#116	38497992ab9ecb2a2fb933fb65ced6460265803e0cb765a9e7557801716a05af
y1_HG00438.1#117	dc442ee3333e53f68899d5ff1ff6ac55aa0e248d136b1be907bfb247d6cacad9
y1_HG00438.1#118	aa96f3e9bd41494d662a7870f0a9770d849b7804b3f5e1c614722ad1e7bd6d0d
y1_HG00438.1#119	58bb119c35513a451d24dc20ef0e9031ec85b35bfc919d263e7e5d9868909cb5
y1_HG00438.1#120	3e05ad7650b5a22bb13f87dc17f65b7fb7923f70e9530b35b9709e6009abeb95
y1_HG00438.1#121	85f0266a395c6a4534aca700500b1ad721ff849cc73c95800a7d3a01c9716ff1
y1_HG00438.1#122	f3d084d6f209673537b9885ed494f06a429610d2e7370e0f566e96aeccb38219
y1_HG00438.1#123	3af4f3a09d06317b2092e45796a54b44af4391d37f01861a8f0f8ba13e145b2b
y1_HG00438.1#124	deaf3025fb5a9d967590fa443d478d9188885ea601ee5a8773ffa48a38be6402
y1_HG00438.1#125	04dd1f9a627bed0b670fb5b56b47b5cfb274ee4dc6801c19158b46b07e4a643d
y1_HG00438.1#126	93383679e0739d56c09cb8767d0841478ccd61a0c79e067de7e3dcc58814ea6c
y1_HG00438.1#127	eb5442705969dc8da5dfac8f9658dc68acdab5bb7635ba7cc551e389416ac34e
y1_HG00438.1#128	7250490c9fac84ed268bd05f00c6ab75813ea54cfc10a3856effa8a437cd19a4
y1_HG00438.1#129	c40ccc8a88c29cb10905c1ef4fbe3ab4a05060d344883099bb7043a5dc4c0520
y1_HG00438.1#130	5e3cb3c504452bcc53006ae64c2d066c85ab0d7a81ba62591b4b0f5a4bf8a71e
y1_HG00438.1#131	bed4bc7da1099b21bd8b4d957a3ed51a5986ea9ee19817ad2ba02e3bc31c5eaf
y1_HG00438.1#132	d2300af7b7e524b917956d7ef475c14de21d924e201fdcf0bb555416e1bfa144
y1_HG00438.1#133	c5cdb348745bdd75c9a8300ac505fd3370d0e9eba10df8d13ca336b30ebcfa10
y1_HG00438.1#134	e3278cafbbc3a7e9fb745ea811070e88b9ad3fc302a7e6ab536be45ad23b5375
y1_HG00438.1#135	15cbe5f066da796145940479d571424695e3077a1de270cb04972942d5b16260
y1_HG00438.1#136	eb28e3ce117dc6c742cd766216d8d4ba83e218848ec44ed6fb36fb4adfd8dfe9
y1_HG00438.1#137	f7f5fa97fe41d19c4e1ca5d9f150cfb3cb510dc2c579d94a8627876999f66dd5
y1_HG00438.1#138	c40cf33f2d332f209b5f7c8324a8d84d2652fabd20fc2e57e3c87918cc0d8a8b
y1_HG00438.1#139	8b1d0ae7e9eb5b467711e362b25d9af8d8bac2c6a9c8c2a635828825c621b554
y1_HG00438.1#140	bc59abac7721acceff5f70b03c625c5152712bf2114ffd0403b4109729104025
y1_HG00438.1#141	6b560bdb197f38e90ed8b98e1c5960eb97e97ad6a8436c0e142198f4cef7e807
y1_HG00438.1#142	d8e7bbde37886b99466823176535c62a6d1a28d391a5e5c939c4e04369a40d96
y1_HG00438.1#143	e47aa30b91b3949d44daa621373717a0d27d7aa69374dc3987c996f7764d66ee
y1_HG00438.1#144	305336c9bb9919f6f6bb4c79a066b6fe05ee6a617580adfe302802878178e535
y1_HG00438.1#145	ea8adcb1d2c3b2d914c90383fd65cb3cd0027f24910c4aad16a3194e2a5c4731
y1_HG00438.1#146	f2d69114394a604d40d74bccb80322b8b5bc1a144544386a557bd556df51edfd
y1_HG00438.1#147	5d3d0142036dc4e9b4961cc26cada68dd4e63bb6058e01ec7da89d5aff3e8df7
y1_HG00438.1#148	fe837ead880ee91aaec0f67caa492fa7f3070e97ac3c065c0991d38dbb54e7b7
y1_HG00438.1#149	cb09e12fe3c1196f6148d61bf5327d2c7f8afa25efde4813838e631c1d4c76c2
y1_HG00438.1#150	d68302b0b8b4a2b1d80728a28137d38ea89b6684604d3f20b605c01b50663d0c
y1_HG00438.1#151	2b804a7edf8ae05e0b887cdb5670931ca8c3e2a38129c9364a19dd60e93821fb
y1_HG00438.1#152	9b303afb5cedb058f96e3cc5ea8cbefe770cb6ad9779d276ff444ad72be6422a
y1_HG00438.1#153	9adc780a27e3c0652e448361e65075e2cc1ed7f49db3a3ab007fa458fe6bca05
y1_HG00438.1#154	a52239bfcf45d0379abc80a00790f3940da81f2051be85650d471254b363f375
y1_HG00438.1#155	ae1a462d948239929febf8a88df674e257ec87c24d926661d881264619db85f9
y1_HG00438.1#156	6e389ca2ebaec43d8424bd0f3017eb40792cea8105a88754b8e243d618868156
y1_HG00438.1#157	2446766e41560b482fbd24c732c04178c9cf07afd77658fcff82732dd754a831
y1_HG00438.1#158	e90e7434659067d360413b0d5b74b1a6c0590b6451deee2d2a5ac2677a88bf0f
y1_HG00438.1#159	045c08c574e7770723d8a92623527941ab3bc9d2401282541b83d45435e93ef7
y1_HG00438.1#160	79cf474749c851aee46b167471d2b29d4d74f1b1acca4a3f6f0b56ea90b0d2c9
y1_HG00438.1#161	b097facde6d020a592bd0996976276c085615f095145fa412df00bb3d988e965
y1_HG00438.1#162	7460da6a668482dc1639d7718f44fef59056906addccc7bd1c8e0e1231162378
y1_HG00438.1#163	9b1ac3fc94f7f5bdf1a5ef427ae829dc3be8e78196518fc6d915c7e6b415816c
y1_HG00438.1#164	0ae16867a168f726d545669bf61f6269963672dc65c3b428a9655b6f82a34685
y1_HG00438.1#165	ee71cb307b3cde1b1db31ec04903db6597d1404b950f97bb1fdff2030e6a8e90
y1_HG00438.1#166	b89a14bec3f46ebf411ef36405c626f87fe597ed56e57021e96411159bd744e5
y1_HG00438.1#167	93ce3af5518ee6bd08c50c4173d3de57d8ad03f37a29425e8a655c5f2ef30b40
y1_HG00438.1#168	3c2e73004f16d41594f76ed9a5a03d1289bcef6168fc2a632d7af0ca9da9dede
y1_HG00438.1#169	c716f5a9c144f50971f397de0bb06c494a5dcea97b8f6b333a2cec35e7a08c10
y1_HG00438.1#170	a4f2224d4b0123b83a830b1c5b1dd1e053850b80b705eb17c0a911a91ff919b3
y1_HG00438.1#171	cfd35620ab30aaef3b1392f8a02b413a60b247c8505af45dee20ae78840cd5ea
y1_HG00438.1#172	5355d65eda4563b95c9fa3c730000c12e6b30223b4bfb54a7218fd0b7eeaf866
y1_HG00438.1#173	46f79742d266d2c876d24093874180f92771fd28e858c5d322fb211248bf9c6a
y1_HG00438.1#174	b83165977f9cfce77c3e5f2cbe3b33093546a39c47b52e4dcdd781c243b684d7
y1_HG00438.1#175	7a1b79fad7d745683c93c4f952bff58f5f8a7e76337333e64b07003907dd9e73
y1_HG00438.1#176	e9650894be1d87146bb70ec307d79a4d1d4166388c61bb9096f2dae4c54cd20c
y1_HG00438.1#177	78028579bea42803bc40c3bb43fa44f4f0e8896e2381d3ffc62624eb6816c759
y1_HG00438.1#178	655caf7addefeefb468ac49d82e7e8ae2c3c03346a8497cf32be3dcd7adf1b05
y1_HG00438.1#179	e80ccecb6142f6a7c25f0ab33ade3aeb2d84ba6d9055c474b971d2f67b3715cc
y1_HG00438.1#180	f5e0265db26b1ab4c58895d74b880dd50a6312d16b96c55526a53378f1e16f98
y1_HG00438.1#181	189d27716f332957ab996fad205204fba9f52f0af9486b4d363e5e1c12f50cb1
y1_HG00438.1#182	bce647343b97549d4383473ee6232df7b4d2f9c976bca75bac4ea8bffce4f796
y1_HG00438.1#183	ea3269f5b7011d1b2b9feddc387ce3ed12dd42fd55cbbd6a157d253ab48f7682
y1_HG00438.1#184	bfffb9322d1cac5b7a748aa5b4e7b8b197a23a96cd0774c94bf87b83715f6ac7
y1_HG00438.1#185	d93a9e56dfe8bf66f103da5da48b9caaaa19cccf475b806c5cb647b03fe8ae58
y1_HG00438.1#186	a56362a10c816abf206d72cb914e2d5ca454eb9c7e744f88b1a1422c379e9942
y1_HG00438.1#187	d99f9d0352115f64304a902f1763a5d2db49b3a5a7825b77d1730d3b16d3a1c2
y1_HG00438.1#188	61e96e918f81f335975be0c8e077e4a52717e85d8f69549067054d1eef106264
y1_HG00438.1#189	ec431c2158fd1fe7f246e2d5d113f0920cef001575cc65861d0eada9a94f819d
y1_HG00438.1#190	f74244d44417528b4a27f9118a21dbdcb116df5d18296e5f3c467395741ccda6
y1_HG00438.1#191	ca8ac3bc9426a7a3607acf5b2b5fb71552c7e1da4dfb5e5d0c760a3d3c44c256
y1_HG00438.1#192	dc0b55aa65cb756ffd726627c917dc2ec072e9a6c473f35c7f7e3e8d9321650f
y1_HG00438.1#193	33bb08a778fb6c6e789011e6ec56ff67a624938f19a5ce4da5af72efee17a04b
y1_HG00438.1#194	cd71c2ab50ab456452b1f5695a5a784ab41a81453eb18900038fc2630541a8d9
y1_HG00438.1#195	69d0c2df47ec7f392aa34e616d029f1b7b6930fea6759ba9660cb7f695b71d73
y1_HG00438.1#196	5fea2fc690f7a5c5d8ec48f213cee62e64b4100980b7873b806d94b7d6be84e7
y1_HG00438.1#197	8c04094d287799f74f2ccff9b7cfd8479af330c18a635ec7711e51b71ed6a867
y1_HG00438.1#198	abac40949edc502b134264207a01f9261cd4f3ee341acbda6b1f1a490efb7098
y1_HG00438.1#199	d975a0b93fcac63a9e4b3d11a1df055ec88caaab89b4ef002a66d1494e16a653
y1_HG00438.1#200	0089479350067b64cbea55f6396683a487bde8c08a71c9a3bf0aca5e1f402cda
y1_HG00438.1#201	d8163153b1739133be9855f28a9782802cfd8f20ca64ea0a93e26b5e5ae5fbb6
y1_HG00438.1#202	1f41bcdf7b5187f4e3e54244b1c0efa3f794247f2ae288c308d68df2df734a08
y1_HG00438.1#203	9f3c55da06fa7d4af2563f90540a56dfd8c3f4e75ba7617a805450edf6d0cc0f
y1_HG00438.1#204	82a70eb1d51596bbb77d92b3a280854603bcd4f65363233109df666d0697508f
y1_HG00438.1#205	f21574226c8125a25fc8f18c3986531012b39fcad783e83e400d886548a7a49a
y1_HG00438.1#206	66b4cea88bfe1a76b59e23aa72edde81eba00a08657dc1cdaddb5a2919ccde4a
y1_HG00438.1#207	722e13a184d25524c0eb3d6d8881255c196fe255eda2bd19f9e9e820e1cb05c8
y1_HG00438.1#208	9bca16d4ab50e971b949f1815dd88c3554560b056fedf2465779d09338981ba1
y1_HG00438.1#209	4117ed3ee52606805d50288db027e9e44587187b81e64ca217f69f160d6606d7
y1_HG00438.1#210	9f2fcb5c82979ff78ee0cfc5b6d4c77c8b7061f847974d28545163ed3e0a5406
y1_HG00438.1#211	ba464bd29d8e092a7995e35e8ae54f6b5af1ea1773a1a92f42bb2a9ce9e033d1
y1_HG00438.1#212	0eeab1e92ae40609bad13f616c9239a152572b30d6f5daaf65b40461e38d79b4
y1_HG00438.1#213	e6537dcdde6860ee7b94949e40a0f2ec862506371b1b0da2020d9771c3e9857b
y1_HG00438.1#214	defcc260a865ea5db2ebd7d374985b17e3d925795cf8a89ceee45987a2232094
y1_HG00438.1#215	9820f5a84cc404330e6d97bde13b580fe9bf68b9ca0974624593f6324553088c
y1_HG00438.1#216	0b032d10d5c5e9cc128ca4b26cf171b1b6c24e9e4135dd31e5c92ac1947b3de0
y1_HG00438.1#217	a3dfee400a9454a5a1aa0b7ca1808a0fbcff691a27f32d7c7cf09811bf129457
y1_HG00438.1#218	1fd81c810dffde9cd46b6dd4e02409c8270aa2e59b662fde12978076a089d4eb
y1_HG00438.1#219	0a2506d6fb27cc42cdbb2d79791f7338b6f98ac5b9e1754f059d09143b409c4f
y1_HG00438.1#220	0bf0ac9d0a7d44d7cc60e5fa66371e9d1fdf76cd36863dc9be80cce55a42168c
y1_HG00438.1#221	2597d6c0cd054bd66044a1388b3499721975e1cb08af06be3851dee78b4474a7
y1_HG00438.1#222	a61d814d6aec57de4240b27a3f24d2c99d22d33ae7b1a08c12d4c7dc1d81768b
y1_HG00438.1#223	8f246bd39306e266cba5d2ad96a39bd37c0c5d0d4c6dfb420f8f3843f9ab5d58
y1_HG00438.1#224	53f2ce19a7f21ea867849ead189bafff0a491aca75aedf5334fd4aee9bbb342b
y1_HG00438.1#225	a0a3c9c2620fbc849bb7854537ca85f50bdab3fd00ce1239855d630df40d7346
y1_HG00438.1#226	9330267c37fbb4f93e005db65ed5d6e7226dfa792fb816ac4d22e79948ce85cd
y1_HG00438.1#227	158f5b26d5e1d0de7270825ff11b5460045daa11323747fac14e2cf6bef6c266
y1_HG00438.1#228	77532e49179c274b599d707ef82177dc39c60059dbb2453beee29e875521c330
y1_HG00438.1#229	21f8f8c72cc5af1815bf3b17dad423d29e805a33ca7f18437a243ca6bc45489b
y1_HG00438.1#230	4d4dcabe187abb68113a524b116e8d6d2941f5c8675b4514b98874feea5304b2
y1_HG00438.1#231	843317a6a066961569078c78ab2c41456346f51bccd79774ad33797fbc60272f
y1_HG00438.1#232	2549283526005db7f2dd48b2f166ef44e3833c50d3178ed0dc271a226f1d983c
y1_HG00438.1#233	d77ebc9d70f3e6c16d7e63a51cb56120d1bcab5eba448a9eb84d95b2861dfaa8
y1_HG00438.1#234	1719bc7c80fdaf496fe412b2f9b25c5736bf3a2e183813f1a6fc9c757a9a1bd2
y1_HG00438.1#235	3151e9b31eb41dc77c17f26819720770b6cdbb4a2101c7f53e5bd0ba2cf77755
y1_HG00438.1#236	189d53aa9c8708cd5d819bb807bac5f316856e59a0ef80fc7e2fd55fab3ad4f6
y1_HG00438.1#237	fcc1f95516438cb16a53d3a84d0909a25b92caae0004b1cf1205d77447c35580
y1_HG00438.1#238	37afd958f66a1b10bf79e3dcc6750cbc7c8c45bc89345fdc97aa167d9a71b055
y1_HG00438.1#239	7b3c8ccd99470e2584c2d0e41727adf6eaab7e660e4e2c2a040c9c1c71b24847
y1_HG00438.1#240	8fac5898a9423e07b409e62b36fc3bb0819a1309971c2d89d3bb118cde3206c4
y1_HG00438.1#241	394b390e708c72e86e10f93b812d8ca3b2654b852069c0f37cc8a118144bf90d
y1_HG00438.1#242	d912cadf33fbf202a493ff14837ddd5a8cba025b170a4c3202c004744e13910e
y1_HG00438.1#243	f7ffc3d353a077e8d9bc80189acea941497ed7c19e11d8556dcbee3510e40fb5
y1_HG00438.1#244	0ebd0adb2a99859b8d48e3cb481d2776a125944e39feec46cbd6b50b4e06b7f1
y1_HG00438.1#245	ef80db1b2d3c553a4484d9c02fa23d22d6f87b27ab359ea5dc6ed5f9cd091338
y1_HG00438.1#246	241d312db0840e4f38cdb24d004e729b0089ca2afc5cad51d281f4dff94171a5
y1_HG00438.1#247	0592cedeabbf836d8d1c7456417c7653ac208f71e904d3d0ab37faf711021aff
y1_HG00438.1#248	e8e8e920bd66a0098028df0fce6924028eed289bb783d7f4c758357234ed8c07
y1_HG00438.1#249	d3c42578f7748b6d9c05f8d85940cf626f5c03ac41f48af6fe46738f98243f13
y1_HG00438.1#250	ba837d109939aa27f35237d0506d3ec0434a3b2ec6ce2a4c025c9cb6d7b48c99
y1_HG00438.1#251	005d6335c75603a89ba7ae6e9679dbcf30132eb24f0195e19783b55f77a391c8
y1_HG00438.1#252	4b650e5c4785025dee7bd65e3c5c527356717d7a1c0bfef5b4ada8ca1e9cbe17
y1_HG00438.1#253	9d29b5c85cc87f6ff9f110fc251b5b31ffe43d50d0db30b9d6e407f5dff5f930
y1_HG00438.1#254	8d208f07d05803234ff1403c2410e234929e7235b235afe8303079f94da3db56
y1_HG00438.1#255	d5bb3d31960b9703f58a9cee14b5209e484fc41381a8019579b33cd831a98d5f
y1_HG00438.1#256	649059b9fa712983e8354375de88e2e3e1445f47ee709f0a18e7bef9b412ca82
y1_HG00438.1#257	04052b4f103b76bdd30493be84509a0c94a07bc41c3ef516a19d3c397d5d04c0
y1_HG00438.1#258	9ae816716fdd5670857a3a18fdbfb60ad627a67f5b80bf04e88f5f14e75006e0
y1_HG00438.1#259	9a9ec95362e9e2db8eb2b7461fdf91ccfd970517158028cb398656f807effba7
y1_HG00438.1#260	27c0194d41a0d93c8104682772e560abd0d931e56e12a8fe4750848d9d0c7ebf
y1_HG00438.1#261	2d7d17bef05786fe6d7b968b0ae3e26074ac2ff38bad127bd3b8945dbb612efa
y1_HG00438.1#262	77867294ab6c70efb05e7b8fa639e0d50b5eb5bb599eaf2702a2b599162e966a
y1_HG00438.1#263	75658b7885f11d7f81af1d0beeacf84bacc5f5f1ac993f127a85e4068d308871
y1_HG00438.1#264	289a245f9376f31ad4fe7906085d872c82a1362a3f1c7590b539443e409e2276
y1_HG00438.1#265	2fdc111285eda6a13c33b11c10c7d909d7a81f7e8b5fb664771dbb2b06598bdb
y1_HG00438.1#266	68e14319ad739d60d92e09d2edbe976cae620c9230e4040ee230c4c964d5db21
y1_HG00438.1#267	b628c9ca4ea38506936813262c1bbe21e23f1f381fcfb951284be0f68b005cd4
y1_HG00438.1#268	b32062bf7b8bed45bc6c7bedfe1c093bf2d45c0b87973bab9e1ef4b85497f469
y1_HG00438.1#269	ba464bd29d8e092a7995e35e8ae54f6b5af1ea1773a1a92f42bb2a9ce9e033d1
y1_HG00438.1#270	5d57905d67edcc8ccb0ed28a4caa56dba6fdf3c10a1bf2d9d0d0bc7204e4af1a
y1_HG00438.1#271	fa0fd51be0d5815b9e04c90efadcd4c7217e77c16b75511c3affc7800d9d0727
y1_HG00438.1#272	d68708a93915ad883467bb1aea1e616a1b7b03295948f7c39b48bfa969eefcc3
y1_HG00438.1#273	516acd87128b6e177df1e66487bebfb905ee7855bb3bb6d0ba9171589b2392a4
y1_HG00438.1#274	8ae692665431a00e65f6ae45e8ada36e073191802c3c98ec0327b2840cefcdc1
y1_HG00438.1#275	77f872154b735c4a01a976dbc4164402a24e8fdb05c49d5839c178072ff76fdb
y1_HG00438.1#276	c129b1ace47c6838c2b433ebb248a3632e571a93893570759ea641b7984e8660
y1_HG00438.1#277	fee15cd0cb8da809e7778f5a62d6b336ac1c7aa0d5d5be15a8dc1b97e2910b43
y1_HG00438.1#278	47a554f5cb4a8aa2d9090a93d18d55634793534d2002d35a068fe2d0c3206ec1
y1_HG00438.1#279	c0a14b28ca1f50f8f4f0f0dbeb8a81d60ede1a5204557797d5b47535c3540369
y1_HG00438.1#280	452d4e3436a4aa31f9915f78682adf402a12e759f5dea271bd45f1f748d06cdb
y1_HG00438.1#281	25a33d384cd3f7bda35406ede08e22ec12d90b78e31b4ca53b6f279d0e661141
y1_HG00438.1#282	cd1470b55bc8120921e9a3b4f719f60106c76ea7cd3ed48a9cb34af93409e6c6
y1_HG00438.1#283	a56362a10c816abf206d72cb914e2d5ca454eb9c7e744f88b1a1422c379e9942
y1_HG00438.1#284	6b1cff1af9a52e77d5f40730b246c1bfa4bc729acc69b44c7a75cd4f4734f3b4
y1_HG00438.1#285	873ca98a419245742205c748cd67244b323025f00962a2cfccfc2b0be6c293cb
y1_HG00438.1#286	6fa1c3fb8b69cf84fee8b1b5d0a8c5f02a827424a74cf1a5f49477c1942a229a
y1_HG00438.1#287	5b871363455f3739a4917dad96ae221380aa028db941b39b83624143431c889a
y1_HG00438.1#288	8bc5041003d7ced1e610d3ed7066b41324b0f6fb38bd0978aa0df5e9ce3357e9
y1_HG00438.1#289	0c999a6d853210c4844530a5423191bf5fe7480cfc0863a768b456770cb702b0
y1_HG00438.1#290	11274eb8968ff5012a610a36e1153d81827346f0c59ec29745558bc507f68ff4
y1_HG00438.1#291	52787c42686e0137408f41521bfe81bb5e5133ccf2e57877a8b5a4ecc82df063
y1_HG00438.1#292	12893d4290205430b983dcb09322b6a7bed1e39c3e04dea686f1bcee502cb2be
y1_HG00438.1#293	3390919e3e849fee0f2f38f2542d7811e66140409ab389290b2d655aa1302822
y1_HG00438.1#294	5bdad890b00a09535d595bba889d749fc728e7c76b57b42cffa466f9e4552b43
y1_HG00438.1#295	1f4300208854d1eb4a529f4fc7f9a5d5eca70e67b270ae7ee39d6608dd2e6aff
y1_HG00438.1#296	c42942c9cd0c4785662020e08087e90e1f73c2811068b4205861a103bb282bd0
y1_HG00438.1#297	90e973a21f689c11f38979034e99a366a932d3e203b16053d59ae98e201b0558
y1_HG00438.1#298	15cbe5f066da796145940479d571424695e3077a1de270cb04972942d5b16260
y1_HG00438.1#299	c207390180cdde3c87ee80eba1b28c2855b593c88abaf37a12f9ae76271cf319
y1_HG00438.1#300	5f50b77e961d827c99d29cbb338f3853f751123f103d8c0a6ec164896f6227ef
y1_HG00438.1#301	11942f795848cb29fd1f19c232c139130eb55373123a70c05a531ca921cc4632
y1_HG00438.1#302	10f420d38b712d49e9867871643e34baa12e430b94a9ed5459d8ccdb3c3e1974
y1_HG00438.1#303	085629df0f889d064bd53c73707380ce9c4be6630053bc57dcc3f3e31cc8a7b5
y1_HG00438.1#304	ad09b0ef5a786f3c2d32d0164734c83d900e51bb6239e42b2f1d5fdc7fdcbc72
y1_HG00438.1#305	8b21edb989efabf3a4ad2da45b3fdd43a30bcaf00658f05082ff0d0dcdccfe84
y1_HG00438.1#306	55d3138302e4aaa409a6c9089e0dc43901a54ad00750c43cf7a07ec37de13d5c
y1_HG00438.1#307	fad1028201bd2522a70a699d948645ffbbf2ae01aa2f2cc6f60e564a5fe13f2f
y1_HG00438.1#308	f6c00a298911b08d861df8ba9de756f6cd235de3cc748c1375e3272ebbde03f3
y1_HG00438.1#309	a872e8e495e91682b624bbc4d088ebe6b880cdbcfbf55ae72a5d70d9186adcc4
y1_HG00438.1#310	0fbc26485e232f572b1a21f1c9e05f832c54fbba1ef95a67cbbb0102d1774cbe
y1_HG00438.1#311	3413f7af80fb3172fb1f077928da40f07f2f955e2b45e278baa7d62b11d94708
y1_HG00438.1#312	40269d838cb9248852689424a6b2b30ca02a2a174744cc3566b55c10e129dc20
y1_HG00438.1#313	ac1bc59ba3524c09d2b77774688508b817b6ea0a4728a311b3134d9605434d0e
y1_HG00438.1#314	92b825d34e6f226e22115183a62727e52aac808e9d840a3cf573b525d5bf377c
y1_HG00438.1#315	fd63f77ef4a5b3a7a53604091e0a053943d343453cad14fa182a9e6b6b8f17f2
y1_HG00438.1#316	4277945439e92816730a1d6a6a4c0ae7452e1d2116864c33f3065fceaffaa81b
y1_HG00438.1#317	be5213d1e53783a81b8842b32a6a8b069b7ab8e5681dba4a236f998133a71133
y1_HG00438.1#318	8a3db83b4d87e7736df2339bc51cda94b869efe9bc41574d47bd0e3e48f0160b
y1_HG00438.1#319	e164b0866886fb21837bad9b47d7629ebf1d2ad706a3c5f3807b9c6b1213ed4b
y1_HG00438.1#320	0c44d383c3b41e8971872d64abdfd493d04f649d53a423da0b112847df4c1dfd
y1_HG00438.1#321	f547e591a891312dd235911d7a303793a6afa45860986fb8db9d8c92cf485578
y1_HG00438.1#322	98b18d93122f9be94497779298b5aa8f91776749006dad38d6fbdd8e411bde55
y1_HG00438.1#323	22755ebd935f6e87c1977dea114c943b2e816559d3a62c3b4a082de60891bc92
y1_HG00438.1#324	8db4466a598a013aa9e3ab8469242a3a567078816855be429ff9c34847b886cb
y1_HG00438.1#325	6eba846132f1df05075efa7f5ce8c816c09df3c56b7c6740576d227de60a410b
y1_HG00438.1#326	c240ee932e65a73c0aa7ff8c484521ba3b7ac4adafe80c87f93059a22a8de245
y1_HG00438.1#327	3a52a8966759d63763566eb5743455156acb57bceba59db154288f88e6df36a2
y1_HG00438.1#328	81f71bf9d02c378956749c60d529c74e4da9264acc67697fb36ee769cfdca9e5
y1_HG00438.1#329	b6a35ef43342b145dbd5c25caa657e28476ebcedb27cd4d332ad698b6f05e866
y1_HG00438.1#330	1653d49170c8d9ca6cec42ed14a4cdacd446b9edd7bb46348e398482a84810a7
y1_HG00438.1#331	a2146591cf37686d8f906469128d6edc4f99e7e8572f2a9df5500f9d483bc402
y1_HG00438.1#332	f2de447ff019a7c314ccd2ca628fd0dd150793faa6e3cb738f60e2fc5df97205
y1_HG00438.1#333	e37803d9353e3e2c980cefc8050b83119b64383919e42f593cc3169433a78e16
y1_HG00438.1#334	f922593c63420e96d7b9ba232a43d4db6935982c1d04056a207965209ce5c150
y1_HG00438.1#335	1964f6c133101198f8da89c6c9828775067d43159263a8dfb49d52fa42b2ecd0
y1_HG00438.1#336	69a7fd341da765cefa8ee8aaaac32a8d7cbbab6aa258f24e5191fc5c3992af0f
y1_HG00438.1#337	26f0d4c9b9609c84fb8c9cb139e6aa3f3654d4c301c84de9f5b2a2b1a5cddef3
y1_HG00438.1#338	778ce6eb85599fb06252d9d717b5eecf0d124e69a9db9a616ce881aaa1281ab7
y1_HG00438.1#339	1d6d4994ac26ef6da88207b1e54f0a9335be16d3993435a1dbee7f9e5343e755
y1_HG00438.1#340	6745f972466292694770a5e6bb21cd506fbbe9072cbe3e40a4653cfca3c8e709
y1_HG00438.1#341	49b0f1ad01a5ca5c65ae5b447de02928c79fa46e33c2d396e3ca7eaa5968941f
y1_HG00438.1#342	9566e2d805a3919713bc2c6636247eb183b5954b15b25ed80de602ae823d4c20
y1_HG00438.1#343	a56362a10c816abf206d72cb914e2d5ca454eb9c7e744f88b1a1422c379e9942
y1_HG00438.1#344	731042aa78769e76b29eb5015d16255e2df2feadabe71767774794fbe43f8596
y1_HG00438.1#345	cb268053cae6c25b606840543af6bba7ebcd24b1b22939c58722bc5ea1ad9a5e
y1_HG00438.1#346	229d856ceb49b120972881543c3cfc7bc918f17278e606d08a49a8dc949237f1
y1_HG00438.1#347	fccd7244d1c6c0370dc4e42bb6535f65d78055d0ae6065650a3a86e1b66e2c3f
y1_HG00438.1#348	ba464bd29d8e092a7995e35e8ae54f6b5af1ea1773a1a92f42bb2a9ce9e033d1
y1_HG00438.1#349	fd8e1b30a42e83054e3a5f0cfa303f50f75c7e69578138b0099e11cd447769b7
y1_HG00438.1#350	04e84f815fde5dd32bc5dee2be16a59ec39b08b78ca03414abba4e84ebd9484a
y1_HG00438.1#351	8875c78054191610b843eecca8ccb266d43475c6a662cd4998dffb60f42b416f
y1_HG00438.1#352	89971cbf69377aa2083869563ec27dc2201b62ba911e9d537802e1e8a743a494
y1_HG00438.1#353	d5ef0f0e059ae5fdbee9ef56db7748a14e3418111c0715c9be7fb0314ed3b253
y1_HG00438.1#354	2478d00e4b1bdd45a7d934982449f263d554181f790b415de6d3444a4bf59f72
y1_HG00438.1#355	6a863ba4314b77442489d070a0a8f775cef391fadfd0e0f7bea6dad278a9d0a3
y1_HG00438.1#356	fc2d916931c3d31ae65eb41f0199dc7fe38e5f9440552b0a8ddaba8c7b192c76
y1_HG00438.1#357	fc3d5fcb45e2f2901b9a4a81979330080d37d8bb9bd1092351574fddced4a4bb
y1_HG00438.1#358	f320af91f3173c784a232e3d675d8a455114ea31f09b51355a4f399a67ef6f64
y1_HG00438.1#359	7faa78f90c927309bcc591b847daaa2f28d53bc73535a6f3b97232d71fd61c38
y1_HG00438.1#360	125bfc791276d9c0f80778c625e1cfc6c7488a5e97e85f5b6790c131d9fe40ed
y1_HG00438.1#361	cc0a7080712179eefa9e31077333cbd694aa1ce49c12fb07db653129ad7d50c1
y1_HG00438.1#362	9659d824c3b4407d7b130a4d8635f6caa7d0a29f4be90ef4acfd6a04d0dd38c8
y1_HG00438.1#363	01e9f222ef33b6b9860d3efee22c510ab7becd4288f5954e94ebfa57ae145328
y1_HG00438.1#364	975aee29e02110e45d329ef6a79fdbb77ba8e425ed86e58ecde6cf1ab9c0ce3f
y1_HG00438.1#365	15cbe5f066da796145940479d571424695e3077a1de270cb04972942d5b16260
y1_HG00438.1#366	fac86bd31dd8c2005f33368771a022e51ac32336f2f5093fd7fedcb61ee91f21
y1_HG00438.1#367	225a0893d4da209428b4476811d4196249fe1f0e0b9f83fe7a418fa4e14ca414
y1_HG00438.1#368	4b2d243c1812087efc647b09ca0a9f75069a98aae73c472083affcf044ab8dd9
y1_HG00438.1#369	dca40560fb0c1b1e171e792d558dda2f5d39602537fb037cd19ed624fbc80587
y1_HG00438.1#370	f46567e166efcc5cd22a6b503c7fee4c9be48e2084c8a32d175804cc8b04834f
y1_HG00438.1#371	d0d532946b23778e71208d39f8d0013f040568d771c5db47ab073c61533de7b6
y1_HG00438.1#372	9779469589f956f434b70b578302dcbaa084a5eabb0124ccd61b0ae58c596e70
y1_HG00438.1#373	3a1488451113d2c6d8b69bf12a99d596d987bd7c1601dfef003e63738ed8cdad
y1_HG00438.1#374	c47dc842411cfd8f03b1c484aa2eb0d9f8d1f9afb96bc656cfd6a0c03fdf5ab2
y1_HG00438.1#375	c0dce22fee7a15a8aefe1f5572056ffab146e18a94845f1c92e06987f41814ff
y1_HG00438.1#376	d492c98f523a942473a1a07f968e9bdc5d2691925c38cc1c9e6b1041346ffb1b
y1_HG00438.1#377	b476f9cc7e832bff0f7167ca8d8d33f741c52550c721f03477bcd5e322f59203
y1_HG00438.1#378	3109138af6005faf3996c2a5a83347ac4b4471a6983f698f2ddf458f10c68519
y1_HG00438.1#379	2cc0fef3286d93a79c035b3c6cb62c8884c1c62246504c0224d71368f4d83921
y1_HG00438.1#380	5186a4ce3713f51bb3f41385aa6e0c67778d25a00736517ae901fba03e774fe6
y1_HG00438.1#381	2a89b9fd0d53351798d1b9af4c09791ad3613139feae460f54d761471911834c
y1_HG00438.1#382	17bea6514a422de32485da8d5ebf82b51046fb3db12eb0fe86e208c600dbd8d8
y1_HG00438.1#383	105f27ba07bbc74999d0205a16799cf748fddcd20fb47b6b05db25792fd1abcc
y1_HG00438.1#384	05cb40ec07aaa9ef9b77cb1143ebdfc3b60b98bf47b3b539e655cc063d167a85
y1_HG00438.1#385	eabf0663e8bcd203429b6a046355b0c1ef99a9306c1e5df30e3bbe375e76cae1
y1_HG00438.1#386	b652de18af2cc8486e8b296d6a9a7b3f8db65d726e98ce1e4dfeabdc16c5b65f
y1_HG00438.1#387	102bf5b7babfbcbc6704b280b1adc84ef6c77101ec0ec9ebfde4294cbc1355d9
y1_HG00438.1#388	743a68584d5b23dbcf7b07c65a56d5d5963201fb6b547851cf801de034f70d9a
y1_HG00438.1#389	2a990e915bef2dc9020140f9e1c4e712492ee483ceb6700b9065f9861725e78f
y1_HG00438.1#390	9779469589f956f434b70b578302dcbaa084a5eabb0124ccd61b0ae58c596e70
y1_HG00438.1#391	1862975e69d8fbd90e942ca6cfc69edad946f237378d4e92322243ca039209f2
y1_HG00438.1#392	fdc035077102687b49a41a448e99fdcb31099402e09383fb9c0dff2ca308433b
y1_HG00438.1#393	347673168e2e1200ab5c221c10ca32d365c73af3c15346a3c76923ea223105eb
y1_HG00438.1#394	b4f227bda3947d7ae057c9b43ced577fa3a0639d0d41f54ae951745a6f532a67
y1_HG00438.1#395	231d2b1efb484661db316e15b6b4b73f89e2dab2caf2624c6513beef7d286f31
y1_HG00438.1#396	b00a5842574b51d43342928f673921b705d0de9e2ce28be97d45c8840fe438c4
y1_HG00438.1#397	961d3ca56d2b3c59da0fd8cb7b432c1d8cc1d8d01f5660dede657f322d55343e
y1_HG00438.1#398	7a6d51c343f103aa43b0c8873f72ff8c1bcaf181df65148deda3d7cd2de601f8
y1_HG00438.1#399	9ef511e9b212df9e9ee3b4c0d1edf45753e79ed46021d445524746ebb3edd064
y1_HG00438.1#400	28b697c9bfa0047e8d7a59e94d7c68cc4e890e63d4986c5c63efa2efc65acc40
y1_HG00438.1#401	dc81de0a9b68a4fca345e0b787338b5c93aeafae870cbe8b0f626ccf977b37a5
y1_HG00438.1#402	5b69b1afbe5ea31d548a05ef187e4e19e44941a13c12c85a311ee3b90ce3d04d
y1_HG00438.1#403	598534d648667d0af16da4575efb1e9b89e8923ddef122c9b789e83666f2cb8d
y1_HG00438.1#404	acc0b01faa7098cf20bd8903e5b927375dcc603e5c337716a20296ce936c7dce
y1_HG00438.1#405	dcac848e5b46aa1f8f81b40648cea4d4d66344468465dca8a4556e1481c10606
y1_HG00438.1#406	0b7a525c2e97e222174ef45fd6bd7e8477536308e7f670aaf503ec6bcca64586
y1_HG00438.1#407	655ba2dd60ffd41ddcc01999ecdd67b170402124c1f8296aa92111e4c4deab90
y1_HG00438.1#408	eb5b401ca0700c153cad4660f99f733a7a7e35aadcab3f5654e50e0e3965ea27
y1_HG00438.1#409	e82d0ac935104019764c2646282c8abe00e9b053a0373d25ae1110eba00c400e
y1_HG00438.1#410	066d1d64c9e07a9387a78abc034737c8733a8713ab89ac87f39e6c8466c938b0
y1_HG00438.1#411	81af9638ea29b19ffba0f0f607d579aaf6caa348a8d537f539af514a959d44b0
y1_HG00438.1#412	0d2efb4bdde24fca79b902b77f05070cf19408341e1d62db92a90e59cef7989d
y1_HG00438.1#413	9779469589f956f434b70b578302dcbaa084a5eabb0124ccd61b0ae58c596e70
y1_HG00438.1#414	2802804c8bafcb85fb4ab4cb94931d6f3ac52fb60d7216c64a0046845dc2689f
y1_HG00438.1#415	e6ad29a76f0cd20a0eb403a115b32901b00c263d5dc5097b71fd349fcf36dca8
y1_HG00438.1#416	6273a002bf1413e21563a99baf470468223fca63b52b00584ef173c311e246ca
y1_HG00438.1#417	eefaf9903eab44e259d8adbdefc079b09272d91470be8aaceb5172e171f8b885
y1_HG00438.1#418	a0f9ae14acb036f492695ddc2f590d356a838761fd614a6e74ec7b9fecfd8468
y1_HG00438.1#419	2c20ddf49561c604217d4a713a74cede9c8c77e72430347aaea9808ff4bf4ce4
y1_HG00438.1#420	017de2e010064f7f46945adf8513ab79abf781aa6a9276b76a0a5f943cbd4824
y1_HG00438.1#421	b0db220e5e62ab804c0b241ffdcde656bca25fe4bc187d5183a9c0a7d98a0939
y1_HG00438.1#422	c6c75b2c91d64f063ab819abc9b7148797ff603fa7977fedb08eed8f6a8b1ea1
y1_HG00438.1#423	5198057ede3a956161dae8d659cc0a4f733c1ae14f400dd1c6f8ddb3a0c8d5d3
y1_HG00438.1#424	9735aa8601d54821a27511cbb0f6530d747f659be281f17e528822f9666d6752
y1_HG00438.1#425	1947df268b76313b1eeb684794b1a0649ec68a3fde8864b1ff243537526332a8
y1_HG00438.1#426	76b4cb32f6ff40b0ee886bbf59aa261031bad86e80bbec73647b3cbff8f3892b
y1_HG00438.1#427	6d05a42f3550168b82185088f646afa35abc3be9ba8c5cbfafea680cd3acf766
y1_HG00438.1#428	0f9ae46d1e7cb83079b0148304f154f9b74fc11784fa1cc5abfbc25360cdd788
y1_HG00438.1#429	536011f3004b7d810d778a42d9099eb9689ca5b22e8f8c57123f912154bee0c1
y1_HG00438.1#430	e35f1dafe96e99b1ba4fc218fa375a6848f8c8b5032e37be4faed7942d08d945
y1_HG00438.1#431	cce52d98d93684ef50ddb556db2f692dd3c580d76116567161a8e767cd3ac0dd
y1_HG00438.1#432	6d3495362f9abd272f659b4288940ac71871cbf6549ac166f467b99f0165dc09
y1_HG00438.1#433	737a8eb632de52c85c4b760275b9c7bae7a0984ea1a9cb26616f80c5d79600e7
y1_HG00438.1#434	aebc96fccaab122d971409409e8726abb01c81c46d872591325d8bbbbd7187a4
y1_HG00438.1#435	a022050638aebe60b0eb272da5d5b75fa85b1bb923515eabbfda0975391be71c
y1_HG00438.1#436	bfb507eb8c33df03a8794165f7f9e671b46a55210a87b5fb3d46af8b0f0e9a9b
y1_HG00438.1#437	e0708f50afa4158c6fd317808bd49983858bb493a059d9e4b48bd597a50d963e
y1_HG00438.1#438	92f3114d8067f058090458661df298f77b3d977519801a349b5b25f2fade72a7
y1_HG00438.1#439	b37a83c75e524edd33e35f1fae817aa51468f71ac392591a276dcdd3aad7ba4a
y1_HG00438.1#440	7742415f08105876389decee55da207fe773b6f4f6b324cafd87939c14f0d7c9
y1_HG00438.1#441	ed118bf33e2d4d76f8a40d1d52c76d38b91b24d90e186d5beac0ed311ebd31a4
y1_HG00438.1#442	b8fa260cc0f969562b2e31a99f15e7574c226d220841deee7851b36a914d426a
y1_HG00438.1#443	17852d78dc8ae554007773146f8654bc3768be19dacaad688e106562aeda9e35
y1_HG00438.1#444	00c38b35a75c0e0d3b4b324a69d92cab3eb8d62dd481180d628b584be704eb9b
y1_HG00438.1#445	6357f6eba5ad62704ccdcb751c43f14073dfc576d0a1e5a9518e49acd6d9c070
y1_HG00438.1#446	75db72ade81ece52b142a3b71bddacddc994982452efa83be24888734ace3524
y1_HG00438.1#447	fdecd2ddfc83102adf39c8989eea14b1a348fd6d289910b029177efe727b7b28
y1_HG00438.1#448	988ab483141ea091577f930c20ad8dee9499c8b7db493ddda26e44050035546a
y1_HG00438.1#449	d8861b56350b239ce27b09b6eac6a44d34e5dd452e47d9fbb4f517de8f61e626
y1_HG00438.1#450	db4cb9f72561be33183db75d86275727884ac73103d5d9e218ae9423ded30456
y1_HG00438.1#451	9f5d7eee047f9fa8bb5aa001df7d916b7c48467cf0c713cc1c4889408f621489
y1_HG00438.1#452	1d487186f1f8b5a3c25373d9bf96b80ab822afa72ccccf6e5fab746db8721416
y1_HG00438.1#453	36f627296091c3bf8ce098a7e19c140357fde63693df909b619faa8aaea321a5
y1_HG00438.1#454	ae126dde6483be611851af61956eeb99df02ed9a31f2fff0ace958151da232e7
y1_HG00438.1#455	d2c2f6ecd592e3b19b76a6c392163af3de94b1991339b453afcb0c0f22d059ae
y1_HG00438.1#456	a56362a10c816abf206d72cb914e2d5ca454eb9c7e744f88b1a1422c379e9942
y1_HG00438.1#457	58a31862bd63a1ec7120160d580a7d91176d0ed6a542181b20b43c833a938404
y1_HG00438.1#458	c27e9ac36d7c270512b295f8a73b7bb335902d7bc4117060e570f3c314e09c21
y1_HG00438.1#459	45a2007df7b24f435cc0c4051b7b9d126f0a201a8e5fe20f195bbbe02e9da955
y1_HG00438.1#460	58bb119c35513a451d24dc20ef0e9031ec85b35bfc919d263e7e5d9868909cb5
y1_HG00438.1#461	efd7251e7f655a0028a9522a4fa0c68e8d4ea842a07ead22a6409ac56d197afc
y1_HG00438.1#462	49c935e0c8164694b388743933b57a9a04f53374215e0ea36afb389114a231ef
y1_HG00438.1#463	dfcce4bb04bc8b9b20c20cb6f81f95b53e811449552e209428e1a6dab38c6080
y1_HG00438.1#464	0fbc26485e232f572b1a21f1c9e05f832c54fbba1ef95a67cbbb0102d1774cbe
y1_HG00438.1#465	3f7beeb1c78345eb1f00812652bbd7d6caf6ece57cf0dc72832686c0c0e0d457
y1_HG00438.1#466	305b9554f21108b7f45dbcfcb9c55bde882189e1225f7ee6821d4ced5729259d
y1_HG00438.1#467	0979d2d5a38f1e1284f770c6a92c55efc8c23a368befa84c0a71d8081728bdf6
y1_HG00438.1#468	bd3189588ab3d1bf9c86c9cbfce7339488cb2af568b67dbfe7d3562d1f131b91
y1_HG00438.1#469	3ee737526491e36d6fecdbee8c5a355a88cfe314cdc461b468d6f6f883060fa9
y1_HG00438.1#470	3743e8c3d153a161ebb2e643e0729b344a15954957b939b0e8e0164ab857e03f
y1_HG00438.1#471	7b2496d92e3e5a224decae1e10feb64fbc92f1a26d15e67a4a01275351ef8b35
y1_HG00438.1#472	fa787e6871fbd8a70ef04456f42831b1ad7f79785ec566106ec85f05a34a1c11
y1_HG00438.1#473	6630934fb56c0f32b2f23b7f60e30d3ae6749de2c384d6c6683d4782a0ea16e9
y1_HG00438.1#474	2c1b05108ca7d0f85690ea1c1c4394222ca730c9eeecd74614fad304fedeac77
y1_HG00438.1#475	c186c60a3ca3490c5cd620c06834ee098a120f5b693575aab38f0d0b64facaec
y1_HG00438.1#476	946201b966d456f81f0c5f93c2995fbd4df8908c5518e8218f92a6826192051f
y1_HG00438.1#477	bc52859dc181fe6f64c5962e8512631af09dec3ad049bde7fee6cd2a3e2bb7cc
y1_HG00438.1#478	4841b2a71959b3f83bba1cf6df587cfa69c494fb665df6d467dd2ac1efa97123
y1_HG00438.1#479	9cb92304e6aca0a86a02dbc75b4221181d2921fde31f429ba82d3687a85ae62a
y1_HG00438.1#480	4b650e5c4785025dee7bd65e3c5c527356717d7a1c0bfef5b4ada8ca1e9cbe17
y1_HG00438.1#481	7a22826ad9b2b40a7689414b5299ed2c4de6a5ef4ac9f68b95fc192f2696597b
y1_HG00438.1#482	55cb629c1441fb00d4eaeb2a982be0ae9f136e5edfb979d7cf2187d706f107ea
y1_HG00438.1#483	56a3584d7cc9787577ed8b7eba89b83b6f02a75825aad860f4bf7e2c05bf4ed8
y1_HG00438.1#484	0c5281d6bca5ae2c8d8c9358121d413d0bf8d7666c8700f6a2cd4c1a5c649454
y1_HG00438.1#485	b151e33cceb94ae1efc4963f610bf88eb229d7cfbaaddb299fae25b2b4ccda07
y1_HG00438.1#486	76a5fdaaab217a4eb69dbf4757c510ff7c5fbf7bdc5a17225907016f1ddf41cb
y1_HG00438.1#487	b670c7bae20e3a2185f7c5d42c5c6164409dfb9ef8194cb0d71771a132622f55
y1_HG00438.1#488	8975b723cb9ee74d947825ebd797ee1993337807a066c4d186d10136a5fcfde0
y1_HG00438.1#489	1786a686bd543dd3bf4b2e6f5ca5f1d4f502e160644913c90feed226d54ebe42
y1_HG00438.1#490	cdc1eb414008ea5ad961cfae0c3bbaf374a280ff1ccc2d302fcca97821b09676
y1_HG00438.1#491	949f16ae02a3bbbf13376777e0d54832cf79062b8db931350d17473c134b7c05
y1_HG00438.1#492	fde1d6bb3ffa6527c75193727da3ea06cde8afde3a84be8946d755c694217d19
y1_HG00438.1#493	b83634cb1c561005cda0063389bf05c81ec392783c5b5cdfc26cff51f6193c76
y1_HG00438.1#494	e50d21b578e90925a6d671f4d1ed8a3b0512dab31a9b43edaf2cd444573b07a5
y1_HG00438.1#495	5bf6ac3366947bf1090cd7ef293f69f6571bbe48362773a4c18b2636244f0394
y1_HG00438.1#496	631e8f19978cb755b6ceec2ccb6f4d3e22494cf59f2598eeebe84319d653b8b0
y1_HG00438.1#497	4ea33dac090d20886193df74c23d1a8497a02817dccd0ac2bd260fae4e0aa13e
y1_HG00438.1#498	141930dc7da26cc3321850c789bdee20a6961568b3bf2c3717025cce66e6a629
y1_HG00438.1#499	77d6fb0eee200e8db7573a5325f1fcf359e761f42adc2983b52e402e1a298ec1
y1_HG00438.1#500	56c02c117bbca5e665e02606a9663d4311f5caef0e40df3da7f02d40736273fe
y1_HG00438.1#501	55b8c4396b4711abd44b2ba3b07d9b2f5b9f1630c767699b57c3f0e05dd25f2c
y1_HG00438.1#502	57e161415688f84a23ff95af76c0fcf8c7fc9b1198620df636de0ed8c8643429
y1_HG00438.1#503	d40e9849d8a18a2340a40b15f47418386eda04738158cec779d1ca78bbf5629e
y1_HG00438.1#504	15be6eb7b67aba8ec11cd07a038c8c1e7231beba753b4751f65f456f4a287b89
y1_HG00438.1#505	08f6aee275ad8d64c9da0e23dfccee123b9e68f5ca24d8599e6ea5fb17705541
y1_HG00438.1#506	b2ae7bea096a859d2bae604b24cd42e983bc1556acf999f2e1319bbfdc60cae6
y1_HG00438.1#507	9dc749a64c5e66d9a0a14688e0c4ac3675acb502890daaec400a3e2db1e6d474
y1_HG00438.1#508	bf061be4ffede96e62595b97bc9c68f52fb70b2bc1708d85cfb2f1b584acf517
y1_HG00438.1#509	02c6ffb8dfcca04bac859a0e3d390134ab82fac66a448d4f6e2a1b38ded48027
y1_HG00438.1#510	ba0488c2df98014ba1fb8ee698c0694bf516636d5f258c0bb23f111982affe50
y1_HG00438.1#511	36c31881018a10d3b2d726dfe6db162cd8d5118ac9db9f5840f36672e043f01a
y1_HG00438.1#512	4c7f7f18dd91da93b1f1def7462bc794f590b20ceb1cdb83962ed7148c40ac29
y1_HG00438.1#513	ef9131a006ca8aadca402103dad98aaf8029ebf86ce70529d1422b94eaf7503e
y1_HG00438.1#514	d120e15227fce4bb6847104213eb9b7495fd18bb47e90f1beedcbdd2538bb6c6
y1_HG00438.1#515	422844688ffc9b6a7d55626c9cd6309017b914bc9bd0ffc9563e7ac7e55bb7a3
y1_HG00438.1#516	f29a7758ce6f0f8a1764352e5f990235d4584f72c6ee682a7f3cc1e54687c058
y1_HG00438.1#517	aca3e4f05a5ab9acc935ad208390d7f48ebf7c8a062144270e842ee0b371a453
y1_HG00438.1#518	4a6d9a6b64003b15272228e8d61bcd9904eafc077eca85dfaee306c3d0bcdde2
y1_HG00438.1#519	4dd10f2f039acdf2bb967ee4859693440d6b3d5eb9c16ae9faf71a5228742670
y1_HG00438.1#520	1965520ffdd88549135ab5464c688c1a792661836fdc1e707613172775ec7219
y1_HG00438.1#521	ae430c080b6acc404aa6fafa21ee6b21e60c9612b76d9d9f28ca0303994a086e
y1_HG00438.1#522	4cfb5c058e6b9cfd80fb0c75bbc5debdfba14ba43b0ddd5809c463a10fee5e0e
y1_HG00438.1#523	5a96325ad5ae5650d5e9faf32d239564899dac29ccf0e5f444bc1e0d330f1032
y1_HG00438.1#524	cd626399dfbf3332de5b008ae264a6afb8b5e02cc7687bd2da6c2daacbf53e78
y1_HG00438.1#525	36e8d3020eb2ad620d336620ed7ee2a2cf85d2fc18ee29a14d042ee298fbbbbf
y1_HG00438.1#526	863679102e3db047498255638ee8bc8f75cd74b2c5ed7f7483ca349761bc66ad
y1_HG00438.1#527	c309d9c8fde5309cb7272a8978f8a2464010ed860d0b99fc46ab37c8b04a0233
y1_HG00438.1#528	872f5352680e22da93c1d8c4874f499bee6820845ecb1cb6f7d5ec35e2b247ef
y1_HG00438.1#529	2d30eb7d8cc70449b96b1db8a7ff77cb60c64bb345698ca2c0041df66766f65b
y1_HG00438.1#530	cb1ad2119d8fafb69566510ee712661f9f14b83385006ef92aec47f523a38358
y1_HG00438.1#531	ea86879aed6c673c7a58c04cb2d96379051acd8ca8c56e0c522175a5e6bda5e3
y1_HG00438.1#532	627387526b5819e51c76dc2464fa6928a8eb46c995a6a65bef73d3455551433f
y1_HG00438.1#533	f1f8da2cc40722010172408ce19a080c33758c6cfea203855772313ec0c10c88
y1_HG00438.1#534	af3696a2fba1476570a76018b339f9c5ef9ac99c5ee0e08ef0f1cd039bf2793f
y1_HG00438.1#535	62a3aaf7d69ce5830744dd4b4a802dac53a887e254349129cdd47aedf3a0f1c5
y1_HG00438.1#536	d529904221e9758f0c22d12720fa8249c84bffb622110d15a28e46dcdf4db2fe
y1_HG00438.1#537	da568ecde546a7b5cdb4d327d62826a08bfe103d1f097851f3432943d3cfc095
y1_HG00438.1#538	b0fb0c053f7f200e44572e8780007d29e96654a00edd893b5759832a8fe982d3
y1_HG00438.1#539	e9addcfd6c2ad8e5b00098af95115e21866bda2da98da4357a4f57eacac5ae1e
y1_HG00438.1#540	a4bdfecc6efc87a13e49638a0ee0fb1a6f08d036d98cf27a39cc94b7dde5e162
y1_HG00438.1#541	9a5fc7263c3064ae48c65a63d2ec6b47e6c73b5e332a607af8e782c4ca8d967e
y1_HG00438.1#542	4a9086c8c8c606707c4a316a82fe99e37a601223f12cd66678347e81f448f87b
y1_HG00438.1#543	49d30da1c9bb949f0b50cfa4dd6d203a54cf6f5cbdf2871d82800d4d29d356ac
y1_HG00438.1#544	e718626d897877e7ddf76c071c8bf0580c4fabc21309ee1af3523ce22598cfab
y1_HG00438.1#545	bbd2ba89a1a678f32b0b035f9b6671489cc3f6fa5731238ca4d21a46deb3830a
y1_HG00438.1#546	a4ba6c12704007d4d9e450da0685c260ad98481f799fc8e2fe52fffb8cfa3768
y1_HG00438.1#547	d239321b617c20a3841c3bd773f19e9a09f803ccf6320a02a2c818d20aaeefe0
y1_HG00438.1#548	34232876795bd42626405eabbe2d99f99843908d9ff18ab4fdaf3b9fd3877ec5
y1_HG00438.1#549	a0348f6559b2118b6cdb0e7eeadc2764f73530017de8e3a05057aeb33198911f
y1_HG00438.1#550	a715ef8dac2f3641503d08a8498b77b74c78da47842888990f19017b35b22a7b
y1_HG00438.1#551	49a1c839582c68d196a74f7bc4e1765995bd299026149ae12731a59822cc4f5d
y1_HG00438.1#552	648c27d6ba418d83e18253b4b32563c6ab50c3f0203b5d113b94e0104476978b
y1_HG00438.1#553	9b63b5d664f29b9725819f21cba16cb0adbde49b421f5fcdb5206afc4c31d246
y1_HG00438.1#554	7c34ea8ec57dc9f128176e089d7b4e1da6c315c40fa819d5e2497566df7da06e
y1_HG00438.1#555	e254e02b62ef17130fbd1e3a03d35e5fb2695d6a0ae52739e228cb71c728cabb
y1_HG00438.1#556	6323b896399eba7690ba33871ab5207c12602f8f84fb98f72ba2ec0ca90a2793
y1_HG00438.1#557	2985c2f3811c63c0bb5bb2e99c0cb4609444df7ffd87d87b8879b03c1cf1a08b
y1_HG00438.1#558	06ed477b765b84cff3d7e59d85d1e6dfa5e761195e8bd9ed1cee28ae8c2eb03a
y1_HG00438.1#559	e000ece31491536c4b275df47c6a96533b8ef370f3cc4b65ee08e8c2e4dcd7d0
y1_HG00438.1#560	cec1e419d25699c03ddedcd0c5547beb5d1659a1c81d6faf2943c3e34157fd73
y1_HG00438.1#561	b61c798a7efec5aab206bfbf52b71e8810c9ce156b0077fcb874dbb8cdd018d1
y1_HG00438.1#562	89c6b99f79a6b2f9dbf65dd1dfaa21cb2e182a61a6c01e2cab020cf02938eb72
y1_HG00438.1#563	b8b2182bdc0d7bad7586a565c015da96c7aa3ec9fa439d34d9322e00ab34f789
y1_HG00438.1#564	fffb8d12ab0c0722f2484d2a33848eb8b0975656f43cd0f25065af5989c95050
y1_HG00438.1#565	a2dd0d9ab484fcc0a5cbd30299f23ec46d4aeada46e43745e2713cb36fe62b1b
y1_HG00438.1#566	1090c2784bb16b2904a4ef7fbe5c591e4f2540f4d1ce8a3dc9aea8d5eded92b9
y1_HG00438.1#567	9af9eef31e66682c7a4c3053e2f28007fd5f6ea4f2b668263ed2716fe4c793d8
y1_HG00438.1#568	6c0ef9c86831f55f69333815572b84956eee1956ac1b53e44b9c07ca36cca942
y1_HG00438.1#569	9a084d063caf1d37a31e41b682d0a53a7e6aa5e7d7657f5732b099f1ab9cb86f
y1_HG00438.1#570	5beab43a9ec8ff72234ac903d6767dd5d76ebaf228084b15368498c3cb0a5be7
y1_HG00438.1#571	64f75831460fa025bdcbdc3b3fc79fdcf25933f324ed5db6aa2a2aa5814a9e63
y1_HG00438.1#572	028f9047cdcac7d537992952ebe157e43c96570982d208d3502fa7410d29b679
y1_HG00438.1#573	735bb32495fe6e71a7c094172b94f159b2b35532a80b587b015c2417f8af7338
y1_HG00438.1#574	bf591361e7b1ca19153f640b87f40692b78ba55589f597aca36484cbfd03567b
y1_HG00438.1#575	e66742fcba60aacf5bd12a13801fc1116087b08b82171468d0fc793b0e5005cd
y1_HG00438.1#576	0bb26daf36fa5b7395e23d93e2bf87d4073e28acf4ef9d37672daa5c4a16852b
y1_HG00438.1#577	218b7ebc1e700becdd61a7622584164b5d68de3179ba2630425707d79cea6aa0
y1_HG00438.1#578	d132d6dff18672a9600b2801e37d0d80eaf2bfc072d5f33ff45e3f20bd7e2551
y1_HG00438.1#579	ba74e5736052de85ce8820e3702608f3144fd74d365a30309a27536798ab47b8
y1_HG00438.1#580	bafb7a384edd8de679feaccd1efe31e01a5f7dd8cee583e51c1ccd39fb0dbfd6
y1_HG00438.1#581	aa70e763e0eceecb3f1033c9cc44e05681d741afc05d0479269fe859d523021d
y1_HG00438.1#582	7933b367523be949f48303d790c6954735a537823a35a10a904cac04ab644f0f
y1_HG00438.1#583	695626e5ce1deefad92904b6153634b85c61f58bbdda713edc51ef7575029d46
y1_HG00438.1#584	59f9f3935d1c7ea9d1df174a668c7a37084ecd8500109b8c71a0a6e6152f4133
y1_HG00438.1#585	4916a05aba28a64ad28cdd34c787e61cccf997a461f32fd94ada4b1df727e9f8
y1_HG00438.1#586	c25472b30710a3ec24e69bb69f321e6720c50acb08b97b49a1f7186170b0e98f
y1_HG00438.1#587	dc681d3dad0a2d5b4f7f732b42e91e5485cc1ed1671f71dd49f89a6e5eaf3e2b
y1_HG00438.1#588	d01a138454c1039f6bef679ce528a36acedec8e0c1b7451606e27a99d0d1b358
y1_HG00438.1#589	6598b261032c2d4fe5ac7879fdf36564c4691dc7c483778b2d279d438380d76f
y1_HG00438.1#590	e4f7d8da01ed5cd6f089b485fd677862d82aaef7be7d27a908ef045fc69e4d2e
y1_HG00438.1#591	82378f3fc7a0968386fe5d25ddf20bef53fb0cdf867dff10cccceb9587441a16
y1_HG00438.1#592	9c59972e031aa9372b4a6d40fed6bf558e3d3156c2433a58cb01231edd6a3245
y1_HG00438.1#593	5e4d20b5077c89792258cb60f331b036d7193e3c4854b2eff590e39487199c8f
y1_HG00438.1#594	822e4feadbe6e8ce9b533c111bb935dc876f3964feb3390ab6168e9f4d76c2f5
y1_HG00438.1#595	21e306f4ca2e8ba929a76407e3ec06b293003ed9c264d2e4c587c07b7441c29c
y1_HG00438.1#596	8b9ecfcaec1f9cd38e7c02d9e39540117327ed5e9f4e78a82e7c81d6deb4bc69
y1_HG00438.1#597	08e775d440321ddf0dba56507e03f95a20c838f51faee42799abd051e9c2d3db
y1_HG00438.1#598	eeeb27e3ac462eb03380839498ce422421a7cf054c7255fcf98bfafc07195746
y1_HG00438.1#599	efcf9954fecd9e9b92bcf141082fad272add850f4cc4cc043fc5726948ed086c
y1_HG00438.1#600	378577b24c31ab2110df1d287d6af88e81536e17bdf69c5b5ea4669175d9bf52
y1_HG00438.1#601	a32874fa2e92adcf515c9e4fc6be87891623788cc7cd177120b355d4bde7ea7a
y1_HG00438.1#602	324cdda85d68f92b679082d89626884ed68a438bb4ee88817d97da467d2b4cb0
y1_HG00438.1#603	cf31f28d681469da1bc75caae4d023eb0a5d6bc79e59e126545fd82562ff4831
y1_HG00438.1#604	0d73620e412fb1c6677efa2066111a55b0b41b95c2939fc1d116a2b21cd9e5c6
y1_HG00438.1#605	4398ac624d10951d946f74181f1a848d325ff290900d615fe86cfe8a2ad00304
y1_HG00438.1#606	a98d1a682faa82089cd2d6447625fb9abcc2f706d5378587e8d91d56a26e33d2
y1_HG00438.1#607	fad1028201bd2522a70a699d948645ffbbf2ae01aa2f2cc6f60e564a5fe13f2f
y1_HG00438.1#608	179fd6f8deef33647bdbd994a79ec3f4e700e136e8a2c5abca57d498d35a9a9e
y1_HG00438.1#609	d9d6528249d368aeab85aea82b35e2d207b433cdd3a38603e72f32d792b5cd15
y1_HG00438.1#610	c5d3c5471929cf775c3e538563ae3274df54cb3e9b56e9675a22189c66cf0049
y1_HG00438.1#611	06fe87a302181296d7bf26131be3a3ccb55a19ad9696671b69244c75072d995e
y1_HG00438.1#612	9c12e2c4ced794f99d24b8a4b0c599e40cbe8dbc8665440352c9de7d05df89aa
y1_HG00438.1#613	937bb95745c7e56553fdd208a62a2c4d095478ab2dd087ed635d6018bb2ace41
y1_HG00438.1#614	53fad5b9f020abbbbfb640dd7aad7bdfa8a2590aaf707ea2125b4b1366be77ca
y1_HG00438.1#615	1723f614c2432ba96d4d67a7b82bce425e8f30024bec9158c2a6f045ea0ac520
y1_HG00438.1#616	be5117e6abee6ca02209120e6abcb351277030b8b5a9b04646bb9164ea416a0c
y1_HG00438.1#617	eb5442705969dc8da5dfac8f9658dc68acdab5bb7635ba7cc551e389416ac34e
y1_HG00438.1#618	a0eb5a096f493897a9198b4276021eb5f1f904214864fb67d83c554acc596157
y1_HG00438.1#619	db1dfc181e319fe0487ff789d320bf99cf188ba6e441112c2771e6714d5430a6
y1_HG00438.1#620	fa787e6871fbd8a70ef04456f42831b1ad7f79785ec566106ec85f05a34a1c11
y1_HG00438.1#621	01cdaf878e4be649c5e4fd7300ae264d711b5f832f5a1def826dfddb2db8867d
y1_HG00438.1#622	d1fe5c2e7abdcef94aba74aedda1829c5761e5e40d00837f1294ce90ac9c34ae
y1_HG00438.1#623	f3544873a7e6681847957e3fee4f73757959d50c2752cf70d0abc3410e78ae36
y1_HG00438.1#624	dc3d357d7d83112ad80d1a0aca2c34473464630e980a854fc897d7ac094da0d1
y1_HG00438.1#625	931f6afdda3fe69778e60fd4214289bafc445a12be0760231a933ee2e1a98765
y1_HG00438.1#626	3cb1b5afa5f7354523b6539e40d7ff62d4bb33df51c3ce703a169865c4cd8494
y1_HG00438.1#627	995730fa09bd84152350bf6ecca64d6d54a48745f38f8738e074afd62ea73d18
y1_HG00438.1#628	caa35739fbd71b7f27c38f53144a645cafbe0a6a6dfc14d9a51f2d9b7544c1bf
y1_HG00438.1#629	8f69cd95a3e7781381ad11945d84d63553f5f769061b7f68b2ad24eefc74c69b
y1_HG00438.1#630	d984ed7d0a27a2906e0a3b3a5e0d2b77ac32cac56d7a0fc372fac66319cbcf0e
y1_HG00438.1#631	06a2d617740c4d2da2fe380fae7e0314700da0c09a3d2726800f1a6d1af99c9a
y1_HG00438.1#632	d97bfb7db8d3594a702cd25f57bb6a5fe4776092803c334a5292b95191dd8ff7
y1_HG00438.1#633	8a1dd6e922318d6ac9b7744d15a32cc886686625ed74b1292a0e251289af1b0b
y1_HG00438.1#634	36a7462103120699c2f94d0ce90448e7569a4d2a173d06c8c4866e4ca5c6b6a1
y1_HG00438.1#635	ff06aa7232a217211c074672aac6060ea5cd8f81f2331abe3733b215ebd25b19
y1_HG00438.1#636	4b2524618d40864407a787b4f8caded0b95b6a99c8517e0145121dae4a7a1973
y1_HG00438.1#637	5f16d71f38090560d1bbc1aaef76607ff355fb211916e1e4ac811b57c275e641
y1_HG00438.1#638	2dcf43cc51b32a628c770c972609581ee2c22fff9bae6293061484e5a5dff7d7
y1_HG00438.1#639	97be7fddc1e2b4fc6aee6d2fa3cbb36bf35c64cae37bcb652fc8387e4e2ec0d0
y1_HG00438.1#640	e182211a25a61662c4e799e6af7d89fe866a8986c4e8f9aee05129f406f16ec9
y1_HG00438.1#641	6cdb85f84e9374971c8e62f1bd21bc8262e2d60b508064d30a48dc3f3f373f80
y1_HG00438.1#642	ca9c6d5dd1f3bec42fecc73868773130ca71826b2331830ab457807b12e7f669
y1_HG00438.1#643	7166cf62d5e5964ec7f23cfd4b0b863b579e9d4a07d1346615f20fac99d26eb2
y1_HG00438.1#644	196f4c7c05ffdb2d8e3a486a65576e1e56d419b454786f31482677fc271dd064
y1_HG00438.1#645	55253ab0b4d0e8122f63546a7fa3aa43389969feb4ca3d4b7dc6e2746c9d6535
y1_HG00438.1#646	09c12035c5012ffd9ad8458ee63dde8898ade7d85f5cd8500e892e414b5a3cd1
y1_HG00438.1#647	fe112721b63ef059bf35eb4579b7209d709c99d5fab493c14207456c6884e067
y1_HG00438.1#648	39c592b88eeb1716c445e33ed7fe75de745ed50ae6885556b6126254fea822fb
y1_HG00438.1#649	d2abaa079de7201aebc7bf377b5994d9368646555e497238d5faed955a95696c
y1_HG00438.1#650	3208219c90bf9154fbaddc690adeaf9517c9050560ed040d995252a6b4f67831
y1_HG00438.1#651	12883f301ea189ed5d6555400f238e888443de7321db8d3ade1a92ea333c19e1
y1_HG00438.1#652	4c953419c2662662c5b6491065a3e4c094f802628cc5e696d3ce4212b9637fad
y1_HG00438.1#653	9779469589f956f434b70b578302dcbaa084a5eabb0124ccd61b0ae58c596e70
y1_HG00438.1#654	a9bc95594705b5b9089f06a97bc6ff4af323dd3753028c4c1d97f8ca33d63a1b
y1_HG00438.1#655	47207d9b9c489b13430802ba70af4d6e6a22a8266952ba3f6171538d627669b8
y1_HG00438.1#656	b74d7aa365f7caf77eac3460472d899609cf616de15293fc304b951e6ddc02d4
y1_HG00438.1#657	190693d64b91f0142c8927e5e53daeea8b3c6313931a5b147bfff06fb56454ea
y1_HG00438.1#658	207c1503ca4032f8a1118dcd69113a6a5ef88422bacb7cb45359f292b1d11b4b
y1_HG00438.1#659	0bf0ac9d0a7d44d7cc60e5fa66371e9d1fdf76cd36863dc9be80cce55a42168c
y1_HG00438.1#660	cc7bc38e697ed3629fe101cf64521d6f5a78d24ffcef54dc054f5bbadf3ec660
y1_HG00438.1#661	acfebf95c27022642cf68da2ab0b755700f599717a60fcfaed4d4e4cf49b2236
y1_HG00438.1#662	0538344275232c7f486b092beae88226f5f40a84c0ab2894ed14f9fe133c0f97
y1_HG00438.1#663	d7efe6c295e3d14154034e5d31a48571d7ead9f89354384f2470e5edcda53faf
y1_HG00438.1#664	2fa241863c8f948cb8177ab9d48c12a0862a83e7deb0a7603eaf722460578dac
y1_HG00438.1#665	0346269c78be43346a8fe7e0d768083a234765829095671e8db5abe2fb14534f
y1_HG00438.1#666	0b9b6ac6165c9729371098939bfe9feb4f71e5a326225e68a026e2e9d82bb111
y1_HG00438.1#667	7d8cff40d983c52d54867281e940f4b9023b66d569280d89fc737df973514dd9
y1_HG00438.1#668	5ec156cebd38f8c925ba19346e956499dc9e86eac3cc45e361a6dd5df0cef0a4
y1_HG00438.1#669	37bca40d4b6a90f89645ba3d88c7a974f4f555abce6bce4c719233cc570cbe65
y1_HG00438.1#670	08006c72a5f92f2f5a5282bc976cce60581fbbdcf7e549702bf115dee53b8c8d
y1_HG00438.1#671	67cd062f41836d35e3ba54ba8e7f793a4729cf1d077365cf3343f931dbc49664
y1_HG00438.1#672	36917e5568f6c69345d67d3102faa38702f75a85ff0bb13f980050cb14edfcdf
y1_HG00438.1#673	9da8f51a96f1c1fbdd02fd21b59e30d900fbc54d6baf58ea850a35d8431672f0
y1_HG00438.1#674	4353f17a3a25d2d0a21ea5969f1bd90c9029a0ef874e2a2b86976d9aeef080ed
y1_HG00438.1#675	4f6c1e5b16b7da2e2d885c3daf6264d9ad191cf09a1dcb29f47748d0ea567bda
y1_HG00438.1#676	68cbf3a370b931f9851f1f47765e4f397c1fdaa3ee61cb74d8fb1ec3a7fe0461
y1_HG00438.1#677	102004df369f2ca0d155821d022d029edac1b360124884e859a189b259603e69
y1_HG00438.1#678	eca7b7e2f2352d4555e90c2f3ad153d1f21df1f76bba3d194c2b0f078a156b74
y1_HG00438.1#679	a5104a76daa4fd7aee73e72779dd9212e89965f01c574de6e2d580f3bc911b5b
y1_HG00438.1#680	b1c3b52b8c2a6e6f00b917bd6c92acb7995d2e51d0e07f111a858f7c4a6e72ee
y1_HG00438.1#681	57f366acc6db8d0fc5714c0a3a60fe21a9c369f928bedaf368c23b974846b072
y1_HG00438.1#682	1c61bb01487df5afd94b25e4d9daac3d1cf788673f5329fe306d59dfb5228b03
y1_HG00438.1#683	bee30e5b6d59c1bdf10100ef331706553fd3c4e6b0a342a092c6f6f733b8be36
y1_HG00438.1#684	8ec5c5f216c68267b612da4f53225a15a982f54a4c02b30134a33af21e41aafe
y1_HG00438.1#685	b793ef045dd58cfda14476ad57eef95024b5ae3660b5315a26bcaf28d2bd4fe1
y1_HG00438.1#686	bee30e5b6d59c1bdf10100ef331706553fd3c4e6b0a342a092c6f6f733b8be36
y1_HG00438.1#687	8d5f6d61b486e4efbc5d5c7d581287505346984b583916496d0391b0f4fd0d9e
y1_HG00438.1#688	7e223d1c681e144525c9619938839baf35fd858a58828d65570e6404488c4dc4
y1_HG00438.1#689	9ada361b29dad2d2f4e729e37c7c86f012716788d76bafef42792305fc52cff2
y1_HG00438.1#690	1bea4d8ef75925ef66c564b6cea724eea5338e09d719f45fa02eb124cb1fe67d
y1_HG00438.1#691	1e0cb0f7bf81b20c411fe6e653df870d69cad7f89e55f76c3dc56ba69174c33c
y1_HG00438.1#692	ba464bd29d8e092a7995e35e8ae54f6b5af1ea1773a1a92f42bb2a9ce9e033d1
y1_HG00438.1#693	d3e24ee3652ea5d9cfaf8386bb6496ad1d2f67cf3813d88ff9c1ea1cf4f4bbd3
y1_HG00438.1#694	45ad563251b7bec1cd9eeb7aa96523f0cfd2373a124cf8189cd6896098ba967a
y1_HG00438.1#695	0e2bd58eff73081bda232626e678d87a6120a316b8d999dda22fda14e35f21a6
y1_HG00438.1#696	91abda7a01969865fe9e16c4d1c7ab52fca2795197d35c087d708c33e3186529
y1_HG00438.1#697	7d8d61b8aa8c12f1b69873487d18d1951687c735177fa9d9bbe5ace63f076b36
y1_HG00438.1#698	df9459bce89009c3f1ce95412fb858b7960345de9ca9abc26df46bdda8508757
y1_HG00438.1#699	1543c6fade02f31cff2eadd9f6fc9419b7d1d512337fe3ec89f066c01d5e99f3
y1_HG00438.1#700	28eb793487caa0db1cdcb0d91ae74a308df5303e802009c4318624b6bf947a8c
y1_HG00438.1#701	4b650e5c4785025dee7bd65e3c5c527356717d7a1c0bfef5b4ada8ca1e9cbe17
y1_HG00438.1#702	7368708df5eab5d38098bbc9964c536a3dff4d2eb6966be01c095fc71a610e80
y1_HG00438.1#703	4c573d7486ff3e432b9fcd07d5558134dfd4963eb541ea4ad688d42870548dfb
y1_HG00438.1#704	ebf858e20b933a832d530ef20a0895acef52dad318275b2d70c3d70ab5ba9721
y1_HG00438.1#705	86c5870ddf59a4c9c81c5a1ea19abd8f82c8b8d627acbdc40c1f92c5b4dbb12f
y1_HG00438.1#706	68e4fe14ca98ca223a54a34dcbcb288ac6596a4bb9ba312f2fa718bad41c621a
y1_HG00438.1#707	48d6e7a6af777252692ba7ee90dfc0e22b960c4af5d8a55b797bbe1e3a2e3545
y1_HG00438.1#708	6dabfc75a5fc3643f7c588436a105b7b3fe6b1f9782f9eaeb9fad75c0178398b
y1_HG00438.1#709	84424e00a62be2d534cdadc5b0ef21f49e48c216affb940df8ff6297e7592604
y1_HG00438.1#710	bfcbae95d14693d649ee0905b2b9ebe58b9b715edc47fdb451bde8ab350476ee
y1_HG00438.1#711	d3b8782c2c4e732ba883ddc899df417d9be09f80d570b21ecb39a1e4dd8695e2
y1_HG00438.1#712	a512691abb1b6f7f8cb7244b7aacc2d4843f255300fa9df382ed27b62eb748ee
y1_HG00438.1#713	a04952a81277da5900880a2b772cf54c5d0ac1fef12e8ca08db9753503aa62b5
y1_HG00438.1#714	a2724403e23f78f3369808f1805c295ab59e29fefd7dfe6b126359e1382cca37
y1_HG00438.1#715	034fc48ba584fc2a8b0b40c727e4ce36b79845d7ed910c63abfb2c22e630382c
y1_HG00438.1#716	45aff5b0679ca3402689d4007fbf304dfdf98c19c3323640f38d2f0ddf9cddf0
y1_HG00438.1#717	0762c2c4e76e41f753086d3a7e152e29ad2bc3f1bc6dc30cec5c99c040fc84fc
y1_HG00438.1#718	674249252c39bb5762adbf2224e00e3d3f79398ccfd3e106677db8ffd198b6bf
y1_HG00438.1#719	15cbe5f066da796145940479d571424695e3077a1de270cb04972942d5b16260
y1_HG00438.1#720	fbce5d35c44e83f6acce27087b7c68fba09e7d15418af1b1b5d9f2388100fb72
y1_HG00438.1#721	0bf0ac9d0a7d44d7cc60e5fa66371e9d1fdf76cd36863dc9be80cce55a42168c
y1_HG00438.1#722	e569ed6f8364a2d13967e1c749408fbe398a58c1c2d624bd1b4dfce660dc75f7
y1_HG00438.1#723	15babfc64e530273041adf744448471d860e2fbd11ecdeae1b71e71efa42245b
y1_HG00438.1#724	cd0a76716d6a95bccec4d5ff0c11151eebbd388837ff4faa7f6ddc2e02f2a9cf
y1_HG00438.1#725	8fa99398c0aec7efb2d6d2c4b63e73dbc582cf15edb7498ec0a95a4cd48f9ec7
y1_HG00438.1#726	517e4e144ed15c06a5e5f36a15bb7a48f17e16ab3cd5b1b3394f02e7a3f75d98
y1_HG00438.1#727	df19ddb09b11319800ab6840c79b3d4fa6e7f3478e2c26eaeb15b870887223cb
y1_HG00438.1#728	671967ab6dd569bef50528994870eba74f5d51262a899157198efd8191e420fa
y1_HG00438.1#729	3e24dbf8cc081cf802e82d47d6861de89754056dbe21034a48a40280d247cec8
y1_HG00438.1#730	06c2ec4457cd32e0972dfbac9ce7f815e86de4b650ec0669e73fafd3f573ff0b
y1_HG00438.1#731	564280fd3d7236ff334c7fe81cb80c411c66bf68b66a0c367d4b6a265000e169
y1_HG00438.1#732	9b902db24179ba2015756e3b955e680c0ac561a1d387da037ea88a5ce1dc0791
y1_HG00438.1#733	6b2c4a33692a84c5ba3d5956facad145604bbe0a82bdd6f8107c561503c1c358
y1_HG00438.1#734	9c7fbc011acd9016bd04f9cecb93bbbc71c426f44feb179c00ebbfa8fa2eaecc
y1_HG00438.1#735	89a537579e9a6288fa2a25372a310b03a9a3734ee7598b0e66b9c7b5d6117dc3
y1_HG00438.1#736	73d15b7fb5d59db4523059c5c5c25d7df8659d884d0a5212b18bfa0f2eb04b2a
y1_HG00438.1#737	c54c78b78544c7b84ab0c4e3e292bc4631aab20e15b60668c555557b3644c43a
y1_HG00438.1#738	9899a87c42d0fec848bdf3b6b13277a8c765d3c593d9f24bba319602ec54b181
y1_HG00438.1#739	8f232d958cca048d8958502bbb8fb0d99593c90bc1fe4914b7bde995f54e162c
y1_HG00438.1#740	d5ef0f0e059ae5fdbee9ef56db7748a14e3418111c0715c9be7fb0314ed3b253
y1_HG00438.1#741	27890f827257b578a177ce18cf90c9c044b8d57c0d868a40e506262a30ae95d7
y1_HG00438.1#742	f019ce0936b5c4542ae8ded01cc18245879b11b7f7a40c5259fc7c44a3812925
y1_HG00438.1#743	0d826272392db2001a609b4132895a0cdacf5c73db1fd31bbccf5154b100c0ea
y1_HG00438.1#744	5ad9627afce39b88ed43cd9c4c60eb3c72c8d903574fd982227592f79d199f6a
y1_HG00438.1#745	e1d7dee51fc7928c164394b3f3762dbcfb28db70316869adaa7c5aab4d34143e
y1_HG00438.1#746	585e1ad5eb4ab97c83e8409ea7b3c13bc90dc59c31515185076112269650993e
y1_HG00438.1#747	7056bac50efbabcde61f17de797f1710ac0dd31ff0d1e634fddb046df4303c03
y1_HG00438.1#748	96c0fbe73a9ea3c8e2527c6e54f759ed3b2c1dd215a2be95449357dcf7978bc5
y1_HG00438.1#749	43921975adf5f75ac5a5e40ef5e49f10ecae25421173ef1ae8ec4e8db4e04fc7
y1_HG00438.1#750	c0a80fc227638e9a70375769db6f523b7bdd350cb2019134b98cc5cc69c42898
y1_HG00438.1#751	cfcfd43b5d67692e5bd447c6cd6267d1919e6a694ec06956ef475db2562b3ce4
y1_HG00438.1#752	0328e18f65fe306afbed25872347f7536826668b0f15290282b15faf984135d3
y1_HG00438.1#753	7dd80a8f1e805e67ea266db2531e83c3c64d003ae8abe2ad14ea4cacc2fd98cc
y1_HG00438.1#754	59954993e5d9d80d70745b3dc5d5f118e54124b02dcb54da6f3a492a5ef487b2
y1_HG00438.1#755	ac51b2e882fbd0aeec5d543cf778df95cf582d7d4ec043579c02c0c9f8621689
y1_HG00438.1#756	a4935d8cf45ed941d128fa86bde3958ecd9099b37f5476cc423749fd4610a994
y1_HG00438.1#757	3dfdaf602055dc2c93349c9b3a67d00c9ee8ff3a0c10d01da40406312bca5b3a
y1_HG00438.1#758	a56362a10c816abf206d72cb914e2d5ca454eb9c7e744f88b1a1422c379e9942
y1_HG00438.1#759	b9f30094605a09dcae8e1c6acd0c08a86b11bdeee0062b625f4fb8a51519998a
y1_HG00438.1#760	7c88e4cda0f6a753ee798623aa6e3ddcf86cea27e8fbb6c3fb7d07412abc0fe6
y1_HG00438.1#761	18f5c67aa739345932cf647aaee98a833274d1fc99477a7b394572ef95d48d41
y1_HG00438.1#762	8df8674043548c68f4636ef95ae67fa692819faae820b4575f4fdb56e335a889
y1_HG00438.1#763	1d89b8a700300149ce4e527a3cb0c9c8ce82d4f2b32a34851c66a9b00d9d2758
y1_HG00438.1#764	e42edb4e6eed4ebcf93d4c8e9ecba2ab04eb211129851a97713cfecd058a649b
y1_HG00438.1#765	bc30f0718eaac3a1876a7a3514af7d32fbfa0697dbddb0af6b3bc2be0f862b8e
y1_HG00438.1#766	d375e1fa3d6d70c01ec7eda82854e391e230bbec74e6c688d5026c63a2f0c2cf
y1_HG00438.1#767	afbe59699c23b99791d34658a4bdc345ac54151180031ca8a9e80430bcb92d15
y1_HG00438.1#768	626ee4274bee8c8217280d387b9f7c5d317190e8a8acd8891dcad52494493b10
y1_HG00438.1#769	b20611f5455d5b27cd204fec233d0a153b32dc0a055c3b82ffd5839fa3b10181
y1_HG00438.1#770	daa7faa77b722441e05b8fda3a7fad675e77105bee3cddff12adffcada807bef
y1_HG00438.1#771	d0bb1b8c8fa7be24458f7f3ea1ae78a741d740848e75bb6cfec760619f944c6b
y1_HG00438.1#772	fc047fbd37385beed019427e64eb27327e3a6eb75e2f4d5769a3181884bf5ad2
y1_HG00438.1#773	4514760804cb1e324c34ff3f7e2ea4f728a912580caa9a13e12089c08cc0d483
y1_HG00438.1#774	99b8e7db97458788531bf1d6eda83854387dda12548b3dc65455cf70ac3ecde6
y1_HG00438.1#775	53e2c946740f1d200b01ad0c8e8ea8cb3d0abdc76667ef535d8147d352d9d348
y1_HG00438.1#776	cdd2b180a7cbbb97a00b51c2fb3cfd4183e13c8802f9fc047b97b9677f0f7eea
y1_HG00438.1#777	b0fb431d2cfcdd97452d757de0d2560a510710c4a599be72fc71a098854729c7
y1_HG00438.1#778	3a90f906a4b83e8689761d26149d217da30dca18dcde80e87430576de83fe590
y1_HG00438.1#779	3c9b622789ef9cc30652c7c550eaf60dd43f15125d4986798ec837fcf55f2fba
y1_HG00438.1#780	b547f1f0ffdbb4532617022176e6ca33e3726f4cc6c8288bff56b9b2ecb437fc
y1_HG00438.1#781	ba464bd29d8e092a7995e35e8ae54f6b5af1ea1773a1a92f42bb2a9ce9e033d1
y1_HG00438.1#782	0920cc6ab71121e1afe8b6b9db6d1439df5ee59f67f39a03b1ec532a1e5eda14
y1_HG00438.1#783	c44fb4062a361ab4428876c4d64288c262cf4bcf0b1f8c6e7a3d071cae3e315f
y1_HG00438.1#784	ebd37b5461c4674158d349c0182c4d77b0c147a53a486d961d20fb12accd5724
y1_HG00438.1#785	e81a702c2c950bf9c2f888dee84ee77180814f8eabc3627325728e762a28b28b
y1_HG00438.1#786	503c5b750accb6fceffdb5b5f5a722e0474d5985460759850cb49bc188f0e112
y1_HG00438.1#787	655caf7addefeefb468ac49d82e7e8ae2c3c03346a8497cf32be3dcd7adf1b05
y1_HG00438.1#788	61b29c393e8329cd4a1683937ced60d606f05ef22ae91d5c8ad7c279d200f1de
y1_HG00438.1#789	ffa4526bf3142f1fd871c224622ecae0ac1bbafbbf9c5d82368bb5d1ea98fb90
y1_HG00438.1#790	ee5a83b06e6dfaa305e757dd3ba920cf0e320860667f6ac069739e2a318943b0
y1_HG00438.1#791	21331e43751778d8ae309fca119ff7ed2512c51d4f2e05e6a7bd1a25cb022335
y1_HG00438.1#792	1b2b37f3fafbe6b4737fc57ec8f030c361ec2e6fe2ab9015ccb667cf93caf128
y1_HG00438.1#793	9b57514926df777a057c500cac4247811898f7a0942139606a40b044c0b489b8
y1_HG00438.1#794	3d5c449e2379ba3278c5ed8d039bbabaf52bd223aeaaec878412d26c5d841d07
y1_HG00438.1#795	1fd7cd7580dd56e3954800714d46fef1710c554f0572c68698ced462c181909d
y1_HG00438.1#796	9ae816716fdd5670857a3a18fdbfb60ad627a67f5b80bf04e88f5f14e75006e0
y1_HG00438.1#797	089c42c0ad36d720e9eceb5680fc45f9e056b4f480a722f17297ee7564e5ce3c
y1_HG00438.1#798	b1d92f57a2f89a494648cf4c6184b868f9600b2a4b6bebeb62923fe344943919
y1_HG00438.1#799	d656cac8fa337570f9ba53d16c4cee7f744aa1696803d16309eb365004ec80b6
y1_HG00438.1#800	f9edcbf48737958c120b1daf84989afebcff4b29eed619beeaeb52ada8f18e77
y1_HG00438.1#801	cfde2520eec199c431aec11df5a0bf96332b51619b6b4f932515fbdaf9a058a2
y1_HG00438.1#802	65d433864bd5c09737f236f91a4fdf40efc085c108dd12687839482a9e779afe
y1_HG00438.1#803	0f02347bfa929f47535ce7831debe080152906313e196b47fa5d8dda08723dde
y1_HG00438.1#804	b9e70f1a89edd4e3b84a5486b242c9a34db456a10a767dc26abe2c4e48f4d647
y1_HG00438.1#805	61be5ae7e9696dea61030b23d8f1e2d55eb3de2412b28fea714a1b3285b7f469
y1_HG00438.1#806	ba0488c2df98014ba1fb8ee698c0694bf516636d5f258c0bb23f111982affe50
y1_HG00438.1#807	835936d84a08ac456ce397c097657c7ccc424d98c648fb083c29f653675d443d
y1_HG00438.1#808	21c802e64ff801f744bb310bda70fec4345621cd2bb141a6af690c14df2a18a1
y1_HG00438.1#809	314ead5ece9c19cd2473a471c3c5908d0cfd15a5667713b5a7d4baa7d15f2b23
y1_HG00438.1#810	75c593e7c6e3262c91cbc14fb796501e4976b5cd959f826245c34c359a1cfe92
y1_HG00438.1#811	1a06f07bb7a638b567769f121d359bc12a04daa0604a33cdd85e4c5f6ae485ad
y1_HG00438.1#812	ee8f147114dd9752939106aab5cab5c21372569ad281507725cfae4559b58473
y1_HG00438.1#813	018b9245c4ce34d300f5139ac9d98f4bfe10fd11764738307f9454e3f9f41bad
y1_HG00438.1#814	f03fd148eb07de6fa1604d6617a19fc960606be01da0540bd3d59aabd0e0bebd
y1_HG00438.1#815	e719efa665569d21ba723d45c1d04eb2c93ba750b8bce9a57a873637bf535ef4
y1_HG00438.1#816	7fc2fd3b04733f43ace65e4171d1de0c3f0ec2f648a37f9700516cb3054f848e
y1_HG00438.1#817	c1523a19326f0ed10253653fe03631785e4a1f77b4f68d8ebfd31e35e7c16da7
y1_HG00438.1#818	e74d30599b3502499d8f16ce7f5a55e7f7195820997e8441545d201ee8bf108a
y1_HG00438.1#819	f475aa732f07fa67d9f4c8f83cdf883f7339dcc30d163ebeae3d95c8929f1fa2
y1_HG00438.1#820	c8da230bcdc8c3dbda83f5395b4d077814b9534d7bbffe18829290b2ce6fad71
y1_HG00438.1#821	3e9dd5ace6120bbde2681d2c77129a0c67b13b9a0951b85dee0657f6a0120e77
y1_HG00438.1#822	3889c578ef85b3649da2306467850cd8f9d5e17aa72381db941a9fc14a917cb6
y1_HG00438.1#823	c9e8238abd371b97061c64ca44ca7d07cdd507e58e1c0dbf1a0a1fb83fac811b
y1_HG00438.1#824	0c01e215eacd19033516a80965efd797a4c744e5d4605e98f6a29c97c5820c7b
y1_HG00438.1#825	d578095daa77d861ae936d0c5039befd5934ba2535d0238b728b057baf220c58
y1_HG00438.1#826	ad87b69efb23dda76df4dc47dc77b8712ae39d0f42a57c68e56b32ecb724fc45
y1_HG00438.1#827	9273af44e0fbd2d57fe5f083f3f5dfcbd6892a061d865760fb780c0885b7ba49
y1_HG00438.1#828	280d31606a10edf256b89dbec9eb30b19af5ac4991cb88f2cec0b17101d295de
y1_HG00438.1#829	3da8bb911aeaaa9162bee28698937c4a63c4e64c8249a7e6d1c37358071243c1
y1_HG00438.1#830	29e5fefe581fd8e4b0eb2f06a37fd5af2d8bc1c4d97ba7442a011b41d48d2774
y1_HG00438.1#831	d60845ff12f5300793c7705d1ab726a5df2d75a35b69142e7b7e6ec73bab5965
y1_HG00438.1#832	f338044b2971c8e64eb7c49eb97df8e47e2052a3ff05b40e146a06a35443aa9a
y1_HG00438.1#833	5406a084be5a0c875304b14fa18bfd937f28800682b4da5fd7677bfc8beac1a7
y1_HG00438.1#834	82842f94ed803dee96cd82db9f25a0fc016bee255e41cc97aa316f8bfec4f475
y1_HG00438.1#835	8067a9470f3ae5f7d549248a2df92b35a50627ee3b6c89a528f8d22f2f6b0c00
y1_HG00438.1#836	76a6ff2bde991f03f69a084712cfb3568180b11730b82fc53af813b04ca029f3
y1_HG00438.1#837	2f9fef75050b87d2682f8fad32d299515d98fda80a17caf4e93dc02a889c5c6b
y1_HG00438.1#838	28bcb5d901c2c1a8c3209b6d38c31f5ee3e55ee363d2d7a64a2c7f9c595cb89d
y1_HG00438.1#839	e57c23490493b76be28ad16accb87ec2dfd2741d90e1b444f562ca26482ffad8
y1_HG00438.1#840	2983fa36955951139ea7d38f1edba39df112b11eebe34ee41f531485cd2c5371
y1_HG00438.1#841	9bed3ddd197e2b78ef8f5e0c4b8c1e73c26c34c9a98f3c2da1dc11a5f1c6c05b
y1_HG00438.1#842	9f9ac322c7388654c8233615083cb90a00d3d23780fe31969358bad3df0dfa58
y1_HG00438.1#843	9b45d9d0527857caef3269d8f6d110db8bc5661e9e507d35adf6a286b7a4e65e
y1_HG00438.1#844	a2b01ad83d1a6359ca0b93059eecec7cbb37250c4f5871f08870aeac6c01a97e
y1_HG00438.1#845	bee30e5b6d59c1bdf10100ef331706553fd3c4e6b0a342a092c6f6f733b8be36
y1_HG00438.1#846	d29bef042f02511a30183cf9c6d8da7cb09f42de44c25e3ea5fd1799fbac2e30
y1_HG00438.1#847	2e88ba66676d752ad3671b6fe2f5733acd090d7b7a17d51d846d0c221f06570d
y1_HG00438.1#848	9a0e25c5556ad94162e67d618c2121a56f7e7e52e6b07272b9a7debe5380da5b
y1_HG00438.1#849	fd5a766d1644ce2f7e4e7c4a122b86ab0bca18faf8eec1dff8d2308db47f9553
y1_HG00438.1#850	8781480e1e3c022cb34ad965fb50044e078bd4fab762465ecea78faf449f5ede
y1_HG00438.1#851	eb5442705969dc8da5dfac8f9658dc68acdab5bb7635ba7cc551e389416ac34e
y1_HG00438.1#852	2b1767eff610f368092961e87e18ae4e75eecdb760e94e8c71e33fd4c5406e5c
y1_HG00438.1#853	c2144d2312be2f96bbd87aeaf1b2aa7280facf5591b18f2b9dc4896209dfa5cb
y1_HG00438.1#854	e1b5a4a4c777ddc98cbaf7e64304baa3a4ef14ca4f77df6b337408a8032663d8
y1_HG00438.1#855	15647d7f8a5914142d792145b965f3797e115ebb1ada3cc69fc17c15b2f40a5e
y1_HG00438.1#856	3764bfa9134e26a623a8b46cb3299b8d21f5f836c05cef7ef97b256bbe4e1eec
y1_HG00438.1#857	d13ce60cc0c18734cf7b69cc67c9bbf2aa563bd1fff91a83a27f14cbd727eeb5
y1_HG00438.1#858	6aca5004e64a7037dd6ce19fbd68593151ba1f6c015941d9316ee2de14bf1957
y1_HG00438.1#859	98a36c77f498ff42073db6e31e9ffb223a1e94124ff68867103de394f47371c2
y1_HG00438.1#860	83dd0f3ea8715284006999c551de21af4befe4ab3045d7c1b9d417e07384fb6c
y1_HG00438.1#861	1a47fcf14c9d46ac7e7fa1f48317e4bc340575f27ab5a4f894f90fc8584a1c03
y1_HG00438.1#862	47640055ad065fa846e573e05a1c5e040e0f7872cc72b557b08a04efedf4e693
y1_HG00438.1#863	bbd63f9a30af945edcff554dfbae300b755f941929da4c5b2a73aea052542538
y1_HG00438.1#864	01d41585401e9e23633c89123a452922f56bc2a6796c01affb732e5e1230f1d9
y1_HG00438.1#865	d76f2b8f2f6f54540ae6ec6e066ab79bfd944b4e0be50a3d9d828e29f8ca182f
y1_HG00438.1#866	ccd43e9735a0f9cc76fe972fce1ffd4cc91b7325c29e8574b5b51ff04b258208
y1_HG00438.1#867	904c5c1d7820770b3e64091ee6701407b4041cfaf843da69869f083604621eba
y1_HG00438.1#868	f1aa8e3468d664acd5ff1ab9ed47ea19a4e83dd42bb18a4cee31186b00d5a9c0
y1_HG00438.1#869	98021fe0ef8bd993d04f3d9cc9601f139c126920da64535afb248b16124b0995
y1_HG00438.1#870	4ed971f9ced6124f18ed7a181e488a9e9522ac2d40bfc10ca16a4fa9959e43a5
y1_HG00438.1#871	15cbe5f066da796145940479d571424695e3077a1de270cb04972942d5b16260
y1_HG00438.1#872	d23a433ad2f7c8e459bfffbd0bfbd91039a88347337246b4ac04af657514d8fe
y1_HG00438.1#873	e053ed222eee96c77480df448da94d326acfc7e137dbc2e79db6b1ad940da385
y1_HG00438.1#874	ff93a78137a530217a217ee2eae9938ade64c7e7e2fab8902e9e33147c15837e
y1_HG00438.1#875	d6fe5c617f30603ae883e25af9079e62b4fe6d8544e834be5fbbb91e2fdb699d
y1_HG00438.1#876	2c2a1756b914295c0641b39d24e60b3fddef71ed84fbd361ad6dbdfa29ecdbf8
y1_HG00438.1#877	492cf4da5cd0940ce17c9b261ffbb7d5350b0097f3a33bfe31a56dbaaf807597
y1_HG00438.1#878	ee1a6e73d63a9f0fbca5219cd8cd6250f6e29fd5521d7a86e66f88f2e3fd2ce9
y1_HG00438.1#879	fe08f6fff2d4bcfb88fcae65de0655281af1be2547653fe55d934b419877e577
y1_HG00438.1#880	e21b1a9bfa63f9c0018fbd1bfa52eb016fcf6ca7f6b68e20ca5a4d7db76464c8
y1_HG00438.1#881	bc29a4f16fe5b832cf1f8e81539ecd32ed13b9aefa6e84629a8ba5acc8ef16eb
y1_HG00438.1#882	bbc3f3268190c1abc930bf59360c4de03b2e027e64bc577d9403090c001b5a29
y1_HG00438.1#883	6a4a909bd6aac7a6e5c6e83a11d629bc45c11c18949937a882ff1793966c123b
y1_HG00438.1#884	584cfa7096459ef7a42db98b89adb02bc7c4c23aa063c54d0bd70b6671c98c36
y1_HG00438.1#885	63b352e271bf1d9a0e37ee25c07baba36535e7100afeb35c5f053f108affc156
y1_HG00438.1#886	182b59b32c2a107013d7c30d5dabbdb7e97319c1cea4bf3268ef9c8e61544f77
y1_HG00438.1#887	a637629996f951e46e003e6c7f45d3723092da67f425d347d488106a87d79e1d
y1_HG00438.1#888	8470d440bfd269c749b69d689da05aed4536e580fc62fdeda4e80a6a102c1a3e
y1_HG00438.1#889	151f9c0b809d15b899485cda6ab890047bd6f2369435f0ba8460479ccbab58aa
y1_HG00438.1#890	0d73620e412fb1c6677efa2066111a55b0b41b95c2939fc1d116a2b21cd9e5c6
y1_HG00438.1#891	50f3c40c451a8312a61448efcd714cdce6122b967de7539414c3a435cff71972
y1_HG00438.1#892	429029cabc93cbd85f4edb0b57385736189fed4bc3767f31293d3f0b4a74fb7a
y1_HG00438.1#893	6ce17621b682fc66edbbe5c6d04871348dcc195f191b762a208c25faeeb70371
y1_HG00438.1#894	7817441d44b7fdea7a34a5af59dd6f5c294ea7e4a62a908a871fb481aec0465d
y1_HG00438.1#895	71deb761726a4f79c3304312ca575f581867756e1bf3636b79803d54519c6e97
y1_HG00438.1#896	e26a94fab82f207a84b52857a76087c672991a4916f04db055b0d01f5b79caac
y1_HG00438.1#897	869838733dd3db89925390d5cc6d7c2b65483b162992afbcd9e3b5d6b18ae4cd
y1_HG00438.1#898	c5bdfaa7d16cfeec5377a6a4bcd22085e1d5db48f1c5904aae0aaf64a1626d3f
y1_HG00438.1#899	a0163c9a637456904c5a9f922a8bb66502efeee090e99745abc4c23cbdd6456f
y1_HG00438.1#900	1891572adff3346dc5cd783534c70d9ddd1bd911d0fafbe779b03ab941962450
y1_HG00438.1#901	937c4227e1ed2d5969153b2cd5aa1c26145eb6fdb45ce8fbe77dc17063705cd2
y1_HG00438.1#902	9c72a3bea6d01530cee64cfc7ee8d83d7c82ca80341114d37b97ca4e831f1fc5
y1_HG00438.1#903	9a5bdd48ab9dfcb8c5092907ba445bcc36fab59645c7a50de259e54d808847b2
y1_HG00438.1#904	d5ef0f0e059ae5fdbee9ef56db7748a14e3418111c0715c9be7fb0314ed3b253
y1_HG00438.1#905	15cbe5f066da796145940479d571424695e3077a1de270cb04972942d5b16260
y1_HG00438.1#906	e0740b676cf235769956d26cd97fae6875c50333219c1f87c848616b4c36c6d4
y1_HG00438.1#907	189d06d02c2f21c67cb805abbcc3e2d2f2e1c8598eb9cb47cc04dee4309781b8
y1_HG00438.1#908	5f7ef16d41aa440d8a763f965e32ca7bff26342f54076d042d1324fc19498cd2
y1_HG00438.1#909	f65258e76dcb7a502c3a932ff8eeb5f48512274a8fb357eab9b8ece84ed2ae9e
y1_HG00438.1#910	524e3112d0a155a433743d41c72966ba7c758647d7808ed7e1dfbadaa383a0b6
y1_HG00438.1#911	983fe8359e3ad849fa0c156b93b3ba263aba71e2de33d6fa99f747f7c1d52c24
y1_HG00438.1#912	034fc48ba584fc2a8b0b40c727e4ce36b79845d7ed910c63abfb2c22e630382c
y1_HG00438.1#913	2b46ea42f44d6de3293bac768998942fb85b0c97ca45bd27444c14e5fa34774b
y1_HG00438.1#914	e65997d1dd64c2f3a36d14715bbb311cc57787fb927065b9da6388ec4ec001b5
y1_HG00438.1#915	e3600bae454f3e280530bc6adbc89439c8949b8ae2e12bcb381558358465183d
y1_HG00438.1#916	ca36537576a3039b44cecd10ce2cadd9d28bc138b0b7307b3ab2ec26567e9875
y1_HG00438.1#917	a9c8bfd8b654d585b7b7eefbd886e6f2190d23bd9f15d610240062bdf77db3f5
y1_HG00438.1#918	86458034a5e5bb82b4f7144bb1484d14e21ff12ff9b89453e53607b2de1724ad
y1_HG00438.1#919	b4837ea09565978cf275ae03e2b24c36a5b58e29927cff019d6cdd866360a33d
y1_HG00438.1#920	f8b278193139ea4aaf8ab09e937d8b2917fa75e2037ae31bedfd98b6c93fa30f
y1_HG00438.1#921	472e73d796e20aa8ff9059e6316f218e0322548f661ec4dc267507ed66317404
y1_HG00438.1#922	fd24b64ff07582da7330821ac22e0e07e3b0464eef7d3e6fece4ae50f565ea9f
y1_HG00438.1#923	1c618f59d7212cbb8cb997bead7df9e8ab19f3b83871a380d36b4ea2702eaa1c
y1_HG00438.1#924	d2f530b401a5b677f0bec366d5345152fa4c0ffd31c2c38cec18b447d50876b1
y1_HG00438.1#925	f447cc743dd379085be3ef9ee020643a61c37880c1ced292f26a6f75931af6f6
y1_HG00438.1#926	be4df45a39b65bbd2cded1085629f264233c07bbbbfe86dc9200d6b1e1f04e84
y1_HG00438.1#927	c81073eff688eb47ff232b09714ae3805c9108c7f61f814897f72b1365c850dc
y1_HG00438.1#928	f86c0fcb58d196c8c1e834c15705b9715d16593e230989fa5e9550048dd26391
y1_HG00438.1#929	4a69ec579de732aadb7684decf26fe50f09d97442065b7cc8825996a9abc0b2d
y1_HG00438.1#930	d59b26cb51f2a73f6549190fa2c8913ba004c55c7ed493e661db8bc110aab8da
y1_HG00438.1#931	3c9c1afb2263c71dd698e13acaa056b8aba329f32f863b18a69316bb556f0d96
y1_HG00438.1#932	83775fd1ea824358d8ad8a284728b478051632fcf13a99b1f83a47735a97a5d8
y1_HG00438.1#933	343f5d70e65f091a04690a2078ccadec1a7f518ece5f204be073764f5ac2a0ab
y1_HG00438.1#934	2b53ef1b6d91d46a47256742fbe11e2d4b5b50d2bfddfb5602671f8be4a2d4e5
y1_HG00438.1#935	ff170ea5705303dbfedbf7c41bc696d30cee30c43a5afd347c276e62b588963b
y1_HG00438.1#936	e96d3b844773fea216827071cced8cb29cae3f909163a4b38628189d094d07dd
y1_HG00438.1#937	9f7ae873e56565a40cf14c8ec5939e257fecdd96fcf0d668cf2e971a0dbb6fa4
y1_HG00438.1#938	f39a801218040b1ca2efaf731f8ff8da18229cfb63b10f2f8d54e6657fc20993
y1_HG00438.1#939	d481cff382f9aee6c73daff7ae6e38f1e609f56df5a3167535e5f24bdb6bbdc0
y1_HG00438.1#940	1afec4de843cfd4c57781ea747b09623beb40aadcb20e7783356ab38f8583fa2
y1_HG00438.1#941	63dd3e07934a362f3721db021c757c736e9732e8bffadcf44cdb30a7356d24a6
y1_HG00438.1#942	c45c682964700926ecf6ae6d549f77f4e2c3fecf1db59a61189dc04b718b8939
y1_HG00438.1#943	64c0c9d24781e24d6f0aa7e753965664f2dd8cbde391c811baed080d9d9a1e17
y1_HG00438.1#944	0f632b1a8197af948de556063204bb972309cac800f128c69a15b6c57dca05d6
y1_HG00438.1#945	76465ea1f6594eea778d696fa8e62b8e4022462bb62cbed188fcf3aef805b61d
y1_HG00438.1#946	1da9cf3be92117f2f13928cf622151308e5e33720af8e8717c75c7d163e38ee0
y1_HG00438.1#947	f67a4a4152cdf37c49f79823616f29e206f48ce393f0065ef8f2e4617ae0f0a0
y1_HG00438.1#948	348a95ae05247b329266cd3bd4ba8a14025d74eb754628fa345f7154cd2455f7
y1_HG00438.1#949	23c246c608b511012ca65961207bbcafde69911f16af6262340f3b2416393c98
y1_HG00438.1#950	04fe457c50abac88f236f49d3d80caa225a5dcb30e491b217c3cf0b06d09abcd
y1_HG00438.1#951	73ebecc507fe50265dbc297e02cde24a63ef6763e3044dc0c2b77bef51565bd0
y1_HG00438.1#952	36e908349917897a1d52dd4f76b49bc2339337a1816d38aabf9f04b4896bc6f3
y1_HG00438.1#953	00b418a65c914c455c458be487c8324f7af70ad0a7e3b20857ab1b0a941b359c
y1_HG00438.1#954	52a082b41920749f4fe5d95ee37dbac35284c07470bfb8e6b3c35c7fbe2be331
y1_HG00438.1#955	e7a09fdc306f902c6338805f048dd8a0f89f6752d6a86356d41c53aafa69f86f
y1_HG00438.1#956	4162704011337f32e0f1f92941eb49a9fe45d14027518d298da57308b788ec22
y1_HG00438.1#957	c94214bbee0772e058f2b54b24f8061bfafea64df48f96badf8ada1dcfca5eff
y1_HG00438.1#958	274f43e6be30139a5467a872fca2dbd3274c0ab9a993aa62dec1a0bc9a182767
y1_HG00438.1#959	ce0fc63c6a5a204415d4afc2377e26e5174f8df2688cee12e4f2c5569dce2afb
y1_HG00438.1#960	0ab8ceacbac4aa0136d5df8d7f8887d1a6a3169401f78c0367eff50f4ef96d5b
y1_HG00438.1#961	e841de6a1b1a8bafe4d5e23b58e0b6d7971adafa92d8ba14137ed50592360701
y1_HG00438.1#962	dd0304a16fe91dd97767f8dd0b82a1bbf18ab071ff2587d2bd095d7ba035c1af
y1_HG00438.1#963	8519f8281aabee90aed03a27dd7edb27f552bd90611ea1c1c69c6513f714d84a
y1_HG00438.1#964	2fdc160208a32f16d5b0a3d6af2be98ac487bfd214ba50062e4939a528644182
y1_HG00438.1#965	9166fd201a4c3d8ca547269ae57852073c437ebf31cd9afa41553b787f300d78
y1_HG00438.1#966	c792f4fdd2999f98787e3efcb621bd19f8476b4ee492887143a6bed735bce20a
y1_HG00438.1#967	4e9d0ee2ae16a2183f5cef19e6d4f7f8fd7c81e12966afd6b4c0c769f745c529
y1_HG00438.1#968	b837207a6a0fe98a4107633f40ed0f30cd628757c78e31c3983700cda35c4a80
y1_HG00438.1#969	42144fd4dbaa7100782680c62d66a0372315a3006bce8c4b5ddb3127e9163e4a
y1_HG00438.1#970	61bef5ab35025293a3a98a70cba40ed6289cf5b588b5bce7ddee8acefb814017
y1_HG00438.1#971	4515a0c4771ca3714500c96319869dadcef4fe03b7bd06c1e8db4c30566b3308
y1_HG00438.1#972	bbeebf7506f13d951e2fc329a9a52090ecdb8b52cf59836860336aee2a679e1e
y1_HG00438.1#973	44f45bc7e586615988511df3e0d74c0ff5c19adcfb61f22c3982e1c2e627e7e6
y1_HG00438.1#974	0ed7b0d6d60f950d4c27947724f7ff00e257d1812d5da675d46cc5c8c033f8d7
y1_HG00438.1#975	17c64968044bc763990f02f76f1c088dbcfca3e1e1723eea87143d4fc00731e3
y1_HG00438.1#976	cb641252c36384d6cbcd021d9e9e06cfa35b4f405056561f46069dd8e0a4bc55
y1_HG00438.1#977	023106a7b6962db24474494d4e4efe1d4cb58abac124f94b05cf09e665040935
y1_HG00438.1#978	1d74e8359164375c868efceee4a14e919a47b8e2d1e4837caacf2feff9acfe43
y1_HG00438.1#979	a351181de0bd6d8668440705160378e832291c49e033eddeb37e57b97bd1bcb4
y1_HG00438.1#980	8a3db83b4d87e7736df2339bc51cda94b869efe9bc41574d47bd0e3e48f0160b
y1_HG00438.1#981	593ee143a6a02d8ef7f64848827187de0d4a78a729ec3948b2bac81b52fd400d
y1_HG00438.1#982	81bbef9b90942425845220ed8bd59e763c993ea0345273395a6ee33127e466e3
y1_HG00438.1#983	15b89a569474240a616f9a94dd045b2711d445dde955b62bf4b8f2a2afaf0f6b
y1_HG00438.1#984	f3866920cf6a1bb5249a3208568beed590df903a03d81982e0c9f839ed75b0e9
y1_HG00438.1#985	74142d56b7e44b873f648af714a1bf5d6808bc73361dd2f8c513e1cc496f7058
y1_HG00438.1#986	52df73f6b8a988f162d227bd3eb0d5385169b014662897d64d5d8a1037099cd3
y1_HG00438.1#987	b93738aa5bd36ae02daba64faf8b6367955a9332741dbc513cdd32c6a3a7266f
y1_HG00438.1#988	68e939e0b4dee9d6a873091cc9842c7e7b3b7a7814b2587347e7493da6fc76ed
y1_HG00438.1#989	8041fd0fe3884cb83fb872617bfa42e5ef68409fdf9b42d54b609a233bb99b87
y1_HG00438.1#990	9ea4853a5e04d704db216c788284860ce58b2fb0abd9a423495766609f130738
y1_HG00438.1#991	f7cfdd26831b18b699074ac959b9b25980134762bfb563298a38b4a537bf22f8
y1_HG00438.1#992	33bae4a027aa5cb0132c02e862426c0cb7e4c881e20b09f3c35793349279a646
y1_HG00438.1#993	b0d58af09f0c3f79f77c1e5e2b9ed82bc313a3ee34886dfeeec8339e1fd659ea
y1_HG00438.1#994	0bf0ac9d0a7d44d7cc60e5fa66371e9d1fdf76cd36863dc9be80cce55a42168c
y1_HG00438.1#995	58bb119c35513a451d24dc20ef0e9031ec85b35bfc919d263e7e5d9868909cb5
y1_HG00438.1#996	4c682f907573ed3f0c733cdfc966a7f11b92543f8febda6218d11215d92ce321
y1_HG00438.1#997	68d8ce742240e5f784012da58df070b3dc1613a14a431ec4e70a18517c0989f9
y1_HG00438.1#998	634984a976b864af37e4e0a4248ae2b554dd6ef6a74dfb9aade6de5fd3873f9e
y1_HG00438.1#999	8f4bd7745e3c86c27074cc129edf81faa1569d9dbbbcf569ce4413d933dff4cf
y1_HG00438.2#0	9166087ac2276b5e52a83656125bb32fd202d7dea1b4be46eddc956352781cfd
y1_HG00438.2#1	76b19794f0bf32615d2cdc67efea05e66e10a4f86f406c3c2f7a7d69ec0ed965
y1_HG00438.2#2	44b626445a2d271dd5b46217d701ab479fd0401ac720dc3fdfbdf8ae97f3b86b
y1_HG00438.2#3	7bc9273969fdf77f9af8541a7bc7774e4aa5496614509c39d59748d28bd13431
y1_HG00438.2#4	4bf667cc6e99d5082f6052682848cb24f1bb36c45be6446a8dea943163419f9e
y1_HG00438.2#5	c79af82c751f379cb7c5839301925900cda1a220675a43c93ee1f518394bedbd
y1_HG00438.2#6	ba448e1779b368d716cdef8e3636f6adb4e707c4b2c5b23cb94fc2e3ee9154f8
y1_HG00438.2#7	02985e27dabb6267b4e647655845181ff2eb7c805967e8c0e4038612d4e195d8
y1_HG00438.2#8	4c573d7486ff3e432b9fcd07d5558134dfd4963eb541ea4ad688d42870548dfb
y1_HG00438.2#9	07624463346aae6be7277f81254e75268a2460ea4790d09b1e0c214e184f3cab
y1_HG00438.2#10	931920ade0c8e3044441314d41bb01e88785ad4abc020aac5bef13e744be36bb
y1_HG00438.2#11	552129f7258cf0885bfa3b052c589d6eb13d9c3f02331fe23cdedf419ce241aa
y1_HG00438.2#12	4fe9941b2849c040cf3b049ed6fca9b9e05920db85aa184de6b19b3ee8aa8907
y1_HG00438.2#13	c32f488ed256e60401b6559f1a2db35d998034eab02a3a07562f87ed978666c0
y1_HG00438.2#14	226453ce2f6fc1814fc0c53fe89727133aeb19c87c7c77239e11bf536c3b9932
y1_HG00438.2#15	53d96b9a85e946dca75d989ac075945e47309ff90bfabda9321f06bd015188cb
y1_HG00438.2#16	0e4bb9bfb5c539b313d1df6fae6be73c8d9f7132c6c5ea858c5e5bd929eb1c65
y1_HG00438.2#17	10de8f27ed0486bc7a8bb630f7cf352cb6048f3b6762c68f291ec3d39cdfb116
y1_HG00438.2#18	9dc4c144094f83e87242fa53af4176ae5b3a444da65181053cf797d0d52a95e4
y1_HG00438.2#19	6f07d4dbc15474de92ec614f1166d84e462291c8240efa4fe793c083fd381129
y1_HG00438.2#20	d84e34d7ae83076fd40275d9b261f9d02843c9068e450830b89cd01ceccb3718
y1_HG00438.2#21	9af9eef31e66682c7a4c3053e2f28007fd5f6ea4f2b668263ed2716fe4c793d8
y1_HG00438.2#22	e9c90696016b1de4db424e55ed4efe1bd5f8e1bd4c1b40ef9f6a36e85350916f
y1_HG00438.2#23	4c6a78bedf11f8e0ac7eae37c98eeef8f3fb00371709bfaeef7aa06459bbc3f2
y1_HG00438.2#24	f3de917d7cca804a25a0ba41818cefc39630c6d7b680634a23d63021a26a7ca4
y1_HG00438.2#25	7d7736cf29f5c7261f5fedccd4aca0863a990aaf100a36a147accc0b2081fde0
y1_HG00438.2#26	bf2346dfecdae6199f971a2a0271b73ec36977fcface4c9c66a95f888eea082d
y1_HG00438.2#27	a92d8e432d919db317175a31349801c4d034b881cc673c22afbd752f1968d23f
y1_HG00438.2#28	80c7045e7c09cba2769215423d8dc1f2b79eb289f4841add975a241692e667cf
y1_HG00438.2#29	edb98a455161487c06c02e1803a5698a360db911da5bbc0df1e63f12d633342f
y1_HG00438.2#30	1803cbcdad0f5b3df19653a2d4b17ed5a748e26a5f40dbc5ea8ad5f736a1a7b1
y1_HG00438.2#31	f93c20a47b629d30575523095d9ff475f2f6953ec576d6b81c106aa1110c79b9
y1_HG00438.2#32	0dc151b3d5809ed1e1ed110f19fdd14c4d17d3f06d05566407013b6090f179c5
y1_HG00438.2#33	217693d5bb5d962ed3308d5986a60294a554e4473e9a878d924b4581221edc3d
y1_HG00438.2#34	8543f931b31e9a16fa8334abf0bdc5760f7a687a6a4f193c9b6b09e3804ed111
y1_HG00438.2#35	419de8199ede030323b055220b3cfdbdde42c49c167f613ee6e8416ae2588a04
y1_HG00438.2#36	7e9abd05aa085bf3bd366eb5d562340fa9dd18e14e2f4acfa482322825864705
y1_HG00438.2#37	9779469589f956f434b70b578302dcbaa084a5eabb0124ccd61b0ae58c596e70
y1_HG00438.2#38	3853338a62177fa3157806647e8cf361b5632e918dd0831decbe61a67b40d2b8
y1_HG00438.2#39	361253721419ac0a6e2d7546292da12260e2effcd36631f2d4059b1a4cf158e5
y1_HG00438.2#40	0a2cb408157026b3aeb180edd9c66636bdabd4771816d77868aabb05d32dce24
y1_HG00438.2#41	264eb80ac1fae4c6f52289e87bda6b3652cd43ff99853508d08e1dce1a27fce8
y1_HG00438.2#42	9779469589f956f434b70b578302dcbaa084a5eabb0124ccd61b0ae58c596e70
y1_HG00438.2#43	14781072a63b9ef840956e8eaf12841cc93729fcfb470c0287a0d3fad0988202
y1_HG00438.2#44	515a04cf9410807d00a4fbce0a3ff2655a6a06fc465c91e3f6d481ad05021762
y1_HG00438.2#45	47204bbf22fdba3a8a97a1ad59f20ba6fdc356288dbef7d5cef4b16162285331
y1_HG00438.2#46	a5e3255b7bd02b53982153ae43439ace2676b73b383cf4e66f634f2268e62f24
y1_HG00438.2#47	88125bc16fa65f8d40127f8bb3ce5573d60d1f50980e3ee7f1adcde2115ecff6
y1_HG00438.2#48	c83c9c8a4558a49720d2f6b4ec06690ab1e767d8154c5d8585b16b47704ae0e4
y1_HG00438.2#49	d4bbf871a99af5d6a5bc6b976789024d0592aae5f0c8e969d9f95734285a9798
y1_HG00438.2#50	01d1fc4a62d650600a89e52bf86047dd8b8065b78f23a793050cf36b559dc6c2
y1_HG00438.2#51	f90c8869c5c6a681c43e33ad173a7086704893d4197702d315ad2b7ac9c59aee
y1_HG00438.2#52	82f0be4850b6b76f53a18353e16152a3c63214be6bbc952ae95c3b183e0e4bab
y1_HG00438.2#53	f8aa383e1d218028706ef0cd3f513620da5daa247e3fac18df54a6c83bf02d0a
y1_HG00438.2#54	1f70859b80dcc743323b3030139785e8ed094646401c312fff312108bf2ac4c4
y1_HG00438.2#55	553c2040c0d8ba823f3069b82f923a055b308a671320ade1464dd8924cdd39eb
y1_HG00438.2#56	3b4ec08ae39ceec0aa26a8579aeb2ce0d954cc469773215e064335b974862056
y1_HG00438.2#57	979235efd54f26b2f38f4b19ab661fd7f2d08aebc8e4eefd3a80c437eb14487a
y1_HG00438.2#58	e9a6a7d06f1899e6a2879f635f3e7207007355c6d63c81f09f5aa8c36068228c
y1_HG00438.2#59	60d9f72cede48ed14dd447b6afa369e2de20daadfa53eb558cc30235e11243f3
y1_HG00438.2#60	089a39e20410b491c77567293bf89dc11ca072cfa5e180db084ff82b54e7c34d
y1_HG00438.2#61	9779469589f956f434b70b578302dcbaa084a5eabb0124ccd61b0ae58c596e70
y1_HG00438.2#62	977b0e30f0f0f9f7262e07b174e57946f4c009ddfdaf25625f49222c0b2aa803
y1_HG00438.2#63	ba464bd29d8e092a7995e35e8ae54f6b5af1ea1773a1a92f42bb2a9ce9e033d1
y1_HG00438.2#64	ea202e9c06b66dd711fbbb74701bc1f60a4d9e527d3702b74f94ed6c8b368c24
y1_HG00438.2#65	9779469589f956f434b70b578302dcbaa084a5eabb0124ccd61b0ae58c596e70
y1_HG00438.2#66	0fbc26485e232f572b1a21f1c9e05f832c54fbba1ef95a67cbbb0102d1774cbe
y1_HG00438.2#67	ff0383559ae2f1ebbbbe3a6b7ba0b2ad6bacf7adb0eaf7151da78d82ff2082cd
y1_HG00438.2#68	aa2e041a13c6f8be5e80c8f0629c51582b312e98f08fea84c05108c66c06430f
y1_HG00438.2#69	1ace6379a65e7a3fe6ecf26c993f9ae8a2175e6e2bf5cc29b9e97f01cffe458e
y1_HG00438.2#70	64bd544914848f877c2576cea797ff6246c6216179c118a2d1df232419ce39a5
y1_HG00438.2#71	a9634febc5f06db0b7bf84ec9501da89d902f3c76b5c5c4844c728f0618e3c74
y1_HG00438.2#72	f69ca2d89b85973ba9e6166a8b3c73b627038b4b1d425ab215878946946c2aae
y1_HG00438.2#73	ea9a67b01c72503a273ba63261a088fd3fa273d3de98f5101ceb022b24301690
y1_HG00438.2#74	55d7f00717037af83db270b3e44065b2b919146ca000d1695c7609942a594320
y1_HG00438.2#75	cb93cb7771b4a0aeb041c51f3ce1c41fb52476f09ab617786a1c7a864b0ee5b2
y1_HG00438.2#76	e8ca015d4c73315697ad5d2bcb59f86857570a16552a3df23927c25131cd1588
y1_HG00438.2#77	3e2c009199e229732282dcaf5cf5c7d9fff98b92edfa389ec1d54d0d32be02ef
y1_HG00438.2#78	d9cfa5c407522a8d0abbc10db8e556106655597c9c64ae0fe7a22fd9a026ee08
y1_HG00438.2#79	15cbe5f066da796145940479d571424695e3077a1de270cb04972942d5b16260
y1_HG00438.2#80	7fa73a869a0fe8b049e3cf887f47fe436317f54993bf81c0eb05fd419afc296d
y1_HG00438.2#81	123b32dcc010938c436f1710c46f5e88e84decc0f0061c05d3e4ef84805a62c9
y1_HG00438.2#82	9ea5879c116da52861b69302cd6b878e52603fecea0d2c9e348c2dbc56754579
y1_HG00438.2#83	889a364812f5e3e89bb8d94bc0a21fc8b9a44f885e1395a70864879ed01d56e6
y1_HG00438.2#84	422fdeb93119d9541ab55cd4a28cc18a9756fef4c8328e6c3592e05cb47b4f56
y1_HG00438.2#85	f9871fdb9169d43d25553a5a32dfe6702df727be57567fcfce1880ffba0860fa
y1_HG00438.2#86	3dca799d8d0e0909cda733b227292120e0a774260ab8404e3e7ebaff8a5d33d2
y1_HG00438.2#87	967438f99b4438b83c585b7c18c67fcc1c4bbbfc6fdd1c65c2fbb84a348c396a
y1_HG00438.2#88	96195317a232ae9b6d6d5355dca095b18ff15f9fe024c37af184b3035acc7853
y1_HG00438.2#89	75de570ccd467f19fc6c14a47cbe4eb9d66ba281c2d1c22782d6f43309706516
y1_HG00438.2#90	82f7ec66746dc3e462fb07d36d91d709d5e5c77d8b04442fba58e68b16687657
y1_HG00438.2#91	34994c93356a94ed48c25e38742f07b3f4228496ec35c4eb6d95987d7a48fe96
y1_HG00438.2#92	554cc239646d0dc9089e5b8b309a0e1fe701cde77005e4034e90b2c2dee9447e
y1_HG00438.2#93	b6c4353d9b548f50d7c36d9037c8f30c34908acbc017b9f4df8562d66e67343f
y1_HG00438.2#94	f402df093963488a046e4f7ecc87d9e78912ab122adeaca3689f7e8fb00067f4
y1_HG00438.2#95	7640d3553c40653fa6fc81b36a692fe3b65b76399d1b9cdddc1ad0a32642a5ed
y1_HG00438.2#96	cf73050842891fe1b4aef533a6eb976bc68af60a9e0d4e1ef43a34a3b82710d6
y1_HG00438.2#97	8c608d916ffade868259e7fc3a3aacf2b859f9dbbe233b582a27ea928960fcc5
y1_HG00438.2#98	3d67f9fbf2baa2ea9af08c050d46057cf212d2d2d425cdaa768fb71129c53354
y1_HG00438.2#99	59463de437bd8265f67667c185dcc1dcde52f5e0b721b885288e9d053adfb44c
y1_HG00438.2#100	e3fa0be02c3f0247899cb6c286bd478d9c4b335ea9281f7aed2802b8375a25b7
y1_HG00438.2#101	e3c4de8d688b7762fff1a37190ca77adea18275df1c193e532f9fd0e8addfd1c
y1_HG00438.2#102	79ace1c4442b2ec2d7d5e396ff0e5295c63ea80a37f6d5a1ac31d141e9498899
y1_HG00438.2#103	0651b5bd7acb778553cf32d9e9174583e6f7601a503350710d2926d4687814f2
y1_HG00438.2#104	76293f5e465a1b84cf7df969bd2bf7a0535debb7d2835e052f299dd39682433d
y1_HG00438.2#105	c2c3b62811b5f197678d6908a3479ac536fdfdd34a17acf365380a668f423f4f
y1_HG00438.2#106	b20be4e40fb5a7f4a996ed2af745e357534ba1804766baac29942e97585f134d
y1_HG00438.2#107	c77bbc0dfe8e7ff71cb60d7566ccc4cb2a688cb922d3863d6775fffaba821d4f
y1_HG00438.2#108	0b0318a5378cf53bb757582fd61a3d271e6f529665ede8568aee398b8959a4a6
y1_HG00438.2#109	f4bacc325b54203b5ba90f93c156fe166883720948734105cbd049e537729b13
y1_HG00438.2#110	ac96ac9f1eac96d1c98520cc1ac7a3f9fb07ce3c5b7ba9452cfe5055bcfcd08d
y1_HG00438.2#111	f159ef820b633bbaad61a05a179cdda9d5c7c7cb0e24fbe3eb1fa35403383464
y1_HG00438.2#112	ada4b61414fcef4a472da179d4345543b5ed80c7a91cb388b8a952ee5ebf731e
y1_HG00438.2#113	77df82be36e3a8a754abe211b67f16f62615af26cd4ce687c5ceaf9be09d6f7f
y1_HG00438.2#114	14f761fe5c0aadea9f515a1242f53adc193f1eec50313f312f847a18a1fe1954
y1_HG00438.2#115	b8a9b27f98261659ee1047227d0703928f43f6c0ff9d23222b594693818961b8
y1_HG00438.2#116	9b9a1abcce1eeaaa15334e78f7327914fd1b272d180137665a8be30a6446e62c
y1_HG00438.2#117	435bbbee11f7100fa8c69f1a7817b159b910fa9df5b08aca3a3b9eb9ea28c44a
y1_HG00438.2#118	376cc4a495ca9fc2303173f094cb13d964e07aaefb4791b2c5c89867e5de2e54
y1_HG00438.2#119	7e3054b55a56d5c462ef947c6be08854e19b2d8d42bdf278aea40a2bd434c4f3
y1_HG00438.2#120	3ff22dfe3819509c595105ccd95a7c8cf52d6a3930864615f105ada10df06cae
y1_HG00438.2#121	f78889cb0d95afb6d9cd01ebe5da18ddcbd7cd55171739d708b4e7a8db635b72
y1_HG00438.2#122	ffb91b789df6570676edd1247242b3812a0e273ddf0e216c9228ea5fc72eab46
y1_HG00438.2#123	15b89a569474240a616f9a94dd045b2711d445dde955b62bf4b8f2a2afaf0f6b
y1_HG00438.2#124	fb382da922ac4e10b9b259054aef9c223ce04d7293b3745b8859eac59c5a9340
y1_HG00438.2#125	571e1aab88ded32e4690d62e7c52311f0419355f3f275dfe82e237af1bd299fb
y1_HG00438.2#126	1a1cd30a35808e0d99b716acfe3280ca31c07b33927e416a74d2dd9546924cb5
y1_HG00438.2#127	a56362a10c816abf206d72cb914e2d5ca454eb9c7e744f88b1a1422c379e9942
y1_HG00438.2#128	1101373956752df4be9ae8a42a71a5a25937a303856fe27ef260e37b5284b6c3
y1_HG00438.2#129	4c23f4081cc81178b166d478c4f676124117d9d8b1a6c983fd83b1b541a1d971
y1_HG00438.2#130	aae60c73e42184d60adec38dbdcf77b82165f280cf2d33474ad6239e7244b611
y1_HG00438.2#131	243207e5dba99ce6418c793f116230770e70475cede8b8eaa720d78b86403bd5
y1_HG00438.2#132	4aad73491c575b4d1fc230189d63efa7308415fe10f7ce427b07a06d1509a117
y1_HG00438.2#133	03cb9afa444b042802ffca7e033df362412a87b9ced289ccfb7f87f23de4e6a6
y1_HG00438.2#134	bab4a4843001d14d1d18ff34bc6c8ed08cfe8883708c0bd3b1ea24ef6d1d33c5
y1_HG00438.2#135	13117c9bb1820b69e0b9c8db5d68d9aa6b91dc6e7ad8d2f6ee243f4e951e081f
y1_HG00438.2#136	17c608e065e1907dc03b947da8de2024b01ff6f8dbbdcaa5451b07b1deac6e98
y1_HG00438.2#137	d5ef0f0e059ae5fdbee9ef56db7748a14e3418111c0715c9be7fb0314ed3b253
y1_HG00438.2#138	e07659052382dd66686e1ad8962d55548f75925d04bf15c184d1dff3af8cacf2
y1_HG00438.2#139	53f3584bb82d35ed9a17a042c3b4377c21a8d8d98744c2bc3efd32ca8c89abc1
y1_HG00438.2#140	ec0ea98d0d30e34f4b6e42fe76b2cfffb64c80181e3df9ec80e9acbbc8337108
y1_HG00438.2#141	15cbe5f066da796145940479d571424695e3077a1de270cb04972942d5b16260
y1_HG00438.2#142	5761b9df267a4051a437991feeb05bfc3d32a047913f1dd62f7056c400e07d25
y1_HG00438.2#143	3a962090a029c2ac4298f5e7110c1d93f4b431bae1d97a82ce25279f2dbe0cf1
y1_HG00438.2#144	d11b01c938b91b584734698110d5037d61fd01d8890fb28ec39eb7bb27fd6f41
y1_HG00438.2#145	9b790f7a5e366be8dbacd918da6b34b8417050e148f441ce931aeaea4c6d70b3
y1_HG00438.2#146	23652a10639228a8d2411dee1858489fd0c0b47112ef7483264b18389e4f2e0a
y1_HG00438.2#147	43f341e4b87e1ab277a9e1b9c5c206e6d3b008407c8017c7feac95fad15d845b
y1_HG00438.2#148	12a8227571ff62822cc9f539f5d375ab81e21acc9e5b2487d1b1f8bf89a9287a
y1_HG00438.2#149	4aa53bf092680fe9be8f31918af35212bed7be43de4847ff0a2bb6a36db73528
y1_HG00438.2#150	0784cfc774195fbbc670355a4e9535bbcbae66e729e7307e6fca37ab3a484d22
y1_HG00438.2#151	ef1837a44f1eb0225b7ef00bf9dc03eb04a7c564fd60eceb5d29dff40bd0ca71
y1_HG00438.2#152	3fd8b2c4aea744d950ecb00284070196d22689496b95cef3f3ad7077d360ed38
y1_HG00438.2#153	4d7fee5bc416e7f2664720d3734b6d3750f6154c2bdb54dec9c3ef3397abacc3
y1_HG00438.2#154	5df2b2f33c217c218e20eb179ecd08097c01284fcd994bda417410c5fcda87f3
y1_HG00438.2#155	404ef1e2b23855bbb8c00c56e854e05ace03469fe6433c06a567b0f6957d0f18
y1_HG00438.2#156	c817c8383bded5d4e4235557d8c1205552e79bdd325d5467b41e26f6133ac835
y1_HG00438.2#157	7190e06bea124b828bb5fee87023e1a12c18f9a886afd1acbf1e023a479771db
y1_HG00438.2#158	b1bb0116e28908a9a4be26cf504244fa1956687d08ca52e572e2e4294e21673e
y1_HG00438.2#159	55c6b8dc322d92e656ef46303ba08ad1ba5da94f0e65a3a24e3027def572491b
y1_HG00438.2#160	41439d6c7450967976c0baf0672429f6ce05659c526428d0c03bbde596297264
y1_HG00438.2#161	8cd34bd885b83c7d714b5d99ed64fbb6d507fb3c76a19516084155604e204389
y1_HG00438.2#162	676b240b0d63b48dbe0290f873b5ca809baa5abb66938ff831468193adb3ef20
y1_HG00438.2#163	1342676d3e1e598c8289a1ff3813ea3d80d667b412cc8552f4d35056fdceed25
y1_HG00438.2#164	afc1a9a0b5cd13f609b5c398dc45452127774b7a3e70c9a2be1f159a6c54eafd
y1_HG00438.2#165	ec7538742f7afd46e71de4b3bbfe972956906201bb1f7c9a21c646b98b5083ee
y1_HG00438.2#166	c1dfc53b2e6f2401e22a2367c4dcdbcc7fc4975e3a1355710516dd68d357592f
y1_HG00438.2#167	944550fb46e18f99214d1eb165809f98fce015fae220078571554d1f18224da9
y1_HG00438.2#168	58bb119c35513a451d24dc20ef0e9031ec85b35bfc919d263e7e5d9868909cb5
y1_HG00438.2#169	352e29fdfbdcda177be33a7e1096aa33a846c14354191fb7d775784d32c28afe
y1_HG00438.2#170	da7e097a917db9b2b0f852bdcd7eea6f9ddfb2c42aff1c65981946f799b45ad1
y1_HG00438.2#171	db675da018b2db244aed6c30a2707036d56b4563d59b9d78a1fbb0f7883b71ae
y1_HG00438.2#172	48672b0cde7af33f8e620b9f7fca54ed2208afa0d06356e15714f82385425cd7
y1_HG00438.2#173	b6168b89efdd4c6686d21b8c012871abbdfc3f103e805595910596ce7f8a5b84
y1_HG00438.2#174	ed9a40edcd0731b150ed21b06f2584d02666a7bc8bc73499660caf8480db3e29
y1_HG00438.2#175	72b1778850625faaf273f9485ca7af846b7e2cacd5b56bc6495de5263a74aa62
y1_HG00438.2#176	818ddb0ef02f1139a1ca46234c1cbc9ad0c5625094f92eb2e978fba28af4066f
y1_HG00438.2#177	1e6a757f2c96efadd25b9e1c4cfbb80ac6c5b4e4666cbd807131da1cfcba450c
y1_HG00438.2#178	4ff242955765b7042c7fb84ae7a51e3265faf14ffc5e269e9ad82393887cb82d
y1_HG00438.2#179	1e50262d6b6a280a0d779b89a208f0c4e39118f8d1318ab1ed0e831708a57c0e
y1_HG00438.2#180	0aad3cda0e3a63f7420d6d3b8e2866a88a6a148402af3418e0129b331cd3f6b7
y1_HG00438.2#181	fa83ff13ab8f585d007b30b138025d1e8fc8b87d331780e4882e415855e8093c
y1_HG00438.2#182	4432aae4cfc94703fd052c84b3e6dbd72e5c68fcd0148b15acb1146d0b8e40e1
y1_HG00438.2#183	5ad486350b53dbbbd86b93ffe0d844f457f05430d0df8d3d3f8cf0a5dbc551a5
y1_HG00438.2#184	02f82d9e0a894ee2ca06c0a4f841e662751480fa7b3063304b2d91dc1334d6e8
y1_HG00438.2#185	ecada32edee400835718ad7e66067ff8634423bffb621031b69317217382eb8a
y1_HG00438.2#186	66f092e890568032b7b266bb3a828507941e3fa60ac9ae8b1f884b6e9deff545
y1_HG00438.2#187	85588a97e9f2db0d6ba517d2e73bfc82109abaa5b12ae958f8bc6b9b37c397a8
y1_HG00438.2#188	6be13d73ab8d08f3a9df7dd1b5fb9b6367bdbf349d65c001cd3d9f6aaed0644a
y1_HG00438.2#189	c0803fbd4dbfe95543000190407b65d913ed52504bb8d01c41fcfd61b18bf5ab
y1_HG00438.2#190	b61b9bafd28115fc2e41d7375d0a44c48608619efd79f5456a81c549854baf2c
y1_HG00438.2#191	670b070159f1146ce0c43d648fd41bd395883c8006f316ca58940ae58e7dfaae
y1_HG00438.2#192	d40441db9d3b4b1ee82887e87ecd2d0b80af1742c0a98000df749d95ec3e01c5
y1_HG00438.2#193	3c89f521cc5923f15338c1e58aa2908e97e6f2416af825a32f0087bf78d70ce7
y1_HG00438.2#194	5cbec167a9b23853a87c817921a92dca6a12b65bfa3c06533456e36b89f6746f
y1_HG00438.2#195	2f178fe2348a8773474190ad3e6c6f04965ebd7b9ca6e5699abfddc8f398fb73
y1_HG00438.2#196	fad1028201bd2522a70a699d948645ffbbf2ae01aa2f2cc6f60e564a5fe13f2f
y1_HG00438.2#197	1d86f46881f09d3f0ae525706a19f60d0ed05839576fd1c0898d295b5723a912
y1_HG00438.2#198	0d13926675479203bfefbb66fb33069ca45ec52c87072b67dc75734b7990bb56
y1_HG00438.2#199	389bcfa62677c04db88bde41e79a9128be1ab5a70bb5847158d52f17a11b5e5b
y1_HG00438.2#200	a1bde99ffe2c461a53f422fa3129ac8d1983c0f4a124a0f94f08cd1a804169bd
y1_HG00438.2#201	2ed90bff6178038c994851b20cc48d4db73390f9d79c7e2c069203c732e85bf1
y1_HG00438.2#202	cfe4e2648c71f6a06b6a2bff6ba5a5e2df74349005fcc7eabf5dd8b6997f338a
y1_HG00438.2#203	2d2931bb5a2b4814fa48fe783107950ec76b7841379f7412b5853b053f053962
y1_HG00438.2#204	2df833c604dbb15294526c328324a4d659e5fa2eeabb573e6b9af66a574117d9
y1_HG00438.2#205	63e76ca63e2681a775a6cf670f63dcd1b634f90d8021931957ef84a2dafb46f5
y1_HG00438.2#206	607ca50ecadc68162ded4017fa2fce1e66c34b01250f85ad3d3ebbd338029bd2
y1_HG00438.2#207	384cd27c2b6caf38b487d1e8d325e7402f1f9c874a832767603816045b61d007
y1_HG00438.2#208	3a3e11f4cf2f662e848e63859cc0ecf4e13c346088cf8c59bd7034f404fde184
y1_HG00438.2#209	49da693b369c9613d43407f47e7f373155a03250d796dabc60956b516a0c03ba
y1_HG00438.2#210	d7ec17714d7282664b511b7c6bb6976a9a41d2d924db62765bb3d8c4c40dea5c
y1_HG00438.2#211	12e2cc376acbcfcf9d9c439e6860172da1d0bc899b33db078c522cef5ffbd3a9
y1_HG00438.2#212	47ba7b76565f131fe6a3f25f06e1667f7071efe7bbddc1ef81745d04d5827137
y1_HG00438.2#213	f8c9cc290e63a11bd9f2bced3be288780658e847252289f8e1476dc3dd02ec2e
y1_HG00438.2#214	8a3db83b4d87e7736df2339bc51cda94b869efe9bc41574d47bd0e3e48f0160b
y1_HG00438.2#215	2388eff37286351cca6510f1534a6f738a4e20935f9f9d9c2f8c7c318a3f7215
y1_HG00438.2#216	6663de4ff394d90441c3721dd99f8274a4486f70acdd4880782c4381efed5188
y1_HG00438.2#217	0d73620e412fb1c6677efa2066111a55b0b41b95c2939fc1d116a2b21cd9e5c6
y1_HG00438.2#218	4da7bfbacfcd21feac63294df556ab49d90d4e3304375f1abb0dd092e1dd0e08
y1_HG00438.2#219	3ba2c1126554a222bae03f556d067be217d401817383b465df6dc36b44919dea
y1_HG00438.2#220	c3fd68652b5c2a47c10f2f64241ce71142507668db405853eb398f5b8df1c3a7
y1_HG00438.2#221	edf95d418fd07b4410bfab2153d7437491385f6a2f781dcb828d5448a5a0ffb6
y1_HG00438.2#222	7c5e911af99d55c7a5a0f2c1a1e5e0783bd86cdf0e670fc76dff7f28f3b3ade0
y1_HG00438.2#223	6917d36eeb1339dda694f9b129ec2050151295daa70ece05e2931c018cd2ecfc
y1_HG00438.2#224	8975b723cb9ee74d947825ebd797ee1993337807a066c4d186d10136a5fcfde0
y1_HG00438.2#225	a56362a10c816abf206d72cb914e2d5ca454eb9c7e744f88b1a1422c379e9942
y1_HG00438.2#226	256e58c2e7dabf0475fafd37903d5f102f7b04294ad5a32e6549967ae31a1403
y1_HG00438.2#227	d86669704e169009c3f81ad8edf5e387655db7ba002eb8678ee10934ff88fffa
y1_HG00438.2#228	15cbe5f066da796145940479d571424695e3077a1de270cb04972942d5b16260
y1_HG00438.2#229	d11e381eb63b11fbdb62de286eb7f40f1caaa985ff1dd4d2630cfe8d913bac57
y1_HG00438.2#230	cf1b3f0500d59cfe06e715e5c387db766506d3b5d68086d53b440055dcc1113c
y1_HG00438.2#231	f0d06b6b8d2a82488211bfcf8dd4bd35c40d26333dddd4e51fe892755168ddea
y1_HG00438.2#232	ab7e53e329c430ade2fce4ff7401980ecd8627cab50ca5ded8f5826847b8e4c8
y1_HG00438.2#233	571906b752e21f76253d62f90b8e6c297767d537c5fdc12b2ce26c2ee6c8fd1b
y1_HG00438.2#234	803859f5b9d6d170d5714b2d798c8bf5fbc9bd1806f6c108ed02adc6e6116004
y1_HG00438.2#235	f03d40df9f5e7c60737f9535d2b6cc03bb4cc7aa9051183b3163a4cc862ed7bd
y1_HG00438.2#236	251ddbe0598d155e66e9124a5c3e786cfc223a2244b999e17d662ce56f4f9b9b
y1_HG00438.2#237	7cc8bbeae77dcf551206d31bf3a8d43c237d3da567b086de7bb0f8bf34d9af50
y1_HG00438.2#238	0bf0ac9d0a7d44d7cc60e5fa66371e9d1fdf76cd36863dc9be80cce55a42168c
y1_HG00438.2#239	25ec36502424ec6ec24a8eb9fe984cd77ec87939e653e0632e20845c3e5180f1
y1_HG00438.2#240	b718f12266c0d9896af32854314a182a3dbcbd5911bb6d302548c181508ded23
y1_HG00438.2#241	47f5399283d3444ac990e45d5d569e0c8b69b6376c5c65f9eda93aa590d17428
y1_HG00438.2#242	58bb119c35513a451d24dc20ef0e9031ec85b35bfc919d263e7e5d9868909cb5
y1_HG00438.2#243	4e08c09b173eb6f12ffd391b2f3039a7d784b504898706afa9d63720679ad8c6
y1_HG00438.2#244	b71633db354e91b7cada878bf9c47a672a1729c5f726084f1045375d8e6fec46
y1_HG00438.2#245	3fd8b2c4aea744d950ecb00284070196d22689496b95cef3f3ad7077d360ed38
y1_HG00438.2#246	3d803c47851d02d5f42460430181d8c30f678f10d9fd1ac3e9c22b516f84a697
y1_HG00438.2#247	77841ef7a994cec0f3a89516c98091cd0cce594f0f9556254c6cb70de5bebd0d
y1_HG00438.2#248	f382ea0d31232907ae341bc21ec0a7ba1dafa682522216d67e81c7aed3535f6d
y1_HG00438.2#249	17038ff5da01bcee597e2987e894ef5ca2d44b1db0f45607fa0f27e9d710b831
y1_HG00438.2#250	49b7c096694c3b801c5e8b6bec7edfbb41d8db864648c2ad0c3d2d5304c6d9e7
y1_HG00438.2#251	d40870adcb47ed5ce5b654acc1708817ba99641df387fc84bf1a31404202a848
y1_HG00438.2#252	bbd2ba89a1a678f32b0b035f9b6671489cc3f6fa5731238ca4d21a46deb3830a
y1_HG00438.2#253	631e8f19978cb755b6ceec2ccb6f4d3e22494cf59f2598eeebe84319d653b8b0
y1_HG00438.2#254	d29219dd3b683197e6d7ee5ac8bd111956a9e3e75b926531e0f7a774933f1cb9
y1_HG00438.2#255	e7fd0af0caf9f77e0fdf7ed1c10dce7fab3f04d11879fe0e9fd32938b1ae7c7b
y1_HG00438.2#256	6b96d2a9ff179d3d746301ef9a71ff5a0a0f736e462ebc0d5460a339edf19b1c
y1_HG00438.2#257	a92e108305673ae29066ff463e02db83280cadcf4daf9c51835ac8c255b571fc
y1_HG00438.2#258	263397d38e317c605c005d254965d1090fd02429cb242a0ac5a9bcb6a3c8ff95
y1_HG00438.2#259	7101e042b3d431d075ac5db8d4a94b4bad2d52363ad550cc4b79a39b58533893
y1_HG00438.2#260	99e3707e68fe2d91763c855d8021b92fa7720c32ce050d105722e10b84e02771
y1_HG00438.2#261	46b3abe0e4b015e6d47603635da7769da07f08fb739febf339425d7530c749e9
y1_HG00438.2#262	089fa400dc6afa55a427a00dc227a0436951335104f6ba9b7915ea8bb1f5f772
y1_HG00438.2#263	15cbe5f066da796145940479d571424695e3077a1de270cb04972942d5b16260
y1_HG00438.2#264	e718626d897877e7ddf76c071c8bf0580c4fabc21309ee1af3523ce22598cfab
y1_HG00438.2#265	0626876a0eaf9877b2c5cf83e70d40f4a36c76e52ae63389da3b9a84b180578b
y1_HG00438.2#266	947b2e45e8032043586b5d2d57e2f5184701ee3df5f101f324aa702a1251bcd9
y1_HG00438.2#267	b079ca01c192e2f080031044f94eeb6a95a5ddf103a4f5d47ffb9c6de2ca16fd
y1_HG00438.2#268	35a625ec22e3fdabc23a040745c7a97b1944e696ee2f2f7a5a89bd2f914bf745
y1_HG00438.2#269	2d8b4ae6142388ff468c39b13ba9acac41d141fb7241acd2893ceba92922bd92
y1_HG00438.2#270	05cfc1288770212ae62d8d86206582fc465ce2d963491c83e125045587fe7085
y1_HG00438.2#271	4c388d423c94949d665273cec0b62b8dd9a71d2a39160b6e0a4881bd3c88b433
y1_HG00438.2#272	0e53a6a21bd9469f8d49688eba8500350e902f1881c1fec10fdce8a20023ce0c
y1_HG00438.2#273	9e59cb2c6b1c811e945e44e5ef9d5a8d48dd9b4fa24048de56d975275f5bbe1f
y1_HG00438.2#274	7faa78f90c927309bcc591b847daaa2f28d53bc73535a6f3b97232d71fd61c38
y1_HG00438.2#275	e1022f1ddd4fe9e68bb22de0fede81fda9cc39a00b3f40f2dd1f562805870e23
y1_HG00438.2#276	a0e518940db102bea9d001753dc1a63dfd741ec094001095d7cb44c684a455b0
y1_HG00438.2#277	9b40759ab0fc8be2f195c27e4c59e7e95f5c6448c4507b70aad02978703dd516
y1_HG00438.2#278	098168352abf1588141591efc8dd4ad558ba2cc67aa0a77709eda92ca9f1d0df
y1_HG00438.2#279	96bd6d49aab89510d0139f4d11f7043342c5fe448907c1ce3a6031077c4f92b3
y1_HG00438.2#280	99546cb0a5ce492d998019540e7f19495ad400f0cfb1fc051458dc6143b6693a
y1_HG00438.2#281	37b8281c8a28219dcca3c1b896509f8ff715a2e005c5e3c10ac23ab2f6e6234d
y1_HG00438.2#282	5ff6925f39f04a5043a5a449debe2d24921e9f8892f08f08cbb9ed7de2b21699
y1_HG00438.2#283	894d33469c33ea443480c3ae310ca8aaae86ca20860e02b7e9a62f713ac6d918
y1_HG00438.2#284	8447d1817d9c2443e5b424a0c5296ca31b89db7d8c0e502cf49811b61c63e481
y1_HG00438.2#285	b28273ea6a12d5c088748e659753aca7a6ae51df96f61f5353ab4a70ede2e58d
y1_HG00438.2#286	e85e4a3c58071ef0e9c0856c729077e5d950845bf64a98cbd1786cf7f65aaa25
y1_HG00438.2#287	d96a2091b2a025b0c49ace25a7b3f345134dddae4702af88e8331af02892c3c6
y1_HG00438.2#288	c9f95cc3af02d6965c06ec9e8dcbcf619c9b0878e0d20c0093023c0bc45c9749
y1_HG00438.2#289	6ce27f41b3119155d75d3c793d0dd08e612b4d092bf84bc259009fa682cf91d4
y1_HG00438.2#290	8e5be3a7745589394a913d0dba74945f8f0af3c8e36e9494b2f7f739ad990ca3
y1_HG00438.2#291	19654621b7f4f70801ec2c4bf8d4032d07e1c0166cf742a0990bce113b077b5c
y1_HG00438.2#292	3b228625e2fb39cb705ceeda04ff688eb75d0077a6f813c79735202f034bcf30
y1_HG00438.2#293	de0f28da96c9bcf727bcc1006cfac293c531b8396447e0a0a9c1145bee9b592b
y1_HG00438.2#294	0c49f10bb89579fd6f6b8b010cb6c9717a3b94fd69e33b0653c417413d5f6da5
y1_HG00438.2#295	57e332d02b1930fdd87d0fe89af4346b8082aa5e0681a021beb16f38c2774077
y1_HG00438.2#296	f6a38f9fcd77b758ce00343d0d300f4d09af91f9ac80bd8f2c824b9c9ad42be6
y1_HG00438.2#297	40cccfc0eccc2a4b0d56e47e92b1c66a419a8a42f060fcdaa5528f78ae648d78
y1_HG00438.2#298	eb5442705969dc8da5dfac8f9658dc68acdab5bb7635ba7cc551e389416ac34e
y1_HG00438.2#299	26c8c6783bb6ccf92f02afb3e4de0d136d99fe714c9947c33c87a37b74055fb1
y1_HG00438.2#300	d99f1eff1434925778667967f724f7470f812bead402371c1f4df7525755ea8b
y1_HG00438.2#301	2d4ab7897bd534be6b7588fb86c4284d1d7e78b3bb3be38c0992f05be424f470
y1_HG00438.2#302	aaefed2510cf29e16a52843c6cd44516e6bb78a0b36639ec4c238fa888c9e84e
y1_HG00438.2#303	cb7133aaa4795da7147e73a366399976a14a3a231cead9e7b87904cb48ce3c7f
y1_HG00438.2#304	78da8fedd20798d897bcf312600163752cfef42add9356d71f2c9a5fed12812a
y1_HG00438.2#305	8c193eda282dce78c205993152f64b9b2584f080d23530bb419a95abb085897b
y1_HG00438.2#306	f7b2ebad847405b2300dfae9c606f4dc516257e7926328c84067ce5469a6e80a
y1_HG00438.2#307	6840a36c7a459078341011294306d9d3cfab3706dd7908f2c8f12e997e1ac49f
y1_HG00438.2#308	15cbe5f066da796145940479d571424695e3077a1de270cb04972942d5b16260
y1_HG00438.2#309	bd1a5bc66f2b7541fd221a1b564a78b96fc02d9d83bcdf886ffb9e68a7809cb0
y1_HG00438.2#310	d4106ed8365ebe2ef374ad40ee3824220544acb39ae0f4b65eb395f0b1dec2d6
y1_HG00438.2#311	def926a93b76a6391bf938583f4432d8ef5fcf1b10834298297510c23edc8fd8
y1_HG00438.2#312	034fc48ba584fc2a8b0b40c727e4ce36b79845d7ed910c63abfb2c22e630382c
y1_HG00438.2#313	24c5ba12ade69b029e22d91761b40fc72338ef1d8118cd0b0fa9474c4e941be2
y1_HG00438.2#314	13d8e8c4c0edf8d8853f35fe8e6d36106888b28b36f291201217b2b6a9a5b408
y1_HG00438.2#315	2e60c352ee0cb8e812d827258f6f27802f2adf4637d1193d786a9dc128399b6d
y1_HG00438.2#316	eb7e26a7fe2ce72b5c86c677958c5b3cd443f253880f58bc07c59eb4b30975e5
y1_HG00438.2#317	eba4d9fc4f353ab2d0948907de532047b229dcffa95d2f28936eb9fb2ab9d678
y1_HG00438.2#318	0bf0ac9d0a7d44d7cc60e5fa66371e9d1fdf76cd36863dc9be80cce55a42168c
y1_HG00438.2#319	8c3fab4cdde977cfe2f900055997a8f0c30dc839e7246a06e166e4e5bee5ee4c
y1_HG00438.2#320	3334e3a0fdea6dcaf33960287d5bb715c1931475c2a673bf25300c1e6352c39a
y1_HG00438.2#321	3970c8b4d1d1b7d8ee9bbbc6abe169f4f776cb467fe6cba57ac0e18410ec749f
y1_HG00438.2#322	d883ea6718e4bee57501934e8c5743fadf44cfb33dad019b65ee8df25126aab5
y1_HG00438.2#323	4b83599b19bcafa2a3d0b209c0c3b2f2fc8a9b37d15ed61538797b7cc17c1af2
y1_HG00438.2#324	d5c0466aa5f4c05604b2ad9b9a3bade6a9554b3cc4578cc2f62f286aaf525afc
y1_HG00438.2#325	7892d758cd10c5261283134bedfce90197d4324990b7281b2852779bc336ea96
y1_HG00438.2#326	34091afa8002edce127fffeee623c6194461968ef9c5124dbe1cd14c83808e69
y1_HG00438.2#327	5c064a0d643517ef8d15521c83ec90bd645d51f7d334e60aeece46d465dc208d
y1_HG00438.2#328	e1261c78388a38f7e2d88a8beb49b1fb631526268280387e841f8aac8b014ec2
y1_HG00438.2#329	e1d319c4a99085348a1dcf15deae4e49fe00d5ea7526b7bbe20c7a2f7291e48e
y1_HG00438.2#330	0bf0ac9d0a7d44d7cc60e5fa66371e9d1fdf76cd36863dc9be80cce55a42168c
y1_HG00438.2#331	07c7c8c80deafe2795f4be26a1c878ebe1cb87d1fe89bdd5dd799fd02854d46e
y1_HG00438.2#332	ec32dcfa3fed51023ef81ab19e51c4b5ba7a3d972c854b128a7b3955b68d1f21
y1_HG00438.2#333	19f29feb7a49db8d8f91a4b71588f182ab56f8e77fe8e767431a459821d82a4d
y1_HG00438.2#334	f61e8b353a49913d30453d12112baf339e1ee2845824398111d6ff6558cc17ad
y1_HG00438.2#335	3ee5ab1427ff4206162362f70528e4ca6bf5365aa82ead95623b0c6be7f8d6df
y1_HG00438.2#336	0c500db4addf64edbf8e53a0da507b148ff8ddae7838eb1a0d71b5439dab902e
y1_HG00438.2#337	a2a036516d70d3c0266fcd365caecdea46130108a38aa14cc1afcc2c4977c886
y1_HG00438.2#338	4c573d7486ff3e432b9fcd07d5558134dfd4963eb541ea4ad688d42870548dfb
y1_HG00438.2#339	169717384b6bc4e22227fb208111d9c8d5d61ea5728ec61ed3117eed758d246c
y1_HG00438.2#340	02b5ae8ccbe072f7e26cbe7b1ca8336544a0f07ab7c8f14ea3d26a1d30ce1b22
y1_HG00438.2#341	e308b3a847f0940846dc04fe881d5166d23d329711c0f71e4b54f81be64d395e
y1_HG00438.2#342	7ededfce0cad3378b13099b1de9e9f00d1721e95723f00ce2790c43eca36bc00
y1_HG00438.2#343	8be6088c54833513fa87306ecc31702be1d86e7576f713167e1e56c35e336c0e
y1_HG00438.2#344	7de3a3b694fc7ef6f0c26b0170d9094e1f0f31c77165423755e0b9feafb1c376
y1_HG00438.2#345	e49f98bb165135e0adc0fae14bec8af52188b9a6d0224a34a4fe24462a6efc91
y1_HG00438.2#346	e60654e27a68c042225555103a84a9635ec2064bc3831ab1a75fd76dfc423d29
y1_HG00438.2#347	cf3a192e586a5705430fd5f686074374868ccaa6a7eeb071e00508c0e6341baf
y1_HG00438.2#348	17cb2ab5d748ce68d53788d81e74be893863b27314582d52128904f788274e7e
y1_HG00438.2#349	2beef8a06d6f719a970746be7bcf6c0515dca443e15db77b3c1276b191026e87
y1_HG00438.2#350	5924429b93568e6cd3eec533fc7f46eccafd79f05494689d2a8f9c35e6688eca
y1_HG00438.2#351	ba5b8ed65f0ca67053abdf141ca8907547ad83bad19aa113f176c06aecc2cbb5
y1_HG00438.2#352	12555f6df4a8a621816145c3f9eaca761a0d1368012e1712c76cbb25540dc849
y1_HG00438.2#353	b917bdee843c2d79710106df966ec6088ad6a8ea3805c257ab22bd3abcf62831
y1_HG00438.2#354	8995cca440211a57a30fe20f34af082137237615c54ac5ee43d73b68da9137e9
y1_HG00438.2#355	f30047c8eea833ccf010e1687d6149e390ecdfa145e7d69b42c3560a751fe6ad
y1_HG00438.2#356	567fe76e0fc05c2e1677151a3b609bee1353c368d49abb896d3f144976d8d319
y1_HG00438.2#357	fb735e2cb785d1a7dd070073a0c1d5df8360f9d324a407a0c96f9477bd084c9b
y1_HG00438.2#358	c70707ddbc7f0df59d3d60555a806789868549b18900c5afd7e3fe877eeb2a07
y1_HG00438.2#359	1f5c6b9754d7463107d643d4e05eb171faa824c0abc13257da60bd70770c8179
y1_HG00438.2#360	6cea72e527e2e29f06fe1efde58331b4ab8be320d11193273048a0b6b4bea58e
y1_HG00438.2#361	eb5442705969dc8da5dfac8f9658dc68acdab5bb7635ba7cc551e389416ac34e
y1_HG00438.2#362	3c389efb467cdfd4d56bfe02ab88710ffea8c30528a0dca941118d0d573d15e3
y1_HG00438.2#363	7acb8a32f0c97ea81e83aa49343447c952ee46ee42c1bf1bad4bd814c638700c
y1_HG00438.2#364	f74089b0bdb31c809df72eddb80eb3dc9b706212d4d3358a972ddccd2e654268
y1_HG00438.2#365	c0fe71f4ada063b86bc89b7dbc59c550d2f019150dc1efce31a24e806813e31d
y1_HG00438.2#366	eb5442705969dc8da5dfac8f9658dc68acdab5bb7635ba7cc551e389416ac34e
y1_HG00438.2#367	8eeb7af6d0a76a274c1b196c8ddc3258dd3a1f34c02b8f8bb3aa438159f518b6
y1_HG00438.2#368	30d7cfc0023293b609fcaf9bb429ee282bf60091b55a944a87df7ea3b43c9bb2
y1_HG00438.2#369	a3268951b458ff8b58319a6857fffaaf8739dc32c79f2b3f44945b38dce238d2
y1_HG00438.2#370	9a26a7dc737b0bcc314da2e89026ed0963cb2beda7fdbad694fbbf01102eed52
y1_HG00438.2#371	1cb3a14e851fe9c15232c5bb4358547a5522db9be5e983c768d3552cdb32cf80
y1_HG00438.2#372	b7e2a66e59275b9cb97949f95e8c171618f38480a50ef5b5bcb6bcf196298125
y1_HG00438.2#373	8b185779a5ee75702bbbf1ea4437e3cb2aad8e7353d38eb90de76f0acc1278f7
y1_HG00438.2#374	0bf0ac9d0a7d44d7cc60e5fa66371e9d1fdf76cd36863dc9be80cce55a42168c
y1_HG00438.2#375	d02e2b6e2e6c80f953b65831854b45de939aa6a3cd96dc7938d95c18cb14bbc2
y1_HG00438.2#376	239ce47cde992636ab6db97031ae2fdd91c1b566d3b628cc9133541ba045e13f
y1_HG00438.2#377	d7306d5d2258bb25661e72dfdfdf83b7d50a2b9d0fd70eb01cc7b1be7b47aed0
y1_HG00438.2#378	36dd839e4fd133d5849f8188effce62d7d7565d466376632a48de4d7fd69843a
y1_HG00438.2#379	73a5ed8e7c3c371960cb9d77ff03aea647f56634c3e3ac3b160631c23c859461
y1_HG00438.2#380	b236c38bb0d01dbc0f6c4b6fcca3cd7919ec06023f35d2f717e853997bff7f38
y1_HG00438.2#381	ba464bd29d8e092a7995e35e8ae54f6b5af1ea1773a1a92f42bb2a9ce9e033d1
y1_HG00438.2#382	30f97a13e6d45b3c1c88568279e8b8d7330bf84361dcce3ab045acbaa6ec91be
y1_HG00438.2#383	559ddc5626778d4a8457d26ac30374951d9a61d1ba6bfee28343adf8b01ca970
y1_HG00438.2#384	20a5055545f50c8aff28c0576766a0751a11ad15a50fd65fdc2004e1a2a9ffdc
y1_HG00438.2#385	2b22cf5c1b08df4c97c5b277fb70ed670b20f8afe9e44948f5108e3188a25988
y1_HG00438.2#386	7d7ac4a5b1f36258df9c62e73f519efd56cf8dc45ad44197fac2cf87a16907b0
y1_HG00438.2#387	07a7842c09eef755ef37046ffad0e0d76087c9920ef1ffde0f1bd5cf463dcbf9
y1_HG00438.2#388	8710830e75056228b672ec1ff0c878d061d77a769e6efba33dbb744875a72565
y1_HG00438.2#389	82d8ba066e771f8d015e7aa95c764035cb7e20d163afd60195ae994ab4a45962
y1_HG00438.2#390	f1c3a20b9bf75854b1d82216f99bcb6fafead808f146a03445670327d4606764
y1_HG00438.2#391	1b850b013ec43f0ed942340c046e286779b0276f49681c0a85b227c813f1fa7b
y1_HG00438.2#392	1eb930d0ab956ef4bae1d8f86000209afcbbfe6dc0e5e066fa6fcb9f692666ae
y1_HG00438.2#393	bee30e5b6d59c1bdf10100ef331706553fd3c4e6b0a342a092c6f6f733b8be36
y1_HG00438.2#394	74e41fc8ebf2342fe613900f881134a0f9078dc67a40b3d642947cf3765705c0
y1_HG00438.2#395	6eb3b4de9030cd30a787d2cc445606d8b426cc36b7932a7a9b6e1328ca2c93c8
y1_HG00438.2#396	30f916eabbfbccc6b9327a331566abd197461cd3ec8cbef42d27738965c840ce
y1_HG00438.2#397	df9dd32d4b34786ed76645abb053487306ac86b752b6ad69f00a32875c7b2ce3
y1_HG00438.2#398	eede67d6470004a6e3520a17a439ba288e40903550d57297dd79edcaa28545c3
y1_HG00438.2#399	662c9452a8b92a2fe835e1df1ba9784975f366bf6d46269b95ba6d482d1a0f8e
y1_HG00438.2#400	ff95dbd508f11daa6a11be120b23edb761437e2d48460cc3c18eb1ee662f619a
y1_HG00438.2#401	2ebbe35c1b8c116ae382cb475f88bd0ae2dc6f029eb93c6404664ea50a7a793a
y1_HG00438.2#402	b3a793ade2b7cb2b66be3ea1e0410969d088d486510305d40194a5b21fadc0d8
y1_HG00438.2#403	973e3b068fcbd64e74880f41dd64c5f80a94ad4f6b10deac94ea9c0746de286e
y1_HG00438.2#404	293dd9ecb7fbfe7c27261a58a5359ddc5c882adffb8ba420091db56c7ecf8d46
y1_HG00438.2#405	02d409f94455a403691d53936befd38564d77910822324225dada35455335a34
y1_HG00438.2#406	2db46c560845a4d0f25920bfd4e34da138d81fa59fbb0f0f67e48b1cb436fdac
y1_HG00438.2#407	2061fce2dcc707b2304083632d8cb8dabbf5fe8cd6dc7d7b429e8132a64c8de3
y1_HG00438.2#408	000575f857c6e760b3270fc9d376ecfd4ce676b51a16f2584da2ee66d2c3ef92
y1_HG00438.2#409	214cc7512067e7a4ca289612747d62e1153b2df5c7e00fbe0acb5c89fbb32e7e
y1_HG00438.2#410	e3282b8d4c67c97fa02826f121bbfa5c4ed4addba86a9804ac9ef247b5fa7fbb
y1_HG00438.2#411	fcd1687fa90ff342abd168077c33f60f661edf47e1f79eaceeda165543ca974b
y1_HG00438.2#412	1a9e374b4e2de9bd59ad20180c18978ac58938a409194ae9c3271518a7b9adae
y1_HG00438.2#413	cdc3a1e44c241832e4524c5a625e346600d8296db9ad820dce02064f68647d11
y1_HG00438.2#414	8359801c64aaa91ea8402ee5186d210722ebf14825c28b99c18062f739b02c10
y1_HG00438.2#415	18e059334a2e35f1fa2dea60028b4432e71581dbaf25c7759b8da10c56f5231d
y1_HG00438.2#416	be4a7c607390d91649663ee7d247154a1c6b84ffeabefdded4b236f1b185e9f6
y1_HG00438.2#417	92e796874f11deeb8beb73e6e50617457577121855ee4b0c2fb68e1bb1e46246
y1_HG00438.2#418	6bcde57f14ac1516c14d89a6d70fc4b1de816bbe727e13a4b4a27bbd8530e8a7
y1_HG00438.2#419	ec47ce6463b682b97505f99f257f72663a37df4760837ab5343e02b652f34ae6
y1_HG00438.2#420	60b5e46559a67b5942b831ab81507b34c3a1897546312a9236355aa3bb01c6c4
y1_HG00438.2#421	343ca782f406778865ff88c8327840ed65fba9ee31b923d1c02849617a7f7b1e
y1_HG00438.2#422	e66c58f9aca021e64398dee616e9eb790f4c790dc292fc7a69aa49285b6553b8
y1_HG00438.2#423	fa32f32c189ee5f411bd4a4c06777cd60a7074f844b7f0115854cf72bebca7ff
y1_HG00438.2#424	458e3bccba97cebb8d79149ab06ce9dcc4c6474dafeb12121bf051a57b6c4674
y1_HG00438.2#425	cd4ceea8bda3cb854f26805e7267040f22bce71dbbbb6f22f656e55ae7116a0d
y1_HG00438.2#426	3420042aad6096b3c48b02cdc73daf7d4ef7a9da788dbc775c00e458fc6bf2ef
y1_HG00438.2#427	1dfcf9469b90e3d195c44492bfb412c889ff61eb02a464d236505f8193a12cdb
y1_HG00438.2#428	2a2c0e5f0682ab05839e8bf8bf187b0b5e73dd4caa1c5264e2cd90beb0462829
y1_HG00438.2#429	0cbebcffee0ffd95d8c85c2a54a83bea655611ca9c7511a33a02171c0b70bc4b
y1_HG00438.2#430	0be71806be7742a05591fd61823501df84a1a27193e61aca14b2db76a5fd7741
y1_HG00438.2#431	2719adb2fc60f15011283c2a8123da5d86e989fb1ee06ef434973b96f208b67a
y1_HG00438.2#432	a87c077f32a16807fdad1bbcc4b9454319d27fcdea1357a6eebf28e8968dac51
y1_HG00438.2#433	88c39679f43636c596b2fe3e94356994b86507e37e70ed3050686c9a6940c163
y1_HG00438.2#434	c7460386777bea485665cb6b6089f8cd242326aa6419c72d871fc1eff8663d55
y1_HG00438.2#435	3a2f95560be13fb8cae0daf58e910708d087033efd9b47471f436a3a3aa24714
y1_HG00438.2#436	ea648134235ad03c362b887f97a7eb294ed006924c039197fd14997c5ff0173c
y1_HG00438.2#437	6447b78036d25ca69bf261470f2d3f0c96e62de0edd96f2ac161d61a40451a4f
y1_HG00438.2#438	99d852ac6e931212cbb19d02509a0cfe7b4506276394bb3af3b85bbe1a6b0ce0
y1_HG00438.2#439	145755eaded78662232180350fac2c65239622c7054f6fa164774fae902fd296
y1_HG00438.2#440	899f1ba2f11d66efe4b25e4e0b657e72bb422461070c0e8b317bf1b944493e19
y1_HG00438.2#441	2e271a10fa2b62c4a399e6e1ff5cdab0a33b5d6e700b4e2429b2382e01152df1
y1_HG00438.2#442	8f1c7f25db42b4df1c7d8188c913042a4d03c30a0c5dbb22a379de49f51b694f
y1_HG00438.2#443	3f921e5dc33e6406e98230055a086b78811849a6add6ed9904a344cd6d6178ce
y1_HG00438.2#444	b887def1d2ad283b2bedfb70ba3c5bb3a5fa3f947b5dc6cf0d96608ce04a11b7
y1_HG00438.2#445	79789b9bb451af163e49047d7716435e934a5a3a86d20dd435527a0ff4902205
y1_HG00438.2#446	41eb019a3d94fc449e27c0f499b3743c851e367861ab7d7c8b3d714942e691fb
y1_HG00438.2#447	9779469589f956f434b70b578302dcbaa084a5eabb0124ccd61b0ae58c596e70
y1_HG00438.2#448	997fae6ecffef89b9065ab9a2d010ef54e73a68314210f6129ca8ba3252c98b9
y1_HG00438.2#449	a56362a10c816abf206d72cb914e2d5ca454eb9c7e744f88b1a1422c379e9942
y1_HG00438.2#450	3f60213863f4f8e7ee6993232ebffb2e2c3c9cd3f5d2e679f7bb3cbf82a33762
y1_HG00438.2#451	60b7ff07cce6026c3f5add44cb633d4b6d2461f62491f9986bed217d3302b915
y1_HG00438.2#452	5f32da9c00ab924eeb62d8a042242b5284848fdef0a53324facca6d9a6a1eed6
y1_HG00438.2#453	1f17d0939990a6997f09f6069938c27129c6136522aaf00ae22b07ec45cc1210
y1_HG00438.2#454	aca5036f3a9f4ec6a9937ca6b352cc4cbddbf8754f5b22bbce86fda05eb31414
y1_HG00438.2#455	a9250c5c845a9480c8ad3a1da1b2fd4139b292b4dc69d9dab605b4880d19a16c
y1_HG00438.2#456	36c8409a95e86da9262ba7bdddc5af4bc1c8f8d5f0c3e15667cbacacd1dd379d
y1_HG00438.2#457	674a5d6a720786f6fbd8eaced94cf1dcd77a9a95025bea72bce34f81e2f6e3a7
y1_HG00438.2#458	40bd9d60e47e4cb4b9592f7f9aa45bf8fdf432a683e222f8de9c002cac3c2cf6
y1_HG00438.2#459	9b0cc4c8206203d67aab895b4214185d2fc67a3f4796fe3de99ba19612e1de86
y1_HG00438.2#460	de1633e494b6422806153a4709a7a5ea2211a572cf44705af0d435c5cbf62680
y1_HG00438.2#461	0bf0ac9d0a7d44d7cc60e5fa66371e9d1fdf76cd36863dc9be80cce55a42168c
y1_HG00438.2#462	e153fa299c248bd7b5d178e9e44b46391c604065001ff0d8fef398e62eb14432
y1_HG00438.2#463	1dca9cb756b263334e30b46ea74afd3befeb38f642c2284bf1b9efdb7bc033e6
y1_HG00438.2#464	1f2f189060b3d3d6a63e4f671360e6215ac66b43ba7ed4ac1e5fbc9ae33190d3
y1_HG00438.2#465	3fd8b2c4aea744d950ecb00284070196d22689496b95cef3f3ad7077d360ed38
y1_HG00438.2#466	688f84fa3e568dcc283bd476505c50ec6d93ec10356e90b012402f2132adfe1c
y1_HG00438.2#467	ec733402d639b7379a4eef3b7c050f26022f43e341e46685ccddd10c5a89d4e3
y1_HG00438.2#468	8e3382a1b82195fb3d93ab97e7f9322e84fec8ede691a6919b37e88f46164b73
y1_HG00438.2#469	7061522325f36199b158ad1773c5254d5d1b11411f50c21a2195433fd10fd1e6
y1_HG00438.2#470	c56e19a67823321486685b6fa491ea5b31e050a9d9f73c557e9c60369d1efb2e
y1_HG00438.2#471	9d7cd25b260e3acdfbf197dc175ecc4cbcc2688bd1d0fa20b67f20f8a018462a
y1_HG00438.2#472	d248ffa9a9109773f221d3369b2b89663b0349518edc98c15a10d137db687c0d
y1_HG00438.2#473	6ac35ff8146783c1e11d3910fac7285a7fffad7c24266d23a348427e3b6cacaf
y1_HG00438.2#474	ee126a9c51316b65fbc700ad72661aa2cd2e30a648d0bbfed161fb26f1c08691
y1_HG00438.2#475	e78e9fdd72cdb5c059b86427de7291878a57003ee54bbb1d69726f3346ecf6a8
y1_HG00438.2#476	41baf302510730f9d7b188d96c7f9de57cd428fc59e8414be5772cb9f42d7446
y1_HG00438.2#477	81cc649674c2ab13ba8a5b151f6ce70cd031f48d19a89a2e597dfee1acff6cc1
y1_HG00438.2#478	3660c28da185a92394f4bde9a1be17852936713b7f8246b1904fc48030363806
y1_HG00438.2#479	b3130a360380c3d899d639a4c89a90464379a4a95b938d2cc15fb67c8cd0e13d
y1_HG00438.2#480	a36314cb95a35801bbee4c454c0be6482d1668f9e3e254f5e327dec9cbaba330
y1_HG00438.2#481	e8fded467cf1e1b308666b62885293251e368a969a33b62318368ba6b2586d03
y1_HG00438.2#482	5e59d93ba00498b5858f74088a03b325655099faaa7b836eac64bf4da44abe04
y1_HG00438.2#483	a59256a35838f74ae633d12002db40be46b8910809ca8e3ff4b4b326b063ed76
y1_HG00438.2#484	8280844322ec0f5a6cb20e6468dd4b518cd07b74de96788373e314ed1c6183bb
y1_HG00438.2#485	b6af86dd62253ab76efd842019462c7f8c335787ce663263554c0738a40f69c0
y1_HG00438.2#486	aa50f9c706f0a19c388fbcf092bf1a12dcad5ab791c1bf855bc51397eb0c5027
y1_HG00438.2#487	8e925e39afa6bd55444e27b9a32072418e31df3771c687315e0645cc7097f69c
y1_HG00438.2#488	3468001f4b8f8408cfe043f68ff5dbc641202902deb52f8f6265295ea8744683
y1_HG00438.2#489	0a074c164b25517497f32a4a23c39177146ccfa69d602b6cb5e238bc01326105
y1_HG00438.2#490	4538a073cf937a5c1c90f83bb5b403436d587fe725c33d7e23e0937b28109ae7
y1_HG00438.2#491	eb5442705969dc8da5dfac8f9658dc68acdab5bb7635ba7cc551e389416ac34e
y1_HG00438.2#492	6d70aa08d789b10bf48628b05d697c9382c8f7a17b4ad56ebd99afee04906432
y1_HG00438.2#493	703381b557dd1593fbf101942961aa771189b732725cce6f9164c754bdf7439e
y1_HG00438.2#494	0d2e9861e2156321c1ade217a473f538ce45033d14d973e696e0686d992b3e11
y1_HG00438.2#495	933dedb3b46669e744f54c6b15d9b2b64aee4b3c345e0cbf418d40da11742f3f
y1_HG00438.2#496	5ab67879f6bdc400e75b33d3ef8c70b3b84086ee6ec4840d5a38eb21558a4280
y1_HG00438.2#497	b848eb419d298c574e22aa6c7ddc0dbaf643041eaf4edb1ed9b6466dd50b62d1
y1_HG00438.2#498	d7745ed4130f4a2a9e066e08b0c1948d6649cf849e6d027c4984daad0a907337
y1_HG00438.2#499	08ebb0a42359b9ef0cba7cc6f29248f7029ee431a2eb174e22aaa37f65c66f28
y1_HG00438.2#500	2105a77390feb5e055fe9ac9abd8fc8c163dfaf227c980a746017a65a1b335cf
y1_HG00438.2#501	790b14a7be4b5a72a78e253246e99cdeab805060153ffd94babd82c70683bc09
y1_HG00438.2#502	fc654e79605d6f0a90972a059966fc8d02d97ad90a3e5ccd5f940f7a554ce1c1
y1_HG00438.2#503	2c6aa65c67fb1d7eb773c002f0ae65184fbfa15b0e4ebc071274d77883394406
y1_HG00438.2#504	c86215751ff238c73119c6831cd21c02dd030d890e46f94b1fcd1fc8654ad148
y1_HG00438.2#505	831aa716ebf40168789ac5315637c6737aee6925d1b7f418730cd3543619e018
y1_HG00438.2#506	476de5123bd84a216f85329b88375023a64ed0fb17fdc3b561893642969a8565
y1_HG00438.2#507	7c68dd9e006927f67f9afee6fa0f52133d5eafc99505e226fbfc4d97e383befe
y1_HG00438.2#508	34f0fe119af667292d4f05ff22ec1a7552b8569f0d7ce7a2a64160cb546c2e29
y1_HG00438.2#509	9d0c125dde365b5bc035197da0e869f39c8d1f48b14d4ccfba0cb17637bc946d
y1_HG00438.2#510	628971a3d95fa75f428779af90e8054d42a53c153b27c9e5ef26bd9b1c37912f
y1_HG00438.2#511	b9e4b7ffaa7df2d598e27c035501781a2b29f4c0f93f07c6d4ee9f16812a6ca0
y1_HG00438.2#512	548a6bac61cc43efad69d40954ff9a221c3f633b386bd3fc70827d9c0e024f14
y1_HG00438.2#513	864f19ebeeadc691d1b3ae8e018c814f0fc540054efd41c29c7ac6d7261473e9
y1_HG00438.2#514	b343a9c67e56152b80e2c373a390a441b335971eabac15ab911d2e5862dddc35
y1_HG00438.2#515	c27adfeb75ea85d3d16ec0edf1155028e93cac79dc417688d86abf9ce42ded97
y1_HG00438.2#516	8881eae990253a96e5b840181ce74979623f611ed60b73dafaf5a3681773203e
y1_HG00438.2#517	d628234bc1429f7487bea665c6c50a7cceffb071526195dbbc3324351b83f889
y1_HG00438.2#518	d4091b40c38692d94ef5695957ec000bb856a43dc9f9985272bed38f027d66e0
y1_HG00438.2#519	8f8213499716c9de9c69152acba0f77d1f3a7b2e91f89a15adc5ff4f29fbabb0
y1_HG00438.2#520	324262cb082be07a54dabf82ecba32181ddc72340fb812935096cfdd205176f9
y1_HG00438.2#521	0c6ba3a3ea59576a5bfc7ce02dcb51bd24d19760b1f06733449446088532ab78
y1_HG00438.2#522	591edd79f4fb0382f552dd24ea604ea4e2ffe9add477b6dbead5f9f62b363fd5
y1_HG00438.2#523	6d53d9146e7ced26de0e6d9c098bb7b51808cc40c81a21e1d876b95bfcfff038
y1_HG00438.2#524	3f0ae60f92c3368b93ece9b956fdbae46b80febd91da347daa5d26fddb71398b
y1_HG00438.2#525	475ccf3fb867082600932991aece184590bbb8b7b19a95f8d03f740562cb27f1
y1_HG00438.2#526	8f4c6838e8b1a5834f6322ad97bd98d977a133fccbd4712182219d0f899af7cd
y1_HG00438.2#527	b4d7c714376eb68b0e6b143e79149b975c0acc6ece2e9cd9456475e3e8d9d003
y1_HG00438.2#528	dd48fdde60c13afbc0e78fea9877ac711548399b15e189b063cee5a845bfd90b
y1_HG00438.2#529	2dcf226c997402d4220b95118669f5f1017333c2547dcc0632812526e0bb6072
y1_HG00438.2#530	1e0cb196dab8ba3f96f9d48f1cd7aad08c009d271365c0734c823c97eb7a4bda
y1_HG00438.2#531	2952de6f82ad340c304ba4b553d5360ee76d7e574db09049ad1ec757a8d40bf6
y1_HG00438.2#532	416d3b7c452d521f64671d1adf8e7380e1a3e2ffccf1b560cb227a8303ed1efc
y1_HG00438.2#533	a1f8dfb20f804c189907724556351ac95d7e0f8218a07dd68f2c2f63d4f09996
y1_HG00438.2#534	24eb39e263dc746aae878d33c1c49bc18d5f7ec7628e56e31d0dab8e1bbd2deb
y1_HG00438.2#535	230d8085cb2503a217347c0d78a532dea2ff15e88ce756b899cf2aa79b3be513
y1_HG00438.2#536	ef75a1d18eb6831aac8ba72420f0194a6d6f2c40a76063ccd0ab7ef2c98afc03
y1_HG00438.2#537	8a3db83b4d87e7736df2339bc51cda94b869efe9bc41574d47bd0e3e48f0160b
y1_HG00438.2#538	3def4764eba66369b5c8851d587715d05e981f2df851c2df5fa566cc4da0f177
y1_HG00438.2#539	ae32bfcac9b294e6dc7eba568bde5b762bfdba5d3b928c142adc3b85c15991db
y1_HG00438.2#540	eb5720d1b11b0c29c16e71afdd373474734fff04d9ce963e4400960617997f12
y1_HG00438.2#541	ad25317f398a1193ac9568efcc923609a0b5896b5862583dcec1ccc21e9ad5cf
y1_HG00438.2#542	6d780be9717f58cf3b111884af8a4ec51076dbcd432a889a8bf1cf073589f6dd
y1_HG00438.2#543	458722c6b721a4054f1a16b462c0878d0bc1ece58758866e08c9f4885c594439
y1_HG00438.2#544	b5e633106f85b3adf9685ce736d4d090201b9926fd7223253dbdec461b1d6fa4
y1_HG00438.2#545	009347ab51adbeaa7a979b9d9ab28bc41948b8e58faaca27f0080feb07b64e75
y1_HG00438.2#546	27b8ccbf9edc5b290f0d2d205ae8de8888bd62edca80117ae5928a03358415a8
y1_HG00438.2#547	660e2130f8436736fc631d1393274a22c959e156915458efc92fb69304c6703f
y1_HG00438.2#548	965bbc31acb64c94ae8845ab1e39a6b0f96261c2a1a29d60abdd874d1a70d521
y1_HG00438.2#549	c5afdf2f70fc9f82199637deb4b04497a019d4d9824781c9ae3aef66aee724a4
y1_HG00438.2#550	fdde631493dd0c404fd19022479e851907117e52757f73fe9cae0335a887ef4d
y1_HG00438.2#551	74d363b5466fa58d61f041d87584d8e567cb76de138e4f426ed86bbc0c383d6c
y1_HG00438.2#552	dd8f46c013862342a0630a752c6b01f89e6210d670d45779c4c55f58b9bc112c
y1_HG00438.2#553	e07316834bb9933cfe96854b9af72a5ee79d0cad789c8e06d9868f95bff81131
y1_HG00438.2#554	97b99e1fb1460418842dea1501b6ba8a88ad76bb713a3d3e08ce76da14cfc0f7
y1_HG00438.2#555	ad7f3472fe37bf51fe8c5800ca613f8a4d7d63c005b3d5d25eac84c0267b8f4d
y1_HG00438.2#556	879bb174effe99d08ea988c19b5e87488ec9b21c42b496508cecd9c3eabd2f1e
y1_HG00438.2#557	7912610de131a0628a9d208f9cc122bbe2643cb606c52f6f71f88842e71552da
y1_HG00438.2#558	8e2b41f06bb01ca6a4303184d2aa67c3006c62d73be313800cc11a1624a83b54
y1_HG00438.2#559	787a010b7a20b2c111d6ae5390103eda3e8e4e933ee91b227271cfb75fa70689
y1_HG00438.2#560	835f3c47c1d82616c0e132798c35c347960493a9ae00d66055d68a7e651d1be8
y1_HG00438.2#561	bcb12032d5aaf27bbcc00f43dbced725f70f27c07780b985df45d44c1ccbf645
y1_HG00438.2#562	91f25991b9edcb580393cae64c6fd48f50d47824f85fd5d52b70e382f7684a31
y1_HG00438.2#563	43f341e4b87e1ab277a9e1b9c5c206e6d3b008407c8017c7feac95fad15d845b
y1_HG00438.2#564	d5ef0f0e059ae5fdbee9ef56db7748a14e3418111c0715c9be7fb0314ed3b253
y1_HG00438.2#565	877ac1d2cff26ecb5047b3cad711d3d7e5b5a39c8e9b91f72b85ebf3e7b5bfa4
y1_HG00438.2#566	eff4cca3575b6c950c8281007a2037f5ecb893a4abcbf74d7540ba69bd52d0ce
y1_HG00438.2#567	1c6ae49219ec115c146d8772f738ff2ccc26723ad05f8be20d04e42891410a3b
y1_HG00438.2#568	5e2d1ca1db8b3a87ef3e79bdfa041d6547531220583d7578183d9c3b3090f76c
y1_HG00438.2#569	5e6b0d8b6316bebc9a36e97e5b8f7048036126789a5bcb954393f73243714c8c
y1_HG00438.2#570	9b849c5ecb5613ce8f188940659ec034a3dc3653eda05494d808bdb97e111304
y1_HG00438.2#571	32a17031eb51ab6a1868ce68fde2755a8646ffb592e45d51b8d9cd083c1de6cd
y1_HG00438.2#572	1f564dacf0c9d07e9b05c41f8d194a05aab5a8af130e966c6953594330bc6e6c
y1_HG00438.2#573	ee637c7e79997bb5dd6f38653b1454eba2cae754f2a0533314904c07a1592b2d
y1_HG00438.2#574	46ab641f90dabb056a1af1881f80830819d97373bb5ab28565409d798fa7abbf
y1_HG00438.2#575	2ccd091d2d347b1f7aa46f4a83a9a904d98d465c4a7be6c0d486f1fced808450
y1_HG00438.2#576	09ad4a83bf72051b3c7340d9944c5c722c6fad123a914ce87ddc5c2814ef1b99
y1_HG00438.2#577	55debc5ab4c5fb5ec177d4737d97b84139d33e14f571e5be4c04ed72ea82ae94
y1_HG00438.2#578	0536f321bb20f01c23eee8b37294f6e98dce5c53ec6255a63bbb57d76ee55abb
y1_HG00438.2#579	f03882ee76ee1e159f5994f5c9fc0afadd67966be38933f547c2f8b9b5c00013
y1_HG00438.2#580	781824bf2d46d7a9d98dce4e2dbb47da75900baede240c6db6ac4e398c382097
y1_HG00438.2#581	228d22e486d76d8815709550f31b80e504bf210faac93d00bcdefb3507672f31
y1_HG00438.2#582	a8921b99e968094cef4d47da098fec15eee4d261484a3bfb4f301554d2ef7f38
y1_HG00438.2#583	f29b7e09b49af04f4bb3bae5ece81addb6b5fc101cabede886607d15adf6e44b
y1_HG00438.2#584	0b352f486345ce9398219e4710df6ceb9028aede329832758d4a35a5fc8631b5
y1_HG00438.2#585	19d0c0743bb8ae31a179db62156ffb4621f125dd342d355bb81fd3e35050c5f3
y1_HG00438.2#586	17615d4e9b28a3e0df4362bf5a04cd128740c2ef8fda8702c53798d08fd8bb52
y1_HG00438.2#587	273ba11dffac3e29af8b654fa5e163802bf6bfeedd6141f3447e827c0f4a3612
y1_HG00438.2#588	260a387efef65c9213531473cfa4e9c433e2a6354236ed63c58e441cd2dc00ed
y1_HG00438.2#589	e44c21a5142b19a81c9f3521d85b0552e6922d7c16ed9c13d039d7a2537658a2
y1_HG00438.2#590	faafca078c34bf613bbb31c433a766d2f00b45c277d385b83ddfaadc7cdf34c6
y1_HG00438.2#591	0ffefe2586d0e5b31336825795a2ef1d20800a8b1823b065575a7042baf75e7e
y1_HG00438.2#592	699bb7142b9fdd4a68f36e4a5f21b247bdbf5b7455819c4fc7e49a58dc4b766e
y1_HG00438.2#593	bd610502d45c6b651d0644b9662ec23dcff985cef9b878abfa3e715046b881b3
y1_HG00438.2#594	fadb78a65f9649cd3ff7d213c68774531c3398876e8ada2d91fc54a812c84744
y1_HG00438.2#595	392facb6c1ee01542ad32dc9dfd6b924e909c9b09d0480d442a27326c1237750
y1_HG00438.2#596	a131cb3dee7a5ff751ba6152d10eb2a52f95ca1bfbdcf547c698c8b8468ecfe5
y1_HG00438.2#597	2daddf4917cb08d3e54dc092ddd1a73c53721de8d86935377f41045eaba110a3
y1_HG00438.2#598	0b8d056556497488f98683aab70c9246d2130b35473dcc4426a3a89ab580f98f
y1_HG00438.2#599	73233c2a44ceee53291cb7a9eeb310e188d269f4f3a7395b6d4b48495d209f5e
y1_HG00438.2#600	04282b16be96d1358d5767e4513360302cf524f646cfacc99226e532eb15f4b6
y1_HG00438.2#601	3345781016794201cd4c809c43c4d8fc31f378d8acc0a781d0cb7c47d0aa27a2
y1_HG00438.2#602	591af7abf707e601d452cd589e10cd19c636c3012a9d8d1ac2f217f1ba14e637
y1_HG00438.2#603	181ce4b69eb938f41385148281caccdcde8a62c44a369d6481816186314552cd
y1_HG00438.2#604	671a4df86673f66271bf94d16d1463048f4f35f9e100936f8e611fad481e8d91
y1_HG00438.2#605	06338b5122c0d847b50709cdbc2a3215d84f47b6bf3c2130e83cf2c77cf9bd2b
y1_HG00438.2#606	02473b6edee49d08b039b237dda43a09dd123ffb01b275d056b46523907dac37
y1_HG00438.2#607	7c386f8a53f06b90a45a51a702771e52d0c744d2f662055b89fd8d5c6eba38b9
y1_HG00438.2#608	17ffad27973096b5ee554a11924eb45f43823c495a1db87b0366432c4d5542cf
y1_HG00438.2#609	e00f357cae3a3532901270c240fb17c06eb82e6bd500011c32470de7cb13ed79
y1_HG00438.2#610	f12e986339f905b8de99be43102ae4dc6938ed849b24505eec5917e74290d129
y1_HG00438.2#611	1f9d010c2c1f8d6f0e5631b9ba0ad607e58b456d89dcd53d7671b4442a6f8891
y1_HG00438.2#612	8af38f0aaa3f0d42de6d40417a0a4fd9a9ea72f638514943d8075ac076f4ed19
y1_HG00438.2#613	23c246c608b511012ca65961207bbcafde69911f16af6262340f3b2416393c98
y1_HG00438.2#614	30943a2b182c0ac3179ef16698e5ea63a150f4c90279dd097c3ab839fe5b6cab
y1_HG00438.2#615	4393623ebaa7c706f9f7e74b2f9354d8c16b1040b2f172a5b2ba48d52d8870c4
y1_HG00438.2#616	a7bbb1fe7b568f320d7ff879b58dc0745934599e44bfd425c97c267b471945ed
y1_HG00438.2#617	f32f42aa4ae7665d70b3e3922a42030a671e8f656110200c84407d2b8de8b9fa
y1_HG00438.2#618	95f13df6ead57668f81a0ef8a3e93cd5b02e8937882151a26a425ef4c8873f36
y1_HG00438.2#619	b31305d34b83563bc8cbd1fa45e33d65d81305271dd0e1b32baf3f1dc8349ba5
y1_HG00438.2#620	5ab2bd480b9ea724cb27954021d1bf8f75547b562f458a5e3f3ea128ee7dbd10
y1_HG00438.2#621	fcaa3f33bb439fc755d86f5367b5a8d37bcbebf135011af7fbc3e8c90ed12804
y1_HG00438.2#622	61c36c75772bd10f63fb47f3236f26f40f2c389d1051b12fd6f90ea1c1d0c4e2
y1_HG00438.2#623	651b3d2b9e853b573c05e31ab2a7cc008d299ed410646bfc82229fa670d58d6d
y1_HG00438.2#624	73c64a2e0e99dbf4b857ad2275bd8d45af65f5a8b4976df4e0022224f473f400
y1_HG00438.2#625	4736e2f066f7bb7e6b7cae189f0c30807dcf0340d5567b63909c158b63ed9e08
y1_HG00438.2#626	f914c988c09c29b3416d8ad69c8f64e80b6b5f1c76a226dcd4a21289680e74da
y1_HG00438.2#627	24c92412e66bdad8728c888a6a3324dea69d686d3db6645adad75d0c5878d39a
y1_HG00438.2#628	b3a4b6e6a9a827263a7e6e47842ad79d4a044e49c360c3eb09de96552d905894
y1_HG00438.2#629	342b0ffd9e68125e8ae6387b8b9966eec7294a474c6f66174000ffd4013830a9
y1_HG00438.2#630	b7ed2fced45c2957891d8b038b4ac8a3af789cf3d5c25dd7bc05889aa8ab5086
y1_HG00438.2#631	fe5705dc6f67734d2ff9c7684b2d2f2e66f5ad371ddb66934cbfbc1c4c8ad337
y1_HG00438.2#632	a009fdf79214a07bb209b46cfe02bf01b8aaab3d27568b5f29e9095175474cfe
y1_HG00438.2#633	6ebe16e9d640f30ccddce3ab8127a0fa5c3b21689833dfde6bf93c48eb08b960
y1_HG00438.2#634	dd4e06665e44dce85438e61b76ed149fa87b1a85ee10402bdd22ded5a6119475
y1_HG00438.2#635	2c1d6117ec7b7c116d53ace81c1fe4ecdac4ef9247a40e5355d816abf4640f2c
y1_HG00438.2#636	c8fcadbfadf9e10973de4b9f73d7209c22ee39fdeeb1e8bdf59fdc7d4ffd53a3
y1_HG00438.2#637	2dd13f7725b204a0553a0006003c8514f2e4a3cfff892f76bf7504d4dbe7434d
y1_HG00438.2#638	b9a9d9c1e6ffedbe95a9e96e0e3f3281f5a06629eed7855830308b2c435f12ca
y1_HG00438.2#639	bd16ce851f28cb4e04a85afca85bafea5a71682a229655a0d05124152d8fda9e
y1_HG00438.2#640	0efc0716a67f334e835549c4e14d38c67b6771c9fed4bfb337ce43bee0816aa9
y1_HG00438.2#641	a56362a10c816abf206d72cb914e2d5ca454eb9c7e744f88b1a1422c379e9942
y1_HG00438.2#642	0bf0ac9d0a7d44d7cc60e5fa66371e9d1fdf76cd36863dc9be80cce55a42168c
y1_HG00438.2#643	b978fa13b9d652fc6591450e74988ccf18d2ad820f86374ed237d9bdc5ad2662
y1_HG00438.2#644	ac9c1d4fd0d3b56cb7012dffbdc33e2390ec70dfaa39281350965b6ebf576840
y1_HG00438.2#645	fc3b7f4e08ceb1ab9afb6b298131868cea94da630c913bb166779eaac1c0296f
y1_HG00438.2#646	53dcac25f0111b8aac3d4d18f405b8fcee10263f2f7103a2210abd58c8836b6c
y1_HG00438.2#647	c462f17ee1547fce44dccb46d3fd527158127218924f620fda01b555ae94251f
y1_HG00438.2#648	4dba07592b43468faf6bb60dbc0d425d2eea9a33c858f5658b9940a61ac4c020
y1_HG00438.2#649	b510fd03ae6d025c01e59e8fdde6ca1aa66df4d7494849af51b31f3573f525a6
y1_HG00438.2#650	ba34a10b684b31c65ac2da6553af4ae1f1bd301fb75044271fd081f88ca59f38
y1_HG00438.2#651	9779469589f956f434b70b578302dcbaa084a5eabb0124ccd61b0ae58c596e70
y1_HG00438.2#652	dc1583631dc9c697b29a2eca4823df955d827577211313a5bf17bf450505a6f2
y1_HG00438.2#653	ae3c4d65fccbf26e09679c1e2a3d152b80f0cbe8694ee27f8fde67d870e11eae
y1_HG00438.2#654	eaac1026662b68449025fadb9d5c13eb1e52706eae8abf1f19f8a2e04001d250
y1_HG00438.2#655	5e71526b1a28651ad71f3e8385577fad84d983a7803550cffa787381c1978ba6
y1_HG00438.2#656	1ca2b4aa32de021bee5467675ce3f80e7c17225c94bc97d84e1a562c38730dcc
y1_HG00438.2#657	e949d32d6cdece7ed8aeadb1a4ccc3dcfb24a1719f7fb2ba16da86e44faa517c
y1_HG00438.2#658	64f688b7703e272f6d14e00b2f9d2ee494605244075aef05b78354119a3e926a
y1_HG00438.2#659	da8363dfe746324d1b466ee4eca5aa59fe05dc63a456de3a828db8f828e4c30e
y1_HG00438.2#660	829737861907bffaf1986c1115d60bccb57992ac20233d4a79fbcb3a8113f3f1
y1_HG00438.2#661	1cf315e72da7b06c32378e2f01fd937a7b73c9be3bb19e4cbaf91bc86c2a92fa
y1_HG00438.2#662	9779469589f956f434b70b578302dcbaa084a5eabb0124ccd61b0ae58c596e70
y1_HG00438.2#663	87e54982882002f2ce43d51e59d727596cbd50f705e801332f2585f282a998bd
y1_HG00438.2#664	2b6488f3b2a4ff4e056ae51753e60b38ddd5e3f886cd3e996401b616136798a2
y1_HG00438.2#665	90b4e01bc1f6d45ee0d7ae00427d19a398db7074e113ad8dcd6e179a8d75bfa0
y1_HG00438.2#666	e7ab5a262fefd65abb92eaea958cec4bb10499bba3ed656c83b798a4573530b5
y1_HG00438.2#667	f20f8f3dc5d4a5f51613a13ed862c99c9ce1eb6d8d8907d323b2952cc6df8ded
y1_HG00438.2#668	ec99cb8a7da1d396c6c29f0504addca341953b72479425bb01dab4bb57387e5a
y1_HG00438.2#669	0bf0ac9d0a7d44d7cc60e5fa66371e9d1fdf76cd36863dc9be80cce55a42168c
y1_HG00438.2#670	b8c3d532debc8f8ad6ed9c36245b9928f3cd943b8c7645f22087edd222e6861f
y1_HG00438.2#671	cf8344b1dcd2c1efd35f9bdd6d4c90fd83f4af4811d417492390f404ec5aa893
y1_HG00438.2#672	c7edfb3c3d18b76d6899fc07ff621a7d5ff66dab600713aac53f3b4a0d7bc155
y1_HG00438.2#673	3fc393f88e3ecfe102d5e3843614e35dfe86ca07bde20512aa4bac7af477f5cc
y1_HG00438.2#674	51df4cb6b5e65264942d54222cc70b13e532243b1a9aa28da4426df519cdc3db
y1_HG00438.2#675	3984786af63960988261158a0d55eb8941dc3ad8d08f4a24f11bb1357ea0dd74
y1_HG00438.2#676	534b39f7709b4176c09bf00d482f0672b7e99c415d10658d2b3340a61369bd1f
y1_HG00438.2#677	4ae0e85a4ecfc58d0a5859e47161562a4f2a53d8b14be0b85dbe059507ea93a1
y1_HG00438.2#678	66fee40a15fb3b58c45643d1156a51ed9ebeec07ccfada2ee19497c255154cd0
y1_HG00438.2#679	185fd8c7e1da354e6fbfb65f254a29ec97f75cdfe870cd61099120cd98c90699
y1_HG00438.2#680	611edf489b66f0ab81201db09d18e4723b10843bb3c180f9ba5897a17679a84b
y1_HG00438.2#681	ec55bc49be484ee0e154b8aae6f4a1bb9b062f85e83c6e0d8f1bed35f44562b1
y1_HG00438.2#682	bf9b3c1173cd33754b07397ea9677cb7ad77f055cb63763bc3d8aaceba7eb606
y1_HG00438.2#683	4d2dff4e229845b41c4d29aec6a2609f1e97e9d27d7792b117bc916f577f9cf5
y1_HG00438.2#684	63883ed3e57d75a61771d371103623107cc392fd6a52bb9771cdc9531138bf27
y1_HG00438.2#685	1a0800218dfdcb9fa56f4e3733fd8a21a53f9b06fcdafadea16dbc4ee36693ad
y1_HG00438.2#686	82a0e2ddcd9b5d8e5208fe54b0ce253b3cdf2070843ccee72f0914572fcc5121
y1_HG00438.2#687	fbb06f05ff80529a10020a0fe589551f8e3f270631318f9ddf819f01949f605f
y1_HG00438.2#688	221309c18128f01bd47cfc65ef0784063d9baab8cdb6cc0f513f024682d0bdc1
y1_HG00438.2#689	287774d0ab9639bd99fb673d2ecbe46b3a6b36d1dadaf559ff204d1cbb96cf24
y1_HG00438.2#690	4f83d20816942de30a5f17fd253e1304f586ddf66d96db96d4f2c3d88525bafa
y1_HG00438.2#691	0f82e8b059fdabdbf467a481a2041ffc0cbce3c556629662f78c1322e68b7b34
y1_HG00438.2#692	b3db30fb327764c1ec5457c79cf2ffa2da12494c2e10c272b18b66300bf2ba86
y1_HG00438.2#693	326b961694ad3e0f5ca40443e7fc22a555f2b7c5afd515e36126c275575cdb55
y1_HG00438.2#694	a5b73466fd624a6da0ce844c3e79c12882392d9eccc9286732b1a1523e247a92
y1_HG00438.2#695	b186468f1136a79b90a71f9c58e02e7b7e3208c78bce65b5daf2925780ffd223
y1_HG00438.2#696	db641768566ee5aaa443ac6117107cf9189e932962b6ad941c36b3c929f0a357
y1_HG00438.2#697	3fa6ba7d1e488ce15c31dca87121b591bb8fac9c8abf7931de15374873832cc2
y1_HG00438.2#698	41822fce5527fe2c9b0e567b6ccd8fa448b817c8a25432b6170f7a706051a940
y1_HG00438.2#699	e2abaf4ea322a738a8f262ce1a671a9ca05eabcaa292be1e8b31300e9b769210
y1_HG00438.2#700	9d4e5ba37570970b17bd005bd8aaf49f5b8bff9a6032cbb772635205ba6a5c62
y1_HG00438.2#701	79a1bbc94885bc09261c27b4a4dd23914c5cd1109e884e52af24960dd12e8321
y1_HG00438.2#702	04d4b188d88820e88b7a6a7f94631a863aabea86738cad122dbd753176671f7d
y1_HG00438.2#703	6058d4cea98296da7e5850d61de3860c4ca229a1673804673840a355d0247f55
y1_HG00438.2#704	dc6e2e622e8a1d11965046ec44653686065afe4b92442798fb34c3a7330b0e62
y1_HG00438.2#705	48d7fcb64da1e57de5deb6985d8249e51e4f228758634c3d68e0f94a0d881447
y1_HG00438.2#706	6f25ca0cbf34fe2610a814a936772925aa2640d5bfd0bf521d1b4e6991b4a90c
y1_HG00438.2#707	bc38883e1fbb1af36df664a86a3cd930250df71ca14fa048a51cd9fc43ff131b
y1_HG00438.2#708	6bcae4d5b0854ebef6837dd90c959f65a19acffcaf7d76beb146e7a85eb7d09a
y1_HG00438.2#709	4b8d249b0e5dc5027445ef1c96a5d8b21c585ef79ca3e76efc44bc0901eac504
y1_HG00438.2#710	15cbe5f066da796145940479d571424695e3077a1de270cb04972942d5b16260
y1_HG00438.2#711	95b61e4b05fb71e9fb6635f494366f57abff685831d417f9f135bdbc0dca1777
y1_HG00438.2#712	c2518ac3549ef021bbcbef4d2799b7dcf4e538ad9a8fa4df38e930e7134b49f0
y1_HG00438.2#713	c58e13faba3d89fe3d0ffc778ea0d3100c56563ab4403a727d459f9e6607cde0
y1_HG00438.2#714	24ca914b047506eb0f8f963bb84b2e3722df38b0632011894e6f246191763abd
y1_HG00438.2#715	cc73b2f6ce5e17c141f0fe85a6a166102382ca271ac3f7e5a1a368df92db6bd1
y1_HG00438.2#716	a892db4ab66b837e0e4b622f5818c01a7a6ed4fa37274b4cdc5bde7cffc7c823
y1_HG00438.2#717	6494dcab9eba2eb3fda0f2f422f77d8e0f24788457048a649d1ad9281926a588
y1_HG00438.2#718	15c45bb72d36a555cb900468581661a9c620e439403b29f508c61f7b60188f3c
y1_HG00438.2#719	a9d6950ce1e66fc791a3ee4bb4e86440ae1c29787b393a11732e96fc0164e0a8
y1_HG00438.2#720	c2fbeaef669090ca8f0eb367d3d58839d63b4a0659097ac955a90896a8e5a27e
y1_HG00438.2#721	91427e043b7eb07fd38dad7093f92accc8e641bc6f0c81afc7e65d2fce9837cb
y1_HG00438.2#722	099e4129e53cecd9520b14b2dad233d2ee0d53d3755350d0bdac8056dd984131
y1_HG00438.2#723	22540c4471c710fa0427de8283e5ca4b91fee72bed356ae27f08519c3464df99
y1_HG00438.2#724	98f6f04f09b816ec04c687c62762bf12b2703447ec7297575d30ec2ff4186091
y1_HG00438.2#725	2b1435cb7de0369a2df2dafcc2ec9114f3ff44bba6e86df49211eb98ad88e6b4
y1_HG00438.2#726	8950bfad9e6f1b56fd0966095fe69c8614db50fc2c0a3ba1889b7a62e2c85b41
y1_HG00438.2#727	d5ef0f0e059ae5fdbee9ef56db7748a14e3418111c0715c9be7fb0314ed3b253
y1_HG00438.2#728	fbc4db0a3916d062dd622e3b1e5396006875d70932a54a1001cfaaa52ed33d0a
y1_HG00438.2#729	f00cd537fc011d017535528635b905fdef61df18998dc8f0188c3c9753c2f688
y1_HG00438.2#730	72d3860810bf769bcdef53e4085ac80307952dbe7d0bb7ec22d3014e1c333e0e
y1_HG00438.2#731	27664401e3b2a27675757dbfa939935cc0c185db84420c5c4a0c557f15a1d4e3
y1_HG00438.2#732	389cdd6a00d651329d126d826b9d5bd6ab0cb9130f1e4e4ac09d7e90c5672d82
y1_HG00438.2#733	2c511119135cee44b64648ae75ae73abb723dde850678315839c11a8e94ef808
y1_HG00438.2#734	5e5d5c42c256c5dffe6f3ea0dbc97c19e91f96d5eb6514fd5e209a5a9d498037
y1_HG00438.2#735	58bb119c35513a451d24dc20ef0e9031ec85b35bfc919d263e7e5d9868909cb5
y1_HG00438.2#736	c2c8ec687d397c3bcd15474890e8f842afd578a5191aac0931d953cde884e0aa
y1_HG00438.2#737	1d89b8a700300149ce4e527a3cb0c9c8ce82d4f2b32a34851c66a9b00d9d2758
y1_HG00438.2#738	e42d274948e1819d07e2f5c22d4343fbe0fa68d41d6890b9b96d1c8f4c82d2bc
y1_HG00438.2#739	f60f52914a980ea6d0e9f17a8577d703a25fb62fe2138b4a4abccbcaac73c4c9
y1_HG00438.2#740	4867a43a523aaf2887f84f3fae9ba52934d47ce4c92cf680d20e5444aee674c6
y1_HG00438.2#741	98c30a3c51409949aa64ad7fe798198b95fcdd53e05c6336e16c71a3b33d3408
y1_HG00438.2#742	5ea920d0539b92dbd2a2ad5ee4eb3732fd89d44b28be0e87a8921bd9e5f7d30a
y1_HG00438.2#743	c69de5cdb369d74a21d412077108e5dd16a59343ae8611a86bd13ab1f195763e
y1_HG00438.2#744	29c4f00ddfbd0c701ccc1cf3e8eb487040014f1cf75dd871c04bc5052a33d464
y1_HG00438.2#745	47edc7c73606dd1e738ce5734d888fbb5f47995c7f069572d5529edc09143a24
y1_HG00438.2#746	0500f4d22daf1dbc2fb63e12919e89efb37edfd7a264d641cadcfe079ee2dddb
y1_HG00438.2#747	4f10056abad4e8f11a3bae465483ba73bb6487c60a6b534f15a408ea1a380255
y1_HG00438.2#748	4e89c9ffb7e05ee5ca3b966cebe3c298807bb0c44b2c530d2787af1e08e24761
y1_HG00438.2#749	6a30037f4bc1263882d81e5e96d2f2af68c3e9ddadfcccf267cc1ac8cc8733df
y1_HG00438.2#750	19a7cc36cc0d1e217713555b5b9acfdce52183a5da53b5f403c0b20a6f34c969
y1_HG00438.2#751	3674faa5856005b887222f5aead3b41d23c52e6af54b3e99cf10e98a22cbbe3b
y1_HG00438.2#752	ba464bd29d8e092a7995e35e8ae54f6b5af1ea1773a1a92f42bb2a9ce9e033d1
y1_HG00438.2#753	d12e6b0b74cd74965bf3d3ad61920235473492904f575468635b23b4aeeedc9b
y1_HG00438.2#754	c15acdb20426cf2d6112a4542162eb42a314f94227ceb56694615213eeeff1dd
y1_HG00438.2#755	e10e00054cda699af45c978c30f44d00d17dc53438b313c9048fd38a9be3592a
y1_HG00438.2#756	d5ced0c0b64bf1582582acb55425f70c12991c397368a8bbad06bb0a5d2cfeb7
y1_HG00438.2#757	205fad38cb97e9ae7d7ed53cd3c4fddb0c656bd606825cb0969d45cd756e0829
y1_HG00438.2#758	50d157a8063f48737637cd4dad88dd3f2089da2776d5736e44235d4e60cb1a86
y1_HG00438.2#759	947303a0c1179cc50b7b3e7300c6d8ea9914fe1975eff94745cc2bcaa49b3d3e
y1_HG00438.2#760	b8259ce8b2711d603c7beced71c8069574d08dc7a714c48c45c0cf0dd8fda240
y1_HG00438.2#761	9779469589f956f434b70b578302dcbaa084a5eabb0124ccd61b0ae58c596e70
y1_HG00438.2#762	2a2706a7b33cd0e086df64120dea3baa2f0802d8090a56e5faeb67b894e4eafb
y1_HG00438.2#763	b5cfaad50ff3f82eb0147eb9b2b74e1a8444f7860a9f45d6c03c89a0e1b1bc18
y1_HG00438.2#764	dac26a8c82ca26fc2fa348a33f440ad882b15aa4caff5cf53ea6c8c2e1b092fc
y1_HG00438.2#765	92b80dbd68ef23c359bd8b548ffdf09c960583322b4bf613ad2f44089faa3ceb
y1_HG00438.2#766	52d1e0390d52a3d030b9d3cb11339363095ed9024bca0440aaf61fcb36dacf7d
y1_HG00438.2#767	c8f1186903e7d0865a6be7bda645cbe9f112718c3e1696a5d233830435fba588
y1_HG00438.2#768	47003447a024f003df36942f0abf3a2d83658d8193d182c95c7116f492c0a695
y1_HG00438.2#769	69126cc1893fdd258858b03dbea64ebf1ee3d395f73527c7acdc3e4d5e407091
y1_HG00438.2#770	8d44ef0ccceba646862f4d5f15653bf95581eb2eacd8ca60f2e22e44644edd56
y1_HG00438.2#771	ef4d33e98e82b5e23eb0b89bd9fcc16b8575a05068d2ea282877904606a31d98
y1_HG00438.2#772	6824809ed2e40a4787c6acd115ce02e9894e7f9cf2d6bc7d942abc28264f927f
y1_HG00438.2#773	d02c43a69396603b4bc34a82745c70aa996832f53120ead8e83aaee82664d25c
y1_HG00438.2#774	e0530d0446ccf6f836376004e78e40ba8c8b5dd8c31d92f0229d717850c97244
y1_HG00438.2#775	538b990365a15a4be7de00cd21f2e91f7d7fde007e856a29d9f25641986993fa
y1_HG00438.2#776	58bb119c35513a451d24dc20ef0e9031ec85b35bfc919d263e7e5d9868909cb5
y1_HG00438.2#777	b7e6c0a7180e612dc2b27a4edd49b54f9c775bed3e4c00d9f167c7a4187a00e6
y1_HG00438.2#778	e4aa678a0eac25181e755b561d740a8b2ae9b6b8f4671bc55f18d6e9ff395991
y1_HG00438.2#779	0793b7a12c6531cdef54405d22ed18048cf85237f876f4ad88b1b5b12fda4a49
y1_HG00438.2#780	034fc48ba584fc2a8b0b40c727e4ce36b79845d7ed910c63abfb2c22e630382c
y1_HG00438.2#781	4070c1fd74794b1637cc459d255cfd62681ba964e88a80e1abd0fe5b7778e595
y1_HG00438.2#782	1565c8b4b61e639d3adb002b5a6928583408dd432edae421296a671dd71e0580
y1_HG00438.2#783	2f671be516fe0852f0967ba9efdb528b4bafad8bb41df4599a9c591a1981e782
y1_HG00438.2#784	66a72d61739e2f0928dd1cd593a4720c93f77a70cf1a5d3d866aa2ea3e83279f
y1_HG00438.2#785	76bdc94a0cbb6efde2abc634afaf7fb538e6e643d7f7a551b1615f81892b73e4
y1_HG00438.2#786	33cc649c57271cd5561a136d8e25c7a204c0a4f6ef7bc1a0f766f36abb976497
y1_HG00438.2#787	c969edb91b964f632d66d6a43d0822ffd9bb8dc578eefdd78e10f7338a27e4ab
y1_HG00438.2#788	5a5c32872582a25fada7fa6e0c87deb283a727851be01776751bdfd02d2fe756
y1_HG00438.2#789	5b1558c674495aa58fc4358e8cc583315fd4d6e4d417b49d3f7284df9002207c
y1_HG00438.2#790	134626abe76af6cebfa770f4f403e9d7fc96f94d0fac45bd250517ee25002972
y1_HG00438.2#791	a487a9b4bdcb17fdfd85287657dbfc103d7f4d66766d7defc87c4b3e2b6069fc
y1_HG00438.2#792	ebd8965443db9025c276c914cbc5b14ec7b3d7560bad84035627d809bdd958b0
y1_HG00438.2#793	934b3725deada8948bcd762de252d6c70fceb0c6ee7b02a003fc3c865c024c7d
y1_HG00438.2#794	01985a03a281a750b1e2727a282dd1ad0ec3d5a4b782d93b7a7af5ffd3caea2a
y1_HG00438.2#795	20990a2c94b718a02c4c1e04ab9436ccba0c7d505fa14344d882c507e311b61a
y1_HG00438.2#796	c8bdaa37373b69c16a118b9afa2a094d05dc09c1da1a01b6e6e422a6e7b7d7fa
y1_HG00438.2#797	ba464bd29d8e092a7995e35e8ae54f6b5af1ea1773a1a92f42bb2a9ce9e033d1
y1_HG00438.2#798	20a11b043132c4f91c9a5b09d8e2b74e332c491cb70a1592fc9fd0c00cbf1d8b
y1_HG00438.2#799	1f9bff466c6984f685f1976f7a31d361e257a4a4a3ebff7c87c702ac854f8ef7
y1_HG00438.2#800	20e0541e8b462465757348d66a5f88beab7ed432d36affdeb7a084b400d150d4
y1_HG00438.2#801	6127e3bb7ab5d99afe87a008788e4921d7d215e38ebb304aac87f86365a16486
y1_HG00438.2#802	e5a42d57784877342ec2e8bfa3528f3e6bdd41ef9706872ab5355fa62cf273a6
y1_HG00438.2#803	d5ced0c0b64bf1582582acb55425f70c12991c397368a8bbad06bb0a5d2cfeb7
y1_HG00438.2#804	e6537dcdde6860ee7b94949e40a0f2ec862506371b1b0da2020d9771c3e9857b
y1_HG00438.2#805	635bac530fc14003afd06dd1ced3464a7c67d83943fa2ece8fb2992eda61eb5f
y1_HG00438.2#806	ab386b667a022732f008e0fc5d0eb1035c72c88e56e72a3431a6af74d7f05ebc
y1_HG00438.2#807	511ff464caf9b869f5f2e3c54da58c98a591cc85821a4fb4159a5d969ee23cc4
y1_HG00438.2#808	a3b15b03f504020fedb94e4e3467df425ff460f25195135158eb0fce92317713
y1_HG00438.2#809	9e4acea11353439b781956cbce06f5735d250c7d9f0ff8403b96671e98588421
y1_HG00438.2#810	45b0f1d3fecd57d13359695d8f25347733458df9cca51895a265054c38bbd4e5
y1_HG00438.2#811	f9e1da0a367990385f6287ddf0e042b0d196b7e0f64c61af0cc3a37297b3c0c0
y1_HG00438.2#812	1bd5037293bc0afa465cb5f9cb7ad55b2d1a76505c6ff71ac328f9cb57c2ce13
y1_HG00438.2#813	d98a99d5b8f53fb87f107d2e8f6239aaf6a1f4ba52115fbe45cc7b9860605839
y1_HG00438.2#814	fc6384928b1a3fee464ed99852fbdcb66e241fd917c4744ccf45c415a20d60e0
y1_HG00438.2#815	4d170253c481206c8d9c8cdccaee2dfc75d6939958457554d496e98afe2ec5d9
y1_HG00438.2#816	a62864f80ed47c9e36ac110cc01194df2708aeecfd969ffaa952cd22a1a48a4e
y1_HG00438.2#817	d625aaddb20d5f548d5f38a753c124d2727256b4dac029780f886d0fc671aca9
y1_HG00438.2#818	e6a4d7da10aee19ae5f03dda02693b2a83a9906e9a3850f2940e5553df126fcd
y1_HG00438.2#819	1c1df13e6e335c619b6b9a7392d0aafefbcb896723146e33337334e62470e243
y1_HG00438.2#820	03d088ce3df17ce1ce0f7714c6db99152cae4856763a43ff604b425c32f77fd2
y1_HG00438.2#821	e235768cdb7cf6212a62c931cd523690bb701e0f926b4bfce5850f54b9fa770c
y1_HG00438.2#822	a159884d51ac72a7be3d669e02b9d9f22cd3d1dedec61c93994bc2e50a74e77f
y1_HG00438.2#823	4d9459e3a94bce8ffc38031ee24d0a9e69f4b0799676de6b10866f2edadc3f47
y1_HG00438.2#824	ef1403b5b28dbb2ecbc115b0ba1ca473daf52a966ebf6abb0a92c5c04237aac7
y1_HG00438.2#825	075f78a44d5aa4130e91d217d0222cf17784f9218788788e37a5a07d086aad73
y1_HG00438.2#826	8ce2dc8290107e113640458b9ef1222d5b95b5c728942f3e0a46fc5dc3a9dc09
y1_HG00438.2#827	f4a407462bd1ee8238f0124bbd397d8a916d53acbb23de5c810c4f98fa3d2b5d
y1_HG00438.2#828	b4f9fe99a906e2aa11b60525d90f952e966716043e6d83141f25e461faa4eda6
y1_HG00438.2#829	ba13479947581371271a138e6ffac6fc88681db8245a608cfe3be761df2406a2
y1_HG00438.2#830	5bafedea5c7ff1587ae187d6040c24877075dd0958a6a4c25a26110ea9c4276b
y1_HG00438.2#831	9aebbf167f84b0d7c2ec98112a56aaf9b7c16f888b8c76915d096036ec0d828c
y1_HG00438.2#832	cc7bb93ec66ab0a56d7939fb55711892cf666dbb69ca5059925d197d8e04d68b
y1_HG00438.2#833	3052df1672d1bd5399ccfa35e3efc7a8020f694d1c2ea0d14b2002fbcefbf8ae
y1_HG00438.2#834	e3f1cf9c7ad5a00f93cad1b5bc25a5a6bfacca31f06aa7133b53d1c906a8993d
y1_HG00438.2#835	db4c00ed768d6f5a77dda2bb10421981c219d4b8c5fc65762455efcc7848f1b2
y1_HG00438.2#836	9027235d81b1112fbd4cbee2e44413ade480e9acb09f9759657334e10a6e66df
y1_HG00438.2#837	b9779abf00f4d42833b17ed56dadc1b652770bcca16cc16e6c324fd6399d03b6
y1_HG00438.2#838	f0dfac504581faa2d6023cc5bddd3037210c598bc5c3174d8a9ab72bfc1e2fde
y1_HG00438.2#839	064944fc60adc80cfc1bfef2f94d681dbd5305a83022eba1e6d7590a55eefcf9
y1_HG00438.2#840	7a633346f01b5e583d66f298438fceaaff5dd3d0b44862904525063b805a9457
y1_HG00438.2#841	809c50d42d76c8f9c5287f2ee4543149971a23af7517e7426679d9638f273190
y1_HG00438.2#842	cae8e4ff3977ff1487efd20594c94df386da01f58ce2d988e192c6cb7ff540cd
y1_HG00438.2#843	29e719df376ba70b9936f5bd60d2a78748395e3b50553762bb714e7436ce70a1
y1_HG00438.2#844	32af0da7131e60ae2208cba71cb7bf1a32bde1c6ff07023e253a63d43f0f4149
y1_HG00438.2#845	78f8d32b122dcd4dd9e7de74d6953cbdfdcdb2473e27f937b75de74432aab582
y1_HG00438.2#846	928f503cbc59dba8283ea123028fab48af5fb02ed4d30fada88c8690fd7219ea
y1_HG00438.2#847	bd56b9c88f80d8f10b7fe6a2adb6670d0820556ac5c0fb7dc609faedf1a99568
y1_HG00438.2#848	9a672a4efd3544298d91f8c5eb85d603718e41360dd80cb90023914c7741a037
y1_HG00438.2#849	5f4ad9576a3559bb10f03571400af0b06b159902958057874c17a5077d0788b5
y1_HG00438.2#850	d3beccb42b32d6cbe5af351436e64b5cb7807770f856c080ce35034a3e5a8d28
y1_HG00438.2#851	943f59d53261dcf8f1c85eabb66d905f93467eef3e2e031b38f1e46d496a4b2b
y1_HG00438.2#852	e36d9e363515a3ed056d04d902ce0b98dc58a7071a783060fc0eca70673bf71c
y1_HG00438.2#853	a56362a10c816abf206d72cb914e2d5ca454eb9c7e744f88b1a1422c379e9942
y1_HG00438.2#854	a1f5a1743893cb827b972683344f221662b56f1e5c35191bc7bfd91d3358019f
y1_HG00438.2#855	0b5c1e6e8aeea065b58be682efd3285bb7d5845ff62c570417ec54fdf21dc768
y1_HG00438.2#856	ec34498020edbe3b99c296ee4382a602aafe4cd529af0def2d1f573ad1f55677
y1_HG00438.2#857	4c794c8da129d595364b2f5beb02a846c41b83277b7da774a6d8c9da310e7f61
y1_HG00438.2#858	cb75f86158bbfda13478d0631ba193057e78a07fbbd93a7356db89031de485c0
y1_HG00438.2#859	4f924af91ea4b67a94a1fe25148875088fbb2067c7636aa2e06a0adf81b071db
y1_HG00438.2#860	415109eeedf4b8485e3ce5475fc6d17178e1ac370d6e0fb3c29a90816f82e92a
y1_HG00438.2#861	368810a6bf25f8cef0e0b9f6427e691886cb9e68a74140431a05e86f55ee3f42
y1_HG00438.2#862	631e8f19978cb755b6ceec2ccb6f4d3e22494cf59f2598eeebe84319d653b8b0
y1_HG00438.2#863	e719efa665569d21ba723d45c1d04eb2c93ba750b8bce9a57a873637bf535ef4
y1_HG00438.2#864	ddf1c1a5b6337a05a55e1d4c120bca939f3598361d572d078f2e4640db31db43
y1_HG00438.2#865	d27501047c333ea818d4220d6fad8c6272b81f6d532292c4ccfb03cbfa298f49
y1_HG00438.2#866	29624b1a87e5144508d431c3b20e18f9e012cdff462993f07ca7d0c5fc04fdd5
y1_HG00438.2#867	104b0c0d1f1aa68c375a50d0c0d8df71c89cb146438807e75fee0817c896555e
y1_HG00438.2#868	f1be6c17e5caefaf5a4b07b4044bc992a89c389dc66dbcca34b58f348d706e92
y1_HG00438.2#869	fdb79a9be18d4999c20841caac537419fd247d73d86e41e17244aa552f2e8afc
y1_HG00438.2#870	221c4cc66b6051c4f683bd300c69fe0311766aaec99f5ed3e599e1bb53d53f40
y1_HG00438.2#871	a44cc0b5ce9bd665af86cc680ad2859a66530c24d8be19dc7c8f6de17f704114
y1_HG00438.2#872	45afa08369583ecfd84db8b3a4e616398d7ed9fd8fb9904b4c864aa6075d9e01
y1_HG00438.2#873	472e73d796e20aa8ff9059e6316f218e0322548f661ec4dc267507ed66317404
y1_HG00438.2#874	5aebc49b94506249549adcaf5f075d35c1cc8cf926b23c20afbe755e888422ee
y1_HG00438.2#875	504242ee6afd5303113063a464a8ab9489d68fd03e8589d12f8cc64e8a23b86c
y1_HG00438.2#876	941228577c49029087d65b9636236c6b47bbed5bfd37d3f56982f244dec62648
y1_HG00438.2#877	2607996160f99e55d9d3157036c6ad22b4af09e766d15eaf384fd9b3810eaee8
y1_HG00438.2#878	d3809c324e240e7854c77d367e32f117c7c65f084e7536719f12c97e8039d11b
y1_HG00438.2#879	d451f6d38ea42ae9b6008827f025d18d56194e73471d4db95ca18b21d7823ec2
y1_HG00438.2#880	ee71241ebf18aa7e04fb4ba1d76c17c3cefe11398a9849dc515e53573cebce61
y1_HG00438.2#881	53c3806ecc629cfee4f27ce565e7c86f814b6cba3ad95343fb694f846e2aa6eb
y1_HG00438.2#882	630f00996d6e323e125ae6b0aacd9d620d084bdfb585549ef6d4d00ed758b270
y1_HG00438.2#883	9779469589f956f434b70b578302dcbaa084a5eabb0124ccd61b0ae58c596e70
y1_HG00438.2#884	97e9f14ad6b38e095bfc32063c2f8d4e9b8f85b71b5d9217a467a945c5887e26
y1_HG00438.2#885	556a21390e9452cd369422ff255927a795b35508b50c2ea7410473a148f6c815
y1_HG00438.2#886	58bb119c35513a451d24dc20ef0e9031ec85b35bfc919d263e7e5d9868909cb5
y1_HG00438.2#887	ace9d00dd634217a1c4a83ccabd610b3ddaefa8e625b2ca3c795f3e5e12bdf9d
y1_HG00438.2#888	6249adb14c741c83ec4cdbcff3ef8a9029ce95dbbf0ad5b23ad5cf1140aedebf
y1_HG00438.2#889	19236222bde997f4abefefad90d3a61cc37eed0f6a6e2d46bfcae855ede8f323
y1_HG00438.2#890	de8402cedd5d4310ef8c0b910432a49a603bae167879fd6baa6d029450b17380
y1_HG00438.2#891	c6e611dace3536b2f7ec117b2873f3dd698cb58e1fa9cab9cd3ef9d0123db2ca
y1_HG00438.2#892	1a0800218dfdcb9fa56f4e3733fd8a21a53f9b06fcdafadea16dbc4ee36693ad
y1_HG00438.2#893	d3bbd0547d91e8d6d88c36c6819b056e0fd4698225cceba0fdffa14d17034ed7
y1_HG00438.2#894	59ee628a7f9abd8cb0267263d5df6ae89eedae1f02ad9ffdf9d39a32fca9f76e
y1_HG00438.2#895	f3a1df59938c30a12f67647ee0a5b9d2489c1f3beafdd8b6582b0605b3b308ba
y1_HG00438.2#896	9779469589f956f434b70b578302dcbaa084a5eabb0124ccd61b0ae58c596e70
y1_HG00438.2#897	afd16bbd9c741e4ba2008153e75627fc28b95defe2835e6c543961acd2721854
y1_HG00438.2#898	27e18a0738a8630e96d7d1c18aa898a03f78af32afbff4004e34e881247ff485
y1_HG00438.2#899	2ea5eeadaee0d4d0dae66c2c3337665c15545f680a0c166109d8b5124526796f
y1_HG00438.2#900	187d93d90f5718e80d221500f5ce279ba28a499f56b7733c2065ff76676953b8
y1_HG00438.2#901	6b333452a6568b35ff54241df6288261f608a67bd976797c18c17ff5f90ac2f3
y1_HG00438.2#902	23162d03f8a1bb82f151a175f44d81aaf9d9288574ac363bb25bc437ca129f23
y1_HG00438.2#903	3eab1467737ca11c994749f46de1c5b8aea418ed1f9a618e3e2cba1d99796cb7
y1_HG00438.2#904	722a7e190e81da39eb4fb0e7533de697b77e754fe8412bd7384b032859ad0d2f
y1_HG00438.2#905	9b8625c9367cd5a6287dbd2979c05c498b3c605d4586bbda450af97540ffba8d
y1_HG00438.2#906	1d81d26cdd60aa735cd10641b83ba0d11981722f6def8735801efa1b658a838f
y1_HG00438.2#907	631e8f19978cb755b6ceec2ccb6f4d3e22494cf59f2598eeebe84319d653b8b0
y1_HG00438.2#908	4340e6b800c4d9b604421c0a8ae0dd7d8534ef2fe5611dcbd9132c2242362438
y1_HG00438.2#909	a7e3529acb3a0eab5010cae2febc277562fdf8e7f1109487054eb04a2dccb579
y1_HG00438.2#910	9d08d280e44cae8c4350d9bf9f557c839bb06f20acf545e6bc2e8fc5460465b1
y1_HG00438.2#911	48a3e9e2478c8e95f7adb400e81d8fdd695936143ef6b8e6ed2b01ae44fa70f2
y1_HG00438.2#912	61b81f6258e062e25d0ccd1d3a1bcf4330134c3d363df89d66e1a7092378ddad
y1_HG00438.2#913	6f7f653da1df7b6393aa6058ee8be2db218301864bbe43ee68139bc9bc668828
y1_HG00438.2#914	1b9331b4f93f568d94e15ed6fab013f85e34a4f6e1e6bb6a2b432af452432efa
y1_HG00438.2#915	cde237046cbc897ae3d26259bdb27763d571090a4f70631190b18cba474e3650
y1_HG00438.2#916	c8d523daa25010bd4c61968c90fbe35ea16724eca9ccfd08d998b1ec1fc69855
y1_HG00438.2#917	ab3a20ce714b183e9894360863de8b8242a3823713cbe9c16c355da28503be8e
y1_HG00438.2#918	0bf0ac9d0a7d44d7cc60e5fa66371e9d1fdf76cd36863dc9be80cce55a42168c
y1_HG00438.2#919	afc1a341082f020dff517c4803b6c0d082dc19d16678a944167ced94fa78ad96
y1_HG00438.2#920	787174273de290fbd22a6d0aada4d14a6d16b0c6d36126cb0343bc471af68b0c
y1_HG00438.2#921	fc823a4a9e8b310fe4bd106644dfa177cca6942dd1eec39a88521b7c8add1206
y1_HG00438.2#922	e3d644b4dab1492cbd3aee09b07a6ad1ed06cf05984e0a313545a76ef0e6a5e8
y1_HG00438.2#923	1d89b8a700300149ce4e527a3cb0c9c8ce82d4f2b32a34851c66a9b00d9d2758
y1_HG00438.2#924	54377f0240ac6595c29ab6012a4f197973bb813e50c45f4587f0bdf75a7a69ff
y1_HG00438.2#925	15cbe5f066da796145940479d571424695e3077a1de270cb04972942d5b16260
y1_HG00438.2#926	68841faa5d48962ab340f89678f622ac8aad516109da709755f082dc7225cc76
y1_HG00438.2#927	78a48377b13be1e0ee692ff2d02e88673cd7306184e23695204f1c420428afc3
y1_HG00438.2#928	39f9304d1af3ec195a511b8b6ea6103bb433c2aeb395937ba887aaa83ee183a3
y1_HG00438.2#929	84c0fcf535c2e7b0a7d3af843fba572a7618e05a6dafa5c90806756e504d5a45
y1_HG00438.2#930	054ba3d8934f6d348d7d73fd3842b4c5dd6a40ca078234d5f236774fa74c9ef7
y1_HG00438.2#931	d5ef0f0e059ae5fdbee9ef56db7748a14e3418111c0715c9be7fb0314ed3b253
y1_HG00438.2#932	d994a51da2365f9b6b330fbee3d5dcb228af3e3a82991364e78fac98f0a50607
y1_HG00438.2#933	9a50457ac737efe0c28e2058d87fdc185e7df5579550e1878fe62137021a05d6
y1_HG00438.2#934	3f9aa24dd6f9c66490fff16d775f050739555fd50c2e4a052405116876318eb7
y1_HG00438.2#935	d9d622409f41b87438cecc637163e97002aca009420263537d56305d955113a1
y1_HG00438.2#936	784fd966118c002287a0db7e71d08bbebfc8fcf1fb454f88b3ae8445785f46a5
y1_HG00438.2#937	684988a0c9e0791da6cab7adbbbc71687afda63fbb05c1b3167307e67d500e8c
y1_HG00438.2#938	ab79501f1fd238fd8be21191098680c81b7e51c5f3c3e36889afccb1be54127d
y1_HG00438.2#939	76bf297b7606bd7671574b3f84ad9537d2c7f8c8371f496dfa55a2e4a702c412
y1_HG00438.2#940	8bb28e5153a85738d8da31038afe8dd7e910abab68f4c75d897bd0e528157450
y1_HG00438.2#941	005d6335c75603a89ba7ae6e9679dbcf30132eb24f0195e19783b55f77a391c8
y1_HG00438.2#942	73a37002195706e63ff3f844fa1d94847191c1408e4ef96d892101ba878925d4
y1_HG00438.2#943	e63c5f7f6b3357d06e409283111ae178ae05b6c0675c16a42d23eab3c4c46513
y1_HG00438.2#944	4966aa648a0221ac86398714254c52268f5b5a97916675f85f5d8a88394f64b5
y1_HG00438.2#945	92f489f7578477c42359032d0a8ffeca9bb4c3f92df661176761ca3eb009ec41
y1_HG00438.2#946	32d638a0d589f339af322ca62ed306b4e1bb78ff45e596cef3989f8718b89c0b
y1_HG00438.2#947	cd1e20035ab6b16724a122f6c6d2d9b83cb868601d1f3df5d1fa46936ca1c395
y1_HG00438.2#948	8c5be7f2f297d2afa4ba7eaf252daafc0aa393cc2c8f8f48c91298290bcd1482
y1_HG00438.2#949	2864a6690b5518ee1d0636e07fe4f08db6222478cb44811521bdb18bb922b7df
y1_HG00438.2#950	68f72890b696662988243043c7979404536f52ca9a66b7085b02985e495ab072
y1_HG00438.2#951	4600e040b2cdce7e4b6f9ae4655f8b410c108e84052dbb1de6db435074880c41
y1_HG00438.2#952	681ac217d678ce0a9663431a9bf62d3fb830ee621e4e097042a5a77e4e9ad4ca
y1_HG00438.2#953	f3134b405253ac01352d4678a4ba352a573fb0644531071ccf3de5105eb97bb9
y1_HG00438.2#954	bb203149af8eb68ec13fb37cd63a45cb38bcb808da6bdae184a6a6fff4335337
y1_HG00438.2#955	91bae5f991ef397962f02cae572383dc67ad2131318e5f9a12824eb76471d9ff
y1_HG00438.2#956	aa70e763e0eceecb3f1033c9cc44e05681d741afc05d0479269fe859d523021d
y1_HG00438.2#957	edca8ce6316863cd5284acc4a6ee1ee127c1851bbf9b32298297aaa85aaf0b1e
y1_HG00438.2#958	4b650e5c4785025dee7bd65e3c5c527356717d7a1c0bfef5b4ada8ca1e9cbe17
y1_HG00438.2#959	b191a3fa3de4a448e4932e94c51a9c56bd09bfca3085523534df214fb285810c
y1_HG00438.2#960	e337c22c3edcd9e79c221516b1b4ee0a0635ad0ae8b6c187360367fad9676eb8
y1_HG00438.2#961	1bc69bde2c7f5c694b51ce933cff87fd327360f7aac68b44b14cb70c153679a9
y1_HG00438.2#962	59a90f8099b0540e5212f687f11bcd736d2e811ddcef0120e5e374bcd1cbc5a3
y1_HG00438.2#963	0e3edfffea08ab493ab48c37b9921d4e9f45c087de1fe8c626becbd4ffa7faa3
y1_HG00438.2#964	386606034fd68e2f33fb517bb8adc42e0564ba8afe7b9aa2c7710c6be96ecaea
y1_HG00438.2#965	26efb84e85993b17dffcd4e5089c3d8917a7dacbac39516d05a2e5ad332d5ca4
y1_HG00438.2#966	468a41a23a884728c086ac4bcef72be6cc6a254bc73c8d75bfebbb9fa450dfd8
y1_HG00438.2#967	9b3b85143bb66e2e1f99909840f25bb27c8685c19178c7d54dc5b0978b39bc6f
y1_HG00438.2#968	c9d2fdd7f49fb8e01ae27b8ce7d82028ae54f0df2c9411fa6f899cc57be8743e
y1_HG00438.2#969	942e3f5568cadec9de0b9dcc6ce3fe8fa4835b644cf72447433947f76a2d6c46
y1_HG00438.2#970	f41097378658fd1e52e79d73c70bbd9009e0b6e17dd232b9e932043d742acba6
y1_HG00438.2#971	58bb119c35513a451d24dc20ef0e9031ec85b35bfc919d263e7e5d9868909cb5
y1_HG00438.2#972	9795efc0c9f7943d54545524799dacdafc612b20ccb170faf74c205c879ba878
y1_HG00438.2#973	f2f7aa317cd60986bf5b4bd2d051ab223ecf5def3c2e876fa32a79aa615daafd
y1_HG00438.2#974	5e21bbc9f677addbe887334fcc81cb3f76b3a839fae0e4657052020d773726d1
y1_HG00438.2#975	9e7b6ec190aef9ee71a5874d3def4b5c5ea8d1953884f5ccdbd79b8bd11a3592
y1_HG00438.2#976	2584805de84b36864522a38e647383a69025cd4a8f09393ba53a23d3fca9d370
y1_HG00438.2#977	15cbe5f066da796145940479d571424695e3077a1de270cb04972942d5b16260
y1_HG00438.2#978	0bf0ac9d0a7d44d7cc60e5fa66371e9d1fdf76cd36863dc9be80cce55a42168c
y1_HG00438.2#979	0fd66f06cd93c9e75aa62ba65215b89b6da27f147de7c6d228f372293c6eb68f
y1_HG00438.2#980	e8a1f1ef573345da964d12a2d927bbde76148a7de9dab4d6fc1a3d63409144a5
y1_HG00438.2#981	c8752778c864d12527e6311a8fa7dbfb9f359412cdfc8e488b703a74249a25b5
y1_HG00438.2#982	b2393af2ee6c2b2fcdc7428751c513d1a058cc82b105ec80f45cdbfbdecaa983
y1_HG00438.2#983	911e44b21686511c14bbd82098c96612089fe76a8d215df6d7955db27b206749
y1_HG00438.2#984	da159657fdc662b6d53d2348ee8b0dda9798097762a8d4f5ae53ecf82c303c56
y1_HG00438.2#985	b13b9fd7c24bf7845e66a4e836e6f8f1d449f889fff311e933701570c62459a1
y1_HG00438.2#986	58bb119c35513a451d24dc20ef0e9031ec85b35bfc919d263e7e5d9868909cb5
y1_HG00438.2#987	eb5442705969dc8da5dfac8f9658dc68acdab5bb7635ba7cc551e389416ac34e
y1_HG00438.2#988	a54fdd0b8af99a2e41a58b4ee738df30ed26860cd642a48686f132076406a528
y1_HG00438.2#989	2b4e65934eb56c225dea74612f9dd5e3e25f9ddfb23f751c515409d77cc9358c
y1_HG00438.2#990	3a2b4f8658d94587585619ece8a8da8814989955bc45ab8463aaa210dc6ee19b
y1_HG00438.2#991	4d5425a34517ca87f127493b98cdbf7e08526da38a21a7c0e1f2e56a75c92ec6
y1_HG00438.2#992	d5ef0f0e059ae5fdbee9ef56db7748a14e3418111c0715c9be7fb0314ed3b253
y1_HG00438.2#993	913fe391a5045c1656380d9dc7cd0c633232b89cc50673e6b7dfd5df724a151b
y1_HG00438.2#994	9af9eef31e66682c7a4c3053e2f28007fd5f6ea4f2b668263ed2716fe4c793d8
y1_HG00438.2#995	f1b61365eaa539d3d6c498725a6ea6f91d8cf4e558242e4db55e032450d3235f
y1_HG00438.2#996	87c205d7d83334c133937b9e86293ce32a8b5dda7082e6fd1e4d58f904229007
y1_HG00438.2#997	cd6a20bdb4965d9c8089049ed563873b786d8c9ec801f241b212b8a0f1513f22
y1_HG00438.2#998	1d89b8a700300149ce4e527a3cb0c9c8ce82d4f2b32a34851c66a9b00d9d2758
y1_HG00438.2#999	cb1ad2119d8fafb69566510ee712661f9f14b83385006ef92aec47f523a38358
y1_HG00621.1#0	e92e5df696dcf5576eda3371e971e456cd6f9aa9ba93276c2c3300703a70836c
y1_HG00621.1#1	d1801c24ada49fed30c6104f28d3fc5977925f3aa6b23b1cb8fb4f874312eadc
y1_HG00621.1#2	9ae816716fdd5670857a3a18fdbfb60ad627a67f5b80bf04e88f5f14e75006e0
y1_HG00621.1#3	b9b98a6be6aa8058e1bbad041bd62a4b645f0d23381994a5c4b27efd46e08a43
y1_HG00621.1#4	670bc8f580206a6032824ff29e754ba9bb54ff40316ffd930fdde97dc1a4f635
y1_HG00621.1#5	607a5ff58b5f3728f8b01338f928f30326471df7d8c1d51a0e0ed5a73033ec26
y1_HG00621.1#6	60575916945623f46448696db37de50d9e57ddd14ceea73a13a183a9725357d0
y1_HG00621.1#7	0ed15f51d56c9811e9b21a9fbd477810d996ea60835370cb301c837b1fcdc68e
y1_HG00621.1#8	39c9bf56f92e8dcfc550cbc3d021e08392271d102e49da9d63d1e5a2fe4bad32
y1_HG00621.1#9	80946d989311218ad69674bd3d769153319913b18e8eb95ef0a6e2a0d57a554e
y1_HG00621.1#10	1a0dd6f9cae3677d9726f679c9a517f96103796ffc2001ec67a78511fb54c814
y1_HG00621.1#11	f56476ebff33af2480425e7898617efba0f55bd38a0315e87e52291f91d3fed3
y1_HG00621.1#12	47d3369484713132249f857220fc1556b98aeb2766a30af8057d26fd74e2e1fc
y1_HG00621.1#13	0b1e92340752552fd05a3f1ec38875dc948354fd3ec8b520d3f6a60a779e4c6e
y1_HG00621.1#14	396aa40aa22d092a8632521eacc8f83815911dd3fce0c5dc30e7d8403378279e
y1_HG00621.1#15	d5ef0f0e059ae5fdbee9ef56db7748a14e3418111c0715c9be7fb0314ed3b253
y1_HG00621.1#16	58bb119c35513a451d24dc20ef0e9031ec85b35bfc919d263e7e5d9868909cb5
y1_HG00621.1#17	e60439c0aedc19d8f773edc7ad77e18deb42e306fa653434d9ad15172ba6f92e
y1_HG00621.1#18	85cd8d11811d33bf24f8a141351f9ef3b035ae10eb457c7fb6ddade05cd5793a
y1_HG00621.1#19	60c4407070c797e8fda39e595b3369bc26958f3dc9d32511ec5d464e3ac82cc3
y1_HG00621.1#20	f22a2dcb57d9abe8a98463cf0c9944757d50a5c7ffed9c199ee3eeef8a41aa83
y1_HG00621.1#21	506300257147f7ae108a6c1f3eca11857632dd57ea86d4277809ecea8c94a2ae
y1_HG00621.1#22	47d3369484713132249f857220fc1556b98aeb2766a30af8057d26fd74e2e1fc
y1_HG00621.1#23	a17e5d409065806fdf245484275efecf2b8b36c8135c6ad04f630f3beaf28d93
y1_HG00621.1#24	ee1e06d5fe2b7502cb4e7e1238da14cdcdf21ebb192d8b651b7c14b9c664ba95
y1_HG00621.1#25	cff44c274f2c7783672ae84c9340ed1ae737dda48109781200e195043d1081bf
y1_HG00621.1#26	c917d19134bfcbb58e893cb532c7b454f51abc4fdee71a648367dcfb55d617fb
y1_HG00621.1#27	cb9a0b1894b4c29a29713c8016daac9d3d08516dd33fe5584fd0ee3fe85b08c0
y1_HG00621.1#28	e9b30a6d7967633305f9f0b3ee4a514753d3ac032138d5154fe4a78a7785fc96
y1_HG00621.1#29	333ff33f8c05602ee193ef73abc244ee3780d8c120467d7f5c15135730875c4a
y1_HG00621.1#30	de6a276cbf61a715e1c54687fecb8db8140ca00003a2a932983cfba99d7d2b82
y1_HG00621.1#31	6b8abbd0c9e741ab2f49c44c422bb41010431c6aff6c4a2e55803aa6710e7dd2
y1_HG00621.1#32	306c9267ec85356b03983748c9a3d495de6c6bfa65a3d04dce7487e9d94f8a4d
y1_HG00621.1#33	472e73d796e20aa8ff9059e6316f218e0322548f661ec4dc267507ed66317404
y1_HG00621.1#34	d79e37aec6e0e6c120444ad916c0c2e277add81412d8258d7a99614b3da1231a
y1_HG00621.1#35	0acfd6ee5bd2e4fe07320d54a3e67b72fc369d0e1852c2dfa41efffff1bcaf43
y1_HG00621.1#36	6a437dad839116235f4289256ca36ea2fda8efe0258cb1728d2cf0f216168d7f
y1_HG00621.1#37	1134f10f3d13c672331bc15a415daa91ddc9cbf1cfcd504e832e1f6cf01cc367
y1_HG00621.1#38	6dbe012eea29e25b8f3bbe5a486e8910ab34b88f9733c0ca221ca9743b8a8bef
y1_HG00621.1#39	aea29dc1d70415b02fe1a7eb3eb971ae7c84a41db532a6535eff62a1d3b8aced
y1_HG00621.1#40	d904994e6ced143e7e10ffa7194e2f753f5d45c63a941cf3fbaad2ff7cea2598
y1_HG00621.1#41	2287d5aa1db8dd0b2697edc7c8609a00e15864d5ad42e6607746175fd35b41e4
y1_HG00621.1#42	15cbe5f066da796145940479d571424695e3077a1de270cb04972942d5b16260
y1_HG00621.1#43	75dfb4d1fd8723063e2e84ab05eefd33758de15069f1016310d015513621662e
y1_HG00621.1#44	8dfc7ad3c79dd81290fa7d2ae5e7489fd8d41a582312429cb9cfb862089c00e4
y1_HG00621.1#45	dbeb4aa833e4afafd5e2009502cba0e1afab5b290d8e9b86e1e5f10f9f854da1
y1_HG00621.1#46	0dfd7cecedb7ef3ffec89a29afe040849643e1e8559eefaaa6779e3f52dbde36
y1_HG00621.1#47	ae6919d352ae1b08355ee29c35e2760f3f08c9163328628b0aff60efc32869f8
y1_HG00621.1#48	3b172db9af3bcc4954721c1076e448398a7af8b9ca475838ae4083ad4b7dd136
y1_HG00621.1#49	c6dbf4126eb895e8df4d9c52fd45a5049fd9d3eff087cbb94c37c1121cf383c8
y1_HG00621.1#50	d2931129f274d4aaab3bb66959744226abe01192821eb4fac06390a9543d0f71
y1_HG00621.1#51	ce19a5f7a81c153e2780cf07e825999713bd4047d057cb80d8af7bf43c593aa3
y1_HG00621.1#52	4c573d7486ff3e432b9fcd07d5558134dfd4963eb541ea4ad688d42870548dfb
y1_HG00621.1#53	fb32f49f717721b743a2aa2819bf503a41968cde44d39585554ccfa2c4a6bc4c
y1_HG00621.1#54	e8d526d4d213179f9ff7cf6e771c24ff692a72d9a4c39ebcc1f7f95e4dfa1617
y1_HG00621.1#55	90238d7e38291050ac9dc092c9b83a6d9f3b4a25cb7443eaebb729dd5cbcd1d3
y1_HG00621.1#56	ebf7c53c1168cfef0d1069bdf4c5a3fc9bf7d4f5c0491fa40a8a86aed65f5de1
y1_HG00621.1#57	097b79c834f7ca631168418f663d5717aa5de2253799d79713ca2f4abf107ea2
y1_HG00621.1#58	8c387b2ed1d0e5c911703b22789dd03c407014c43debacfe5fdd7dd4a5238869
y1_HG00621.1#59	d40d2d11b3f0d8df5e0f3f2ca36dedfb370257545d013a687ab3da7337a6025a
y1_HG00621.1#60	3ce0bc37d3d4902476f1d4b3cf816ca51a20540f25eb1b010187356b8a64111c
y1_HG00621.1#61	74dba6f5ab6daa7efea8dc11b9a1a78bbdcd94274c1f0e21e3593b16e1a5716f
y1_HG00621.1#62	b691d483f062b9fd1ab51c101952a381a1b55a183e6d1a1e0c278dbab651637e
y1_HG00621.1#63	c585144841c73879e974d58ad1b872a95212ee69818b0bddd169f8ad1b632390
y1_HG00621.1#64	1c71947e1fbd660dc585781a6c92c5116ef9da15511fa0e60a85b1478a84cf86
y1_HG00621.1#65	90445391d72c3be599f9947babbe02cadf7d58e9e16e7a49663f29a566626700
y1_HG00621.1#66	bfcca6a22e9477cab88c13c45516fa47a926ff8442d2313e0d3ac6bea87c272a
y1_HG00621.1#67	5e633bd9f2c9c4ded985132d3297916f6569d4e7de21c49ab828757fd323e573
y1_HG00621.1#68	b5e29fe2d3375fb22478f6fa54b6f41b54fb3235ec8899383ff0a5c15a0fc56c
y1_HG00621.1#69	88c82c1e98ba5952ef56b8d6d6d8d48c916baf64d33ec67598af44908cfc1e13
y1_HG00621.1#70	51450dff5dd7fb3a46903a38421b1d3899349c56e293be5b8bd394c80098eb18
y1_HG00621.1#71	e6c53d3a0f94ca410e06e4c3ed44cb23a06b633caa1d816300599c5d86142b47
y1_HG00621.1#72	98ff1b55279f44e14655a0df91e9bd0f1e56ce289c791a6edf972d1ff2c7a46a
y1_HG00621.1#73	232eadb1f046f875963b050b51b873fbfbbf9c43e8dff1fc2b505bd1afe62b45
y1_HG00621.1#74	c4656ec58a4dd17d180371167b057c61c36c1f839bf7d328261228e53b5200f0
y1_HG00621.1#75	2e727be5c0c10b86321dfcfde85d1cf63ba27aaf926337971fd7f3dbb44fc270
y1_HG00621.1#76	d9d711b7b4d4c3e421a70314978b713431256ec8adf06ced6084c128fdb0d027
y1_HG00621.1#77	33eb4d0a39136fbc813cfc7f1d7c0fbf742367d346273503f8124125f16764c4
y1_HG00621.1#78	8948a97c7cd79c7005b34cb492493c9d6fcd9b288ceb5eab22fa5cd1ee13a78b
y1_HG00621.1#79	017559caaa41dcb476b466932ff987dd0f51fe886737d6d51ad1754be1e5bc3e
y1_HG00621.1#80	2ec7502be40bea76c5c3081d1d0ada6298f02dccd63a892dd7dbc714327c66ad
y1_HG00621.1#81	d2cdfa776d99b3ecadade531f86b2589cd3be1573513cdbed2da159c9b12dedd
y1_HG00621.1#82	af079e3ba9e252b6959a89cf5d950d7f15c0b0787e9724c9c9ed6bdd0ef5d5c1
y1_HG00621.1#83	e3f60a4510dc2e40766054bb2960012025c2a6f96fd5d4b72d358caf50a36e3e
y1_HG00621.1#84	d9c51a03f591452f5e8474dc6e123d6969735fc9924aabed230119aa5eb503f3
y1_HG00621.1#85	9c62a06ccd371a2a9086c25efc6a72eccb70ca221815c21411c9155ffa7f10bc
y1_HG00621.1#86	856286294269cf83b24a170f2ba51d0b3127db32e524835395be8f54619cb79e
y1_HG00621.1#87	a9fba57b31df47a236db1c0bc7605c7967b3737c831ffb7cb4be77698cb0c412
y1_HG00621.1#88	9af9eef31e66682c7a4c3053e2f28007fd5f6ea4f2b668263ed2716fe4c793d8
y1_HG00621.1#89	54ddaee7f431632e61fb8efe1d04298c79b6ec2141dcdb7bee6f8d256f10c867
y1_HG00621.1#90	f4b947bd32c02062b6a44203afd0177c54c8790b7deddb565e019ab4e5fc5ee6
y1_HG00621.1#91	d4c89b96964b3b69285056ff07ade30d2bc0bb53c9b529c5f5c0e12b0f63f318
y1_HG00621.1#92	e6d909485932f6165e5424775f49c0e416b43a635eb3ae361e56e3ec1a680aa7
y1_HG00621.1#93	99ba4a9f6d81aab50ace445d90eb8f92a1724389f4bec19cede23891130f326c
y1_HG00621.1#94	62b974b4167140882ee20cef368365b7a94c5a508812cf7f137955cb373868e9
y1_HG00621.1#95	d413d003a1cc98fbdd5a6de941db70cbff0d21fd62557c0a94b650905fdf6d34
y1_HG00621.1#96	dea51caaefb7e2165d8729bcb664faaa2024a85211f09e5ffe9b2bf56b28aa8f
y1_HG00621.1#97	bee30e5b6d59c1bdf10100ef331706553fd3c4e6b0a342a092c6f6f733b8be36
y1_HG00621.1#98	fd47067db9efc3002f184ae1c1217de984dd4a3c6d0f01e3c6d0c6fd70dea2c4
y1_HG00621.1#99	d1ebd202c8c97c29474d3f4be7d2b4fbcb33bc61540ed81c3b9f19128d904858
y1_HG00621.1#100	258f3f7ab21a57b8caf067c05722442620a144153219410af7cc5a4898249601
y1_HG00621.1#101	3eee6c7a1d42892f94fe56ecca419a531454ca8b93d68e8401d540ee3558b8bc
y1_HG00621.1#102	e1e515f5060b2295c27de1563b9028a44607ae7000392a86189e13fe01c7e1ce
y1_HG00621.1#103	fa4f47ae946b41bbd8da22980fae13e7042ea1a3fc3c7f50c4c6b2945286c513
y1_HG00621.1#104	d0105f159ead70aa9266c19b6f28684c8f350f0e8807bb86e6abbe7482df9a86
y1_HG00621.1#105	448a31faa4405225ba4490a42e68996dabc12c8718679998586e906bdaf0438c
y1_HG00621.1#106	9a5bdd48ab9dfcb8c5092907ba445bcc36fab59645c7a50de259e54d808847b2
y1_HG00621.1#107	14bfb213de4438c8d7b554f0eb5a00b89cf9587a4b1c2dedbbdcb93ab11e705f
y1_HG00621.1#108	f53a242fa9c27352e2941719ffe0a35989f17af3026bc8381477e5310c487979
y1_HG00621.1#109	62bcc515228392989b22ac2b4df40a01496e75c221225c26f1d02d225de348e8
y1_HG00621.1#110	8c70dd096bf7f42683b06c511614599009a97cdac9f33aa2f29ce0eff347ed81
y1_HG00621.1#111	4b650e5c4785025dee7bd65e3c5c527356717d7a1c0bfef5b4ada8ca1e9cbe17
y1_HG00621.1#112	007990cface2145a055e3b450dc353ded9613c2a1f2b47b31ebdbccfce183292
y1_HG00621.1#113	497e08347d6027bc85a1e894e024b7079157db77047698d67cb7af0756e1c0f9
y1_HG00621.1#114	781f7621c8aa75d00093844d7d2fbf32e9a60450e79a0bbecfead7c86950fe64
y1_HG00621.1#115	2ff1e79954a957d1050f530891ad3805f362a3fe2a76850609104c31e4efe145
y1_HG00621.1#116	ba46a53ec252d92c97bef04cbcc947542b0936c8855e63950305f5af02b118f0
y1_HG00621.1#117	77b89c924eedd4819838888e12ae48701e211090ae3133d4a03a239fcbb71c1a
y1_HG00621.1#118	765279bc5ab4a2a4a86bb985c9e3d7767b073e8781a549351c5206ee0256f5fb
y1_HG00621.1#119	4dbc91f6ee740f0394a9c824161a508b8bbf69ee68b05d6b346a472149b4f137
y1_HG00621.1#120	03e1cb3d24a3a1a72d70c44b558400df0e05a85d6407df54431e236555d2c1cf
y1_HG00621.1#121	cce6a846151617c7b119f19e9e99a79ed793c84f8aa4b8dd46d02a4a107720df
y1_HG00621.1#122	56431b9429fbf718b7f3546a5221d989850f23fb02a46128d7bc8f64f5290f16
y1_HG00621.1#123	15cbe5f066da796145940479d571424695e3077a1de270cb04972942d5b16260
y1_HG00621.1#124	afe0d18632227b34c100c6937671d50450c258110e1b02442c8dcec6b0fe28cf
y1_HG00621.1#125	d7af6a526e0007961f35152e0400755f9eec0d96508d991db3e2ad818371ec25
y1_HG00621.1#126	8e7299e9049ccb18399d5eef52b0362e6c8e5ff04ab0d4d8efcb2458dbd4a590
y1_HG00621.1#127	cf2dc10fdc10bac9494fdeadc86733e8e0d5e1555317f7c71ef3e950deeeaece
y1_HG00621.1#128	104aa106088e55c0bc18bb0a768429fb48afbc8337a711438777f18a9681cd3c
y1_HG00621.1#129	b9b89ed7393e8eec86792391a310bbff701bc25a2a6461ccb721fed46fe486e3
y1_HG00621.1#130	034fc48ba584fc2a8b0b40c727e4ce36b79845d7ed910c63abfb2c22e630382c
y1_HG00621.1#131	17fc317a361f6eff0716db35453ef437a2afa15658bb98f4ea64f0cfa944242e
y1_HG00621.1#132	a9be2ffa249a2f6f17c781023b49348d9a5deedeae135757a6309b87b2800f8b
y1_HG00621.1#133	ba9b4c55c8447bbacafe8d365fc1fb91141bb13c2b56411d402789d753fbbc3c
y1_HG00621.1#134	bba3ad7cb87ce9e4ac7caec88a26b8573bfb61b3f737b97ed4b6a982800c7806
y1_HG00621.1#135	2059a4b113a26cd6349344015a3f83edfc6e3040a529aadc39e414b687cf11d5
y1_HG00621.1#136	c12dfe148bb23a6d87ac6721b5fda8df249f2ef50dc5bbd6a24a806e061ee966
y1_HG00621.1#137	8bae56abe70fac76812780618b4695ccd1ecffb00478d12252d8e556448a1444
y1_HG00621.1#138	c9259e1e5e68297c1acc5c35683dac32f45784386d772f7d4e9c83ae882c9f50
y1_HG00621.1#139	906dd47fdb42422a48d2cb6e719333259ed52a341c1910d5af253d13c5422e49
y1_HG00621.1#140	3e15db9e392d0bd411cb17273b3c51b2a134d33893e0f1daf46e121f4f3b6274
y1_HG00621.1#141	2e11efd7732da4e03e0a93af4b9f4766d47d08edbc8eedde397007acd3b25771
y1_HG00621.1#142	993f6d978f47a4b4f17869796a4cb984a5016c848386dc7295347a4f8b2da0b9
y1_HG00621.1#143	db02cc36c972416047f72e3be2e25e25b4279e4351a8140f07d11bda2515bbcb
y1_HG00621.1#144	13b6a491123751f3a8e06e30a1dcb7b6316833747297a8523959b486b2523633
y1_HG00621.1#145	1d1a94d371afe30f3816f907a69715ace80c5263d5323215d73c1079743de72d
y1_HG00621.1#146	705019f30a927fbdc1dafbacd6dcc10435a8eef9e52081672f2f6315e2e5ec30
y1_HG00621.1#147	ecf67dd773b66b19dd3b8567c0292412b25c9dcecb4b6abfab4e57a6dcd1a41f
y1_HG00621.1#148	c5c3d0d53e0fef43e973b36f9219a113452907197c24ce6442a6800047853e4f
y1_HG00621.1#149	9801754782f71a6579ac545894078b070ad338da907a73df41cf5e59ebc00e4a
y1_HG00621.1#150	acd0c721add71a7ec0e4bd4492bb0e7ca5d7bd653a42ebbb5fcee37787aa8d7c
y1_HG00621.1#151	cf9f848e0bace0874ce9286af17c5123f4aa906428627860cbc914744a08a9e2
y1_HG00621.1#152	cdb64ec3a0d7bd6f06f2425f7284c67e207dab7a8d675d4f2ec2fd42f1324728
y1_HG00621.1#153	ceaa466127713223f622932b4204ad02ea0c93d3d450a0e7dce2c8a456a4f9b6
y1_HG00621.1#154	6680c13882c19e8d18d99a9845fd7d960089ee583810bdfddb5bfd095d95a91c
y1_HG00621.1#155	a92d38db4fe60b67838d0e2a8e4a0d577ce5b0645d87bb9e9e4cda39b803e777
y1_HG00621.1#156	dd8bccd8fee80a509fcf18dcecf6ca03ec8ef461f52f3fac3a3748c1eae046c6
y1_HG00621.1#157	eb5442705969dc8da5dfac8f9658dc68acdab5bb7635ba7cc551e389416ac34e
y1_HG00621.1#158	69ccc5c8ffb47ea887e8a9b0a272bbd141259b82fae3fd7985f9e7a1dae4d374
y1_HG00621.1#159	1100571c1e8215b18f2327bd7b4850aefa02b3825b01aaeb067709fe3f2b177f
y1_HG00621.1#160	4b165efb9a25a9f38d672eb672ca2debdcd62b4251e2990d4840eebc35c774c1
y1_HG00621.1#161	7cec85278adcd36214b089f3b744548b6f79797049338d2fc6447b7f6a625b4b
y1_HG00621.1#162	476f8521019669335ad15d24017fe34cf8bee3d7eb6feaef86904b0e0b64c730
y1_HG00621.1#163	6d2eb15b2ff896e493993a90856bea1d17aa74ed04a4c8c75ad9c8f3ec280502
y1_HG00621.1#164	3a9ad5d42def897916d6da8294b412fe061319386c894154db3cd422a1fa842d
y1_HG00621.1#165	24537506668600480690046c779102a4f0d638aa693ee8036a1ceb6f737b5668
y1_HG00621.1#166	a701133d7adb29e7c293581e2a376dcab57164d6307b97e35e5f2acf8ca8e165
y1_HG00621.1#167	ee49c4845fb89b525769442cff316d353296b90b50527141a490206caedda38b
y1_HG00621.1#168	4af0ff8d4e278955f5eb7650f0cfad5ff9f94799c735fc385658171bc43007ed
y1_HG00621.1#169	a54b844f6d4c59c20197c5ae7236b384f5adeec8e6892621bfb7bbf27ce2c2a9
y1_HG00621.1#170	190693d64b91f0142c8927e5e53daeea8b3c6313931a5b147bfff06fb56454ea
y1_HG00621.1#171	d29f84235617b13425b38b3f9151f4edc29c1d748a9aa3846019f4e3b3a1d34a
y1_HG00621.1#172	a66bcc1c4dde6914d23632116d301a511c8625c0522f510ba592753e0101776c
y1_HG00621.1#173	0c743120827763de3c970572b09a164dc7994a32002be391c57f2a7ac5be3c89
y1_HG00621.1#174	8a3db83b4d87e7736df2339bc51cda94b869efe9bc41574d47bd0e3e48f0160b
y1_HG00621.1#175	46da95d26a9c48c549dc6fd16f8e08fc5ee79af9fb9e89791a08400d8f38aceb
y1_HG00621.1#176	31b1f67b4b62c1c1ee563b3f7ed6c8fe0598997ff3ad3688847cd970eeda61dc
y1_HG00621.1#177	0fde2f8c77b74cde40bbd75f2c427efc89e21ce8f8bd64e8e5058ef4839003d9
y1_HG00621.1#178	595f3a4158c8335a84d8f050d45f05614b7f6c838ce864728fb3400e82e16855
y1_HG00621.1#179	4a06a5779713abe5e24393bbf7f87876225ab1e375d1fa10c47caff31ab6efb0
y1_HG00621.1#180	c65082f8ce3640f7426aac5f68e89a4d2e058d901573f009024ce84308ced267
y1_HG00621.1#181	cce80d54aae4cda05d8b6e1608dbc93fd99b0f5429b2f59f2b6d8125987e3fd9
y1_HG00621.1#182	ee0b04e1d9e92c2dc5d841e54b45d53e22810e03270d1d402f2e839aa7741c54
y1_HG00621.1#183	f03e5f84b8d2bd82ad95713395a4160bf854f7fcffc63db24ed7d9910e54cfb8
y1_HG00621.1#184	5475f15a2a86f7b4d1114d524381b454f0a8b2863d94b4a355616ed453fc4a14
y1_HG00621.1#185	0bf0ac9d0a7d44d7cc60e5fa66371e9d1fdf76cd36863dc9be80cce55a42168c
y1_HG00621.1#186	992d9ac9ddfd7fe20e1f5486fa429a1f3e46eba40916a1d94d5978f880b3beb4
y1_HG00621.1#187	a24c74da3c0e763aab263497485c2b992d58aac540435c2455e46d160a1dc133
y1_HG00621.1#188	bee30e5b6d59c1bdf10100ef331706553fd3c4e6b0a342a092c6f6f733b8be36
y1_HG00621.1#189	c488e16c5411091f0ae3a1f5d2b2f0c4092310c3e1490ed88a0d8c39e6828d09
y1_HG00621.1#190	68f7466ebb86f22b601abf3ddeea3106c18b3185104c068dd5478bf88ee50ad8
y1_HG00621.1#191	d68e22afb86ad2250b0b97e70fa65837a9a07d5ae6139c0ef5434746df098394
y1_HG00621.1#192	23784dc9cf1c0bff773596420c0c4a0752899f88f243f2f941dbfbadf757ef4d
y1_HG00621.1#193	3b9936c1d726d2540e7b4b0bf3a0dbc5e92c05fa0d26c3ea17145bd7e5bda941
y1_HG00621.1#194	44de35ab7f6c3995fe240170c794dda98e857249e66f6b1c0c0b40ff583dda6e
y1_HG00621.1#195	c95a62d5ba49e0199c8fe9dd32b70255a16707e3bcf9ff20d18348692bbf5e03
y1_HG00621.1#196	57fe02a5ef4882f2b511807e875860a2620882e897dfd28fb8d71f60c5aa62a2
y1_HG00621.1#197	83d70d562ac2bbdffc736b0d23163e07a1b2d166ed70f2919638f9a328b92875
y1_HG00621.1#198	955082894d26f1339934f7584dd20ff2ea7cacf42c6c46fc8c4f6564179f5e69
y1_HG00621.1#199	0a4eff5e08efcb19c5ac6dcc67b8236983ffccabcac41c60c6534821b51027ca
y1_HG00621.1#200	c746a2bf8058955d9c5b14cc2b08ab277a69c0eb2ab66b9d4958f87ee6047127
y1_HG00621.1#201	20e0541e8b462465757348d66a5f88beab7ed432d36affdeb7a084b400d150d4
y1_HG00621.1#202	df7341fd3710888615612f59eda08d346f701cdf697157b37c1218151bc7af00
y1_HG00621.1#203	4b650e5c4785025dee7bd65e3c5c527356717d7a1c0bfef5b4ada8ca1e9cbe17
y1_HG00621.1#204	a45a88ca75836a6262147a0180f027c53a550f9f187528d1999d36e4ec8c08d4
y1_HG00621.1#205	96c46325fa89f0731178f089787658ac15fa2f1548d656377a7a98ca876c5319
y1_HG00621.1#206	865ef7d42f7a5798e5833154e95cb1d3cf68106b2e75f1a1067f0eedc370b9f6
y1_HG00621.1#207	f53867a7d4eddf8143d82e6db6f56afc1bbd430b9fedaa30e8fa3bd1e20c1744
y1_HG00621.1#208	cf5540ba0736ad02dd8f399b90e7b572bbcaf0edde5bf2ee0788418f761aeb4d
y1_HG00621.1#209	83bce2dd98eae56093d33fec039d0a2d118d08238ff4cc238e923b4f7564b23a
y1_HG00621.1#210	452d82eb73c727d60b57d901a42a774c5fa9ff50cb328f7eff476d53fc1911e6
y1_HG00621.1#211	b064cc3185a59ec8c70dc06c3554c046239d8e795af5ebd42518843445ac7160
y1_HG00621.1#212	5a155403b69ea6e479caa5da51f2e9c115a22a573aad1e9b9946faca1162849d
y1_HG00621.1#213	9f9e719c65785867b10a540d857eaeffd0abf3baf76793bfff627ef342bf8b08
y1_HG00621.1#214	4d61d7f8077b655bb85d357ce0a1e4a2fbcde0db33b0e5e0490fe2769bfb0023
y1_HG00621.1#215	f01bff2642a5f12b8060297825c79cdc69278e806b0cf9097df3c758e4483ae9
y1_HG00621.1#216	c66240b8d58089c98958fe657bfdc8f70583af5b30d7727d927639cbd6df290d
y1_HG00621.1#217	2af91ba0182827618672bc9c0e73d6a3258e0c4a4349d36493fefe4ed60fc8f7
y1_HG00621.1#218	e1bd8ca701364d9b1b98098c79279f6c103299b297d437bcda06c65f4b1350d4
y1_HG00621.1#219	be6d5d6f6d709fca067a85622b1dc3471f422c55eb08fcb212fa6437368859c6
y1_HG00621.1#220	69816564130967c3e0f57cd3aefa05a426053847247569e10c171c24211d9671
y1_HG00621.1#221	56c3c33f4c1661f43a762d134e631ae3a1f2c0ed5a982f90ba034c2e1772a30d
y1_HG00621.1#222	369113f972d0d3d68005e5cd139cab686d92946090155c7e2030ea8f2d07f4bc
y1_HG00621.1#223	97edfe14dae75089420954de2d2e1b1cf5ce8e4a0de1fcf8f189ecf4c6202efd
y1_HG00621.1#224	2be8963d63b80b0b5e4b0b8e9e7c6659fd1ae16867fd4231804f14a60bfa1805
y1_HG00621.1#225	2a9f0194742505f5375efe0993d128b9ec17049bcf5cf414d2b6d2adae11d1ba
y1_HG00621.1#226	cdfe3e50c68db166813095f47780888626523499a3601dd1b47c10615479d029
y1_HG00621.1#227	d56e3a857c744701b93936ef1bf3488cb301fa33c4d4964bdbf1d7264fdc1999
y1_HG00621.1#228	24208084568d6b79c156b5595793fccd829ef8cb43db230d392dd20d65e089db
y1_HG00621.1#229	43bd64d96b4dde75289699f68999719881d16f803f6df892b149224d5d7b31cf
y1_HG00621.1#230	a83b5f885a0fceee65c10adb7850b4aa35aabdedbfc8e28de377deb03360c90d
y1_HG00621.1#231	bdb425b535038fb956150ea6b1299ffc357fa09d2280213a2d3cbbb507e49e42
y1_HG00621.1#232	bc887f732b4aa5c4f1ae2d0a68c9c6bb8571e607bd70ce01f6ebca4d890be958
y1_HG00621.1#233	4226caa2f23259798e1eac854478a6ef272e046d58dcdf3e29af6508394726fd
y1_HG00621.1#234	84a83a4df705fa7f9a9f63e9f06369e21c151385f934e783fadb351111b3f7ab
y1_HG00621.1#235	57bb6fc92e6e0c2d4faf85fa4911f5d1ffef4494401c56e4a70a96b4228babb5
y1_HG00621.1#236	9befd75b3e7c626802641a3768b705914ebb8a8669508173c5ae972797422471
y1_HG00621.1#237	a90fea30cf303dfdc6c2564422e877ca056254d20711b063dad69791de17eee1
y1_HG00621.1#238	8670f7ef934121c7c18a0e9b194e491f5ab2503014bac94179bd28a711b210b6
y1_HG00621.1#239	e4bc75b7ed5aa3c899463ff838402cf3a1b71d79a5e4b6acee5650890273d789
y1_HG00621.1#240	94e1bc54e872be2da2f99ae215010a7bd6756aa1a4e8bd0d90f38d0eae9df4cd
y1_HG00621.1#241	e7d61fce53e31fe221a02e9ac3642747647feaee0ac86b182e3f7b904adfbf6a
y1_HG00621.1#242	3f4d5d83cea716ac6be60aeeb9ff052e5b7b6e409ccee817063b94cad1fed23f
y1_HG00621.1#243	8d2b48b809b47688159a87e783207cd0dafc31f0c4d036dd65da6de30eb2bf78
y1_HG00621.1#244	b68efc1e8707bfcfa39f891e7bb001211c8cf5f3334bf4ed6b83b9bd86b73f23
y1_HG00621.1#245	1c8164912d3f2deaeeae2c8d0b56d80bfbc280369c7bb18876c130806aff61c3
y1_HG00621.1#246	10532d77ea2f9575c02072191aa1a444193ad4d4354bb008c93582108f01b27f
y1_HG00621.1#247	d8742ebd6049772bff3f53065f39a1218a6fbf97212c2bed91cfba4729c79f5f
y1_HG00621.1#248	d25474abbdf2584d2a5ddeaf530ff901503136235e714c6db598b2e0515e8ac3
y1_HG00621.1#249	0e3464ad5fe0cbc7bf09cf45e1a19711086e16e67f4710f4a6cdbafd101dc61a
y1_HG00621.1#250	1e424e0a199408e0f9fa307a946c8a5f1418d94d8234171330348cfd6c800e7d
y1_HG00621.1#251	a07be0f1bd756ca24e9bf6be15740c0e2c219f2e2fb08e775de774fa217de7d5
y1_HG00621.1#252	0506d22df4007a83bc40a4cf5bb533ec41d4098154a92b95254f4296723c6b74
y1_HG00621.1#253	b27e80f1fcd6daa6dccc0d43e8e59851fab12f81f2f63b9e5914df8d0cf538cf
y1_HG00621.1#254	1a3a3e5169685366a0b3089679c121a28bbb008972ce37e352968de5cdeda40c
y1_HG00621.1#255	802e48238148ef7d8e12b1cd2b76c4232180a2b5c10cf2b183c9feeb93eee8a0
y1_HG00621.1#256	bee30e5b6d59c1bdf10100ef331706553fd3c4e6b0a342a092c6f6f733b8be36
y1_HG00621.1#257	fb4c392496ddebf7ce0c0d43c9c7b7de3080c279ddc0472513b66560902d1c60
y1_HG00621.1#258	4bbbfe49b9b773d782c39118c4803726f96dc9470c7a7713d4ef5a1f4fcef7d2
y1_HG00621.1#259	0363aa7bc8fc0f9f1cd43214f32a80c02cecb24ab0fca437b419cb3861eb1d9c
y1_HG00621.1#260	d70f735a43e54dbcf18401cee96bf0a2f0c4897e96c93fe2f251156931fce782
y1_HG00621.1#261	c37e5da00520f3f4a9f2bb14513b5d059ad5c178b1571598fd3c28339b39c0de
y1_HG00621.1#262	39c47894ccf24fc422fa9fc9e3f0c90823609d02f9a5d5385027ef9ede358844
y1_HG00621.1#263	a9398153b6421875d5ee9600af606eab6c2017c1a81150e0f44545a22a6c8825
y1_HG00621.1#264	a04b74f942da00927254e557bf51123da4dc6567fc4163f8d198b3bc772419f2
y1_HG00621.1#265	c3d2b65b10f8524360bbab1ce814370a6445d76a1ae0e51e3e36ce38fcf0270a
y1_HG00621.1#266	fe6eb8253cc061841b5b96b865f6ec67a249179fc5987c8f7d1a242a2b33f283
y1_HG00621.1#267	81e7b67a00de75a7ddf264c0d619898c668e9c79f6504db207cab1a113db06ce
y1_HG00621.1#268	4397e91347a679cb02b4bd5ff65e01eae766a516f57ffc1f0552a8c05798416a
y1_HG00621.1#269	0f427b769d6e712821b8a062687041c9b080a22b372171a88663065d553b875a
y1_HG00621.1#270	7ff1bd1d55f3b64608d9138e29eb1bfb1c477576811a1cef3e6f80e470693fca
y1_HG00621.1#271	7186872195bffb74f700c41935c59f2d241c7953fecc5c14d9cfe51afff095a0
y1_HG00621.1#272	034fe196d4b058914cda611595019d07ca607e43be5048a1b43e2a92c61b0684
y1_HG00621.1#273	af1fa514692d64bd3ed38b1ab5f7c322b275ca964975435ac546c814df1f604e
y1_HG00621.1#274	0f6d682dad6091ed555da9e2593b115f5faf8da297fec05a1d74abf41ba7b0ca
y1_HG00621.1#275	2914cf2415a646e37ba3bc3bdc0abd513fc6521d4d28712a419b9493e0c5c7a3
y1_HG00621.1#276	f7637249cd5283d37bb8cd50b414554c91e2ef1be68994479f2ffe7f69ca52e4
y1_HG00621.1#277	ed34d81df94825e415c498c177d42b015ae3f577c8bd4dd02348bf621828fce5
y1_HG00621.1#278	bd8b9278f5f6cd5262fd5e4769efb1cb78c97ba1c17dee446c092ff83a99d274
y1_HG00621.1#279	8eb8d657b9d93aa21c8ffa1cea1e41a4f5c5e4a87fbc5787370ce870149aebd0
y1_HG00621.1#280	d51db08c3e3a57dc443c2f60c494c149cb2f1f61f0fa4794c994db9c4ccd1d99
y1_HG00621.1#281	1b0cce9125ad9596ecd6baab804e466f1479ab8e06a4eaa8d3f9636740bcf584
y1_HG00621.1#282	b99626ddb24d6c76ac7a03f2c54879addbe8ac6873e8f218d04a2dd3be7e5f5d
y1_HG00621.1#283	8447d1817d9c2443e5b424a0c5296ca31b89db7d8c0e502cf49811b61c63e481
y1_HG00621.1#284	bcbbcf5651fcfa7f1edb668a7f29524a0f928f16bab5414f1d5f13e3ae5b9f60
y1_HG00621.1#285	1b35a70505afbfdb48637c29501956a787c52716bb1a95f6d2389625ae6b1967
y1_HG00621.1#286	aade194cd687d14f8459159936332b8ca394927cca29d70854722607074d93a9
y1_HG00621.1#287	4e9697bb770d2e3059f4496207739c4294d54ff01d21af1d11774ec2b7601d63
y1_HG00621.1#288	730cbd4bbb9869281fbe8418cf98fb46fdaa97f023ecf189bf3a70f124444ae0
y1_HG00621.1#289	e1fcc4e16865630c5c47441f800dd918a83bca2fc0c59df70a607125c5befb64
y1_HG00621.1#290	e03e92a7e4ef2fe2d8d720c71865033dcd51c1a7df14d70e263f832cb8901d08
y1_HG00621.1#291	1d2b14b1a0d7dcc797122b6cc338079c3142299236338984d7692befc819b3ce
y1_HG00621.1#292	9cbee37592ad86146e357d4a7a56c8177730df221a452c239f7272e171d6e190
y1_HG00621.1#293	1c4cb27a283aa1a26a3164f2f0142bf6f80b3bd14d0d6614efc9f97713e342bc
y1_HG00621.1#294	17fd897bfab922b307d620849006a24842b3e061d4e1ef3b5c6557818593966d
y1_HG00621.1#295	662167c9c656468cdae648d7bf4fadd5df487c094d7d2c01d3df26656d3e88e0
y1_HG00621.1#296	2fa5ae5f8ce81f43481ffe84447ad935f2d3fb4d98d5f727fa94d5cb7e19de57
y1_HG00621.1#297	04085bf660831df0eb5276342354f20d8c6edd7db6cd79436066e2d79b94c99a
y1_HG00621.1#298	a3c145f8c0143c50f66d05d82bd7c1ac10eb2e23b3af98c588dd1aaef9d99fb2
y1_HG00621.1#299	1f2df4e03d21676b1efb8952c8b1b6e4f32db0b9427472351649ef954a231c94
y1_HG00621.1#300	c62af40852a82c4ea528f0e93fa08329b290739ec40d9ff5e2dabcef181a8ef2
y1_HG00621.1#301	b5c0c2ab037dde9f5d25d91cc309c6d734294996ea046a4f1d54d3da3782bce5
y1_HG00621.1#302	b3cd7664d3f8663f7af59e42c4ca3476e2ad300861cbbfbe14ca4b727d761717
y1_HG00621.1#303	afec0a079677b89f27c51c5b9bf44d1bfd8a92bed2b6e4600a1589502b0a6fb3
y1_HG00621.1#304	030a6ea238e69ea6a47be8f70f5e3629aeccae9aa1748c002a738ad92bc8af1a
y1_HG00621.1#305	a977eb914fbac58868ba109167630018d62589415c956417646a9c795d34dfe5
y1_HG00621.1#306	9af9eef31e66682c7a4c3053e2f28007fd5f6ea4f2b668263ed2716fe4c793d8
y1_HG00621.1#307	2dde6d03ddaa287e3ac95b4befe8f38e8766a35092fc01e47e28d86c7a29e412
y1_HG00621.1#308	cff235cc5252e806f50b31fa07080796af2582b8fa183a6788aa5eae59972405
y1_HG00621.1#309	6e5b4111683872944d3fba6d332e78691c813eb182d363ff422e7e2ccf279c6b
y1_HG00621.1#310	9f7ad2eb8949487b7f3ce3f58b178c420d7fe9f5243115c86b0d30e53fbd9672
y1_HG00621.1#311	6b0c88d16e64160503d6c0ac9ccdf6af105d9938cfabe5a72023a8592650757f
y1_HG00621.1#312	20dbe9774e8036adc6205ec97e93c606d0091094a2e150d0ed5ef772091da10b
y1_HG00621.1#313	edf1e95674fded14743488afdd24e8e09f9559570adb526130d35848ec545331
y1_HG00621.1#314	5f55368f3c17e3e933f732a418a82405feff460c29173bdaa8ba492501aa854d
y1_HG00621.1#315	c7460386777bea485665cb6b6089f8cd242326aa6419c72d871fc1eff8663d55
y1_HG00621.1#316	3a27eb95b54246065972e5f06b23b60da431a8253ef6ea79300675820a3c7746
y1_HG00621.1#317	8ec09800e982fbeb9d0d8b7adc74f3f1201a4a40d62ab1ea72b778b7ed6dd83e
y1_HG00621.1#318	1917a70daaf270d6f3d7462b5982e5d0288eedbbec86d4d4f93ae50e246b7953
y1_HG00621.1#319	dc6237ed286420992d0b5befcc35b51c21ef721984402c20fb2f65c1f1ba350d
y1_HG00621.1#320	c91735629e2aa461a74c1101388f8a435451dad1fb3b21e1d1b35effcdaf25b4
y1_HG00621.1#321	296ea69d41431a4f3e1df767bbb052333fd6d793a2f5a388f8022ad45bebb9fa
y1_HG00621.1#322	f6005562a8c9b5e5baec49f216980ae2c48870738c0cf7d7417e4fb19d12e069
y1_HG00621.1#323	2e32f06f2fae657d6986152e8c41db13c202e1e7cf29e6ad5e40ae33ed98a2be
y1_HG00621.1#324	45b555331f913af0a1851889bcb0b3570cad58b8703ff781a3c14e8471a07e43
y1_HG00621.1#325	37686c540b5856cd26b7698d60f8aef91bc4e7793b3bfeb29902b30b09d5a554
y1_HG00621.1#326	9ba7dab7b6b9deffdefb375cd82c2862ef25a973b3a7496237234bea5450acae
y1_HG00621.1#327	1c4f86d86f4424ee2eebb7878bd9181e19bf296fd68daa11d6811eee51b57477
y1_HG00621.1#328	629950ca5c4785479b37060007e7af0bbb8f913ab5ea25630fa763bd47c0c3c8
y1_HG00621.1#329	ec0613c591b243ae20e9eff3fed6d0d2d40156181ddaa0a9e5a9262c72903592
y1_HG00621.1#330	224710b6b4d74fb1f7c72e7ebd95d3fa742b381efdd7aceeaa27704e0d032586
y1_HG00621.1#331	133dbc62717a11b8213bed60121e9c3d7da11c7cc45a61a6450dc90e1fc117d2
y1_HG00621.1#332	8aca48805e88648f407bdd25d2a3307a5be83e86bef3221fd64238a8baf6ee05
y1_HG00621.1#333	4cce9628846aff27884ce50f89edce6d8396882aa7c15783b7d6e0819ae2fe28
y1_HG00621.1#334	d9883b76d3af20f090bf97fb599b645f0c0b0bb185eb5297d0bf2f75c131f079
y1_HG00621.1#335	dd10044074a9fc3a5ea090320fbad46fb00845bba30732cfa28c564c7ef09cf1
y1_HG00621.1#336	a97f9ff2358626b3768c724f9fde8733103eedddba4a895c08efdda3548f28f7
y1_HG00621.1#337	c7fb727e8ae09f86e2730c6057b849e31e941a9e3e72d5169b1c88dc38b7a2cd
y1_HG00621.1#338	644c4c4b9c1ce72fa4536c1e44555330607ba5ed3421b400d944bb7b17754260
y1_HG00621.1#339	0bf0ac9d0a7d44d7cc60e5fa66371e9d1fdf76cd36863dc9be80cce55a42168c
y1_HG00621.1#340	4b34d7bac346c9ce477c856adb0286d15f1602a31329de2ec28ba01236c1231f
y1_HG00621.1#341	388de534f1c56bfed5af54151d57bc30b089289e91946cbcbe13284c9666d013
y1_HG00621.1#342	69126cc1893fdd258858b03dbea64ebf1ee3d395f73527c7acdc3e4d5e407091
y1_HG00621.1#343	25c8a0bae2c5c9c98fe45425222ffb34130c83b5b3f24d0d0dd14bb50e2ec2c1
y1_HG00621.1#344	b92ef206b4c5fa4abcb12f194e5996b616a9a5ed3e8edeac72690647f1e2bfdb
y1_HG00621.1#345	584558c272918328d8fdcc5ab5e0ab8525681f7084398b5a2bfe47a0071560e4
y1_HG00621.1#346	e1cad4488f1a5f0ec078ca8f0bd6d0cd692a5ad0293f3bf9d90bf8359c220edd
y1_HG00621.1#347	69a3822d2280cd6c721f8a190b91e3196702e4440548d325195a5db7ce55b326
y1_HG00621.1#348	0b935132a37ed01982ddd8523e56ba804440f722ec9a2d4a3fa6f0d72266ab9b
y1_HG00621.1#349	5ed93fc544eba4e64f05b1c0f22c0348cd6ff178c6001539e0b5bde1c7886b96
y1_HG00621.1#350	58e6eae92f754f343d32db82e3266357426b02fcdd498d4dc6a2f978f93e75a6
y1_HG00621.1#351	54c09c1d352985aec4cddfd4b4a821b1874412326ca743025303f3dfddf961a0
y1_HG00621.1#352	ff26465fd1e19ee31a301761bb48432bea6a74c2985b231cc9b011ee74e09837
y1_HG00621.1#353	8e95e560bb25438b5545f06e93792347e3e1e5ab95c60db34209a549fd7a676e
y1_HG00621.1#354	49364e819c9c32525b5ebed71ea5bb9c80d05b820568b1e4ff910242f88093d0
y1_HG00621.1#355	30643018975720e9e378e688f5103e4cc93fedb10285bf70819523d1e6cc4e14
y1_HG00621.1#356	e02d5c1cb1932696b8095ec36789bcb067c1ec8796be04d79135ad105fb42e27
y1_HG00621.1#357	0bf0ac9d0a7d44d7cc60e5fa66371e9d1fdf76cd36863dc9be80cce55a42168c
y1_HG00621.1#358	59b155c6335475d38ce8c757622ec5f747b1586e965e5894899bcf5edf606347
y1_HG00621.1#359	2a691e6631167029dea1ae004a8c8528617deac4ad810356acf25f5037945ab8
y1_HG00621.1#360	a0874b71e8c3daa7b99b5c64b55d50f6b5019290a703df0e9d6e112b598ef177
y1_HG00621.1#361	8e0d0f9686187863d6d687f9400d65749ecb05e7e1ee533332582a9df4e9e93e
y1_HG00621.1#362	2f9b1584240b5c09bb6362302f21103c19aede754608f9968b629dbd0a49456e
y1_HG00621.1#363	9755694a05cbfc63605ccc43dc7387c876b14edbe45571d74222198e1bf10761
y1_HG00621.1#364	8bab7f13ab7a54cf9b1e526ee90562cb8f39679cdb8325da3ecd155361bb9b2b
y1_HG00621.1#365	472e73d796e20aa8ff9059e6316f218e0322548f661ec4dc267507ed66317404
y1_HG00621.1#366	47ca4d26ea35dd07bce3412cd8a29d573be0e7ada7f7acacf9746ecd48e65708
y1_HG00621.1#367	aaf0bc532b72936fb209e44858e7e08b1091bc4c718a71b6285421265683758d
y1_HG00621.1#368	6352fe8ea7160f668f121b78214a3ae9f00e7f36dfe86f00850f3d0579cac678
y1_HG00621.1#369	9521a3fd215f150fa46025c2a343fbb1ec5b5ac1434e28d53fd50154fc2c01d5
y1_HG00621.1#370	a0d3eb495bada0aaa55772e32fa75728c3901bd5ce1231fdef0a131e8327f79f
y1_HG00621.1#371	6186b6b74703f75b7655a02dca023733d5f7f50b1b9ee1b068aba00a23070da3
y1_HG00621.1#372	67138c71afb2dd7d77255be0d899780c7bbbaad3cd0782611cbe8844627553b5
y1_HG00621.1#373	0bd8237d4a3cba213bd120dae661c95a68daf6a1567ea4df3701ee1fdf6e1edf
y1_HG00621.1#374	e2630a1e312938c420951d68df8e828cdf68895928699d147af1c58184af5043
y1_HG00621.1#375	26a8a92d59a53b6ac0f1014151147b362e2429fc9529108f817878b500cdc067
y1_HG00621.1#376	a154e48e3d69acde7f5e860902ec1ab1a01ece4b0a5344ceafc26283c7e059f7
y1_HG00621.1#377	0bf0ac9d0a7d44d7cc60e5fa66371e9d1fdf76cd36863dc9be80cce55a42168c
y1_HG00621.1#378	feec751e56720d521c8cebeb7ab2e62898b5565a47e9c9b34037515c007fb06d
y1_HG00621.1#379	a08f70bfc0c9e7b8fa13fa69c804031f2e5946ee461d912846a6c950b1ac1c24
y1_HG00621.1#380	3f70aa4cafaec1cbd463483699cb9cf54f34c5a8f71339546ed77ffa18f061c4
y1_HG00621.1#381	34df23e4c31d237876423c0399d364352e5d624353c7ddb5719e9523c9f3f6ba
y1_HG00621.1#382	58bb119c35513a451d24dc20ef0e9031ec85b35bfc919d263e7e5d9868909cb5
y1_HG00621.1#383	bf2c0bd6fecc311f6394499dde905d7977342a8e26cf8bda9e912b325dc46ecf
y1_HG00621.1#384	9af9eef31e66682c7a4c3053e2f28007fd5f6ea4f2b668263ed2716fe4c793d8
y1_HG00621.1#385	9779469589f956f434b70b578302dcbaa084a5eabb0124ccd61b0ae58c596e70
y1_HG00621.1#386	a6244005dc4464c8767e4ece364e90501adf933ab8adffff5b96402713ee37c1
y1_HG00621.1#387	e445843996695f8fc2d1d1f144209271f4e5a8334ef50d97cf9c0b64315bf4c1
y1_HG00621.1#388	c96caf465c735d589ac7aea52e7e66b75c64077d8bb7939dc850a253f398d9d4
y1_HG00621.1#389	fd9fb111d7eb03aa468f208b54970d1e1a94ea128cc74d2e08761b9130f72a4e
y1_HG00621.1#390	18998f7c7227592e6d60bb3d1d7d57ae9fe0e8dbc6f1913685fe14ac67cbffd3
y1_HG00621.1#391	85815d53bd00611c789425540859c97f0652fec0f415ccacbae9a1c22ccccd59
y1_HG00621.1#392	8573213912c5793b36a448fad25c421bf0ba98f689ba989010aaff30f1b9a498
y1_HG00621.1#393	d32ea603a77a73a8b573427006d86426189094d3af9a88e3f92fec3846b3c820
y1_HG00621.1#394	9af8605dcf735844f0867df394466c44ea908a33c51e1fdeaf36eca5e7950c50
y1_HG00621.1#395	e0c4fd936e628efd49e380c33e9756f741548c49840e512d294731ea5ad45827
y1_HG00621.1#396	979dc6f4dbfc3591aee6d6b140c19e65e6dc82ffe6f1ad54a3a86daa23af566f
y1_HG00621.1#397	e6f43c052ee4ff3ae1245f2cd20617b345b8dd23001799dfdefb7ba02aea2774
y1_HG00621.1#398	e01cde1a9b3c27066cecd739ef369fee8205943242c3256fac9fd001b1eef073
y1_HG00621.1#399	e0a1234af29fdf16480a436a6123672794ddea7dd770734cbb4bddeee5a6b80c
y1_HG00621.1#400	d5499b7b06a30f46e08996bd08642f1fa6615b2583c4c3d8011575929c46f0ba
y1_HG00621.1#401	0bf0ac9d0a7d44d7cc60e5fa66371e9d1fdf76cd36863dc9be80cce55a42168c
y1_HG00621.1#402	dfd6dbf5b1ee01fc1b093c6756ab72c6716b182a067bd8587a02b0a130aa33cf
y1_HG00621.1#403	7665396e900444584e180e21ca1f781632fb9408ca42dcc712a1623731529f01
y1_HG00621.1#404	adeb306edf7559ff7f900d0d7f736246f3475c708a12bffd8ea37e3b542363d7
y1_HG00621.1#405	a81e4ad7d04f37424ad5cd1efa2092772f1a938c0afb430c8baaeb0ffaec9cb9
y1_HG00621.1#406	b35517c563398d4d86cb214c7cd91e80e2dc6e05ec7fd4adcff7c4764badd964
y1_HG00621.1#407	d6f0a0ad3e038ef5ca981ac4986275983f2d3357e1bea92835f22214fa612fe9
y1_HG00621.1#408	2d9245a597d204f0ead4aca271192203804c20595e8ed2d6ad51491fab9a1bf1
y1_HG00621.1#409	3fe33ed08a43c7a1cb4301f115d2067cd427c61b99839e18cc6a23c24394a7ef
y1_HG00621.1#410	5a48ba9c192c88c0ef4189baf1974125790218b723a65239628dd655ed4d1412
y1_HG00621.1#411	81decb820c6c631dd47a15dc4aaeb4beb35211d4aa16f6623b845644512dc0fc
y1_HG00621.1#412	863fc16d91e96855d99ef4bb8dc1c183b1285c4218d71757c4dd296c35adb748
y1_HG00621.1#413	bbd84056a9ac2f02100f841b482e642b7bbb7c932769e85b3ae23fdd6c653d0f
y1_HG00621.1#414	1941c78c7cc26a9cd317d9e4cd4d6cd3bec21daf903dd523b5545369c609be87
y1_HG00621.1#415	3835f12951ce6e3e11a9e6f9923f86c0aef94378dc732c51567eace32807a604
y1_HG00621.1#416	57aff906c67964dd666f7456ca8e295b937ac48df229df3e18c8e2d4dead9934
y1_HG00621.1#417	c5f775c57db5bb200f463db8e27c9fa837c38fa0936b82ec4a13c9da6e03cc47
y1_HG00621.1#418	ccd179cea67bb663c77c5354d6c90d587a0cef2a67cc7489653bafad670413fb
y1_HG00621.1#419	0c62e360060c925976004f60be21e5543c84313eb58b2eb35598cc8a46a58b03
y1_HG00621.1#420	4be95fd0476e7fcedfb501bc740ff7cf43a7cb9fbc30bbb6c44949e6d50bb3cf
y1_HG00621.1#421	26bdef5276f750c585531400f4c7467ba9dfbfb2106a40748f809c43785f80e0
y1_HG00621.1#422	b4e93f12ecf1b3c7644312d03e7cc3385ca61a177ddfcb3a8dcf9c5287ce4d56
y1_HG00621.1#423	ae7664bebba1b1668c6a154da230b2628f8ddec5f154baa573c984cc835f48dd
y1_HG00621.1#424	4aabeb8d1ee5d20adf73d0b8a1300761538f6168d508d92216c92ad8bcbc0335
y1_HG00621.1#425	f63ba9eccfa86961595684c3bc5b9890c4387c7e77b05b2fdee7f1ee7f4a5655
y1_HG00621.1#426	9cce3bb474153e6824ea88f8939f54f4e4e58fdfd33cc490af8f6a898db786bf
y1_HG00621.1#427	48943a115a95dcd4b1c7c51f574b3419778ec60fb101e976548da0b5b98048c6
y1_HG00621.1#428	ee530abf85f60dbe9208449265c24246da276e4b58092384f59776b22bbbf6f8
y1_HG00621.1#429	15cbe5f066da796145940479d571424695e3077a1de270cb04972942d5b16260
y1_HG00621.1#430	58bb119c35513a451d24dc20ef0e9031ec85b35bfc919d263e7e5d9868909cb5
y1_HG00621.1#431	eb5442705969dc8da5dfac8f9658dc68acdab5bb7635ba7cc551e389416ac34e
y1_HG00621.1#432	a90a7d57523dd609b24ecfc344719254a2c83d168c1f7e7416d7af2c85ccf339
y1_HG00621.1#433	02e7519701010c37023b32f7cf998d8897674cc9046a3efffe46401a082d68ac
y1_HG00621.1#434	8c57a27cde06dff88776ab8bca9394c0b2864357c9c95100f896cb61dc672181
y1_HG00621.1#435	b77170b67b09eb122dd275cba10baeacc1dc956c9c80d979ad20f8b2993c17e3
y1_HG00621.1#436	b8b99a7fecab0cd16ee02e938ea7d44d5f5e82a6b4c04558dcd16319c5cbe63e
y1_HG00621.1#437	602ce8f44da3718a4f4042bc11c9e8dfe55ebd3fc77ed56f75c1cb738d614bbb
y1_HG00621.1#438	22beac0177e6da3b087eed8b3a2fc5da243635aba460d3b3c6bb0297a651894b
y1_HG00621.1#439	15546e3af0fa5ba9c391edac2754600bd120cd4c3f2a8b4fac38624bd2411544
y1_HG00621.1#440	d73c203b4f362336d1e6869093ca8806e540e7755fb0c389dfd13df9c52fb99f
y1_HG00621.1#441	237f74949ba46876831294cecb762237d83ba3e92788d2fcb1d4a2033c353a7e
y1_HG00621.1#442	7ed9437a31416dd28ef605df3a84ece41021fddc0cc59e1456721afe7c190e7e
y1_HG00621.1#443	679c5cf7dc0773b03a4078e16178ff73203ef96e9354ef2e9329d48f336ddde1
y1_HG00621.1#444	954e5da915f440abc20b6451d879e8de30461cfafd959e0f8d669a0dd5217055
y1_HG00621.1#445	356af691a6540cd8f862ddab0c5ee1a9add76af1bfecd3fc5f0fc335ea735ae9
y1_HG00621.1#446	1362dd1dfa52572f6af6c7de91206c01947b41344367e5eee6a2cdc91b800926
y1_HG00621.1#447	f0a49ca7acb58892f7dd874e57c9e6afe6b910cc1755cd03cd8ae9f8182084e2
y1_HG00621.1#448	7b3cc6ef7573c310ce4c120aa9575cc5c8a58e07c08959e4b581c737d915561c
y1_HG00621.1#449	8c4d4f383b1aae143b587a5d578e6459c85adbe1a8ec305305701c3cae375540
y1_HG00621.1#450	4156bd563889f96c3932f2e30f9e63a6634a2dd39f89b9e0867b2c0cac956c4a
y1_HG00621.1#451	7bdff04331316946a1fbd0e220c353423f423def65144e5bb4654022299d6563
y1_HG00621.1#452	4a576e60af8794ae94e2c9540c4fab2019c64efe9554b478dc15e85e55c7af4d
y1_HG00621.1#453	cf68046d96e65b2e05c691b4755a668837b844c1e7661508f582c600571dff87
y1_HG00621.1#454	401e73b60ecd203f6712175a2781d50b53df8487b5a1ecd6e4e2b41cf8c3633d
y1_HG00621.1#455	9779469589f956f434b70b578302dcbaa084a5eabb0124ccd61b0ae58c596e70
y1_HG00621.1#456	2baf82a81b8fff3c59ebc8deb20226ed534867046773a1788555d83298a50c3c
y1_HG00621.1#457	455f45a8ec0124e39c049dcaeb96abc049d969a0175c38b19d0202438edd74fa
y1_HG00621.1#458	f3ce2e19c72397f21070a663e0afd39d69e98cebe9d63af47721ac0714e8601e
y1_HG00621.1#459	aee7e880046ef57c05c2871958493b96f8845ba45208e6be7ef7491618bb1d4e
y1_HG00621.1#460	f15aaa999bbf4a71095e5e1b059ad63d6dbbf9f2d060a11ac745f9fb435729d6
y1_HG00621.1#461	68169a122c9ad4e16e3026992cd158213b444a9474b8d932799d9ff8411c4170
y1_HG00621.1#462	3162bac4841c62ac691a92d49f5c0922f1a2d05c4ffef8a62762307709e337cd
y1_HG00621.1#463	b6d8fbe04f8a1db787bb2840a621400f17d6bdf2181c26c9acfa08a1e4d51ff1
y1_HG00621.1#464	bee30e5b6d59c1bdf10100ef331706553fd3c4e6b0a342a092c6f6f733b8be36
y1_HG00621.1#465	722306bebcdfffa89f25851996d8c1b3c7ef952ebcfcdd81ade63513bbe47e5f
y1_HG00621.1#466	d9f18375a3dffdefe9800a43c0c3a39d0d393a680c3a8ad4222357006daded70
y1_HG00621.1#467	393b895332e0403ad0c166f7e735c645dceda3e87492d34e907bac8f410ffba6
y1_HG00621.1#468	c896006c15723bc8100986cb14335d58f79f1a251d820b0be0ac7eb9f99bce39
y1_HG00621.1#469	45e5206a67b8a3d784e079820a270d6d3dcd0c00c6ae3e50a29088e3448d5bb4
y1_HG00621.1#470	25f248c6c46392af0283471854342344bbde4cf5ba25a397161eae03fdf62a8e
y1_HG00621.1#471	fdfc5251aece5b8295a375013a89c16fcc06bc575bf5930cd1d068236ad2052e
y1_HG00621.1#472	9779469589f956f434b70b578302dcbaa084a5eabb0124ccd61b0ae58c596e70
y1_HG00621.1#473	6b1765922600bee606ef3e9648f0fa38a574847c0ab50fee24d746b36eccbe05
y1_HG00621.1#474	93bdcb846baa657368f91e0f8c396be423ee84da301d428b5e8a9614ad25ca36
y1_HG00621.1#475	9d34778362594e5f7b796efbe7fedb3497383816009f26be1cd722de9cee3e94
y1_HG00621.1#476	573ed3acc61b5ae2a0958c9025265917882ec8d5bafa17ef9db041d10c6dc6a8
y1_HG00621.1#477	fdc478e04211a499fc563a8f0041fcb92d064c968cbac9945e4b2dc1f4ea390a
y1_HG00621.1#478	9fe4ec2a600cd73b049099229d69b7e86a42a30802fb1ca970b3674eed00d573
y1_HG00621.1#479	2495fcab5aec29c4a44dfebf380547d91dbc1ee199eeead59c468399fbf07c38
y1_HG00621.1#480	7adc2d1528a95a666db42522589a110cd5edd967151378e292accf76e114e281
y1_HG00621.1#481	10d65a417e3d76abecbfaf3e9be1a9390d2012834d60649c84821d480e33264d
y1_HG00621.1#482	b78b81c44c711be219ec9408a2dc4bdc19957afb6b5ed371239d7b0412418eab
y1_HG00621.1#483	263af9aee8969671ea66a71e6f33bd792c7e58904038adb05af65b07bc4b2e86
y1_HG00621.1#484	96788af643b344fe1ee4af4e3955fd2b934bae8d650b23e060c4c431baf619bb
y1_HG00621.1#485	2eb62ac4b3cf498db3350b2088abc1e5ebc33dc5f0da2714c3ddc40acb7e0be5
y1_HG00621.1#486	ad50b8dfa20a6d4213a7a8cafd00e478c4b5391291182ec8d3c6efb9dc93dca4
y1_HG00621.1#487	4915848e422599142d9f8540c98f60d9c16070c8dbae6354e8e7c28d9ef5ac3f
y1_HG00621.1#488	1b6886ae90628172e349fad3f9c18c86962039b66a7536ef5e09fa45b30b3a15
y1_HG00621.1#489	0c25e721afec1252acba3cd9dcafe0d478e2541c531e6a5c8e5dca92332fa776
y1_HG00621.1#490	9dc31ab3ec4142de896c4e777c2321049bbb6cde9a4b7f01a2e7a26d66aca42d
y1_HG00621.1#491	4c953419c2662662c5b6491065a3e4c094f802628cc5e696d3ce4212b9637fad
y1_HG00621.1#492	ef1bc7a523d26f6681b2e4e09627dcbca26a6239012f6bd2749096e65b90e995
y1_HG00621.1#493	31e16855f2c3f2d354bd3a9a950f20238c1fce4c2314cbaeb9b0c1be01ee8f16
y1_HG00621.1#494	d05d18311702dfa1001b4988cd0f642aff434dd2c3b36584f8cac84ad35d4420
y1_HG00621.1#495	15b89a569474240a616f9a94dd045b2711d445dde955b62bf4b8f2a2afaf0f6b
y1_HG00621.1#496	aff781b5eb0def1b0135dbd4df3a716386ec3867d40aee235efe149961545f5c
y1_HG00621.1#497	7dbf8b32f950094616dfbb3502cb1b89b5866c7595f1c34f21b686611e3e0a2b
y1_HG00621.1#498	34c0294505458e391decc89d43af925a1b0c26cad830833f2fd6380417f7fdc9
y1_HG00621.1#499	06d25dc690daed950a4457d5efa27b60861280e7160f48b8b3958dfa9228909b
y1_HG00621.1#500	5bd743c6c3fa97bf9af48a44111e4d2340b0f2147b0cee6ee82bf51adebeb1aa
y1_HG00621.1#501	3dc3b1e20977c7fb816a75af5a86735962a871084516202392c65479ea4e2521
y1_HG00621.1#502	0d3f50dd832048d266fbaaf205f68611102487f86d4cab9cd62ec585f6774fd2
y1_HG00621.1#503	009732a3b55e920db2b0cfc92d58b9424756e8036fedd74d8cc291911f739608
y1_HG00621.1#504	7c39a16bb3a68861977d0a2186eea625d4e3fabfa8958ab829d39815c3062726
y1_HG00621.1#505	532e26c27a4e4571c20ec55b00ee1f8bfb25d1109c245f0ed13eab44c7a50fd0
y1_HG00621.1#506	a9c67b0e5f90c9cbc9b8bb45f25ca2e06380c73fb3d66f207f78e66f8cd39ec5
y1_HG00621.1#507	9f62860e409a451fbb6b14076d20cc6a93f79eddd46f9ecb420943bab2c92b7f
y1_HG00621.1#508	ee9c0a50e08787db14017153d3897bd2318d0e8eee532a9a327c27950add6606
y1_HG00621.1#509	222ce462d6c795fff3a4dbb470ce73433aa097f4edc3bb29f67602badaeb4e7f
y1_HG00621.1#510	7eeb76ace98f8eff4ed2ec0091a6deedc41aeba021eb48330bf40035b0c1d202
y1_HG00621.1#511	ba0488c2df98014ba1fb8ee698c0694bf516636d5f258c0bb23f111982affe50
y1_HG00621.1#512	dd43bcfd0afecfb397956a83c2e60fa92e4b20c90923905c1a106527b9766ba6
y1_HG00621.1#513	13d73fee181d3b71920c5c480d4b25bb052ffe9e9985d61cfb7e56485d37e653
y1_HG00621.1#514	c4ed5281e51195a71fc68ff14086364fee6b0fdb6dc86e37e9fbfdd505928759
y1_HG00621.1#515	9d6773d9f8072a7ed634aff5be4c2f24c45aa817589dde171bd97b16078fdb8b
y1_HG00621.1#516	eed64f1b2a3749efc3f22f51b124ea0b71989f2f10c4babd7a0b57bf53c10135
y1_HG00621.1#517	2dc63192518c373eff0614ef00b15b30abe1424bacfba5b8b42b03275d6fd96d
y1_HG00621.1#518	c5b4e13f3e0656ff0a30c5049fc692dbc969603dafd51af3677adb1e9e4ce125
y1_HG00621.1#519	f61b8e0d889bb9d913c5a7c7169eb1285f3bba9656ac41f430ba75c0095c68a0
y1_HG00621.1#520	e3e20ec034b6822e6cbc90017c4de3a96bb5747782465a8e68fb4a29c7d85c41
y1_HG00621.1#521	e66b07b8daf335955ec3451dcb621fcf1c7ab5538a27e2695f338fc35c7bddf7
y1_HG00621.1#522	dc3a8f246162066d7813cdbbccc695d1cfb6e40d194a54a04e7176b0fd5e9663
y1_HG00621.1#523	b82df12fa1c4f63165738c0b3fae6e07893c8561810cf0b86ff2a93014ddd167
y1_HG00621.1#524	6a75fd4eaea9b4769fd3e2f2c684a4029c0208470c13b630ceeb9889c0861de4
y1_HG00621.1#525	496a259a490d19be3a5b6282acedfe7b0fb529481cb0ab7e4191854b947f7c3b
y1_HG00621.1#526	034fc48ba584fc2a8b0b40c727e4ce36b79845d7ed910c63abfb2c22e630382c
y1_HG00621.1#527	b39adeb96e810c194cbdf5e4deb55e8bd15e146633d2c9b05088330f6d9f4190
y1_HG00621.1#528	f282953fb3b357c217588e5bc2f6072472a4e6c08c6214a6a923a5892d0858ac
y1_HG00621.1#529	27d988472fd7531aa0b189206d8105991104b36136b42989a1fa5e72d8167cac
y1_HG00621.1#530	ce061434cc290a0f25349776e564213b1c1c54f3549f9cf6bc861b07c3c7429d
y1_HG00621.1#531	ff65001dbdf434a35cb05b8f72fc1c063354e555a32970b84fa476f6a924643a
y1_HG00621.1#532	64d10770ea86db47efdfce3bfb30da9bfaab1e76d349868630cab66693df9b21
y1_HG00621.1#533	914025a692bdaa896d1dfb2facb7135cb677268069e18cb6327c20bb4f27c10e
y1_HG00621.1#534	5a15c31f1ef07c72d21f75c5f6c54274934237a60ce8acf7086ac0f37806eaa8
y1_HG00621.1#535	c38fecebec582666adb8fa0ec6115eaabe3d252a67c2b8e7bfaae3f9c9127310
y1_HG00621.1#536	a8e13d0b19587f367418182dd0450298b6ac28b695d7f3eb026d6d9c35a6d205
y1_HG00621.1#537	749fc27b70f0fccb47df598226286589a531708c78cf2cf20b52b3b78cabb9ef
y1_HG00621.1#538	c718a0d72b02ad3d2cb346f54bf2d77e484668eae9a71b3f2642d5252c61aabc
y1_HG00621.1#539	9d04ad7ad50369047b2b2a83329ce754fbe48d4f6984414316b9a3b8f7251631
y1_HG00621.1#540	128d55d54d7963e165f04d2a1ab8f5fd1f6682257f189c32c2d5cfad90424792
y1_HG00621.1#541	531033b2afe9dc8fb403e8e0b4eaba6cd3bfb458251d629bdc45dfd32c109011
y1_HG00621.1#542	113dacaf70bbfd850582d58df02e34f2c5216a89c4c7be4692ced3b60870ded5
y1_HG00621.1#543	ebbef717c9add9255efb4e22115f4ed79b2bccf192a30f7ed02f07f324d59ea0
y1_HG00621.1#544	77b25b581e6fb0e88bfed38a98ca19e66d13e870b712a669d7bd9c1a578c643f
y1_HG00621.1#545	ec5756b9fe3796eac6a0ed158b74f33aa6209ebac7fb70cea7d752ba25b8d8f4
y1_HG00621.1#546	d2e78fd50694e3b4e6f3ebd4d78d7582a53ea41010ee3bacd515a109bb1fd3a9
y1_HG00621.1#547	a56362a10c816abf206d72cb914e2d5ca454eb9c7e744f88b1a1422c379e9942
y1_HG00621.1#548	58bb119c35513a451d24dc20ef0e9031ec85b35bfc919d263e7e5d9868909cb5
y1_HG00621.1#549	b9fc471d585da7ec3aac7f212eb8bbbca980718a796d3b8e3416fa269cbf22cb
y1_HG00621.1#550	7706cb7329740ebf059d5583b88201bbc6f85d533f1c0e2d0fb78d7901f02329
y1_HG00621.1#551	1052c233c27e5cfe6c43564d69adcda11e88c5765296e9dc3a698b24577e607b
y1_HG00621.1#552	1e0cb0f7bf81b20c411fe6e653df870d69cad7f89e55f76c3dc56ba69174c33c
y1_HG00621.1#553	1d89b8a700300149ce4e527a3cb0c9c8ce82d4f2b32a34851c66a9b00d9d2758
y1_HG00621.1#554	bef7bde79292982d91337db35315f8e9fa1b17294ebadca1f4a3a2e039769164
y1_HG00621.1#555	43d9153ee9c534a66e105ace91377262fb13c9d19ccd75ada9ee617d91cc182e
y1_HG00621.1#556	d970b2a9fcd5920ff0633fc94203d81440bf265bdac18992bf62c416c4994452
y1_HG00621.1#557	a587f3c38533d580a709293fc09b5721e85bac3720c3fec9532ee05b8fe95d99
y1_HG00621.1#558	ba464bd29d8e092a7995e35e8ae54f6b5af1ea1773a1a92f42bb2a9ce9e033d1
y1_HG00621.1#559	d90d61577bbc252af7c11bd363ad9c2dd218b8cd8e17c4212999804ccb4ccbb4
y1_HG00621.1#560	794706577ca52f44a434df8a38c90bd94b987bfa243137b5dd17d2e0f1c01340
y1_HG00621.1#561	4b650e5c4785025dee7bd65e3c5c527356717d7a1c0bfef5b4ada8ca1e9cbe17
y1_HG00621.1#562	166ff3b14bf18a9632342206b36fc29ab965c99c46f99e26d4b5f5d5d1da78eb
y1_HG00621.1#563	5ce802befc593539c48cf9995ec77cd3970372fd5319f2e79decc12087ade366
y1_HG00621.1#564	71a386bdf490a01f420c6680437ad779fc3edb3eab9a23321df7644f3e88b024
y1_HG00621.1#565	5d94c772a63c47bfb732865851abce7e27ea1427cb25c0da29561807091aed9e
y1_HG00621.1#566	f2eb024a7c53178d9e7ef7916e0eabc977dddd297de79b96488c9768bd7afede
y1_HG00621.1#567	483935cc84df29a921b35082c82b688243ce7d889e92c5686160f44535a7c252
y1_HG00621.1#568	cf397c819c568c80d3762401a41a0aea232550d02e7ff942bd12cbd66826587b
y1_HG00621.1#569	eb5442705969dc8da5dfac8f9658dc68acdab5bb7635ba7cc551e389416ac34e
y1_HG00621.1#570	621ee477d907732f3b164b3c96ddd799619a504768b52e3fcaa3b0b2f40e59df
y1_HG00621.1#571	135c7e1eea8765226343ae1372190c2dca5dad3565424f89d633c508659a6769
y1_HG00621.1#572	9a32d69792a1a5ba2192d0f623214377a63d33f1d3a1b6900e97b59c07479554
y1_HG00621.1#573	6d86e1b49fea0be2fc23e51c0249f0ad30f6c2ef69fbef7340b476ec4f93871f
y1_HG00621.1#574	ec97db1fa40ab1c18ddb8ecc555cda31e359763487f0e93f904c0e614d73def6
y1_HG00621.1#575	9d2a7f232e09e3f88bc6cec832ce8d3ef58acade802820998c65898c3f97c864
y1_HG00621.1#576	fbf1161f2111d49ba496a03c9e4df7533cd5365400299b76caf0691425044099
y1_HG00621.1#577	7eb91ffe6d4ee527f3c87f2472482b596b4f3c8fb0448978bd43e2adc37d97c6
y1_HG00621.1#578	3a609f703f076da932ab65abd2a384d59665b6acf76657dea219a9845ad31f40
y1_HG00621.1#579	8be3254e33056d7d24af92172bdfea8559fd0c9a0cda6b9fe16f39e2e3e3f18f
y1_HG00621.1#580	0db14ae179e7023a8f924051862f9c436d2084eeeae539b0086a92988a25c46e
y1_HG00621.1#581	d5ef0f0e059ae5fdbee9ef56db7748a14e3418111c0715c9be7fb0314ed3b253
y1_HG00621.1#582	d829d868f8c3981f064bc456ba84515eb690974d7542f40dece6697fad6f8a56
y1_HG00621.1#583	99fc8c91a2df3eca95faa4715646f3437a4b196130b7bf40ab9a6a48d15a76e5
y1_HG00621.1#584	7d10d80c03dc4430711c45ea49de4d3187c6f842c4f1834ed0b52a6d809f1f59
y1_HG00621.1#585	eb5442705969dc8da5dfac8f9658dc68acdab5bb7635ba7cc551e389416ac34e
y1_HG00621.1#586	588176e1e7ee8975895d5a2ac8df556a3d0669f790f36978d24970ea6e0d2712
y1_HG00621.1#587	1aec750362fac0fcd43761bf6c273fb754e84b45277237926e2cd0c057376dec
y1_HG00621.1#588	c2cbbabc4efad8e9a4552c7d58144873dd5a7b6309d85d484277fb952b4144a3
y1_HG00621.1#589	10e6cd8935c2dfd79d1a4c2021340636b47a23aff7a559474a87385386821d25
y1_HG00621.1#590	c5f775c57db5bb200f463db8e27c9fa837c38fa0936b82ec4a13c9da6e03cc47
y1_HG00621.1#591	5cd8520625441b88ae7d85074225073e8554cd2c14c9dd20a45348391322252b
y1_HG00621.1#592	0f8a70243120ee5516ea483ade8b4d838ba3c74a87da1df3a2a0840e818a876f
y1_HG00621.1#593	325a9da0deb7d453900dbf3f0e1d56189e3bd34ef5ca567dfb80e282a2153af4
y1_HG00621.1#594	d178143c6efe8b423eae7d2c4bfaf7e14d2827f34697b77285084bd2c292bdd6
y1_HG00621.1#595	585ba39c8ebc5afca41bbfbd8a3793dc7a24b0003f670ba8509e513e18825f01
y1_HG00621.1#596	cdf9d4a0816b5eeb674bf0a709edec733a0dc1b5746e281a063c200b95734deb
y1_HG00621.1#597	732f37d1e92d612d1970913b5853a1ff9c99b88a171e17055c666f95a3f8e77c
y1_HG00621.1#598	3d6d406de058cb5f6cac190be9a70c0928193e3f1dd1c72c5c9c52767eb4cf01
y1_HG00621.1#599	957b1fd2acce2f5134b50fe296410ff740981e92c15f31bcfc42c58ce9c54d79
y1_HG00621.1#600	94aacff17914a55c79f8b38ee9751f174d71e0954c26d187c147b3b1d659791d
y1_HG00621.1#601	733f7e8014a560d13fba0af80565f36259483f81d1daa107d58fb55262ba158c
y1_HG00621.1#602	71f7a210d909c1aa75b7ee8ecd44479438bb74dac0ab31ff2050ab77c1e4c058
y1_HG00621.1#603	ffbed9e52ea892c63db3fe8026e907e14a96bc1845b75c92cf00c6d2838f1863
y1_HG00621.1#604	2428df1604c51c0115a8d85ac8593b38788982c57e7c30075026d0d478db2c79
y1_HG00621.1#605	cb4a8481bf2a7d02df85e4553e8b8465b19cdf67e917c82da4d9cb8ffc82c833
y1_HG00621.1#606	8d18180cebbe19ba5c0cd810f92b7d01d4d4527767094c67b34178a5f6a6e6fe
y1_HG00621.1#607	b8ed359f1b92eeca537de2288ec2216ed7d72c798da1a07f1352a8a1567e4d44
y1_HG00621.1#608	bb9b760ff7336f98506d25c979936f52a6844bec463b39e49bdcc6405758e126
y1_HG00621.1#609	586980e7d6c9dfe135ea891e2b72476750b975231da80dc592cc1a30904eed71
y1_HG00621.1#610	268b7e2dbf577b2a38e88891422d25789bc97e82afa7aa7b77fbc6a2b102efe1
y1_HG00621.1#611	9bf87537a3e9fe755634cb8495560a07ab56d2b344c64f8408784f03ad41fbfc
y1_HG00621.1#612	def330227ceece6cc5a99508ff395dfa6198e42c93dc18745ca566799a6ba9c2
y1_HG00621.1#613	83a3206ad1ff2683cde0b78e33df069833053b174f021943d6759d0dbc0bf665
y1_HG00621.1#614	d0872ead32cbc49daf357a341e871672b487192f66ba71ec1e66297b73b2f8a0
y1_HG00621.1#615	584cfa7096459ef7a42db98b89adb02bc7c4c23aa063c54d0bd70b6671c98c36
y1_HG00621.1#616	5978ca5719e4404a50864a5ebe6b80d38f4557f7864fed671a9087d228eeb12d
y1_HG00621.1#617	a56362a10c816abf206d72cb914e2d5ca454eb9c7e744f88b1a1422c379e9942
y1_HG00621.1#618	1123ce148a2f23261d0dba02a1f569bbe54f8a8a743c791f66a16346db030925
y1_HG00621.1#619	ce8c3ee1aca5aa7fdf93e8025e091f1c0fa9ac1c8b1368017ceea23583984178
y1_HG00621.1#620	452e476d2b5b023ecefcf85db8b067f854b72ca5e8fd87e1a27837f92e01402f
y1_HG00621.1#621	f116ee035a202991312e8dfab9a7b8f931627b2c7ea20e1e8055e226a9abed63
y1_HG00621.1#622	bf747397dc152c8ade757d67a09c38f4848c2e1eaa9325ce8a0ea8ae6d6d8c71
y1_HG00621.1#623	e7d61fce53e31fe221a02e9ac3642747647feaee0ac86b182e3f7b904adfbf6a
y1_HG00621.1#624	6fc185535d3e6b4e737b77d8ac621ea7ab301d9203b9d5080be0550f447348ec
y1_HG00621.1#625	1068eddd38ae5f13497cdeacc53b2622500ef10681136a21f7d8f8e3c2a338e9
y1_HG00621.1#626	c3685995b9e03c75bb6143639e03ebf9590f3c023160816bef25c6042c350e57
y1_HG00621.1#627	14cf5eba45357bdf5f64474a4ee595741fbff6f495c6bbf578c2606e752cbf20
y1_HG00621.1#628	b09f7b73cfa36741c9b2ecee0526f75e89cd67f1ebca38b4147e455b4f334d0c
y1_HG00621.1#629	cc8f24bc63861cbfccc38dec8463122cdf1f101f88200143f3569734d8daebe9
y1_HG00621.1#630	eb5442705969dc8da5dfac8f9658dc68acdab5bb7635ba7cc551e389416ac34e
y1_HG00621.1#631	806f1c25fccfa1466ea9ffb4673489756a7850de073a4d80248d30effef0d96f
y1_HG00621.1#632	f143f5150f9b25295459488cdc5cecf0254e966b16c1681c245764ca190828a9
y1_HG00621.1#633	4c7806deb4428672bc158f5f4b1d013015fea298d7bf3332b8fcb783a10f2565
y1_HG00621.1#634	786064fd5fd9f7fb132b903dd8d60a786a29c8d3e1263f681f462d7ff5f86bfe
y1_HG00621.1#635	250aa3d8239834f51210329eaaf6eba5fdc1f2f67ab3c42bdfc357c2d8c95065
y1_HG00621.1#636	7e16824e2f33878183aff899d1c07ead122a8733dc13efd0cc54e3d74b79341a
y1_HG00621.1#637	7677fdd9df338e4e22dad6555f4e418507488e378891b56a3cb272ebbbd67c58
y1_HG00621.1#638	37babf6029e8698514d8506990464fdef841815b2e9864c473edd12eadac43b1
y1_HG00621.1#639	60c999eedc9c9dd1b14ca7a002dedaa9bacf0ce24cd1648167768196d393ef79
y1_HG00621.1#640	e02c71c9a2a7393605ccb01589ab4ea1dadcfc7cd16ae4a31e1e3696797a7d61
y1_HG00621.1#641	15b12684ad9b7ce882167712670e4b5388a8446503545ea6ff0a753ce509ba8c
y1_HG00621.1#642	2dde6d03ddaa287e3ac95b4befe8f38e8766a35092fc01e47e28d86c7a29e412
y1_HG00621.1#643	356553a7286b32ce2d0d71b2cb8ba956c55880fbdec2457ac980de9b39dd5adc
y1_HG00621.1#644	0fbc26485e232f572b1a21f1c9e05f832c54fbba1ef95a67cbbb0102d1774cbe
y1_HG00621.1#645	5e22f36e1acc7cb690524a97ad4e8236cb3709875dc2e3da62ab0152510841cb
y1_HG00621.1#646	cadc7e14e3f2e7790e1f18c2988fc55481de2b5fd7634f02e4f10955a2c67031
y1_HG00621.1#647	eb464c0628696d08b95c6f2634a1457b0425c74761391fb3b47c4e5c98e4f868
y1_HG00621.1#648	364ac6d70ecf61492c27fccf2790e2fd35a3076400fcf87ba513a059f5dcf17c
y1_HG00621.1#649	34343ccf76053e0ecb31d4cdd5db0f6e47ad834b36d75a4b10071a1a41b5ed44
y1_HG00621.1#650	b856ec43d1cd725933fd80fb16ee24f03c70a9c67a414aea4f30b58bd0bb690e
y1_HG00621.1#651	10aca7fdee31738912a8db4888ed305445efbb526778bd27378687f0d7b679a0
y1_HG00621.1#652	5be9df16f1f030f0bfab09ca753a9bbf8cdc29c4471e9bb60ebd3c858aa8fce9
y1_HG00621.1#653	e9b467d6d1dede1e0b9f2295c56cb46140825a7de2e4cb5f3f8b989a22c8b128
y1_HG00621.1#654	c523d26f2a4afb3be19dc9a31f69fb7cb4d3a42fe5ecd76802bde4c041c46e09
y1_HG00621.1#655	8854633d77f1213401fc1b17c55f4d0bdc2b313fe3aed6018502da214298b940
y1_HG00621.1#656	f2fc963ceabd64941111757b6608888228532a7287a7aca6a031992f118f4788
y1_HG00621.1#657	90e81c5968bcd78a068a59b984ebf6edf7c6040528ecadd621406e2a77bcf554
y1_HG00621.1#658	7b7236e0214e9fae618fbaceb5b4a63b82a0c1e1b16aaa2e8144550cae135d54
y1_HG00621.1#659	0280d14f585acfa45f5ba1d70566cf4332fb0bd46a36b28502ec70aa39e7d6fd
y1_HG00621.1#660	c7460386777bea485665cb6b6089f8cd242326aa6419c72d871fc1eff8663d55
y1_HG00621.1#661	d837416460bf9397924118fa2f937efdb6369e313a85e238bd6940994db041fa
y1_HG00621.1#662	1ad629bd6d97fd8c49058bb461e7609844d7fe854dfe22fe3bf4aa26ff5d653b
y1_HG00621.1#663	7afdd551081a5bbc75900847e64fa07526ef7f39e34baa9d7c65186baae4bcfd
y1_HG00621.1#664	c533ed8c1de3731f3735e39a7a6c84f03be8e79f74f8b55c47c624e132475563
y1_HG00621.1#665	5846d1c19234379ccb8ac20c1b35afb906d93ebcd9d022920144b4ba12b1eb91
y1_HG00621.1#666	020cf40c3bd87201d09a31852a6edc1429922b86fa7830285e7ee92f7a0613c5
y1_HG00621.1#667	d02dc9a354717b2fa0cc92b45960fe7e4355a6401b47a40361fd327063c89554
y1_HG00621.1#668	8970490418cbc754601d7ea4cbf6c7c4b71d11e2745a76ac9e713e06953707f0
y1_HG00621.1#669	3fb678c90da416705d33016b8845336b9e73d8a8325e9fa57d79914ecdbc31d7
y1_HG00621.1#670	043706949ac9dfeab969855f3db93cff3dbbc056786d5c6f08b8f651e1105d76
y1_HG00621.1#671	1f016c155640150c5f2436d7b6323b027c4ddcdd2fcd9a34bb3eada1f40030d5
y1_HG00621.1#672	a818be029b0f4e6af633c1732101a3a4c091f9d8aef8d4b51effb78bb55eb985
y1_HG00621.1#673	cfb83d623ff6b0e97785a708e5dbd9fa33b20c2ed6d2a35afc2cfa320435330e
y1_HG00621.1#674	3bf246419271eecfc3c1bed8cb759c995dec353c16468dc5543d37d5fb2cb5ac
y1_HG00621.1#675	b65e611c4365c674f2632e573071ea3d72a17bf39383cc2c14807dbbec48bb1d
y1_HG00621.1#676	485d2263669a92ee40fde5bc68ce36defdfb1101830828649ab5d3c65d06a2d2
y1_HG00621.1#677	a67d7c60d502e7d3bf3fda13684e8834accab89e308502096e8aad143e3f7116
y1_HG00621.1#678	e7ec99a0e1f5470d27b9df9c5f051f4405802b89bb6180966421b2bf23f37751
y1_HG00621.1#679	c7a7c760a814a209d36bed5074ac77bf3184cbfb47be1b0bc668c888a312643c
y1_HG00621.1#680	bb1cdf30aa04f8c96e8c86defeec9fb4b9bc941865715410f80fdaf388ce64e3
y1_HG00621.1#681	e0eeebfa5ea77c50a3355b5c094716b7601e2015ffbd667d120e70a5659bdfe4
y1_HG00621.1#682	f6c0c384e59e919a359b9c2d8305853aaa1e621d63c439175e3edb62f96d78f5
y1_HG00621.1#683	b27608d87787fbdf497df1e0d82a076b2357398ac1d3c1fa9714d105b2f581f1
y1_HG00621.1#684	a0ec12238dd5673985ee8f78284297ac2265ba3837158f796b6d644e48f65fc4
y1_HG00621.1#685	9af9eef31e66682c7a4c3053e2f28007fd5f6ea4f2b668263ed2716fe4c793d8
y1_HG00621.1#686	04860b8c8e06bca9ab8a05d06da48d019dc7304d4c3c06692b262f754629a7a4
y1_HG00621.1#687	5626f71f423abc3f548300b298cfd15df1ababbabfe6363decd4cbaa7ce5aac8
y1_HG00621.1#688	47d2c0ec2d48d65509a739547244ee7608acd314e08c748af72efab7e68411c1
y1_HG00621.1#689	bd42f7423ba886ed11a7795929ee9f7f2c1afef49fc2823f07ac05a1cd3b93ca
y1_HG00621.1#690	949fdc93ee62365cc25f92ccfc63c2a004844bde29f531de047f9274adc2ce69
y1_HG00621.1#691	9b1a9fdbcbe0e30c0a76df69798e52267f7c1afada0c4a2edb831ddd9dea6731
y1_HG00621.1#692	7cc7c8b7f1a890e9f43d8b32982e9ff016235f6dcee31bfe46fd7e7c7817d4ba
y1_HG00621.1#693	d1c36a2ea3062a86b01530c4c89b1a32c169d7b33ef48e522d67efc195cc90c5
y1_HG00621.1#694	a701b1cf2c86c3a66dcb041deca34ecfe1eb4963e47a19524913c70e9b06ea68
y1_HG00621.1#695	c3f67bfc56090a51d14aae6e3867d71a18daf24ef5c200555a5b2465d4ed4654
y1_HG00621.1#696	39abd067e61d0e3c714363fd3904857afcce8e9cbf302c5258adb44673d4ec89
y1_HG00621.1#697	58bb119c35513a451d24dc20ef0e9031ec85b35bfc919d263e7e5d9868909cb5
y1_HG00621.1#698	214b7c1344faa2894bdb5f4753f4410feed219356243247a63d99b36b3e7251a
y1_HG00621.1#699	15cbe5f066da796145940479d571424695e3077a1de270cb04972942d5b16260
y1_HG00621.1#700	543262c69be2b9c22077e9c9228fb4b68333722cadac05619af652a8eaf8a969
y1_HG00621.1#701	0fd1f6127972df9f9aed4223413fbe48af26f568ff1eac52058fc8fead36d369
y1_HG00621.1#702	1d10727bdf953d5af29b5d967ed7f677eff260511f6759627a016ab748d095a0
y1_HG00621.1#703	d5ef0f0e059ae5fdbee9ef56db7748a14e3418111c0715c9be7fb0314ed3b253
y1_HG00621.1#704	5f1efc22004cbe00b6581f6cd88b50aa4f202a54b7cbad93f456989cbc7452a5
y1_HG00621.1#705	7eaedf5b4d518ba6b6760291a61369dcc7e79c36e87bc331079778f57170a473
y1_HG00621.1#706	ffb16eb104f2844bf46ef16377e2d27af4c2be06e5422f5173cb125d6c882a63
y1_HG00621.1#707	8cda74d7b2449d56ad5a8116e959f6122dab79f1a557558ee71bb9ab7c87179a
y1_HG00621.1#708	c192524896b44228108a530f69f4f83accbb8e7e5fbca78b3ca0582aac372e80
y1_HG00621.1#709	2151aa0910fbd6a1eebeb42ccf252b8415fed0a35ac9f63bbf71568456eb11fb
y1_HG00621.1#710	021693f3fc533aa9df99fb176d83e33167f66579b615b1facf600d435af15894
y1_HG00621.1#711	d48e42ace5925baae94cc7986cf01fd057627ccf72fc7652c042630c8bdf1a1e
y1_HG00621.1#712	0d3cbf0ecd28072cd07d68ae333aeb60d94f270df8bdc9fe1597e85077b0e72e
y1_HG00621.1#713	5008c70514961f6692bc73789e25ec678dad4b6e8d5ad12e85a2150e4f40f024
y1_HG00621.1#714	d638f1c6f3396fc52fdf563c7339eb03a51aa036dcb5606c7dd63d3470dcf09d
y1_HG00621.1#715	f3343788e5f23cd137ac436a666bc62005c2bc6bec8c1208f48f96646105a0c6
y1_HG00621.1#716	27749c9c45659819d1b3fae16cfb6911b02bb8ac6b4556cf6ec6306d8c10ba01
y1_HG00621.1#717	acf0aaaa604fe7acd08e69005f2d4221d7e0943675d61a328aa1aaf5098427ea
y1_HG00621.1#718	8415e9129e200615ddc1ed74e35ee80a59140d0aa25d2262512f0224d2f206dd
y1_HG00621.1#719	bbd2ba89a1a678f32b0b035f9b6671489cc3f6fa5731238ca4d21a46deb3830a
y1_HG00621.1#720	0c146ee2fdb5ec1417babcaeafa509f74143e9aaf76e4b4d92f1b81a938bcc88
y1_HG00621.1#721	8280844322ec0f5a6cb20e6468dd4b518cd07b74de96788373e314ed1c6183bb
y1_HG00621.1#722	b32062bf7b8bed45bc6c7bedfe1c093bf2d45c0b87973bab9e1ef4b85497f469
y1_HG00621.1#723	17f4007f51b05b1494c9fc508e8d1b841821ec39cf4eee8ae1aee32e7893b13c
y1_HG00621.1#724	b13b9fd7c24bf7845e66a4e836e6f8f1d449f889fff311e933701570c62459a1
y1_HG00621.1#725	4f35e8ca408301c7f7d05a77bafc285290f667ff19fdf30a5c90a19c41d5ef82
y1_HG00621.1#726	c30c44cb98dc6181874a800952d795a1d3c57e8f0468eb3ac8eb915a5a8ab864
y1_HG00621.1#727	3af4c38102f832281fc30a4a059667b7110c3a24ccc1687e7c7299ed98b3f367
y1_HG00621.1#728	0846b6dbedceb910bd6a4e2433dd6872f945e7991fa506999d6426fd95872f4f
y1_HG00621.1#729	034fc48ba584fc2a8b0b40c727e4ce36b79845d7ed910c63abfb2c22e630382c
y1_HG00621.1#730	cba1f696a465874d3a69c2596a6f7a7a6b48c895beb35ddd4bb4b2bb149a029a
y1_HG00621.1#731	39072f6f2e86b32fd0af81824e81f865893b697240b88bb025a13d177ae341b8
y1_HG00621.1#732	3016dc0a7c621a55f5f6e87727bf86e82753d4f1b532d9fc0bc24a4ec85d2829
y1_HG00621.1#733	40a6fd307ec61039a7994e643f063bef8c05e553b8b52a11da068e1f5d7258db
y1_HG00621.1#734	a56362a10c816abf206d72cb914e2d5ca454eb9c7e744f88b1a1422c379e9942
y1_HG00621.1#735	f0f0d401575dbdfd0c641a4ed3ca2d17037ebeb751b2333839043a5060227c93
y1_HG00621.1#736	655caf7addefeefb468ac49d82e7e8ae2c3c03346a8497cf32be3dcd7adf1b05
y1_HG00621.1#737	e033585399383b5ae98b5976fbf7fa437c55635aa5cf0daa9fbb32fc567b227f
y1_HG00621.1#738	4fc1fe620b7faa460e39368fc6037dc1553a4dbf8706c84cce3752f54cfa2fac
y1_HG00621.1#739	462cbb184d99a28abfdd42e2965bb9b9096e33b65297c321fc7f801a498f49b7
y1_HG00621.1#740	83d7f86ef81e3ebb9321c74c198b7b27b70a5dd3a81bbe8d123fdc5b9b4851c1
y1_HG00621.1#741	472e73d796e20aa8ff9059e6316f218e0322548f661ec4dc267507ed66317404
y1_HG00621.1#742	1077a7f7388c9269eeda39b9a2653dd653a9de826455bc135d3c7712e7105454
y1_HG00621.1#743	46cabeee444d317d24b857f3dbfbbf7ad959ca6cd440ba21a7d39bdf1376ea10
y1_HG00621.1#744	dddf54dbba8e580a86f4d8d299dd375213503913c65d807e692ec91104b2c245
y1_HG00621.1#745	a2c3b88dda6f1ead9df48e402f51f17bbd5f9851ab3c586a557dcb7ba9802c8f
y1_HG00621.1#746	1815d9560c283b5e3f701a4097ba6fb110c2817e6f0b34785deecdadb317c62d
y1_HG00621.1#747	21d54c1075fb0eba925dd181bade29f29b95742503dcb0756baccd1ce4f0f14b
y1_HG00621.1#748	f22693f25a6da81aa4b2484cc114f607911ba0eede0fa902aec09e98ad7a40e9
y1_HG00621.1#749	9ae816716fdd5670857a3a18fdbfb60ad627a67f5b80bf04e88f5f14e75006e0
y1_HG00621.1#750	7dedbc38355fdfc2e2c556e47b14ad858adf61b63c6ad42c67a176f70a29926e
y1_HG00621.1#751	79e2be6bab7e90cb3acf02283e63f63f080189198511a90643c952001fd9eccd
y1_HG00621.1#752	9ca49077ea82351c6a5b3f40abedd8f7d2bdd8c4e23ae6c52191ad68c5c0a765
y1_HG00621.1#753	3f8ca39909877c40b0a2e8e027d409ca2b15bc2ccc38f220cf6e022213dbbb98
y1_HG00621.1#754	b0736d85e62303ea4a91f4687fa2c8d33fc76ad5b06ee08a041deaccfa139822
y1_HG00621.1#755	910ba89be269d335e12c2ba7c5fe287b1b439d6c07191e6317ba262643f1c91f
y1_HG00621.1#756	1221508a323eed66801b57b22538d2c916e28596ba504126b7c82690ae9fd203
y1_HG00621.1#757	2eae34b141f13e2dd50a0ef35e17917212d592355b5fda0c4c12508279b57d6a
y1_HG00621.1#758	0fa082ca0f42af7514b2ba4e5cdc3bea64b10a0bc326c4635476a0fde31d93ba
y1_HG00621.1#759	842d8881156a2864a2b9299e1675860a8dca0c3d84d8a0803a27457e151cb61e
y1_HG00621.1#760	61bb603a9e58ae0d2436278eb978730905a5aa2b13efd287d513ba2be78b68fa
y1_HG00621.1#761	2fb73be380d7fd108286a82617745fc88a647645af93859daa3599b4416131bd
y1_HG00621.1#762	af10aab8609a08e7193737385c462b84ff05f26789d5ebb17585f1e1373ed277
y1_HG00621.1#763	35ae851e7e1d97cd1476ccc717d822df068b8f3d1725f51911b3224896d0136c
y1_HG00621.1#764	eeb863483c1687fa806256832e41388bf1a09c8d14ea60a1e86759cb3d8fda9f
y1_HG00621.1#765	224d10603f84c451e4cd9595e53fea072c7c70d92927f46ad173d6dad967f4a3
y1_HG00621.1#766	932e54704bd069f38818cbc48623476f027ab7339f7ba0e409d4c4985a76cbae
y1_HG00621.1#767	717e69326ac606e9f77d8a11a3804f1d9de3d94fb2f0ab0897b39efe3bed6855
y1_HG00621.1#768	e1c3c7eabb920c907e5367703fa9157b95fe1491cbdcdd5c2da6e495e06e4abf
y1_HG00621.1#769	0721d24cb93bca19fe90712394f05ec538587425d707b417c3197f1294835ef8
y1_HG00621.1#770	90398483f5ab71025b8d88a89423895a56a25e2b9598653898721cd6301ffa8b
y1_HG00621.1#771	a6e784a6f8d641a7e9cf6a317bb92e86ab3c86fe630dd0bddd0df93335668337
y1_HG00621.1#772	83b24096216c0f618b7729dffa0a4ea8f25b6a2619bef6e61cb665981f9a1331
y1_HG00621.1#773	54302b0898fbba8567d25b03d35778f8dfd03670bd9ebcb930a460b458ad84e6
y1_HG00621.1#774	690bcee0352a7b997cc59fd63b0e89b328ad4ddb3e6b48d63da65929e6db4277
y1_HG00621.1#775	a6851af68ff67dae5692b821b88b947cac026bcfecd1e778cb89f5f4fd31ffd8
y1_HG00621.1#776	f84a9c84573ca8f74735792e1ceae9bec54aa6096ffe8e5b5d585fd88c364be0
y1_HG00621.1#777	ae71dd9aac6396b237c5d50f32d1922943254e902127f37ae6e9ae8b1ba142d6
y1_HG00621.1#778	9779469589f956f434b70b578302dcbaa084a5eabb0124ccd61b0ae58c596e70
y1_HG00621.1#779	c7f2529d5e3128ae9c37f2671062f9ebad622793110f32de59f16fa0fca328cf
y1_HG00621.1#780	7aed8bbff512cf30f2e15435da2358d7232db98b6dcbad322c38e7e9da008630
y1_HG00621.1#781	05f5c829ba61c14866752daa5e40788f10ecd2247005174fef1f1ce9cfc916e2
y1_HG00621.1#782	855b7efb833fef3eb640555462361c5ec2eba745882a1e2ea48cfda700981dad
y1_HG00621.1#783	ee8f5a9410e623ba9c255556e9786ea44c642daadd8723736c215fe92fd4d992
y1_HG00621.1#784	5eabdbdb64b31d169354a359a48382de29637ea8ec6e13e7b3c4017274f77b91
y1_HG00621.1#785	5435cb64e6a314538e9b08fcafef0679acdfa813b4e8bdf989cee69aa70a4f63
y1_HG00621.1#786	9c7602490e91d615295967938075a81598dfed8c0a57f4b924829ffd2d4ae4b7
y1_HG00621.1#787	c179d154d9f912ef9900c0440e1430ddcb6294290ee17acf17121fb356386826
y1_HG00621.1#788	668c1597f552c578367902f3a4b002477cd5fe771fc36c7535dd241e18da0272
y1_HG00621.1#789	9d3c14919d5aa1d5f3df1d9ad63d5814a352602f950a676757f791d34c3063d3
y1_HG00621.1#790	451f539c987bf69deda6fbcd1eba82fd9ff1330ab2198b5e3ce4007eed1f3178
y1_HG00621.1#791	a08036e1869c42438d4eb5176a17e4787a143397c8717619f7d34b951cc17d55
y1_HG00621.1#792	e18aeafb914754ac27aa44477e28a97665a125fbbb36ffae54258d448d9af24d
y1_HG00621.1#793	2c07aef1c435be195ea639a802e9353017c99b39abd98715bb1862c183ae6cce
y1_HG00621.1#794	a707a3cd27ccbba76d2d6492d701354e5907b0bcd42d87e8f5301f47be40a930
y1_HG00621.1#795	c24a6851d0b4450a978d8cffef48cc4d11e653876e58279fa3f84017bdceeda3
y1_HG00621.1#796	034fc48ba584fc2a8b0b40c727e4ce36b79845d7ed910c63abfb2c22e630382c
y1_HG00621.1#797	655caf7addefeefb468ac49d82e7e8ae2c3c03346a8497cf32be3dcd7adf1b05
y1_HG00621.1#798	e3472efcc0c53366a6bc10f17c64dce4bac18fe7789a689253a47a4e5872cf10
y1_HG00621.1#799	fdaf1c05969ecb6903c15c094b86bed8ece2a931e994900e81b8f883cb7afcc2
y1_HG00621.1#800	02cbcd65d5fb1caa42ab75617880cd2a920f39961319f6d3972857773aa38b4d
y1_HG00621.1#801	c41188c55299cb65630a25593ab71164e9c6e376599e7d90dd7bf8537c33a394
y1_HG00621.1#802	654d83a59dcfd4bc0d6abd7b5e89e7c1c2aaac4d1f402f46b50676fa355f0cab
y1_HG00621.1#803	0742143c0faf3aeb1f562b0a8b152b1a0bce17b762e5045a5a98c9689e5bf682
y1_HG00621.1#804	72a3f1b622b9451936864216e9486d07aba492bdfaf7f1b5ddee148f1f7e20ac
y1_HG00621.1#805	b9acd33ef6f7874244a5569a3a730bbe04fd8607f4c214d84130a79b6ede5caf
y1_HG00621.1#806	faf8d11df663f2a83e05c36d1f299bdc996d971abcf770546c41b3e54eedfdbb
y1_HG00621.1#807	c882c123787e76bb639175a6f517185dcaabf6c296e76926eecc93d47114b7d7
y1_HG00621.1#808	53b68c49f1f3a3b5fea19f178e5b04628db9a2d2fe2d83cfa520fd73cdcce4ce
y1_HG00621.1#809	0bf0ac9d0a7d44d7cc60e5fa66371e9d1fdf76cd36863dc9be80cce55a42168c
y1_HG00621.1#810	f37997a81e2cd428a66b88779f877b1e6fa902cc1096c9bb89c3d72aa02d7e7a
y1_HG00621.1#811	1e37287a40d5d43e17a0f37a07ef016e26d4a4b92672aee9c85d684c0b5086be
y1_HG00621.1#812	32ba9d55472793fb710939ef3586eeafe815187aafdadc48671d612182dab546
y1_HG00621.1#813	8bc31356c70e248fa13c2325a8095781649166759c2aa395d8b8734d2df76d50
y1_HG00621.1#814	4e5082dd5d1a5fe4e0ecfda916cb3bfe95a83ddcbf491eca62cfc1c877e099f1
y1_HG00621.1#815	15ce240440bdfc9b882000ba3d4bb3c280eedd14eb5229ce07adccacb133b93e
y1_HG00621.1#816	1e4ee1509a72fc68d99f1a77ab70f1aae05798d5cd6061733e4aabf9070cda55
y1_HG00621.1#817	9ae816716fdd5670857a3a18fdbfb60ad627a67f5b80bf04e88f5f14e75006e0
y1_HG00621.1#818	0dba9ec953ddec7b176ca56ca7c6b00959d257a4b38e3c194c26a65f21fc5f63
y1_HG00621.1#819	9e9f023eceecfab2b60ffa92502c53ef4bf9238044f91c2293c878c13eed2ec1
y1_HG00621.1#820	e1fc9b2440a97ba6a61078886f7f542f314864daba8d8095b5afec1f8886bce0
y1_HG00621.1#821	a7874cd3dc8e0bf8a57408d2da0a07c25b5ee7dbd69d1949d5eadbdf2027f474
y1_HG00621.1#822	b2492ffbd4d8f33d2d1ea97c4fd272cb35bd0f278a63b5fbc788eafef658f4ce
y1_HG00621.1#823	dd2a64887fc55115c19081ef702aae4835f9f043234b108a3b4f0aafb47fe412
y1_HG00621.1#824	cd0570646a0c0609233d299256961219a372b427461c452e629d0d9000644b56
y1_HG00621.1#825	834cac6db5c39c94fa20d702b35074252a34bcbaaba7dd6d23dfb356175640a8
y1_HG00621.1#826	d8bc83e9ef0eea076ddcd0501868e87f9136a190b5919e6ad11aaafa930d91a6
y1_HG00621.1#827	020620132bbb140f692f006cd807e3ec2f5f6d0d301d62cf3afebc93cb5f5b9c
y1_HG00621.1#828	9779469589f956f434b70b578302dcbaa084a5eabb0124ccd61b0ae58c596e70
y1_HG00621.1#829	dcfc8b201b0c06336b879841635b424e1d6e5e511280f31de2ba9153c3219f10
y1_HG00621.1#830	9779469589f956f434b70b578302dcbaa084a5eabb0124ccd61b0ae58c596e70
y1_HG00621.1#831	1fe44cdaeb2db87d2c30a438441cd83050e2b398be58160fe0dfa6bec3a6b125
y1_HG00621.1#832	3a64b67e80c0955cb6c4ef6ff4a988d52caa9b2402bf1b84857ad960f8c41f5f
y1_HG00621.1#833	b90bdffd19628de92cc77f80183048119f4ba1b8f189e95bb04d6767bd7a7f79
y1_HG00621.1#834	e97881e9b5cf32d8ab948341682054701d9b6cf3cb960bb1be6b4cefea493e0e
y1_HG00621.1#835	c82261271a65a1a23744744d12e636e419d808a0889ba0ffd325e9c95fa2cf6f
y1_HG00621.1#836	dc843d17569efe03e3a9ac932cef45ca5b0631e8afc370c9c509d5bc772889a2
y1_HG00621.1#837	965207c782b52864903d09696ccb9ded7368452047c91b86fbb9ff16163b2fa8
y1_HG00621.1#838	01d2c480ae2a07d0a3d07339f0289dc70a22731719a86703d871d6af30bf60b2
y1_HG00621.1#839	7de66052f451629afc849b562cd188006d4d1dcd59d538a2291326d8ea974b67
y1_HG00621.1#840	80a3edd1986eb2eb00be5845eb0ec4f659bdda4189d611859883cf75d055982f
y1_HG00621.1#841	52e21790df2484f960c05cb94124216297aa37795a5b1885628a315c9c0dc77c
y1_HG00621.1#842	c542640cdc6d8db41fc665a5db9f55259cde5aae3dcc8a983d32b841a115caea
y1_HG00621.1#843	adaf81920de942b3e5c689429e3cfb2214ebc01bd4960c6747c00a4965af8110
y1_HG00621.1#844	0fe41000119e43430501293d87d67ebbac354665c5c0dd96758923d645185e6e
y1_HG00621.1#845	6917d36eeb1339dda694f9b129ec2050151295daa70ece05e2931c018cd2ecfc
y1_HG00621.1#846	2b2bd857f88dd6aaf734988f2adf9aeac45c3b208740dd8bf90202b15a20d53d
y1_HG00621.1#847	765abe204f082129d1c3c3f80319977fbb38619c5783d5184b7ddab4e51017bf
y1_HG00621.1#848	362bf14f4ee3dc3cdd2cf241f0902911e7ac700a5395b7ef6f1910f89e75a2cd
y1_HG00621.1#849	df5f2d0db13ffd5f321bb72676520de8e49e5683c746ae1256159c8e6b0dd3b7
y1_HG00621.1#850	b7151b8525bc2f8c937231a85e4fb39e6ef271bb556bdc5999e96344968cb1f8
y1_HG00621.1#851	57fe02a5ef4882f2b511807e875860a2620882e897dfd28fb8d71f60c5aa62a2
y1_HG00621.1#852	695ea74f1757ff10919154b4d41ac4a596ab810cdf0f669e0d938c24f3d1c504
y1_HG00621.1#853	c37288f94b9276a2b3c86f2f435b1e4a7990ac210e59560d82297f028bc08062
y1_HG00621.1#854	33180fbb16fdd9028d4aa0b65657c7cfa911061e6261f079ff7899e4ee5f6998
y1_HG00621.1#855	d4ceace4ec2c14e772f397f06c81ed6399b5a42b4d499b8a77533b892daba029
y1_HG00621.1#856	0b6ddadda07e41221dd9398edbaf993a132ce55b3a73e3051bc31742910e153f
y1_HG00621.1#857	2fd20659edf2af80e1aa93a649709c5cdb056d66f0ebbbb007ae96f5baafe15e
y1_HG00621.1#858	ff975adb2fc3005817b0654146a51bd886e5bb297a64f9d22125000596b19b27
y1_HG00621.1#859	8ffa3f248236ae799f6400d3669495f0dceb3b293c2f2b3fbd7fa38b3e4e56b6
y1_HG00621.1#860	2f72cb214ce78bd4b5047c7d7338921bece11dba6064fb1d2a9f70bb3dbd483c
y1_HG00621.1#861	250bb8de28a3653be4053d7a80adcee5fa4b412be6529ef748ab1b25fdc1106e
y1_HG00621.1#862	f4cddd956c65d5e05abfcde100b93b1980b7ef46553ff135ffa367defda07ffd
y1_HG00621.1#863	472e73d796e20aa8ff9059e6316f218e0322548f661ec4dc267507ed66317404
y1_HG00621.1#864	88aef0a083ed356c7d1fce81b42a8f57e521f15f794f69af3a1d4e80cfca21c8
y1_HG00621.1#865	3fd8b2c4aea744d950ecb00284070196d22689496b95cef3f3ad7077d360ed38
y1_HG00621.1#866	ff5e0c0541c2ac322330c884328607685cac2db8f85a79bd8dbdf45e9125c83d
y1_HG00621.1#867	176a4ed8c12e8c7aa496fd61f98de1e7766a17eaf346a3da960f25edf1dda182
y1_HG00621.1#868	fad3aa7a018babf03dab9d9f1111372bc762a53f9f56bd419e98eba3f3463b48
y1_HG00621.1#869	2d11534b298deb9196a046333601953d336223ab667d7615167ba29ade04b2d2
y1_HG00621.1#870	d6d9256ebada5f7829944291651b2e1b241e8f9b52554e9a28d1227e6af8b2b0
y1_HG00621.1#871	8e755bfe9a137948fcf70f5268814e356558b8f0b7c0f7370634a20b89fb0a4d
y1_HG00621.1#872	45d32f9eb50a875d950ac6aef05527fee93927123057b44efdbaa1aa8dd8c1da
y1_HG00621.1#873	a077d38eaa10c2ce483632cc75381521f61b146b230b8520691267858e23928f
y1_HG00621.1#874	4c237684a40eee1f09c5c3611b1156caa2a57b4e4b7039c994b4b3eff4fe2cc4
y1_HG00621.1#875	bee30e5b6d59c1bdf10100ef331706553fd3c4e6b0a342a092c6f6f733b8be36
y1_HG00621.1#876	3ad01171423271b8ba0d41b70eff7750c9298345ced317437eb2076d5fb70c06
y1_HG00621.1#877	9a056bd8723be717af2d14c444e48086de49bfafa3368baf0c0d2fb4dd1ea83e
y1_HG00621.1#878	41b57e659f86b4f5780d1b2cd2fce1f1aac05be9271b5d9dec8ae991b476882c
y1_HG00621.1#879	0fbc26485e232f572b1a21f1c9e05f832c54fbba1ef95a67cbbb0102d1774cbe
y1_HG00621.1#880	9e048f5beb73c4ea0545e96266dfc77347f84ffb4948aa1c883fc73560d91467
y1_HG00621.1#881	17f65b8f58c4816d845fe28d97827bb257aac747805ca775b529bb75f52e0a3a
y1_HG00621.1#882	e75d69f513a75ef35dc677705843cfa2fd61958cad4f7db2b2815488337c34fa
y1_HG00621.1#883	995378a2c102098f59d2dcc206d028af43980f87df733b172db71f2fded068c1
y1_HG00621.1#884	fac35240e9243767b33d57fe7dd4332dad9e3d366fcd40567bdac9bb650fafca
y1_HG00621.1#885	218547801848b0fc75c9e45a3dfcda775ef2d781335318df1ed61c240e16f2bb
y1_HG00621.1#886	558214c3feaa706a6a5b615d47afc41345d0d0ee5a59beae0be568720df33fa5
y1_HG00621.1#887	37d3a080c9bd16e5b670c870e90c00890aca25471dde15e6b3001776e33d86da
y1_HG00621.1#888	b6b8e980e137c65a66f92bc3631ea6ee54b4761b86304c743c5259b09cf25dce
y1_HG00621.1#889	3d8e89be1d94320dd1f932c1e1512563762688eda307418e81409fed85e25ad2
y1_HG00621.1#890	acb142978f4dd360c4f8a4e518a760390898bfc492aab19f6c6206b92722f27e
y1_HG00621.1#891	53f2ce19a7f21ea867849ead189bafff0a491aca75aedf5334fd4aee9bbb342b
y1_HG00621.1#892	0e6e8a67457f122e36f625cf3af4881db5e9bc50cef19ae8b786261074fa7bc6
y1_HG00621.1#893	2f381927ab891ac6ec8a101df7cc5a8195a19041a034ac6400e9adbcfccc5271
y1_HG00621.1#894	bd98acc79250aaf71124cf010a74fde9468e67b572bfd8586fefad6d934f8691
y1_HG00621.1#895	0d86fb7ab7bfdecaccd32a1bc9356e29b035d1a0af2494a43e683ba9342da1d2
y1_HG00621.1#896	5a199a67641c8e613becc52853467ae73046e7bfbd3a7b1b44c85d6691d11e44
y1_HG00621.1#897	cf37150532112e71bd649d782be8c7da91c1defba164b8265af57d271682460e
y1_HG00621.1#898	ffb58ddd51cd26b52bd7bad5bed414b3e9f1618d9fb8bfcdd839a5ae426fcca0
y1_HG00621.1#899	3d2d6c05ea7c19052b672ed9d20966c8c84cf91f10e2f0630b25bbf051adc9c5
y1_HG00621.1#900	2d38cc08373cd2c67a262992f6d45a69383d3b05237d08105edfc69acd7cedca
y1_HG00621.1#901	93854a58b6be834664baff4ed77925d5fd43086b303c96615ab6a582b21cbccd
y1_HG00621.1#902	211236d83ac029956ca419f6b3087fb40322f7a0890be691baaae8b67124ef81
y1_HG00621.1#903	f5975c6b5dcb95b928e84aeead4941856daf728e37b490f02654723202480b22
y1_HG00621.1#904	1fc5daeb55cb785170a86b2851424642b6f4b50c81b06aece43016fa73aced1f
y1_HG00621.1#905	90114ef95ea34c9ad050bc23bd10478425be6940869a09c79b58baa3ec44867d
y1_HG00621.1#906	e43debffaff3abcaf8337ee172e0f358ee37c6936b2a5e6e6697d2164737545c
y1_HG00621.1#907	f459de884b25bcc367a3d914a8592b7c2e16b4f1a7a818cf4f3c39af230c93f8
y1_HG00621.1#908	228a8bc3869bbbc5fd7e9e476601bc22c0c9edf7738ed3326feb6410e899604d
y1_HG00621.1#909	6cf0b0ab37843afdc41b046630c581eee15626186e4c2d4cdfab579b34f7c91a
y1_HG00621.1#910	dd6790c9960b2b5d7e14c8d6d8605f1746ebf1a229391fdc67354dedd964b291
y1_HG00621.1#911	a3d12583c73ad37fec16b9f4063a3621eb4ce899960e5961579b331ef16649af
y1_HG00621.1#912	f2bcc2a98c46be8ff05a16619258d20a62cd62d60285eef583ca8e732eb9588f
y1_HG00621.1#913	a56362a10c816abf206d72cb914e2d5ca454eb9c7e744f88b1a1422c379e9942
y1_HG00621.1#914	a0ad773bdf12891bf5f02436b38a0b6c93065f3187abb7df40b9893cc50a88c4
y1_HG00621.1#915	4e81f1047acd78f13dde1b9709a6c1fd67182e48c84004b7cf722b2413c4f004
y1_HG00621.1#916	f2f5bf04d800e89359ad471d448c33ec124bd62d32638f00d4b7e6e8bd1ad385
y1_HG00621.1#917	b0c6d6ef60284798bda3a6cec9c40b77947e48847256d73831c4ce060192c242
y1_HG00621.1#918	d5ef0f0e059ae5fdbee9ef56db7748a14e3418111c0715c9be7fb0314ed3b253
y1_HG00621.1#919	58bb119c35513a451d24dc20ef0e9031ec85b35bfc919d263e7e5d9868909cb5
y1_HG00621.1#920	2ba3964cd2999de0d0f6d8486ec24624e49fd7addcaedc7c204a69120a79a15f
y1_HG00621.1#921	77e4064ac60b232237772b10f6ed07cf192b8885a7d9b20f73cd000af4c83421
y1_HG00621.1#922	6eb83c90a5ad818e44081b66e6375e1ab7dbe80a26f93adae620a8b474eddd7b
y1_HG00621.1#923	a56362a10c816abf206d72cb914e2d5ca454eb9c7e744f88b1a1422c379e9942
y1_HG00621.1#924	5245c8361d147a7917998888a9e581dcb293a1b63d22e2395804403a8e7fa79b
y1_HG00621.1#925	bdc82d25d7aa40b1b4fabc682f524dfbcf021d770e14220a77dc4ab931fca425
y1_HG00621.1#926	ca82f65050daf2a0683747f32857abf3ed70ad96afe04267cf9d09c3f184100b
y1_HG00621.1#927	728eccd90deda9f786a70adb2fcccedacbb3c03fb7518467bcd39c17ba2c6f2a
y1_HG00621.1#928	ca7cd5a7ae31d2e779d33cedf119c81d2ae09e153aa5bdb881d1565e150e2430
y1_HG00621.1#929	0313593f254e853041714625fd82e5646bda5c962ef6368cd04262f180976d47
y1_HG00621.1#930	26856b20c56ac904ad5af6f7e0d6cd74784ad5b5fc004177215a36ba4c7edfaf
y1_HG00621.1#931	cd602cd793b6d4cd1d878193f8e56fd0767b658ba6dabf3bea3e440c0715bc15
y1_HG00621.1#932	b85c7efa6bd5f68b75edfb6c67896b72291ff3e5fcb90c6c57784ea99da20927
y1_HG00621.1#933	5d9f76c3aaf8b00c10125e359ca4dfb215ee76a5a8985cebc471e92622282c31
y1_HG00621.1#934	22cb94b0dd3659e564092e2635b0328bd16148e8f4f11beaff9d2cfe2fb50a92
y1_HG00621.1#935	76d93266b1b9baefa4d34a8361cd423a41b12aa9d0a68470dc0c3eba718bb6b7
y1_HG00621.1#936	90f00bc889e5dd81291b69c96baa6289b7cce889009766043a4517510c56dc46
y1_HG00621.1#937	b95fafae9619c046992351a032af41f13943ff9d55b5aa053b5efc8ba5b1064c
y1_HG00621.1#938	081994c1b0b202d0b313ae04e88ad79eeaac3054047ae6fab561e246bc12ab24
y1_HG00621.1#939	f7d44924ca522bf81d85f56b2577b735cd34a87d2ab5966f0f6e0b3445d5fbf7
y1_HG00621.1#940	8964bd8af9ef2eb483cfabedbd49132443843dc7ea34171db42da7e0c5c18763
y1_HG00621.1#941	6322bbf09522d7ba9d5a63a4b5839528635fa03b42364d82450f00a7d358b563
y1_HG00621.1#942	f44b85b5a91e72c10b88ce7e506f95976ea359ab8db02cb81559c2042a0e88a8
y1_HG00621.1#943	da72222bc5ae3c9a94c0fbba889888e24e696f6cc7d2c49698c6e0d3531e01e9
y1_HG00621.1#944	232c366838d4a010285853305efa892e2a4cb0e9b0c317614cab39acd778d2ad
y1_HG00621.1#945	03357c681974b4401134257e3cda6c20959a525d63b3184a64adb0544bd20c27
y1_HG00621.1#946	cd3ca6445c2c08b20f898ffe6a232213f8f611507407979f2ec8f3d7e6e535f5
y1_HG00621.1#947	15438ace6ecdcb1cad35e502b8505a94c76f7a07803d3fd1601142699556fc33
y1_HG00621.1#948	f62b964afa4d4247153fb8138538f7ab8053b4ca208007d450f9503a2d600a44
y1_HG00621.1#949	bfbb91f7dc3766de406a859c7aa4ecc7560a21b61a37e0aba446dd0bee5c785e
y1_HG00621.1#950	3c4cbe3c0e4adbc702914c8c4233bae31e75d48a8c2e0d3d5a4b67ef477857e3
y1_HG00621.1#951	7c5deb73b5b14e559f56dc0898bedfb9ca175f8f0a90f0ceb84d59a66bf1aa2a
y1_HG00621.1#952	ee1d7afd3e53ac69314262f4d9efe0fecd235f512a7d7e98681370414c22a55f
y1_HG00621.1#953	8173dacf6c2e78f4276780a8352a7307c5fa38f6b1974ac4f507987c2d0c5aa4
y1_HG00621.1#954	920547db1d88bb295e73f43551f5c33b07ad7b14480e6e6e434f9162c7306f24
y1_HG00621.1#955	eacaa0cb60bc04fc1bb17e20a06b3589aa17d49f421be02b1b7c6bfde21b1951
y1_HG00621.1#956	dad3258c3999000577634a22fcc301ddb47f01951dc519dd6100f2fb3f51d085
y1_HG00621.1#957	f4c58b4ff37757eb4cc166f9dceea9385a1999877e464ed694b2827acfea518e
y1_HG00621.1#958	93f365da6c035c4c160093b30e5a519237ace3d35659d31a6b579fe5aff1fc5d
y1_HG00621.1#959	6a8023d42b2918f75e138c4dd843b1ef41896c57089c47da08ac223f1f7b0a9b
y1_HG00621.1#960	329efbc94d3a3bb0d9299357a519fcd90dc788012f36f81c1b53dbd94dbf2abf
y1_HG00621.1#961	2c5f9281b327a41ff7db47f9267cae94deee871bf692a83cfcfdd274193d4acb
y1_HG00621.1#962	1da9e00d2deb9e1f321e67f8d22ef36f58935a001040697d7905cc862375e728
y1_HG00621.1#963	b7e0c2547dca58116696715a15131fc78e837302d04769e7b657da55683b8089
y1_HG00621.1#964	b3fb2b60b861d8ff9af8bcfc1468406328660153a7d495d453dbab0d5a91c00f
y1_HG00621.1#965	d1637fcf606fb80b5817b077012da6eafd5413a090982f9014ed10c79281d202
y1_HG00621.1#966	f22a457422d80f0eecf19b49e2848117e3d156e225cc8700afeabc48f570b8eb
y1_HG00621.1#967	6b17d3a64d09c7c338946230447506078882363b615c8c0de98b693adb516d8f
y1_HG00621.1#968	35679bb80d6fbcf017c10846b92c338eaf56ae802b8e000f3c0651ea8119e65f
y1_HG00621.1#969	7f4dd21dccc4d5352a9587bb8f0913251655f809ca8b212a26d0978df0df7413
y1_HG00621.1#970	124ebea92b5d839af23ec00eb4143e58840786c003fc0a2bb71ce4c9951f014f
y1_HG00621.1#971	c22b046f324bd84487d2258b4b3384b30b90fb9751626968989a6645eef955d8
y1_HG00621.1#972	0bf0ac9d0a7d44d7cc60e5fa66371e9d1fdf76cd36863dc9be80cce55a42168c
y1_HG00621.1#973	8b6c6c2f37e60067e647586411f571b9d6c356600f058a2e7a803422fd45775d
y1_HG00621.1#974	d3ea4d372c1996953d0ee1f8d102f405a0662b18513251a163a5d823a1358271
y1_HG00621.1#975	6d39f3bf1b7f1a600679cb7ccc3e9e22149ffbb8df824a2ba783873a13d9d66e
y1_HG00621.1#976	c269f7a7995811b80ec18302e3d102ea404806245360acb4fa4ef302357a6d23
y1_HG00621.1#977	db0d80e05c48b2e5b9eaa6b5c83653547c929a24c7a1a75b2aa5c94ce6960c69
y1_HG00621.1#978	472e73d796e20aa8ff9059e6316f218e0322548f661ec4dc267507ed66317404
y1_HG00621.1#979	9779469589f956f434b70b578302dcbaa084a5eabb0124ccd61b0ae58c596e70
y1_HG00621.1#980	4e181a067399976d844886ca911650880d4ed501449c708408c8cb740b1cd58b
y1_HG00621.1#981	b617dddc58861e236684d5bf3945a80061508eec9285363f79dd3f65ade45efe
y1_HG00621.1#982	312d92db2acaff21a90399f9f08074f559dd11479ec85964c3ab1e018be9f104
y1_HG00621.1#983	472e73d796e20aa8ff9059e6316f218e0322548f661ec4dc267507ed66317404
y1_HG00621.1#984	dc8f9998de6985535f959726cad12100e471fdb652b0c713fd7c47de83d31cb8
y1_HG00621.1#985	9f4cb3e955a11f7462b7f5b1e17fe69c9fe74aea0c01e621fc9f57264be4c4e7
y1_HG00621.1#986	ae1d8348965fa986ae0952dace69d6da87a47df89ae2ebb7e09e611d96b6bb3e
y1_HG00621.1#987	e68e9ae2c2df82c7bca85bd07af11ce6a534c39d9d07e21b83663e8f2cee23e0
y1_HG00621.1#988	3efbcc905aa0fcbbfef678fa9e2cb7a904ca6eaf79d4bf784d7c4b9c4ed21a9c
y1_HG00621.1#989	a55625cefa1c81c2e341aaad9c103513e4ff25716dd90a1dc3b27ceff4ff4da8
y1_HG00621.1#990	95786b15ce626b49d6a439950523e8302f9c2904d48a7b0b330fc2eaf75f8357
y1_HG00621.1#991	fd323cb189654e4eff40de55ac16f67c4970785829efd1befd9f93ac8b55ce3d
y1_HG00621.1#992	3838a5067375a117a0e75b4049aebd2cbb37da9c461fdcdfd4787e6819659f08
y1_HG00621.1#993	e64266619c3f9bff90c0338cf8d2194f33c54d51a1d96bb2ac4aa78f9d80bcfb
y1_HG00621.1#994	0d7ed9f097240509bafd1657d45037be463d3b022385ce2494ebf97a34e0d783
y1_HG00621.1#995	30c2a6aed9b3e5fc33f1e74ed5127f6eaf5a60a89992a1070c66bb36ba718589
y1_HG00621.1#996	cfd85df6573b1bd7a74c7e3198d742c20be4fe74ba9f42f36dbdcbb8bfcf70da
y1_HG00621.1#997	96fdced094316a51c5e2f490772af32e0a1092e2acefc6670c5ff6d77411b980
y1_HG00621.1#998	c4f33776832f98e8972a716155ccea52e8f5d3ec984b06b1adda10975e75db2e
y1_HG00621.1#999	52e7895dd3e4b4e2065bc105a2423c153ff41a6910b70fa21122b263bc51742e
y1_HG00621.2#0	58bb119c35513a451d24dc20ef0e9031ec85b35bfc919d263e7e5d9868909cb5
y1_HG00621.2#1	0c9bd6aa31112fa72df0acce5c09ccf2dfbb9ff396eb109489256d2884fe5b20
y1_HG00621.2#2	fcedd01877deabfa6152ab9aa345ec18b6b71effa2a7d6c7a5cb45fcd0aec5d3
y1_HG00621.2#3	404ef1e2b23855bbb8c00c56e854e05ace03469fe6433c06a567b0f6957d0f18
y1_HG00621.2#4	1d95ee1ae4e0ab0bb6d37ffccad3c295132109075daf901f456d9ac0439a128f
y1_HG00621.2#5	e7d61fce53e31fe221a02e9ac3642747647feaee0ac86b182e3f7b904adfbf6a
y1_HG00621.2#6	06400868d356ef63e60db60571b5a7a6d652fa7d0c66199b37e5e738461c5719
y1_HG00621.2#7	cfeff1735218918f1d6b02ea96299c347a3381c9040608d6657c5d085f5007e8
y1_HG00621.2#8	0638e65289e1edb39c1633e81fe2f91c0b8f14bf1ac7777bc2523472d14788e6
y1_HG00621.2#9	bb334c9c9b509f9fdc845b0ffd0a30ac6423649016d242e6f3b2760e050c78ee
y1_HG00621.2#10	882e53a0bc20f654e8f775caa4a5bb657ca20e15c313a40ca9521c311cd8e4a2
y1_HG00621.2#11	30cfa7048fe402062b515fbd99825ea3c154b22ea6736e92b6616e1822270593
y1_HG00621.2#12	46fedd68eac40f7bb8a0662da78f327daf578c27d47abafd8739f4a6e4770d67
y1_HG00621.2#13	4e1496055f6b05384f055d0b29e5b41bef3139e2ca2b2329386d1cd154651492
y1_HG00621.2#14	e201c84935459d3118f490da9df766c562805e3c810f42a5c280c05358bf1b6f
y1_HG00621.2#15	50682649e1c21fc159efd1236b19d0617fdecb6a05f337fbe9b2873c402f0968
y1_HG00621.2#16	77ce87299b3b386b80e1d5896eac64503e46528c1c4ad5ccb05971b4de3183b6
y1_HG00621.2#17	05ae6700b151d4389f265a55ef72e21a07c4d91cab1c27abdf81029fc2d3547c
y1_HG00621.2#18	dd5de414a9cef38c6e427b579a2873885fea8aad952a8e80bf22eba4ee89e345
y1_HG00621.2#19	d4b7d4433f6a88a16df6c04781ecc8ec15ff53f980b3ecc03125501a78ebbb63
y1_HG00621.2#20	07a98b6a810f8062d0e3a16e01b6cfac7175740e981eb9b9c5e182b1997a7c18
y1_HG00621.2#21	0bf0ac9d0a7d44d7cc60e5fa66371e9d1fdf76cd36863dc9be80cce55a42168c
y1_HG00621.2#22	76be099164744b1354021bd010353370676d885e6cbad410c18342d66c7e4005
y1_HG00621.2#23	ea2f3eac5e2a9ccaf44b7cc29d12aef1be92425d530e99e134acea3600ca419f
y1_HG00621.2#24	edacbb3bf472c8d6cbde8dcdb4fdd811b46c43d2d4e18eeacd21d2c7fe420dbb
y1_HG00621.2#25	b38361818feb5dfc2486684e60d4ff37aa474b465e1d5a80756e2152245cc492
y1_HG00621.2#26	6ca6b6c1fa267581ded1fc70904ab6c829e1c7bae7c3adfc5c4dbee659ec490b
y1_HG00621.2#27	d80764d98923cc92cd5bd1a59e400711246ab74617be1709c7d4a9fb9f6dc7b9
y1_HG00621.2#28	39067805e39ce852f6020124b704f62943b89e1ae2aa30dd11803a8cc2161ff5
y1_HG00621.2#29	886aa954df0aa75ff6302a269c08943e0011371bf7e1909a62f9a1cd885f0535
y1_HG00621.2#30	c775602ba5e14e10854b7d03419d4f7d7fcc25ec1f9543089c2d9316c4a75c14
y1_HG00621.2#31	454fa6ff3fbeef6e4945962ac7a89d589fcc47901d73b845c8190a0ca3557ad1
y1_HG00621.2#32	8822a37dbe75725c5e8ce80d60e3a53fb85e4579d7bb90840d6b70c077229e99
y1_HG00621.2#33	db3dcf286e6439b7d0c09034e723be6201b4c0a766c8016a9de79df8dea3773e
y1_HG00621.2#34	37077cdbe7c5a68e0dc3f326eb82d78d93520e7945d53b9dcced08a0b03a7e07
y1_HG00621.2#35	da7205924ee928994594a28b46f10774ec741fad24084255a4b3cc4377fcc445
y1_HG00621.2#36	58e83495dc37c9e0feb72f98213738373bac09ece362eace233b1b985282d2b4
y1_HG00621.2#37	c8fad3bbc245bc9942119de03510d11c923b5e5c99ac402bd16a19c18042a6ca
y1_HG00621.2#38	831d418b048fcdba40335c537f6dac42b7c564d3bd31cf640f0c23e8293f7bc1
y1_HG00621.2#39	756c232fd9382f3301b380e6c2b0f67f932126049eb21fd9937628b1a72e89de
y1_HG00621.2#40	61283202489063d46ddde80fa2ce0921680d337cad7c482e717f20a8ad123d7d
y1_HG00621.2#41	9049bdb28951197842856a15d602ef5445d39ea008e414f44ff1eb63cfcd9148
y1_HG00621.2#42	56fb20fdda12bdf313fd25823b0ae77f58ca6aaeb76f29c48573de272db16dc5
y1_HG00621.2#43	e3b10e66f180a4b3ba9c03d80efbd2aadf2363bd57a0f53b7a6eb52e8af3f452
y1_HG00621.2#44	06171ba572a6627c7d47fba3cda22a37fcd1ace6d5f83d9f96f58e6e6fe5eed7
y1_HG00621.2#45	f9752c5219eef3288fbb20db2e21b30796ca5f178bbd61eef9b30c439bbbd4bb
y1_HG00621.2#46	f0fe3e5bd95832330ff34b8a592bcde1d617943099a410c0df3fc2c0829fe875
y1_HG00621.2#47	4f5b2ac6a1cf2feb4d821a8aa68bb697e29231d94d6186ba5b3da64ee82c0993
y1_HG00621.2#48	77dc774386ecdeefca6afd35c1e6ef2e045d8f80e1dbbbcd19d5a8f58c0c1634
y1_HG00621.2#49	0533effb82d5d81239cd8907c2a38709fcb11de90bf8ed783b2c31aa49f71491
y1_HG00621.2#50	c3bc37d21a70ee7f00c7f376cdcc8190ad69ee21ff198e4e368ede61da33dc80
y1_HG00621.2#51	faf8d11df663f2a83e05c36d1f299bdc996d971abcf770546c41b3e54eedfdbb
y1_HG00621.2#52	0bf0ac9d0a7d44d7cc60e5fa66371e9d1fdf76cd36863dc9be80cce55a42168c
y1_HG00621.2#53	ab7640c0a5ba3569f7de542f497077de5bab7e8aa7daadc245b90e43177a0f38
y1_HG00621.2#54	f838b37720885766d84f2c79305030d0f89bcded5e38a8a015901064903b1d1c
y1_HG00621.2#55	0926b0e31845ade74bbd9be01de04955da18838e366ea39c5ace7e568e4e7ec8
y1_HG00621.2#56	5aacd61d0e6e49f15b267a8f9dea52192be2235fdea8d5877a002661a46650ba
y1_HG00621.2#57	7ac3323f201cad54ff442e05382b2e71892a8481a42baf12af50421009089895
y1_HG00621.2#58	198aeba6a2c1ef67ed287726174ebfca633f2af0c8484e4ae788836f93048fb0
y1_HG00621.2#59	69126cc1893fdd258858b03dbea64ebf1ee3d395f73527c7acdc3e4d5e407091
y1_HG00621.2#60	de1b944e55421788c9d0093327137f63a907c114cfbddcab7b4d066872710242
y1_HG00621.2#61	ffc62c02de3615a9029029b1f3262ecfe0eeb26ca6a19cada8880f101dcc711d
y1_HG00621.2#62	0b0ab2f9d491c97fc902411f7d0cf154108692e63b00a13f895bae970ab6fc03
y1_HG00621.2#63	510de93e2435da7c13d13feaeb826f9e85c4d4726d1d8b88d73937b8f349f13b
y1_HG00621.2#64	d6ec61abb1f17b6667420b6b12c8964ef30b25347780af9ae2f795f2da45b58d
y1_HG00621.2#65	b1d1d229b8eeb13ec8e103b95e9811928d05a54766ddc63fed3aa4707a90a505
y1_HG00621.2#66	7bc7a6035969cf740d694874869e36c1e70bc29ed0716c84758b8b6d49e7745e
y1_HG00621.2#67	72606daff7e0658b44f4629876d17055c42bfa5b8b3631f88507556d2a1ed08f
y1_HG00621.2#68	d89353a201e0e46e68eb10f105abbabfa346b99d2dd8a7d9ab740932d0bc6b7f
y1_HG00621.2#69	e3cab3924ed2054eff0f113478af859141fd962190dbe27a62001233806400e0
y1_HG00621.2#70	944c5425e9afa137a6b65356a05e8c6fdf5a811143f51ef1d29c27b761b34542
y1_HG00621.2#71	399724142eee805db34210af7b4dc65545a8069d5f8cfd0b0c7ae868e481a5f8
y1_HG00621.2#72	96b17c8412c91d0e4763fc0843173c4058217262c0554fc35dd4409307e66abf
y1_HG00621.2#73	02cc0b5dfc7c3864e9425004d897a1213e6ea51fb6f60fedd7dc3aaba97e6dd0
y1_HG00621.2#74	a4586bdc0a16f702a9ccf54b574b8abce6d02be15479d5cc1b235600b4c7beb8
y1_HG00621.2#75	21d276e085947ffd0066a7889b16aa2cd180698c3b4bb5f8ce5703d721229888
y1_HG00621.2#76	d4ad9d1175eff439c3aa02ba03fabd8d023c3769044cfc17e5e535fa350456c6
y1_HG00621.2#77	66373d058a8f556ccece07983d647c8122438c05e416652dc8ad6148a3e1bcd9
y1_HG00621.2#78	99cf7e6fff2564ddae8995cdaefd32c4b3d3f8acf858782dc3c9f1413566e396
y1_HG00621.2#79	8e01cdfa1071216508acfaac03233da7fceed4e34fe593e6a4c9285564e781cb
y1_HG00621.2#80	a5e6df5d30b144afafb8ac0f9691bca079ffe7a4423f9647e0de0bd441735982
y1_HG00621.2#81	47d55ef586c6e38104a6dfab73e058e44c254a0c32173e834198c010c71a1a9a
y1_HG00621.2#82	c6484c45d9229d107f59591ec9cdd0467c40b8ba2421b8ce97485ab1709cb816
y1_HG00621.2#83	eabf641783966c16bf3839cef7dec3e10575bd402208aab0556cf3c913f79bcd
y1_HG00621.2#84	b89f0e3b501cf2ae8d78df829774cb3a3bc3fab71d0bc0976147ec24b8954d85
y1_HG00621.2#85	eee0c8f029c64d838f772008309e5bb836512a4fa08984a4af54e247f1f21199
y1_HG00621.2#86	9bca16d4ab50e971b949f1815dd88c3554560b056fedf2465779d09338981ba1
y1_HG00621.2#87	b4d4695d705d533a169afe67547dca249c2061f5f3f10e048f33b5f87bb609ca
y1_HG00621.2#88	93d92a68f8ae00b6ff19f346a1d049eecb9d79684726ec5fac6157e39e0dfaee
y1_HG00621.2#89	54a21707069f4b4b41c6ec57dc61f6d59743ae524b3d1d31c4acaeccbe449fd4
y1_HG00621.2#90	88bfafb3cbe1bbb2d4259d19db59993d8fd5720e38f6f41e160c619f1730eb27
y1_HG00621.2#91	4eea7aaf574f2b3b744a61a6244a0243dc431e111390fc6e0edfa083c55328de
y1_HG00621.2#92	990fad2825c32401c4c5424ea9d466a7f2bdd9efe5cf2aa1f73f41931cc4c78c
y1_HG00621.2#93	665bd9ca6f11d1950b81bb444ebbadb857306eb415ce0cf491e22474057b663e
y1_HG00621.2#94	00a6d185709882f0362fc3138e1c791fe8c7a597d4c226c3a7a32b0c7bcca86a
y1_HG00621.2#95	ad8cdaa67f891e731acb9b82c49f60615897235b9ad81c11599115f395f4f90c
y1_HG00621.2#96	18f5b42c2ee2cb40c9e78f33ade7f452778b1090291334250aa199463ea76ff6
y1_HG00621.2#97	7b5e9ebe4ad9ae87beaf1464df9777bb71f71756116c15c1c9e1d22a298bb5a7
y1_HG00621.2#98	9c581034cb9fab4f5df6104afbb084085e09e1cfd88c9f9cc3e0e063d2a60f6e
y1_HG00621.2#99	1a55c5b353f7b70a5430d2ba5fbd435a8e5f60996970fbcfc5b4354ef29988c3
y1_HG00621.2#100	3cc5890998be428fd58aa896cb7a57b43fc7cfb983bae15ea516c94b4c701250
y1_HG00621.2#101	034fc48ba584fc2a8b0b40c727e4ce36b79845d7ed910c63abfb2c22e630382c
y1_HG00621.2#102	7bc87f881f3bcbc138b874d83cd70007cb2bbdb6f0ed55f74c6a0a3bbe5bd13a
y1_HG00621.2#103	61c39316ce71749e097b4ac81f2e94967c4f0c5b41cc0856cb143f9d75f41d01
y1_HG00621.2#104	e9f4c2487a2504345d63248d0ddee3aa8053c3f2051e782904a4089de21ae98f
y1_HG00621.2#105	566525ddedee48e5ac582a3cc25953b5f4ee5b42cd09f7ab72f6d8de77dada10
y1_HG00621.2#106	d3264fd6f0a632dabd0c08f7b2daaa0297d3e984820de2f870318cecc6ea58ce
y1_HG00621.2#107	714990f9e79322707f1a9438a459fcfe12ce9a2373d4c286cc2a80b3388dcffa
y1_HG00621.2#108	4a41cb43eab6a2e49ef936e4154f604bb191f9b42b1852853ec51cf288caa3d4
y1_HG00621.2#109	29640639f8b637bb5f25ad48ebf5d7d7c2036ca6e1596258d01b0598e8ccc74f
y1_HG00621.2#110	c90640a00a624b02debe7907182f1dec684c6ac267ff29f3148f47e6ad47dcb2
y1_HG00621.2#111	3b093b5c6cc47c426b85020c53151014ca2ce837963e0bc40a6c3860850ea8d2
y1_HG00621.2#112	0c3d00f9d2d42f3c2a4ff1b764d73978ba5d748fc01422a7cb4a1c09fcca1189
y1_HG00621.2#113	715f0ebfa881e065313d664a95bfae3ad3e1c8ec0473830c9030828603667a8f
y1_HG00621.2#114	bfdbb10be125c39b5158125f20434e72a890f95900a0004a482756ae344ddcc0
y1_HG00621.2#115	e8bcf44fda25f61ee92e09fa44a1293cd01398f4bb6e17673ff2621931f04bd5
y1_HG00621.2#116	84d8f430598ad97bdace05d996b18dcd90261d5266c6190f257141864257aefd
y1_HG00621.2#117	e786481b2a91f806e596547b57f03dadf05ea69ae7cd325566addc2218e2fdcd
y1_HG00621.2#118	74e31306d071ec4ff27d3769632800e6f3ba8ab7d7566fc95b2fa73d20c90aba
y1_HG00621.2#119	24afd441685c77eb147d4c74f843a24c4965692ce498f3660bf30da66092fb70
y1_HG00621.2#120	1d1aea3cdec922524f76eee44239c75f66644e4b99d5e5219bb669a514ccd5a3
y1_HG00621.2#121	42f31aa4882badfc8fea44683a039fbeb3b3dfc5ccdfd1e271b8e5d33a3bd0eb
y1_HG00621.2#122	7b143828d5af28585510a9018d42ec9d235515076a334444d2b8f92fb4e88391
y1_HG00621.2#123	5f34df38eb307094e657e1e0966e5b56aefa81e6594322486b17f4f24ff8cabf
y1_HG00621.2#124	0d73620e412fb1c6677efa2066111a55b0b41b95c2939fc1d116a2b21cd9e5c6
y1_HG00621.2#125	9235ef75e11378ab6c43827d80c61140c80e4e39dd19b74409d9205adb535ec1
y1_HG00621.2#126	02983cbd7342311381e3fa4a1a29e9bfbd04e81bae079f00b0351eb62d995641
y1_HG00621.2#127	45f92768e692e1e5e10f9d80b2ef5d88794d50ca98a4fce34cade5c293c4f873
y1_HG00621.2#128	f53e4a4db239687c4bcb2bf6136602a19e444c089a8978bff3969165e8d1278e
y1_HG00621.2#129	a2f3da380c37c8d6b0355e960558b46cb03123e3e329ab99d3f96a7926f6b013
y1_HG00621.2#130	5ab292499a7f156ee7f7db4272d8ef07632134ca45d2e98c83a135158c22b982
y1_HG00621.2#131	5a4e0f8cd041374937f9c4d06bb9ce5c960997106c0b6773c4d8733e89046649
y1_HG00621.2#132	560e8a36d9f5f92fabfce2ac690b17483ad78537d56ca71984a1bde575246a52
y1_HG00621.2#133	6ce1c1a414491497d7a1833417b3ea65d47d14007e5b65917dae14d777e9091f
y1_HG00621.2#134	0a112b299eb3d0918c92b2461b31194288fcb5ad00f2ef2e00b5e1c82e1dabca
y1_HG00621.2#135	4cc5404f18d83c541dbcbf94c4ff7f203a6222a4e228c439dfe2e3c40994c559
y1_HG00621.2#136	8654934eb0dee887edf2e9e51baa44091694b84822df149bd7ac176a8e00c7bc
y1_HG00621.2#137	9fc7215379194373250b6d09f2c4e9e3d8f43fdcf0f416424fef6ab22fdeba02
y1_HG00621.2#138	0c1ec2200c1eb521c653b8004df0a741e7b6c685d63d2f13aa36efaeb8129c9f
y1_HG00621.2#139	10caf11164eb252835a25c98fefec9f65c7241d4c71e39b4aafd413ba53bdf78
y1_HG00621.2#140	a47e9304005d47933cb2506a12e83bd8c1fd82f28a3d01c17e887af0f573f67a
y1_HG00621.2#141	15cbe5f066da796145940479d571424695e3077a1de270cb04972942d5b16260
y1_HG00621.2#142	f99ef127740f436d974ef2deb265445bcac62ece8f14446ca42ef87aa9ddc1cb
y1_HG00621.2#143	afaaf1f33ee485c30f1d5567299b95f3d9660ecb61c8b5c9fba2614a4216a06f
y1_HG00621.2#144	b796d3982e22d06a5dad8dae866b46fcebec0e944b6f5d6e10af18661cc13911
y1_HG00621.2#145	2e0d2c748a5cb60bd734a0c7da72ae312d3a35e42a51441e01a669f07b8cd375
y1_HG00621.2#146	885ba7177949f91c46aeda67da149c149d57d9c8ffeadbea5123fbbb7a84c511
y1_HG00621.2#147	6a4437adea642c25b60a1523f3b46cc939c33df62f588a4be0ba7feedc5a970d
y1_HG00621.2#148	3f22b498339a030c24ced0e7736a46f319a8d8210f297aa0b8bd8bae821760a8
y1_HG00621.2#149	1e23635deee5321c77f96a415d9802ff92a835ee51aae76e24e36d6d15b69b83
y1_HG00621.2#150	87303bb5817d91f0d548206a6078e0fcc7433601eeef0d47e26e1290a9fa88f2
y1_HG00621.2#151	c6cd067274efbd2e82945e17d6862acf7ad798609273cb8e48fca22d3e942138
y1_HG00621.2#152	4306c82add20952937bed01cc6bb2f30fbd7bf52a98f910ab309bf551ee9fd97
y1_HG00621.2#153	62f278d32ebeda68a26c4ca72efabb71a2608a050ed1d31795b41d6e673f7343
y1_HG00621.2#154	d4e89a6779fc12adb9c926fc5ad7fbeb32d6cbe3c0f56487e2a9c7a30dd2740d
y1_HG00621.2#155	3f249a492c8851c385fce82b4112d496f1c6c3b530b21d3d9c69dd72082f9b66
y1_HG00621.2#156	b578f5707293c7271b170ea940a7ff5e984c3e536c95a152752aa7bf8e1ff498
y1_HG00621.2#157	d5f52c9c2ce8563bbb25a1944362cc82500fb19fbf0b2abb5117a67a5ba9df8d
y1_HG00621.2#158	c85fb1bf1bd526f27dd915b9e8f0b5b1bdca53fe6fab8568ee7d3738d03f38c0
y1_HG00621.2#159	0f83746fbed8a68aab961bb3e3dc8ec72331e71f0f1058d24179b58c201c45c1
y1_HG00621.2#160	731dbd8bb35714a412065ddfdcb1ea13eeae9dfad301c1f50b5610c2caeb8387
y1_HG00621.2#161	bfff174eda7fe8ca6aa022a4a6c2f9303d5de05f98084c10f4dfcf4d82ae303e
y1_HG00621.2#162	92b01ba65961651be53899ca2c3ee6ef3ec735583e215e59f5b2006eb2b275a4
y1_HG00621.2#163	f14b0993cd4a7d4144a41035a176c0ce150eeba4e3bb79edc578acf7a9dba962
y1_HG00621.2#164	b653228a8787b265eeee14b228f9e58d978c9303f4ed00e59c3d2c08c885a76b
y1_HG00621.2#165	1d61a90c4d1231dd9414234f1fe489453d24ee54536fb472deecabe67f42fa4f
y1_HG00621.2#166	075c9402594f706c986496bd8d47386f0d622c5c7c65fd82c9c9de79e5013d78
y1_HG00621.2#167	11a0662e12aece895888f1f80d456c89b1a747c2712b6d3fe1c9d5f1903d9e6e
y1_HG00621.2#168	b17599a613e2cd70d0257ac425ab0908ce2e6d48d6ef0c57ef277458a5f5668c
y1_HG00621.2#169	e7eba1dd5125080b3288e9ca5dc06f1060e3361f62f89a4e9432162e9032c734
y1_HG00621.2#170	fab23635d4f82d288c88049f3c2742a48a75edef6cf18571df529f7ad4487d4b
y1_HG00621.2#171	2b3a1137fb4ea5b51eb374108cbdace9fdc4fbb0db93e68278fe46d228675449
y1_HG00621.2#172	a79bcfbc5bb73083a33f03b1ea42c063818ed680e4389f3071da44df734f06f8
y1_HG00621.2#173	cba3bc146fbfc4e5c5b05230d20cd3c869467af0641472eaa3a7d4d993e0202e
y1_HG00621.2#174	6273a002bf1413e21563a99baf470468223fca63b52b00584ef173c311e246ca
y1_HG00621.2#175	87849ada66cf7cf0a21d8fd016ee9c33e2e9f694f1262407f1541f6ff027cbc0
y1_HG00621.2#176	42dd439f97ba13209fa0c949367fbeba1aba1bdf775d441a5b858ca8a0def5da
y1_HG00621.2#177	c62ac69c88c154daed1ec7439d495996b74ecb216558e8a3125451adb28c1fe0
y1_HG00621.2#178	f4538435dc5c1f09b025c8341dd7505d7ca1f7bfd389f5f38fe984a1914c7b83
y1_HG00621.2#179	042469e551fd9406d8fb03bbebefb3859bba15c9528f86332bf93e949892bb56
y1_HG00621.2#180	f456ad5172612b222ca54ee60231aab3e83cdd5aba79734c757b49d0bf8f3d25
y1_HG00621.2#181	f0b9e26da1a4d84ff293787c6b5e2c7f1d4f8ca517b1179de5cb1cfd4f2a0061
y1_HG00621.2#182	79506f7c6e57a4298dbcf414e8607147791c4c01369b6a44289a878fdab61ff9
y1_HG00621.2#183	1ab4cc9771f04d635063317db87d2732a33f671841a1ac62ad28272adfc130af
y1_HG00621.2#184	63b2f11998dd21848db78e25e325b2aa9a6ef9485c1e165febfc6789f6eeac28
y1_HG00621.2#185	9e2cd63d7563ead0fb795b7444ba1bfece681de73e2e78294234fd4b3273ac94
y1_HG00621.2#186	f2d45295742aaa7b08e68be0a4b6bfee8427c5115384a5f7bc6d4e5f6d6c44b9
y1_HG00621.2#187	34933c5fcfd8eccd40188968805a2fcf81125d044861ae7d429c3f78998a18fb
y1_HG00621.2#188	df5fe2baf0be184b8205fb4a32e101801e36e94a261b81d597ce2852a6d85900
y1_HG00621.2#189	d08a9b8fbf73250a1e297919a661bdf97fe22f716c17d208ddac46b40d5cdda8
y1_HG00621.2#190	c5fa6d98f4793f220069051e84b114808cdbcb56c7c6a3e06ead93c449c7bfd8
y1_HG00621.2#191	8bddd983ac9e8484fe47c6b8147bf63fe988ac13486220a838a10db92400cbe6
y1_HG00621.2#192	fe15a13494485e9d02a44fe83e39a3bfe2ab8978c3846b6468de17cc993a243a
y1_HG00621.2#193	94811c11468caead08fd46615315f339ba141ae2032da1be0bb22dda4eec201c
y1_HG00621.2#194	0cbebcffee0ffd95d8c85c2a54a83bea655611ca9c7511a33a02171c0b70bc4b
y1_HG00621.2#195	d51115627700860ce2fcee7358551282acfc196ab1a0b74612c4adceec690198
y1_HG00621.2#196	aa24e23f5f9f4c09857d0716dfc920939b2d31caee76801cf4dad9e8eef9ca28
y1_HG00621.2#197	919967ae5b2ea4c36e40588c6083083cceb14ea667c6a3d3e3d0accb9e0668b6
y1_HG00621.2#198	f3cd0cf58046be69de3c51933e6228e57ee39fbeda1b56aae22aab0bc8cb8792
y1_HG00621.2#199	281cae0ae26973525ccdc30d06909e2c7262c1da4a7ac379d1ca9dc9abe34f3e
y1_HG00621.2#200	1b184bae588df548665182b5eebcd122110d3c17651c96730dff79c51577b2ee
y1_HG00621.2#201	5cbf40abad9fd0c16f5ac0147f2a7ba93df737705318a1d363906e3a9d59c1e1
y1_HG00621.2#202	436e1acd4d4b9fc8a444ddf879342d71e039ada201d77049c25d393f5be7e32e
y1_HG00621.2#203	9a5fd969958945582447f55c9376218a49df0a67858a4dfb5bbf9ede63f85198
y1_HG00621.2#204	ce1f5c24e43fca7425301a51dd586fa14b757967253d8ca16c979fc4c5beb5b5
y1_HG00621.2#205	ad965232aa6b537aee50f5a631455794ec56ac98830cd31d6469a75b1bacd209
y1_HG00621.2#206	88287ab988a01852f73f94d524553827366a5ebdabfd36c59498ccb6104a1969
y1_HG00621.2#207	ba464bd29d8e092a7995e35e8ae54f6b5af1ea1773a1a92f42bb2a9ce9e033d1
y1_HG00621.2#208	b7f1573dc47b029d028961095798c54fcf5b29d8a4be4b4ab6d4e1e5decac498
y1_HG00621.2#209	9779469589f956f434b70b578302dcbaa084a5eabb0124ccd61b0ae58c596e70
y1_HG00621.2#210	d5ced0c0b64bf1582582acb55425f70c12991c397368a8bbad06bb0a5d2cfeb7
y1_HG00621.2#211	2594195a4618b6dd81081a0ee57c790863b47685dcffb1e34f7945428fd8909e
y1_HG00621.2#212	0c9044e1ef6c6eba6bd7028f73fd35a458de8c1a0f8776062788ff4084d400e8
y1_HG00621.2#213	9af9eef31e66682c7a4c3053e2f28007fd5f6ea4f2b668263ed2716fe4c793d8
y1_HG00621.2#214	884395b87d11a0b0b50273ac8fb6590d499d92689f5858b2c4d8fed64612baa7
y1_HG00621.2#215	783972a5bb1839e99e66876feda11ad0fcd5c940de9c265362420d1b7e717acd
y1_HG00621.2#216	7faa78f90c927309bcc591b847daaa2f28d53bc73535a6f3b97232d71fd61c38
y1_HG00621.2#217	e051a510654af3beaf7182959eff841799001d38abcb2e165c78555124233487
y1_HG00621.2#218	5ecc39776f3b3481dee66d791c7b967c658799484ae196a3ff29fea8d9cef03f
y1_HG00621.2#219	8b85045c52da3129350853885937cb312e35168283143d5101bd1a2fb77f04f3
y1_HG00621.2#220	bd2ee970fece68be7c00f3e17e1ae5802f286da14d15f170344df72015d8f514
y1_HG00621.2#221	1795c61e7b0cdd631fcf67d3073c32d66c98756e908343d6220a0628185df1aa
y1_HG00621.2#222	695c8b747cd49d1192475e9fc775c917b26b6535cc02dccca1378cbcb0b13b4a
y1_HG00621.2#223	cdac930b6a4c4c2a7603ea422867342409420b089067617912337fd3e2d0fa8e
y1_HG00621.2#224	89485f42b862305ccfa7874f3b6b44870ed4ea0e8bdd607e43e9f53547f4d89c
y1_HG00621.2#225	1faab992ad920e4d8bb0ded14066781a691a9cbc558e17eaa8a04735246280b3
y1_HG00621.2#226	3764212439b4c80f2e40e6e37dde39d4b51a7d2266be355df3505dfac276d42c
y1_HG00621.2#227	b667830e0fcd0360fd2daaf001e13a56ce3ab9b3ae00c1d3e93cbe23294c2127
y1_HG00621.2#228	4f2ce3af5a47720348400fde528c1537d2e0437046e6fd06263911fcf589f1e1
y1_HG00621.2#229	ef5fc652f0e35812aa45c7bda3c8577357ba581a9f4397416a90b350cfec4da3
y1_HG00621.2#230	5903a561f4945275e3220bb7f72f075d98a1be729e3edde26d1534c06f644c51
y1_HG00621.2#231	3c64459ea5fe223b5277373d4f87c9c5872d0fce6bf6e3af98f55e5b6cdd1ef9
y1_HG00621.2#232	3a2181846d3e92b98ad1e921c11bcb257e75cd81a5ea0182eb27a08a76391311
y1_HG00621.2#233	ed31b481b2a3f1606652cedc8dc378f724ae9cc82af4d00f517068390f7c0259
y1_HG00621.2#234	e093db507e93fc097c98dcfa9cd9659dd506946751ee5d6ad82dfc48e0190bc3
y1_HG00621.2#235	98ef848351cf2e9d1b20b6c958d71eac31987ba9291db7c18dde29ed9d637a5d
y1_HG00621.2#236	a9a2d4b45449fe4bf2b523ef17dedac929863beb8f1421391b67786593ee67aa
y1_HG00621.2#237	47e2538389d1b127a241da9e5f8612d42728517b01a4b95208d183fb91381751
y1_HG00621.2#238	96129bcdc1fd25e780cad0f20d20841909a13cb34cf690a91ef680ea5662cc75
y1_HG00621.2#239	c7d694187c66b4353c4467ec9caa6703ea01a152de8933ae8f551fad1161ca91
y1_HG00621.2#240	78efd7a1800f83dbb964874bf26b66fc3e92ccc67d42611b97b2a2a1c3232294
y1_HG00621.2#241	ad2d25b3a8fff51889e15dd985f86236ec413ef70155f4856a5daf49e9681e74
y1_HG00621.2#242	e57404f60a7fd64b47174ff8700ab771bb4641abdd0ef65572bb93ab3b636964
y1_HG00621.2#243	ee19b3b7f0998acd77eed69b582ffb897fc8dcef12644226f38871e3c8f26ff4
y1_HG00621.2#244	7c6a986ccff9c4562f0918227fe808375952d338b6c3a13d543c60b45e50086d
y1_HG00621.2#245	6db06e6c4c9d3f7e41442692616b6247303e434e44a64ea031c420dbee0b4d74
y1_HG00621.2#246	ee5c1b7b259b2f2d5c0419cdb39871b684e555811dcdc24762cd82cb17a4b091
y1_HG00621.2#247	76cd9487b9f03cc4f53a2b35e1cece24d8ccce02e805de42799bcf5ad0dfaa8f
y1_HG00621.2#248	a531b8b63d9fe002a8b93b167c39a11ce577207c47fc15d192fcc50f1171fbff
y1_HG00621.2#249	a805e43459b8c96973f2e3b62c15876bcd0cde738b7ad3455cfb37564e197ced
y1_HG00621.2#250	609147c3638398f4a7071689fd14bc5743e2d0eb03baa10d18806bd87097b3fd
y1_HG00621.2#251	aaeb9f315eb6919b2c3a0948a92b02cf2d375b7de8320d56bac5b6d687e70d9c
y1_HG00621.2#252	12bab51a8db162699f9c16d9d33f91122c94bea2387a3054281aa6c9f5ca196f
y1_HG00621.2#253	6955589010b5375e95b39a117f42e618f2f3ff78db618ae2c6d84578c6ae7a52
y1_HG00621.2#254	b938c19e0fdb96d65625fcf460a1349c0ade5da0dbef65fa5e50ac28162b42be
y1_HG00621.2#255	df0d50433401a8d5fe2c4f37fdedc3f4d91053c7b1e4bbca46445af87da51690
y1_HG00621.2#256	456fdec7ce9f8d057b616abfd1ff44a2055e253a6f07dcb8fced031d6cd652de
y1_HG00621.2#257	1a4a6749b12c5d41badcdaf36fe9c97cb67246bb3fcf7a1a5b64a1e4e76b24b5
y1_HG00621.2#258	2606733783977e0bcce02f150a2c68c920ff63f5540c17d57ff12c6424ef9277
y1_HG00621.2#259	3536a27abb159c3a013514d1738e0152c1f37398005897fbd2624bcee1e0c90b
y1_HG00621.2#260	c2f565882f0ddcd9a00915513459172489fdf982484474a80e821181ab15e735
y1_HG00621.2#261	e1cb24ca914add3ae9938cd7a689a527a3f3f43046670d8807c7657ad3d897f7
y1_HG00621.2#262	ba5c20f02d7e759dab2ecd2cee696ca0fe6bbaf1d1dafc1c241d83fb492af322
y1_HG00621.2#263	2e53762c78835f50bddab14ea64a872dbc9e6c9509781de72aea15bf6394b013
y1_HG00621.2#264	bd80138eee87a467285dae5d7eb5d054875c920c5ce746234e6963d9d44ede16
y1_HG00621.2#265	57fb4c8ca355bffab0da7cb80186d0e8b65e9d3914274fc00d37c507bf29cfb6
y1_HG00621.2#266	9d16e7796bcc0705d5232718ba178810e5f91c2741ed3aaa4a58598e6a50972a
y1_HG00621.2#267	e4ce2d7ae8868ed0f666b2ffd337defa4123fe1b51499a2334e3932b2e51c98b
y1_HG00621.2#268	63ca17eb41ffd8a340f35ce631e7a5fd26179e7971e5b91aa96a8274e507f8fe
y1_HG00621.2#269	320008a228e2799b28303b8d4391d032141d4f98a55ba180d073eb3424afc817
y1_HG00621.2#270	a4cc42da3df4e165badbf5f3d967855f774621e51bd275004361108d29f822f9
y1_HG00621.2#271	0ff2b39f62cee6330d0aced707ec3d4ecbb0a60d8989957b1c2fc889d7264745
y1_HG00621.2#272	58bb119c35513a451d24dc20ef0e9031ec85b35bfc919d263e7e5d9868909cb5
y1_HG00621.2#273	1407b64acfd7936ce4938d7a1f421280c3418b43ea8975c75e675bb7904de459
y1_HG00621.2#274	b7a0adc38fdbafe0170473f16ff5bd1e9c25d41ffba49202dd71c2da8b29769f
y1_HG00621.2#275	d1889080daa3b37d9c304c7bf7804d329111a48b259031ac89b7dbc28e1ad661
y1_HG00621.2#276	eb5442705969dc8da5dfac8f9658dc68acdab5bb7635ba7cc551e389416ac34e
y1_HG00621.2#277	9035950a9336203b79d2c34a1c8d4ab0dec8876702f41838daa2591eb1a0e4db
y1_HG00621.2#278	05c7b4d97ad2b8b22736f639018781836e3442f20a3dd0c0a0bb417c90adb7d8
y1_HG00621.2#279	4d45515882b5c3c3f8175eee1748a3701d4cad6fa3b54ac6d6881a49c45f45a1
y1_HG00621.2#280	56fefec7ffb33caa1746fd3f454f6389ee05aa7f7da74336220c6ad9da20a8c4
y1_HG00621.2#281	b8f2d586b3d29acbbd8a3756b317d0089baa3382ddbccd7018bfbd7dccb82709
y1_HG00621.2#282	314c06b0abf3f6a69275fb6507fece09ac374cd30d63a1a439c3eead49791901
y1_HG00621.2#283	16276abe518e6ff54a2486ab3e2e1ddf949561090f40b87fe4abd64602923c6d
y1_HG00621.2#284	f69f17fd10086e006c11fea496f9b7f3b718e489f02815a526de18645c38446a
y1_HG00621.2#285	f4ef47ad7e84820bcc28c50772e839dea1720df3371dfe2eb5376bd30618543a
y1_HG00621.2#286	e66453f1f670f42859a8b9f32bb629bd9775aaecb8e09cf2de6d0ddaed33ab3b
y1_HG00621.2#287	c42d0f6f54a7a66224930e6f72cca14cf8ad02f95d1097fbd73e473f6eda3988
y1_HG00621.2#288	d790309362ae982365e9be519d6f37131eee39367faac85af9468300211c192b
y1_HG00621.2#289	6e58b1d063e6f0c1a1ebacf70b6528444706dcf739f06c62ed7d311482f4c51b
y1_HG00621.2#290	42d2b9ed6d24c3f42b7c2c70427db246a5a9a3ff0a8be56efabaededb40f95d7
y1_HG00621.2#291	1dd04bd2569feccb6e345ae13a4576f0bf436284f457faf2b9dc57cac200bf2f
y1_HG00621.2#292	9fe5383e0bf7010c9f044e0ee141574e3dc8d19ca79e7d9584a70da86af6d4c2
y1_HG00621.2#293	183417334a9fec5695115b0b6633eb17ba0ec961939150d241512135698f9b9c
y1_HG00621.2#294	58bb119c35513a451d24dc20ef0e9031ec85b35bfc919d263e7e5d9868909cb5
y1_HG00621.2#295	1be830604e7e392dd1c4e5f1b1b7007528221da93cfa0def6abe11259262d8ce
y1_HG00621.2#296	9cd5cff2c332a4baf32be9c3ce9d3964e4d95fec0ac84bc4b1af1e601bf3cfd1
y1_HG00621.2#297	84a6e8fafda27b298bdd0d891e32e8d30ecd404c2c41a6aaa94f51be4d5a6dfe
y1_HG00621.2#298	f7499d156552b49e1a8dd7d7a8f65786c3896400113eaa2395afe426f0228785
y1_HG00621.2#299	bd75e2baaf1afe145c44199eeafb7bba45b121a711a35635f0345af806250bad
y1_HG00621.2#300	cb1ad2119d8fafb69566510ee712661f9f14b83385006ef92aec47f523a38358
y1_HG00621.2#301	fd3ee9aac482e5f86279b8192279545c94f5ba9034e7b5a93d8b1a5cb292caa3
y1_HG00621.2#302	008e711b412b5976608ae2b90885952aea534a3aaa285b06ca2f1cecae14e8b7
y1_HG00621.2#303	4f8f202527c8e3a06ebd144e7c252cada07483eeacd628e5c46c01d3ef05d32b
y1_HG00621.2#304	ce0723cee00822b46d2b0e6d6d335fe5a340e21e28b72387fc4f14da7056ba27
y1_HG00621.2#305	eb3a6b6878723d6ad665ee12df6986dddba537a56429703b128447d97a218ecc
y1_HG00621.2#306	6eb550a1097bf1c09d6353e32499467ffe215ae809b0a28adab5f3bf31957ef7
y1_HG00621.2#307	f241f3d18c0a91083b2647ecb9257001132c8e67996c88d7041590732822136c
y1_HG00621.2#308	e2520b01419fe32953848118bb08fd60541cf674581b7a981d4633f3de37dccf
y1_HG00621.2#309	90cc995ef417c7481e48d54cef7d676676005096524d53b93d617836dae0ba7a
y1_HG00621.2#310	3178b4b14a97f8405778e526d449fd230778320a2830a1e224e5c519597acc33
y1_HG00621.2#311	dd1fbde5668b6872a1e4b045b0069b6eb49c58178e4d10e4cf454cfb749bc89d
y1_HG00621.2#312	92671ec426b65dce139257c81205b188a22c5964e020ba2b82ffa07fb4857b65
y1_HG00621.2#313	54397c2279969fa7eb0c28fe266ba00083d390fd7e87b4b9c09eda06f77fd9da
y1_HG00621.2#314	0fbc26485e232f572b1a21f1c9e05f832c54fbba1ef95a67cbbb0102d1774cbe
y1_HG00621.2#315	2a712f1c37544f6d23726a945aa951c22b7cf3ab169438c802609a912bf042f6
y1_HG00621.2#316	3abddf96d513f5fa30355fb846f23fb1af0d682ad41dcfd866ed7a88e9459ca9
y1_HG00621.2#317	7aa8b4bdd06e46bd6e8a73d7f89ec9ffa6c230542602c6069574d1ee76a4b3bb
y1_HG00621.2#318	64f4e29ff8276483cf3e71af2e208387c13db1b5633baa127174a901a00bf0c6
y1_HG00621.2#319	00151e35b51b67a8aba2af84a3ee6fefb6b5b06d0d40de22b8fc58fd8338298f
y1_HG00621.2#320	38c962a5174ba6d73c73c24de2150a0d6ba58136b43cdc4879e2b41a0725f9a6
y1_HG00621.2#321	e59a0dbe4ee5b50331c8fcff447805b50037a47cfb1142765acbb3b39e9e86ab
y1_HG00621.2#322	9779469589f956f434b70b578302dcbaa084a5eabb0124ccd61b0ae58c596e70
y1_HG00621.2#323	c20c5d602cbbcfd641adc6110d35358331a080e8bc5b36a417c1df0f40dd6094
y1_HG00621.2#324	a23e3935b96c70b9b4d853fc2ae50f98b4f007c3462cdf7534809969a745e977
y1_HG00621.2#325	f97f676d2906e34d8c14eccaf0a1453cf31c3019655c9f3f0a47b978518862d0
y1_HG00621.2#326	82f708d5f71290249bbdccc6e152169ab40a339525d14b305cac9e1591220f2d
y1_HG00621.2#327	ab47c40696e62879942b515b084e66715dd7d8f0e6bbac655cbc48d981f70280
y1_HG00621.2#328	3e2aff74b9c61580d98e9002fe990a19da26b7783146310e3d4a31a877b416d5
y1_HG00621.2#329	011f2f6bf82ca72a8df32c00aa8e57e78fa46547bfd84f996d2ed7ac060cc86d
y1_HG00621.2#330	1dd80f4dad366645b2d6db06caa18592dc63a9436bfec15e4d61558802bb112f
y1_HG00621.2#331	dc0a03ff3b89709598a53d5a3b5920cdc79b3da95a833adfa32b3310a443d015
y1_HG00621.2#332	250bb8de28a3653be4053d7a80adcee5fa4b412be6529ef748ab1b25fdc1106e
y1_HG00621.2#333	ea0ccffc7de7f3bb88d7c5076781625f27ab448115b5613d4e1656db55563fea
y1_HG00621.2#334	ca07f48b27b4b6fdf25332c2c7b33e5e9121c3641a28590fd907e0b2c5c004b8
y1_HG00621.2#335	12081c3c6972c747fe8518cad3d7586293124ea58c3bba3dce65a6430a455948
y1_HG00621.2#336	bbc0a3fd8c3bb2d3e73d94f63d389fe1a3c9cd91e7e1b830f62cdb47a3224bf5
y1_HG00621.2#337	3f1ddb76c875f87024094e72eb31709d05a78f2a0cb524868cf9dd4c6abe0db0
y1_HG00621.2#338	c81a3108100acdffb3470d6a4426ba22daafb0b6366d9b7f95e0e48b992d1444
y1_HG00621.2#339	d2b9e502dc1c0e7fa6916572444fd2b0323bbe60c3ffd6c3bbaf0a315e360338
y1_HG00621.2#340	f4c2c2b137d3aba365ac44b6c6d70fef69afe036d762b0e9d03f133fd2da45cf
y1_HG00621.2#341	1fab2750f1fb83d8e677445113a25561271253e81c0f4a174ba0825adba3623c
y1_HG00621.2#342	641ca72220f1b8073029faa9256dccc12967a14b97f43242b0a17d63c3d63ad3
y1_HG00621.2#343	db59357e869db9a2ec279fcb89e78687e57eb4015ce482df6556508bafd9f526
y1_HG00621.2#344	094dfa30e0bf927a16b05e5dab9d8b8f53ef641152913a9d442cabf7d8c8fc3a
y1_HG00621.2#345	55fb2b9b46db2c222a00d17ea0a57b85d4e18d9ac2147d7031c21082b7f0a473
y1_HG00621.2#346	5e2dcba22880189a2c3c481d4f591b6467ca4bf96fc2f20e7965231175db23ca
y1_HG00621.2#347	73965a20651d0e462adea48da065e4bca8b7ad4cfc104cb6badd3604bcd65697
y1_HG00621.2#348	81aba9df3f123d5ff3eeef8ff4dabf35f3553b3da7ad39fa80c4cc4a101f18e8
y1_HG00621.2#349	ddaba064ceb92f11149321c51dff1ecfe169595a33bce852ec160745935ed462
y1_HG00621.2#350	0a116658c2288a612b31e76d3303518093bc2c65412c784c7c0a4df4b0f8fb26
y1_HG00621.2#351	4774d07381ae019186410886ee5abf66009f1e8b189faee92cd966b51f8c687f
y1_HG00621.2#352	d5a792702f886d2020dd4fc9d1f475485295c69a9f8261c2be45f6b9a4cedbfa
y1_HG00621.2#353	84b080f8864380a023dac1f2455547603e2682c1a0be5b6967f46e1794cd75a3
y1_HG00621.2#354	51cbe31d6fd67c474fa48bfee4eb52d1b7eb8db2eae09a3cfd4f4621b924ca62
y1_HG00621.2#355	1ef9ce859140bff7d20af59bb8c54f6bf3aea2b9b843f4b9df610af37c54a804
y1_HG00621.2#356	a84860579ec0c0b4b33610f7f7b7be492f677ade0a0c15c699e4aeb8e13f793f
y1_HG00621.2#357	ebd5edef0728fd681e3dbf7f73b7da812654eb7eab6cc5396ebf338064c7b25f
y1_HG00621.2#358	fee95bebd44a791643d1f2fb576099da1464daf4ccf85b97b586f2fc6bbc5781
y1_HG00621.2#359	b140c4c41991c7fe36b0053523593116c56d081986cc8a56a9d51847a751c56c
y1_HG00621.2#360	47802901702c55672e526563d5758921fbd0a10769fba76f376b9a2b0e4872aa
y1_HG00621.2#361	8e9affd65f3880a1e2c10f436a963ec2823b73d8751fd89959130f2c2dd22930
y1_HG00621.2#362	229052e284839b0a91402c7bde399cbb0a5ef0a52906e717c2f1ac7eca789e2d
y1_HG00621.2#363	0bc177e202956b2cee73c0c15220445bc2b746ebcefa48cb91769636c391907e
y1_HG00621.2#364	77ef74518ccd6437d9f93ad907bf0bd990f86c2611175f3472aab7852bb1d0e4
y1_HG00621.2#365	ac994678872ff3a113f6d6d6983fdac472c926e40dd9719fbf5d048fdb0dbbd8
y1_HG00621.2#366	585f197b682505bf9f5c248d352a5a5244d00463b7aca3ae99dc9ae4808573ef
y1_HG00621.2#367	36787de090a7788ed1ff94322ef5027fd93487cd1341258f3196a21576af4ef7
y1_HG00621.2#368	0c90158960b631e90da279373a4177124465b342d429dea1fd6f8bbc1a0573fb
y1_HG00621.2#369	9779469589f956f434b70b578302dcbaa084a5eabb0124ccd61b0ae58c596e70
y1_HG00621.2#370	f7044493ffd55a42febaa319161866248463d3cc4ec421b5b06045c4236cef48
y1_HG00621.2#371	78fe20e4316218e0cf539b4450cf727bfc452e1faef423acbfe608f75aa28da9
y1_HG00621.2#372	10d27dd5ed90aa907a90c1ab6e4ac2c950621efa18042e6d156b36588ecb6492
y1_HG00621.2#373	069a0534c8b79026992b681ff21f06402713a480b2c7c259444b237e7d12ca3a
y1_HG00621.2#374	0552b5422d477ad664791bd05910eadeda5905721b22e0d4ae80e2a76726381a
y1_HG00621.2#375	3cd3a06adca08bbb67e28f60337fda9e6d1ef055dca2ebd1997fd15c239f55b8
y1_HG00621.2#376	d878677f71fdf54a24b7cd95207ded1dd40cdf1cd6cd84c3197c10f468cb8263
y1_HG00621.2#377	656b19230dba19cba23e6f4062bb6de49e1b9b3d4e031118b4ecf283cedb48eb
y1_HG00621.2#378	db530e9154aaf75d94c78e318b6fd0f93339bebc4a460b319bddaa98580d2a19
y1_HG00621.2#379	163f045e8c7b567846c4b624d633ac0b6d045cd170e48314a6aa26a86d507229
y1_HG00621.2#380	91785dc43cd561fff328e8538f13bc966c191482ab679e64a303d8889ed99a8b
y1_HG00621.2#381	20e5c2765c6141cc7057f7920970b14dfd7f58054c94eae2976c211509d5174e
y1_HG00621.2#382	b616e61c1df5e38e8753ea429e58507856470edd18c21f6881ab140bcd2e2c0f
y1_HG00621.2#383	cd8063422e5937b6221a1b757a63e106dd0656f6b073ef29b7c7fc570ea14410
y1_HG00621.2#384	47fe24934fcb93cbff1db6207dfb9980a54d4a1a06b14cb3521957de78d39436
y1_HG00621.2#385	2b648f70ac63add84f0bf8d6ae0ecb0f95fd140d894ac657906f78737b618164
y1_HG00621.2#386	c0643d31d6c05ee683ce1483c4c7437bc4f640a11daa6e31c47053cf427ef78a
y1_HG00621.2#387	48bd88c7bbec8aebac6d05bb9d53d33a93ce13966bcfd1bb1c8c6317f166b2e5
y1_HG00621.2#388	8e670847cb1b628b65107b594406e95b797bf060a0969365ef25f28f6e928d5f
y1_HG00621.2#389	95afc3c0276f9c4d99a21efd6727698dfb2dc7a26d9341b9ba7b13d3f8a26f40
y1_HG00621.2#390	93a3e671cc0b84304ac63c4e548adef07d162f0a952a39ac456c94b48e474679
y1_HG00621.2#391	5a494a7a276e54bd8f4ec68a35aca6764c7113679c8eb89e73d9e2acd5a6fb3b
y1_HG00621.2#392	1a758f3c2a6b4584014cf87cee2831663e208c4dbd6ccdc81a53560351b6aebc
y1_HG00621.2#393	d8512f2c49ce852e1933fe0b0ebf438335f953d177d639bde5e1808f2028bfd7
y1_HG00621.2#394	6f720c4f3058fbcaeb91e91af0817fe79dd1baa71d592533da4bb31900e0c70f
y1_HG00621.2#395	30516305895df70291278a97c007fd67d74ef96242a8436dc8d504655c1127d8
y1_HG00621.2#396	fb1206a59d1e75a5efbbbf2d8542fdadc77df1504a520b1cd8c4b35806763d8b
y1_HG00621.2#397	404bf2baf89d36153642fb1b5034397cad3c59f16b97f6230ecb0b2bfcdc7d4b
y1_HG00621.2#398	ef5647fbd3bd94707ae635475a99e6a9fad041b315b6afea5b321b7e3f27bc9a
y1_HG00621.2#399	8949ee3ec1c257652b290be068c9c9e9f1170df8222f3052c9ec6b5c279fa214
y1_HG00621.2#400	55003c4d63ada85bccb6a42d17c5be3ee8aea1e6e24fc64a8c02aeb1624a94b7
y1_HG00621.2#401	c0654a33f9fbab06e33d5909750dcb1da56414eca7f9048af98daafd1585b8ec
y1_HG00621.2#402	a89018b1de6660133676e2a007e756ab25b6a66ff995049486acea9b8f66f7a0
y1_HG00621.2#403	2e9e61173799bc006718cab43534fbe49999cb0b1444614b9e33f4af9a21d0aa
y1_HG00621.2#404	d121e85560cf46e5b54264550d77316f7f626a5f36dfeaeb1b9be74219317e43
y1_HG00621.2#405	061752a4df8584765b22d4f1f100012926e6bbf7f875d6ea1878df7b2d33525f
y1_HG00621.2#406	4bbbf1ebb2bffe8538d60f1f928c1505127a3f7458eeef0e9c24b1bffe899859
y1_HG00621.2#407	9779469589f956f434b70b578302dcbaa084a5eabb0124ccd61b0ae58c596e70
y1_HG00621.2#408	5c8026c9f91b5d2b8009c51cda0e23d54ac48f48ec8aa24586dd7852f8c87370
y1_HG00621.2#409	6e1506034a505b4265b451d21785eb56546fd8576f277cd2e390219a0d724fd7
y1_HG00621.2#410	2c7bdc2bb19a3509e31058cdba3da8d517add5acc93bbd47547e5cb6170e84ad
y1_HG00621.2#411	0fbc26485e232f572b1a21f1c9e05f832c54fbba1ef95a67cbbb0102d1774cbe
y1_HG00621.2#412	205705293637608a8c1200f2ccb6a5f5b949a478034e16843023a16d635c1cd3
y1_HG00621.2#413	1f4d5866a67163a28e3352b8a6d724f6ed40c6942dc7b4a9d99aedfaed141258
y1_HG00621.2#414	bb25263602bcb24613bc0652a68b1ac212e2f9475962d0ab77a177364de26eed
y1_HG00621.2#415	eb5442705969dc8da5dfac8f9658dc68acdab5bb7635ba7cc551e389416ac34e
y1_HG00621.2#416	e1bef8991088cbf25717cf2e9fb7d6884e99ca9be5a2f39224988fdba659913b
y1_HG00621.2#417	17c0d7032f1df42777daab058e245fefd7b0758f998cee81373e69c45e950782
y1_HG00621.2#418	f2957e2951b1e377cf7460b0acc76a4aad2ab8804f3ef0eb2cc79549d2cd6282
y1_HG00621.2#419	5b223bc1d15a4027aec0c9bfb80cc7d291bd2fc898fa017b2e96afdcc3d08354
y1_HG00621.2#420	019d27b2f28fe14848e49e6ee9767f1ef75b10bd2ef83fcf3a55760fbebbdd8b
y1_HG00621.2#421	1f2d464abb034f2b4e26e5282852cf840a9c672d305e91d78e1a95315f11b520
y1_HG00621.2#422	cd3bd8dc9f1096ddb1f9aad0e9fbb529ddf469fc648c28c92a575fa5a7d985c2
y1_HG00621.2#423	f85ccee392479043849e3b965ff73e7385a4b58226ba048694353a3982b75492
y1_HG00621.2#424	882ae798a19718c693d51ff9535732f9d5abd02ce5b457ddfafe067aff201d84
y1_HG00621.2#425	723cc0cf605894414d53543a01f0c17cb223a8fe3eb108b2c5a1663eb4e3b879
y1_HG00621.2#426	3f764df9ea7b27c3741f382761b11095ddf5161c151949559cf09df3f8b09072
y1_HG00621.2#427	6736e4e57e0db1983e6265eddd9ba6ae977b2dde0faa5bb3dccd7fdcdc6acdf1
y1_HG00621.2#428	ab4c934d5c016b5eb205e9cd8f1c30a3d11ace62436109a9338b65be68089950
y1_HG00621.2#429	3c336f411a93724856c0f63145ffade38957f2f7694949a4a52c477ce6d2a902
y1_HG00621.2#430	e8d07c1698804f07bf7c8fbfb48de2b0acd788cc74613138c29e8e0b1929daf2
y1_HG00621.2#431	39f9c18690b55238d99e1f69be08cb43b154734fec0c2dc094ee870975c446f9
y1_HG00621.2#432	476845cb903953eb8f4679bd2203c28f9445b2797f7fe0c28c1faf00eb5d61a9
y1_HG00621.2#433	dde47fb5be3535daa5668ef12d162a32b9656b507386cdd670ceed351409b1b9
y1_HG00621.2#434	2cc5e39f15d8c0524aefcaabdc2362c1991376622544c6682b81eb1941dfa91b
y1_HG00621.2#435	9bd2ccc209cf47ff8ed564da9589fce0c02f9abc5d53abd498ad300b8eb43d31
y1_HG00621.2#436	cb3592078878a557377915b75daac7305b87c90b81178cc5771d78ff2996b682
y1_HG00621.2#437	33bc1c1b6c8a2e6b0c5eafc74b4e64e23fd018bf6aab8f8598f1c928d0813b95
y1_HG00621.2#438	44d0420a09f1b402f99633926e09c1a4ad3bc91b07bd35133331beb293cfe190
y1_HG00621.2#439	15ff21776ff28bca529de4ebf926ff2e119b35be43fba399a521b0f1abaf7209
y1_HG00621.2#440	58ca660f4579abbfcf5d86e8d637c0e49557e644e79e11cc70724d7237381330
y1_HG00621.2#441	f235a551b734627b109e8935e4a2cf19792992b50b1e9cf72020381651c1ffd2
y1_HG00621.2#442	4c748e44b554835baa32f0c12ab5231788e68e946394a0ea9c83ea8faa22d21d
y1_HG00621.2#443	8af6edb6f1847f0f6f779936de4720ebe3ce1c4eb9d2006b8691d4478e582712
y1_HG00621.2#444	c3948e8f3639c851b5f6fc24ad3ba71a78372736645f11f9f34bd8a57fbaf916
y1_HG00621.2#445	ac8edf6320ad801eb3ddaa8f3e2bd59b7a51eb20a38daa31c29bf7d8bd6e8933
y1_HG00621.2#446	7c9d7e991064ea8460eceeed2b6e1984a5f90c6e3c46f962b7e5a21105511cde
y1_HG00621.2#447	037fce03c6b563c9c83f4c9af006ba44734da517aa417aca93cdec364c4291fd
y1_HG00621.2#448	6037cd40f739104c8354dd5aba5cdd731ccc05ffbac6f9f79327b444c92c272a
y1_HG00621.2#449	53df651ee1833b44a3702a04d17dc37d52749f36a59c15a3e36a9571d278d2e5
y1_HG00621.2#450	d30c2f77098e6554ca0b5da4b0f50d868f801cd3816fd18449b55aa0766072fd
y1_HG00621.2#451	4b650e5c4785025dee7bd65e3c5c527356717d7a1c0bfef5b4ada8ca1e9cbe17
y1_HG00621.2#452	0a85d1ec17037090db1c0887526346c207f0c67ac1fec6f607bec0e731763487
y1_HG00621.2#453	c3cc7ca276c641e7acfe565adae33c5ac4c6a457927894e38d5b08c2cdda5327
y1_HG00621.2#454	ad48a3799917bc6af5cf421ae766a572d5ffd8b0df005162e4e4c686e870f957
y1_HG00621.2#455	21938a425b1b6a44d31c21a91fd66419d0f53141225b2cb6b945b6a30a6e9804
y1_HG00621.2#456	75185758b2b389753008812a8a96625df3b7852c38dcd7edc609035f669f3ae4
y1_HG00621.2#457	cfabd42c53a7d666f298c44f243b15e2bc8c4277dfe1f3e19a6cf8ae5c49841b
y1_HG00621.2#458	7fcd97a860166828ebecb4c184544f485094378da079f02896a4602047ab5ed2
y1_HG00621.2#459	1a0800218dfdcb9fa56f4e3733fd8a21a53f9b06fcdafadea16dbc4ee36693ad
y1_HG00621.2#460	eb92e766b1debfa8d61b165b3c9c2cb6e0b0ed5c2ef67e02b18f64ecaf1c1843
y1_HG00621.2#461	72e0fb13ce470640f6d36dad37a05c3311131cd0dc1cbbd055ba9e7f38860712
y1_HG00621.2#462	9f233056281461437f1d5c7e41d667a9226cd95b9f5925442e114891041ec0fa
y1_HG00621.2#463	0a49201d8f3c5c62896bd9a0337d3adac34e4d2c8c2b7d7cdbcd37726dba5ece
y1_HG00621.2#464	2f4f1b6816d272d5aa9d4d93040f6eb0b4c9bfe2de4d1bc22c4a76f61e63b7e0
y1_HG00621.2#465	9779469589f956f434b70b578302dcbaa084a5eabb0124ccd61b0ae58c596e70
y1_HG00621.2#466	d7ed00ec8d7103b69c14d5e71e967a14240e47cbd9a17d9ca3d48c37ab5b4252
y1_HG00621.2#467	2ff0361bec0301a9a6b73f76d25ebf0d4ccb5a2d36b8bbabac633d170010133c
y1_HG00621.2#468	4c573d7486ff3e432b9fcd07d5558134dfd4963eb541ea4ad688d42870548dfb
y1_HG00621.2#469	76aa569c5bc480e3db73b4f41606d64167dc0257877aedd3921843706d856aa7
y1_HG00621.2#470	ba5bb7c3f8d5acf6e51fa9c1d81ce8d9d01c4d803ce6d9fcceb71e61b13ea791
y1_HG00621.2#471	9ae816716fdd5670857a3a18fdbfb60ad627a67f5b80bf04e88f5f14e75006e0
y1_HG00621.2#472	a7b4b574ebfc12308549ec6b9a98fb11a9ecab8aee74022577b6f60624ba443c
y1_HG00621.2#473	831d207b358181b4bd2b5eb3a11ffa10146145d2dc7d125f6f31c9e91b6f90d9
y1_HG00621.2#474	64647d936a911701a398d7426747f7b12965b2adb72562dd39b9dd0c38856a51
y1_HG00621.2#475	404ef1e2b23855bbb8c00c56e854e05ace03469fe6433c06a567b0f6957d0f18
y1_HG00621.2#476	6b2608e6c0f0ac791f8e3668871d8d068e8aae1f49d345685df1c4ad1d817388
y1_HG00621.2#477	c2f1d0d5b8f7ba4c4e1e6ede436f32bf114e8d080955f4c3e6fb59b1c209d36f
y1_HG00621.2#478	7a4dbc18a15c842b46e8a2df5f3943f11b47c1bc6ca92e24b6a4cccf5011b2c1
y1_HG00621.2#479	9797c8d5485561805cbb7a2d45862f61891a9916aa8a9721ee145b5133ec3622
y1_HG00621.2#480	9bde5d2f9efb355ac58b1a833ccc06d11dd4ce82be820a53d755a9ace7a24ca6
y1_HG00621.2#481	676371bfafdbdc9e3b938c6cab5c1c762263ee7c465b26191a30c1721c3b467a
y1_HG00621.2#482	59de7583cdb2b6940f616db221d5b8b0263a8e9784594ce8f326500e5ac7a37f
y1_HG00621.2#483	f9854b6a0b1724a33d508422ac8e71c579d81016ad903d93ea1096c7dce427c5
y1_HG00621.2#484	3c5b1abb4e291fae0abec817264d63b10a46041f3b9d98f1bd06f64770f6da1d
y1_HG00621.2#485	584cfa7096459ef7a42db98b89adb02bc7c4c23aa063c54d0bd70b6671c98c36
y1_HG00621.2#486	cf7a7abfb44abf62a7b063693f57ee9358275a47f6c5bf6195a75ad124f5e7e7
y1_HG00621.2#487	1af760907dbb5e6db36f2347058a2beb52007439a3d6b00cf230d53b0d735463
y1_HG00621.2#488	ef04c6fdd751eacc336aea8ab96e8dd4e3b7c296efbe60d70d9984bf8c97b6c5
y1_HG00621.2#489	3c141deb699cb37df2d994794e8379ba9b4941cd250d8af761d77bb381abba70
y1_HG00621.2#490	91b40dfcc109caf11c44927ddb2ca89ace5a3a626af7ac5cb06bdd1ed03d2635
y1_HG00621.2#491	cc0d5ab776216e4ca3b6754e9e5336d0ef3f20cdb3a38d302095c7d1d744815c
y1_HG00621.2#492	64acb3ce2353868f04fb0ffa99b699470ef6043fc979e068e0f2a7d7e5bdab6a
y1_HG00621.2#493	7b22dacc37834ee7a05be9ed4d09ccd00ebc436c02fbd5730c7cec07b03e6557
y1_HG00621.2#494	241972c634638df6d230551fdf8dbd5af9b798183db5eebc6e8a499e4d52ab41
y1_HG00621.2#495	2013745435b155f89860cbcab5e1a5f9427bb0fdd014fd8bd269884e6947887f
y1_HG00621.2#496	653d14042c00b8b5f31df1843f7eca5c86dade64754b3b6c988ce4c6bfef7d74
y1_HG00621.2#497	d1733d4fab771ef29849738315777a4ed8f33bef18aba0f7ebbe7e866d356abb
y1_HG00621.2#498	08b7395ebcfe1d227d5bf5bd2b2c799121be83f2379cbe2b6aa3ec96ff0a60b3
y1_HG00621.2#499	e726189129ca8536cba469d945cfdeb4c7b1d9f3233dcf7fb51e375839e12591
y1_HG00621.2#500	2d17a4f6565030c95cad242db913705a6c2ba977855a4f6885d6c2eb0d3a5281
y1_HG00621.2#501	e157af9e0b5861895b26e0114279ebda46f0625f8f62d96b99fdb9fe3c75bada
y1_HG00621.2#502	819652786d10eea0680bf114494c41ac0f894ae2b3712fddb465d19d9d9afa16
y1_HG00621.2#503	bfebc566d701e691247990f7d8bfbb2adbaa7104da94521ed9075598a4806c7f
y1_HG00621.2#504	04799dda05feddd2d4314d369e4fd701eff62a8d0cebc0147f6cbca981fd8471
y1_HG00621.2#505	67cea0e50074b593c9f949244e0705327153e16113e293adaf12c35c90bd1209
y1_HG00621.2#506	5cabf0f4003d96f421eb111387a20f9860236d55c0d7ab7439ee13c40bb348d9
y1_HG00621.2#507	151e9ff966498bce952d06953c21ceb1ecc5b6387f92cfc5506a6f03d469d1da
y1_HG00621.2#508	79cf242da41926c5db3d47c7a0758da5bf164608c100b10f459c53d07c24ae7c
y1_HG00621.2#509	17e7a2058e4e3c18854e93ad39a2acfa4d748d3f0650221145667f134a61018d
y1_HG00621.2#510	67f568fa417b66f8cfad314eebc2d0bcef05063744e2b880d18a6f52987b0a32
y1_HG00621.2#511	b68b67acd4a07bd375dfc920208f5002576f97656c6176dcfe2ebb432b68e45b
y1_HG00621.2#512	a06e9402478b21e264e50abfde7a0d6bb9e7e6132949a32e37af3ef9fa90be75
y1_HG00621.2#513	ac9e35d00097e0146fcbd28e2b3d8f70ab38d96e0889dc2465d1cad12d1e275a
y1_HG00621.2#514	f5923c97f4343d0f1c0fb3edd0bb2a33a5640648bb1b3495d10201abac51e68f
y1_HG00621.2#515	edb3d314b01926c0a3d4939de8d3e4e764907345429d16432e3dc0cb1b052f8a
y1_HG00621.2#516	194a79e1b87bd031f22ac448b73b2f30d920c2b67750953fccd5240378f334b5
y1_HG00621.2#517	390646f991cbaba4aa79aade6dcc5b5c4b312b2ad3c74ae808589843c3af14d4
y1_HG00621.2#518	9ae816716fdd5670857a3a18fdbfb60ad627a67f5b80bf04e88f5f14e75006e0
y1_HG00621.2#519	502a6bd58a81a5d3612ab852bdd2ffb522061dd82b357a333cbfc89d5e88d0da
y1_HG00621.2#520	7e481ed057778550f3bb9a7d3308773b25b2bcd0ad88c1e883835d04547ab918
y1_HG00621.2#521	a16ad8e965b2e0c127bd0721e0752df7bc5fa7ce06298d3ccd60c04611dfdf19
y1_HG00621.2#522	d535238c37bc6ebafc7a11379aa8538b9d2c56341444007ee34858a5381dbd34
y1_HG00621.2#523	0c5f346d7a736245e76a3a0549b4f374b1013ff312a29a74459bfac63cce497a
y1_HG00621.2#524	8f8287469d4000f14a71addaf2fbbcc7ec8b12e31a4d4eadaa5123c8deafcff5
y1_HG00621.2#525	a5c8d8ae587e0a6a258d163b726e2bc9793026ba3322d9033a87dd2f7c0be871
y1_HG00621.2#526	db2f8188cf2c08a3b5eb738db87dda759aaf39558e7799eb36353886516f9833
y1_HG00621.2#527	597aff25198ce7e25f117bc758762568599b2bce53676b52a8037353ef214f19
y1_HG00621.2#528	c52c501dd0af2a39575a57b432fd3b26d4003ce7c7a2d52b3108fff3fbb961e3
y1_HG00621.2#529	2f2be0526ed3a6e0943683155269f830649f7b0eaba9b4aa734d7b6b01e1d9fb
y1_HG00621.2#530	4e456fc7a3a660469d425c58d3a1722b42e85e47f38204dd661607501f0c2ea9
y1_HG00621.2#531	65998ef7b8d3f05feab261c2209df8c8ffddabf2f7a3b6cbef157316eec5373c
y1_HG00621.2#532	b66ade0b36d5d36552bde2dc6c2b4dbd647218ddd9ea5133aa13ca7861e92dd6
y1_HG00621.2#533	7d7669756ce7aa489b054e937fc7bc4f255af25530557c34684f440826959de1
y1_HG00621.2#534	929183fe20ced5c3b3ad7f2a285c6f9d3f3d562c5ed84b1588a9a8f3c3583f88
y1_HG00621.2#535	8bf21df14c11c22f5336c10a7f9e0a25440fb4218c352bda20d1addfa945b09d
y1_HG00621.2#536	d2b14378795d520224d8fc61485e311e8126e4fe9d962b61bfdda9bc0fccf963
y1_HG00621.2#537	2cee6749ce85e5ca36dbe10291f6bce42e16bea94db3d0d866b4acd76f79a265
y1_HG00621.2#538	a60f08af8af2b9d582a0200e4dd4f6edd3f15f2709cf21c50f7b07956669a64f
y1_HG00621.2#539	ab90d89bd830306f82c4d69ca637a591b5cc1bc1778516a60c3cbbb7ba55cc1d
y1_HG00621.2#540	7f49167fbc7240ee0801467e67c5a0494bd91993fa332de2f1cab1a57eca64dd
y1_HG00621.2#541	479ce6bec7db325a9ab7ed81f645b66ec6e248732164ecd4488ceeeab3043f79
y1_HG00621.2#542	4f0ab08c9d2816e367f9298ca57984e29f78d9c592682752a68dd54753fbd203
y1_HG00621.2#543	a2d07e488d84d08caa4406e69210e48bdc7071534ef2dc0b4d78a1755c352ceb
y1_HG00621.2#544	4ea5b1a938ff825aee7a7b75593e69f7002c92de72872d4031d359fcd8f4b4b6
y1_HG00621.2#545	a2576c34c10e7f27c3a69c635d851217df39682ee6c5f2bb018233a54a9f5c55
y1_HG00621.2#546	df40e6c93a89378b6920474e6db3cdeade0684a605e1f121ae1d7e10b80f7fcb
y1_HG00621.2#547	3959c8b9d1470d91f8a315b13811f01e5f6218f2d40cce4c4715ced943ae8a52
y1_HG00621.2#548	b89b0b962fa689164c48384f80cbc9108ea8a8aba63bebc05f506a4203e4f46d
y1_HG00621.2#549	8fefab329fce08a6a54ab13f8da681d3980b0d63452f03f38f0a105dc85d22f0
y1_HG00621.2#550	abd9b163ccd0a9119ef05049087e4615301695517ce795c2c5ff7008a4657017
y1_HG00621.2#551	f7f010e8b8ab737705f87fb86001027960c04b994a8117dbf5bdde93df29177d
y1_HG00621.2#552	a34cb8019f2a64978f5a92547a2aa6be6ed8d88ae2e729eca14dfeeb2b709b75
y1_HG00621.2#553	e7d61fce53e31fe221a02e9ac3642747647feaee0ac86b182e3f7b904adfbf6a
y1_HG00621.2#554	a74f5da3c698b783dfacb02e256b74df77fb0dd349fb1136922e0becc4808818
y1_HG00621.2#555	d5ad56d2c4eb3edf6dd4f81b196b80f0e2ff4f5a77da07aa45bf4b2bdd251229
y1_HG00621.2#556	e8567ada29a0f1b94d5429afc306921a7e2995ebc1d4e685ca58f3a732fe71ab
y1_HG00621.2#557	541f9ef4d23c950287a9ba405f7202db55decca70834a679fbe0821e576b0134
y1_HG00621.2#558	8167e4cc0752812c3c055844129a385d82f2ebf655195032382b952c46c02c10
y1_HG00621.2#559	fe009443c26b79838aea690d3c3d3d0a42b704e5478ad373934677e5ad0519d0
y1_HG00621.2#560	4a36b847f806eba8099565ed12211539528ed6686f8361a579a6138aa208fdff
y1_HG00621.2#561	822729cb3f1b09a8334f97f5b3782af95fa193410325754a6aba12d528d86ce1
y1_HG00621.2#562	16e7a18b91c6e3de85e52f0338a6b0c2844e18320eb21c6cc0b3e53f6c1fd850
y1_HG00621.2#563	696db2e014e7c578937676d7e8a28b6f158eeb6e8963250a3c1fb9078d7b515a
y1_HG00621.2#564	287a0e3400d638389395eeb31b2434ded4ccb87991e6ef571c12ff36c26f21d3
y1_HG00621.2#565	591328ed05940ead717484dbbd553c4ace6584b04cc949c0f827ac71446ec929
y1_HG00621.2#566	96828c0aa1d946ddfa86131e3304261adbb22f0b3fa06c4697aea2fe9df828ee
y1_HG00621.2#567	20f2097a5e8c68860e98d4a0c39c3d9c16a8b15fdbb3423ac2b2982f7da2368e
y1_HG00621.2#568	9bcd74c453eeebb8f6e91f22b7d2800cf2bb30faf1273df8ce763e2806df7a62
y1_HG00621.2#569	92ea3b984dd8c8a5c6f5c10f1a40c42d7d478b47c9e5514c10ebfbb1d23f023c
y1_HG00621.2#570	c2fb7e10a934f48241d584570380d552acef39b021f4da83111bd588bcbe4220
y1_HG00621.2#571	5b64f5840186581c72e6985ea76fd4e411bb2c99e7c69a8c95622168be1cbdfe
y1_HG00621.2#572	0da30eb54ab79564263a2f89517f540cbbe12c6440e77bfc2c78919473f908c5
y1_HG00621.2#573	19f5336bba562990c69b7c5dc79ee3507dfbc7c8c9ac5c38272130ecf9775f66
y1_HG00621.2#574	03efc5434dbe2bceae9f17348a4871bf45d2c6a106b53aedb0f0ca8b8fba78de
y1_HG00621.2#575	8280844322ec0f5a6cb20e6468dd4b518cd07b74de96788373e314ed1c6183bb
y1_HG00621.2#576	6101813c5860e0b4196c235cd17ff0bc9aeb029a93cb778a98c62a34479f10ff
y1_HG00621.2#577	56989f71da5889dc429c032566476c4c07ac693a640a239322404349c58447f1
y1_HG00621.2#578	9ebf5754ed08bd98f58a3e16b76565c09334d416e9600eb155ecb0a4ae5b4f5b
y1_HG00621.2#579	25a2ccf21eeb290cf8a64de5543f5750b3d27ffd2dbc35e54c431275525d6b6f
y1_HG00621.2#580	d3e3577b7a6def6c15474c13f995451d1f260500dee258c6294b7d8cc58f13ed
y1_HG00621.2#581	3e665fb555576e185fa50cca180af9d99ca46cd62d5c6d10f9a43e17800b33ee
y1_HG00621.2#582	80a4188f43256fadfef021ff1fe7a7a8e5a8d00cdf571bdcd6931cd31cc86dac
y1_HG00621.2#583	6d93e3aa442ae2eecd9e053b1b1be9c19260f028d3b6158137d0df4901b5084f
y1_HG00621.2#584	352255a17cbdfbd32f5b7cc3405df92b16fe24cc539af3fa00bcaf0127c4aec7
y1_HG00621.2#585	89e0526d806d84fafb7872196bb08f2e9fdd7f277e66e39fdce91fd8fffcb753
y1_HG00621.2#586	82c3a3e732cf9ae07d504b62537dd1ef06d78e60b6c09a15d1b7c92236ad9b9a
y1_HG00621.2#587	450e47f99aadfe7b20ad4dda815765068c47ea7fbcdbf7540685c1515d7e0e9d
y1_HG00621.2#588	918e9768e24e77f468148871db1a4b44f91581046b2733cfa83a5461bf2158ef
y1_HG00621.2#589	55667722a01835e72acacfb65f642baf37850578c50a6ab1fa28314e46f8a62b
y1_HG00621.2#590	508e55dcc65827938459f6b1ffa0731c6abe8c93545f8114fa7b692fc405f74c
y1_HG00621.2#591	f6174bf00d0f8feda174da68aa0ec701abf3a117c9ea2d6fce8f28f58fe49d79
y1_HG00621.2#592	fa1cb279f45c5c64f671e2fc17a51384431479f07c595da435905c7d2ed1add9
y1_HG00621.2#593	631e8f19978cb755b6ceec2ccb6f4d3e22494cf59f2598eeebe84319d653b8b0
y1_HG00621.2#594	e137d8fd5325e66239a39c7f5649fcbdd85f05aa23974849ab4010d8bba6678d
y1_HG00621.2#595	aaca359146cbf2dec19779ec2971216000a9f86e9453bd98fd05a50a35956f6d
y1_HG00621.2#596	4b4a8baeb3852991c215e6341806ffe64ec8629b5ffd2c37739c8ce5ef1f58f1
y1_HG00621.2#597	47e075f3f76534376982711e8ec2cf5b326e4621d696a044b4a02d43e31ece56
y1_HG00621.2#598	2e9e1bd35fa8956dc4336967126103ce810a7999601cbe757395c57809dd6daa
y1_HG00621.2#599	89193a3617012230a467d3f0424e76f7a2fa2f30e50e6820ddb560cf0b1989a6
y1_HG00621.2#600	07a8814f2053b0f5e347219e865aea5db974543c9a694f2e1a5b94ff56d1bdcc
y1_HG00621.2#601	bf0a754a9f232227a52bb9410407dd4472695c96df487fe564985f749c893ceb
y1_HG00621.2#602	9c3d30d30f57ffb4dfc8dee548966e667db5769841a849946ccab0cb131a6194
y1_HG00621.2#603	2f5f398bac9e7a2be9360269f088f2010f185a2c6de17b35bef7d60dcb750c6f
y1_HG00621.2#604	b0b4a73303f546787fc5c43eee23e3790f4a7a74ed208fbb878bd51b3b105741
y1_HG00621.2#605	4b650e5c4785025dee7bd65e3c5c527356717d7a1c0bfef5b4ada8ca1e9cbe17
y1_HG00621.2#606	642e81aab52397cbb55c6c061611bfed7ea29fbcdb60e6c4555629c3a3a8d41f
y1_HG00621.2#607	0beffc4381d36a4468655bd4e51b4e1ae996749d28c9b4b83891f8938a5b471c
y1_HG00621.2#608	9352f7fe59be600472e9e37a9b4f1ec46df5ef5683c3baff73c92f95587c0f17
y1_HG00621.2#609	655caf7addefeefb468ac49d82e7e8ae2c3c03346a8497cf32be3dcd7adf1b05
y1_HG00621.2#610	d74e94087e2d46766f1a548f8f7eefc6947d2dfeaac7c6e025990ca01d2e97e4
y1_HG00621.2#611	d6bb29573aeb4bddee9f6dca956487c6f315f6dbd444897d1c8cfb84406e71fd
y1_HG00621.2#612	ba813a547d9d12f11ef55820e8f36208f178141fde0710f3ed517a85fac8dae8
y1_HG00621.2#613	7963609bbff6b8aa78cb362e46ae376ce65bf09ed1166e7771d465a070a94150
y1_HG00621.2#614	9b9381d95e8884fad46f4702f723614b06a85a902fcfb6de758bf93acea5f90b
y1_HG00621.2#615	d5abcb478f9835eb6a2efdbab886d18fe1463929d1a3bd0393afcea0cbb3aa6d
y1_HG00621.2#616	5c39594e3f010daaf76325717ba0bbe9176ff3497f74ed1d2e980ff49fec7087
y1_HG00621.2#617	fce7bf6aa58ea575002d78740345773e3f4e9c2a992db5bb96a83ecaeea8e2cf
y1_HG00621.2#618	d1091e6d59d2c09515485c23767d5d9f41cb8e9d27789f64b1a1e8f72d7430d8
y1_HG00621.2#619	aa7e8a0c408f9b9f996ea927bedf616bef2f2f2a4b67b0f30fdb6847b40941eb
y1_HG00621.2#620	5e2a89684e381bf4df306ac896795e6baf5a2a6f3232650eefa203f9678b0e61
y1_HG00621.2#621	22ed751d2f28173354ecd1b3d3c2094bfcfe940d45f87d087270a94fe7f5f624
y1_HG00621.2#622	31676627c47040db3fc62175e156b0dda784114d8cc31b0b486d9a65892547d4
y1_HG00621.2#623	034fc48ba584fc2a8b0b40c727e4ce36b79845d7ed910c63abfb2c22e630382c
y1_HG00621.2#624	6875660e2728111ac4b0f458a2efead99b3c6ca636bbcf3ef0c46a6e0d744a7f
y1_HG00621.2#625	cf9e0eba538a75ce4d0390578a482218ee85867c29bda22fc7d3c91c5ebb6f73
y1_HG00621.2#626	bf86006ce25d37c1ced3818d877002000e941240495b369a84a2e366f20c20da
y1_HG00621.2#627	c9b42c7d40352904232c9c10dd4f91856c8952a19d49f29fadd46e21a27fc158
y1_HG00621.2#628	0d3bc39adff957b99ec8b31dec53f0d47b2d6e67186bc83382bb851f4be3f7cd
y1_HG00621.2#629	6617084449f61ac6d5030b16cfb092097af004e3268a8af68fe858e60fd0e9c6
y1_HG00621.2#630	7d7e18cf07dbe2fffcd84c52f88004250c33ade65ea9159ef588f316a53533df
y1_HG00621.2#631	0e3c3fd074ec541327612f9af1a5369a5ca04b9d60b1a43a203e6efd6a1399b4
y1_HG00621.2#632	8f2d0db4cc56dd4891875b9ce17169e8b2fed3feb1bc900d3ca87b7fa94333ce
y1_HG00621.2#633	e0c43da41445e321468d10db066f1fd160aeb9dc982ca4aacc48a3ec65323862
y1_HG00621.2#634	cf667f7c1210763071c547116a024da875b5e501e6a704ceb372ee770ad2ea9a
y1_HG00621.2#635	034fc48ba584fc2a8b0b40c727e4ce36b79845d7ed910c63abfb2c22e630382c
y1_HG00621.2#636	0825d0ae0e5a8e3f7df96a432c192d19afe4c3ba0d99b04b4b4189b85f32d7a8
y1_HG00621.2#637	803859f5b9d6d170d5714b2d798c8bf5fbc9bd1806f6c108ed02adc6e6116004
y1_HG00621.2#638	e3a1b0e97145512cce29d08bf332679afbc91d3a8d92c9172ceb57c458d80f9b
y1_HG00621.2#639	ff86a8c129259d3d2537cb5f8cc30c14d7b80f262b152e96392e7410df26a956
y1_HG00621.2#640	d8ba52539749c593e2a917d8ad2493bf263a6b8de64bd51f72d04813c5eef4e7
y1_HG00621.2#641	ba464bd29d8e092a7995e35e8ae54f6b5af1ea1773a1a92f42bb2a9ce9e033d1
y1_HG00621.2#642	a44b1fa7e2b578942ae7d2a4bdd0be4af632708bccd0859409d7b5239715280c
y1_HG00621.2#643	50102c151fd11c837f0e1e8d5a640503a4b68f19dbe2a539a8d685b33935c8d2
y1_HG00621.2#644	ddaacc5825dcdd721b57958c2a6bdc795cc64316918ba03c3c9a5b8cd78a83e6
y1_HG00621.2#645	1faac3925ebea420ec27ffa296e431e74e55327bc6e92174d4afa3b7e7069e61
y1_HG00621.2#646	40c6cdd24bd4154cd88b6e8cca31de2b51f127bef927d5db3dba38303643c76a
y1_HG00621.2#647	3d47dec3bdd689d9ab81a76ff07d18aca5dc6a3d8ae3a11e9eec96dad8179149
y1_HG00621.2#648	a45a88ca75836a6262147a0180f027c53a550f9f187528d1999d36e4ec8c08d4
y1_HG00621.2#649	aa70e763e0eceecb3f1033c9cc44e05681d741afc05d0479269fe859d523021d
y1_HG00621.2#650	eb04eef5a3202a976500cdf014325b1d9c8baa8b8c95d462e5b515186c26b2b1
y1_HG00621.2#651	4372d08699a7e215e0f7496325fa35cbb70e2871abea3f79201469f4136a518c
y1_HG00621.2#652	7dcb41cbffdcfc98686af2afd29c06fdf862b434c45f701e0f89f270119fecbf
y1_HG00621.2#653	3abd843553a9860c53d24f6db8a332700cd5e4a211664142f97b3ce99ade8695
y1_HG00621.2#654	2391bb4aa54161e57aa127c7ab8cc5ee7b86bd4c9b43851f9609f58ff9d520d8
y1_HG00621.2#655	a0d91838226d687e53e9bb48a52309535e68f31f631e037a03e249e7dca40461
y1_HG00621.2#656	e1c57eb1ea6b17ffb97a672f72198431952361d9fb232d21508273c6b7284ad9
y1_HG00621.2#657	d5c2ab5b3b3c8f95c9196e08bca2f65d57e7533516a29b65647488f681d7965c
y1_HG00621.2#658	c0fe285e0c5c2a1140c849a16806c232049db9a042af433191311b2681cdecc2
y1_HG00621.2#659	6049dfcd4762efb0afd02aca9a9f59fa3a05a9d3b6a64e5561b549f7b72b8463
y1_HG00621.2#660	897e5c29f27cbb59f31aa2289719e0370cd9956b9d8748f0ebd88989b7d603a7
y1_HG00621.2#661	1a0800218dfdcb9fa56f4e3733fd8a21a53f9b06fcdafadea16dbc4ee36693ad
y1_HG00621.2#662	eb5442705969dc8da5dfac8f9658dc68acdab5bb7635ba7cc551e389416ac34e
y1_HG00621.2#663	c2d01cabc3d613ad97f05e20c17456baf9a8910ab75fec497170bfc2b51b690d
y1_HG00621.2#664	05317f6ae8c298a6bbcbca30d1d880fbe4a5ae86e9b8464f3105c240dc9fc7e3
y1_HG00621.2#665	eecd49cd560e3939fa58b75985f640856b6cb2d498d8843b3702d16144fe455a
y1_HG00621.2#666	b2b8b75924eda596390fefecd76d1160d9224e033f6aae08125a1b47d957c02e
y1_HG00621.2#667	116923e11a9b7757cb6f7829c17ffae42ed096a3efafa3604d943b3f5487b092
y1_HG00621.2#668	2aea3365e8af0214083262acbcaf2aaf4c9312d0cd31632abe8c734b6a22c0f6
y1_HG00621.2#669	70e0721cf6315f06ededd76357f8e57c19a1c5b0633a6a10eecb1dd327c632c1
y1_HG00621.2#670	58cbda235d7202cb643d7cbfa42a4f8749c45b1d47c3cba5fbab7f6e2291e2a5
y1_HG00621.2#671	f84f2e45a8f4ab67c18c536bb6a0f3f17bf89cd11433a0b72e06e0b10a549035
y1_HG00621.2#672	9660de5dbdafd9e3e62d740d788b5157bbdfb1c95e7de5f58beed694045f6bdf
y1_HG00621.2#673	6fa6b2720a2f9a34c40f9a336710025f47f1e7b629c8aaf4bcf714ca4948835e
y1_HG00621.2#674	9ffb6b4bc8af42974984eaebe8e14a18b597a4a57f829a6b314a54dfa97a9712
y1_HG00621.2#675	7377271b196d158f6227956b4c56ad18be29233269119dafd3425e1503344ac9
y1_HG00621.2#676	dd82de33c222c5905978c5d4f92445c44b940f2ea545ce0123d65d72041e42e9
y1_HG00621.2#677	699879438b242e79fe85ca1a3d9d2eb585f20184a4553967d50fd9d0825c9b25
y1_HG00621.2#678	d5cc7964767f689d9b35c06fad4e8b90e10bdae0e7eddb3b13abc0e409586a4a
y1_HG00621.2#679	da16ac53f50ca5251e2e47433c607c028690eaa80c05646d7a3ef8e801c13c0e
y1_HG00621.2#680	fb17d6a6db1a92a817689ac62b3a6734712d0bbfb6554869b81c59784133ac0b
y1_HG00621.2#681	ee7c2835a7e7ebcfe31786054456c1c8ffc8a5649eaf2aa55d8026c0f1a39d93
y1_HG00621.2#682	4d7d39652ea8dd2f96536e6eced84bb51000f13808ba7a61443d59bdb2375af9
y1_HG00621.2#683	04b28b89396824b6d22ce073f46948da5c1036528131c812e1e8753644d13a4a
y1_HG00621.2#684	b4cc158a1ed7c443cf50a0741b7dad76ad9143c267e7303c1ec05cd28f078ccb
y1_HG00621.2#685	80b938ac5dc8722b433eaa2d5de5dc696798cec03371c84d95c73f1267062282
y1_HG00621.2#686	538dfc684007a5a4683af8bf4c04163927978843b678aea2c74fb8c0e0ff6a9b
y1_HG00621.2#687	f45a2dbaae56bca2e30fe0f5d494d6cd7ac733274d28e02820628a254c38d570
y1_HG00621.2#688	7806d9dc33557c329aa3dedcdb150517f43cc86496fc9a3a5710df9e68991381
y1_HG00621.2#689	5f80e06153dba972250e0ef4ce97faf4f3aa0439df0842d4b2ee8b1a04fb01f8
y1_HG00621.2#690	12c38a6fa6797951694c57b422fb62793a005a6d965563d021a45ed47f1ecfda
y1_HG00621.2#691	ec3349b5dc53691f72fbc705fa2658bc5da4c518f4eb124076b2cf5df9a679ee
y1_HG00621.2#692	429072747e03bf86059e70bad11431148ff6cb7f66c5ed62ff3a3dd546e7df1b
y1_HG00621.2#693	6d113dc1bab0c62927838fd7da013ed808f470ac6847a13f8ee7384d3db2c043
y1_HG00621.2#694	5869b6f0582c9752d12026892ff1a6ebc8cd6d1c5ea5bddfe8d8a78073da17e5
y1_HG00621.2#695	399f4d8c9198036b34521fb393f30e9d93da3d5fe62b03555755ac9c888033a5
y1_HG00621.2#696	9589ff5bf63ed9539899f38349a6d122d82d77b4f2f1c3c789b6e10233c9ce9f
y1_HG00621.2#697	b12089152956425fde835c9e74ec87a4fc117a2bf889c74bdcf96bb99575480e
y1_HG00621.2#698	e53b8420c401c7c243efa6ab8cb5e416f2c467b48c7388a63f5d91ca269f4e9b
y1_HG00621.2#699	71926c77da13ef8b5e4f7f37e20084e66da3947080fb672bb243c3d3b3d68ea4
y1_HG00621.2#700	50ae4a7e23ee82f55d25987509725daf8a75a6272ec75878b16cf65857a40ba0
y1_HG00621.2#701	e2c1a15ea0e9418efa3ffb557e65c0a23ff264c9128b8ac87697097ac9a56c73
y1_HG00621.2#702	db1dbbb0c0739e9899686c05253feb0b8e68654d36857ad7ce97f5bc7f342147
y1_HG00621.2#703	de7f744b71a15e7db534d73d97b80162070991f8757270ea4fb90090c4b0c02f
y1_HG00621.2#704	4134cea2b93b2e2423c126b0887ae76ec6033fc7e9b6ba112e44a6f4c184ce27
y1_HG00621.2#705	1b16e36254b6eb6cd82d6dad65755ea0f52eaeff8ce913bc06f266482c3de6eb
y1_HG00621.2#706	6fd3b12bd6705a6d42e7c74ca1833ed076661cbe45ab52266884f7722ec1d46f
y1_HG00621.2#707	dad202f3c5f4cf69ce16abb50c7e9ceb42abdeb581ae2ecc2ecfbfbe05ca9d85
y1_HG00621.2#708	edc203e572ed00e3cc9ccfd13c2bd33b986670e74727cbc69f0bfb659c20b45e
y1_HG00621.2#709	fa851dd21024d6b0eadfea346fa5b12b705ad4b96f63d02eaae25957ce269e3d
y1_HG00621.2#710	0a7dde2f36aebf1770d7b7abd572ff36c93e5da47e1cdeba742179e7204e2521
y1_HG00621.2#711	f40fc4f44e0bab92579b548181dda3eacac047274073cfa21a0231d926fa605d
y1_HG00621.2#712	0c1d4e9efb5b2a9f5cdba7983465e01ce7d96cff3f4056e9b7a7ba9ec3e45dde
y1_HG00621.2#713	5824ebb35f0f575c502c7a9de37dd821a4167609a50ab19100e2fc1557b8984b
y1_HG00621.2#714	e9a08ebb41bbcfd09c67fd4dd3ba356c85d57a488c784427793ae7459115f589
y1_HG00621.2#715	a3a8c702b29c9c589c8e839e968e38fd6f7b1298c902c2a3abd3e51840968a68
y1_HG00621.2#716	ec426d8ddd574b9fca82cc83fd473f7075a9345fb69f57db963592b5c09642e9
y1_HG00621.2#717	8837ea38fd0d5583951c6e3dbdd9179ef4063c52c9067dbade016fba1f2f0fd4
y1_HG00621.2#718	2193b55bee834126db113e504486def14efc87aca7c3a3eb80ee9c443e8a3d05
y1_HG00621.2#719	f54a11d0c4654c83cffb9d3659f25f732252808249a751e454b8ae0645e14ca2
y1_HG00621.2#720	4ff9f85e2557238058621ddf633287715f237b65da55033cd80c6206a217313b
y1_HG00621.2#721	69dd61e5b4dfaf9c919f38890d2d98be9e6dde0ffd6e1e2d392317acebdfd858
y1_HG00621.2#722	f224fd7e116bacaec4733bd972748b1dd4ecf9fb48b810d99e21254424d77d17
y1_HG00621.2#723	4244fe36fdff959ab90941b65270bce20266c19bb7dc959c3baf43147a5b83b9
y1_HG00621.2#724	7b172cf1ca3270fa2de6c43b4df2f88c2cecd64888e91c9d429d72f86feae5dc
y1_HG00621.2#725	aa175e177d9191cdd7dc0dc2be40075329de03f1a5b5d7aa7483e3bd8ac81834
y1_HG00621.2#726	ae65f38e4e95578b04894cd5ac7b2803c0dba95089e7c2fa996dd545d042fa6c
y1_HG00621.2#727	0ede07a8d4e539ede0a1f679abe038b05c32113649464c8f79af0869b866463a
y1_HG00621.2#728	0bf0ac9d0a7d44d7cc60e5fa66371e9d1fdf76cd36863dc9be80cce55a42168c
y1_HG00621.2#729	e587cbd6875b0e8e0f80eae2868860009279c929f1f7b17904ca889bf4150ff2
y1_HG00621.2#730	5153d48c22ee0cbd38c54f8a73f9f177afc7692167f405395c7635a9aa933d1d
y1_HG00621.2#731	49f1e7b63cfa0b926bafe7119463537a3901fac3efbc9a52b4c2f29995904855
y1_HG00621.2#732	bb406984a2ac43c9b1e20bffa27227bc0ffd0c4c8f9faf658757d60e11aa29f3
y1_HG00621.2#733	fe0216336babef1bd98cca8f203a4de3ff541bfcb643d36b2f0876de7027356a
y1_HG00621.2#734	a48a71f079ab727b99c4aaa124defd80522476e2c591665fce544a52ee8b2531
y1_HG00621.2#735	0f9ae46d1e7cb83079b0148304f154f9b74fc11784fa1cc5abfbc25360cdd788
y1_HG00621.2#736	1e18e00a419075082cf1b00e16fbf2a772b095be7b1e6fa04cd725071a16f58a
y1_HG00621.2#737	cf3cfe8231295e92c1b6cb0a6e4a0d058d6bba714b5c01bbd3fcef6320b628f4
y1_HG00621.2#738	5d7651b278d31ddb3f654c73b03d20aa8ec14006ce924943b33e69b1ba15e583
y1_HG00621.2#739	1c46fe7ca58387e9c552a298529b9ffc592bee533ca92dce78e21afd0622271d
y1_HG00621.2#740	fd7e102e27ac9eef892ee519e85d9e814e285245e2fe82a0d1b3e1d689f11d04
y1_HG00621.2#741	44bb9e0d208b4dd7c7ea65e0df97f17c2384486dd581e059cef6756df348e767
y1_HG00621.2#742	d7f1464988996356346fc29b4ee07501b7e4c7795db95199850300e9bcc95629
y1_HG00621.2#743	e51c8f5065a87624fe4407ba3142e212eb6c962d942c206d78c76d0b2e7fe1e2
y1_HG00621.2#744	45fc88094c550be024c06c178779e6738ada4857c4bca48084e83349fd731751
y1_HG00621.2#745	9a5bdd48ab9dfcb8c5092907ba445bcc36fab59645c7a50de259e54d808847b2
y1_HG00621.2#746	371011441b79b294b1c01ff425fb13999d9b5dc583e0ce4052081dbd899c5cba
y1_HG00621.2#747	f06eea8d2f4c6c9047a66964a9d5bc22434b2bfed0b4bb8890f8855763e31261
y1_HG00621.2#748	8287b29eb6ab6893ea8fa2f23551be988e80c8528e61f2f02d37c2fb61187211
y1_HG00621.2#749	0d62cf0f619b6355fda43b75b2db2d1ad971d51dbdb52dc43a73291e914e8175
y1_HG00621.2#750	f0536d4f6caa6d918fbaed578f3a64a8660f4f78d82d837caf073c821a258eb9
y1_HG00621.2#751	3c61bea10ad11f7ee23c79f5bebf2009267879bf06c7b20192fea322b3479292
y1_HG00621.2#752	2eeb233f982bf744f88c25ec2389d3f6081f9f9f713be8d88c1b3435fb380e51
y1_HG00621.2#753	59f527bbfed511f31d07c3e093d07f210fe031791aabbac8e7a0bf8354e87869
y1_HG00621.2#754	f66bbdacf31301949610d33492c7b7e046247269891e5c35b3ffc7ed8bf692b4
y1_HG00621.2#755	bac5968fe4c955daa9d5cc4df096f09cade0bbc13289651f54ec0c896703ecc2
y1_HG00621.2#756	77824858053d5d799e72e1cd3e9e76cf5de73aa115e3c7bdf6426187dd22f797
y1_HG00621.2#757	e1fec6c32088c3f5ac98fc51a2241a55d7564d716e111b97b749212999a14451
y1_HG00621.2#758	6093c44181d111bc8ff66551649abc477fefd816ae077697bcfefb8e7fe3bb0a
y1_HG00621.2#759	252d1d9fb07c44d2fd9c27a0835925971a318762142123130e75aa87c5b73356
y1_HG00621.2#760	1e6503708893dbb4379d4a4d3e34c522e5648fff3d4aad5755a9127757a36089
y1_HG00621.2#761	15cbe5f066da796145940479d571424695e3077a1de270cb04972942d5b16260
y1_HG00621.2#762	943b2dd32d50e09453d0b469f30d40e520f81666ee2e8011cab233a7310129d2
y1_HG00621.2#763	8b754426734f4bc43addb30264c7221edf7bbe09ec7417053cd734b1ae81cbb3
y1_HG00621.2#764	1524bbfcf4495f39f15c5f82e67b41532847343ba3d23f39d8f3d310c7281ab8
y1_HG00621.2#765	3ea1804de7a4acf1055c026c18c656f9034c1d89086237499c5052fee4b3f0a9
y1_HG00621.2#766	6c4767a33397305861b163dd1fe36adf4c91baca096ac45ba6f6a5ac27dccda8
y1_HG00621.2#767	e3700d3eb9dac1b964feaf16f03be4c5051444d80d574f7377e73e1284097104
y1_HG00621.2#768	0b43bb388ca46b8a66db4770c38019ec7e6d4d9a92310fc6127d2e8b70d51ae2
y1_HG00621.2#769	ab4db9fe558f18493f44b38b86d5a6f104b500e8cbd4c10f535b1265ee991a5d
y1_HG00621.2#770	4754a371c5ce689a906a69c7b42b5c5d3c60260739c049a4d837056a07097bc7
y1_HG00621.2#771	58189bd28a3dc86ce2b2899fd6c032db99f9cb980bb0e4ee75827df56c800757
y1_HG00621.2#772	263f864a8361a054d873881b8ea82e575cf9b5e9ca1d65b6e176f057009829e3
y1_HG00621.2#773	de1e7363c8c9b7cb286841bc67d4b4a91d75f3111c4906d4bc1346711776c759
y1_HG00621.2#774	d992e73512a01259f64ef757226818ca57f92948f0f7cccb7ebebee2b71f7976
y1_HG00621.2#775	65697936debbb9f6636b90faee21d7f95b77850d8dbcbffe331451cb9ac8dac1
y1_HG00621.2#776	0bf0ac9d0a7d44d7cc60e5fa66371e9d1fdf76cd36863dc9be80cce55a42168c
y1_HG00621.2#777	3a6bbf016ef6c86e9b9b55fd8cfa02c56e82910fee9ddcfccc1bfe034f11297c
y1_HG00621.2#778	d4ac27441ee8682c4f1feab2d7ee7a0b04f9c98ff323e49c8c3357e0f340a8c2
y1_HG00621.2#779	d60a05594f66c1437e8609862e1f95f058213ee450d991e99ca4de66a6fc1e0c
y1_HG00621.2#780	70d927df857f60f693ad416d899ce75911304d166d90e6af87aa0752e6b636d0
y1_HG00621.2#781	93b33d13085b16f79ceadbc8bdffc5831a92cbf6b7d23212964c7bbec0cb6b50
y1_HG00621.2#782	997e272929977c5f9110647eac0345403f77e23297651c922691b463b16f1dd6
y1_HG00621.2#783	93f299dca8215032da2c712607c2a499ea58dcbd68b479cd8f71f89d5c66f8b4
y1_HG00621.2#784	0f9ae46d1e7cb83079b0148304f154f9b74fc11784fa1cc5abfbc25360cdd788
y1_HG00621.2#785	88feb37186fc022dbd8533fa054dc342605d57ae8aa678547ef613e7763694cc
y1_HG00621.2#786	a56fadf4fd6030b5e64a8accded68f4fbcf82e86a525392df6e8f541e45427d3
y1_HG00621.2#787	c3559e6bbc9e6e99012cbeb076896b36adc1db1599ae1770b51b0dc9ccc112d3
y1_HG00621.2#788	67779a21123e9e39af32c76040025ac2df16c0705d6e5905c04b049f0907ba57
y1_HG00621.2#789	6dbf0760550b3ea11c6fab871bbf7420dff80685ac5fa85a138d5ab14449fe4f
y1_HG00621.2#790	25f0830367e8b028e696f5571bb39178b710af4da92461b7812f3da322014485
y1_HG00621.2#791	d2be6efb67774781308fbbf2d146fd89e3c60049a15f845af6318535054ae0b9
y1_HG00621.2#792	01dd3f575ae056366bf20c8410aedf66541976495f48a39378fcf82fe6aa0749
y1_HG00621.2#793	91a8e1899a5c8038cc98d385ddcb329b07972c38f8fd5346a4bca59b0fc78016
y1_HG00621.2#794	97d8fc134230713e45366d5ffef02cb7401da2b2770ab3e6f4bb33a536980bab
y1_HG00621.2#795	ec5a14eb5469f47ed535df98252573745c1203b225617cdfe2ec4c13fb61b2d1
y1_HG00621.2#796	5cf5c77ba7c74110eaf0e68163a11bebaacf04d2f633e10bf616398b88680be5
y1_HG00621.2#797	472e73d796e20aa8ff9059e6316f218e0322548f661ec4dc267507ed66317404
y1_HG00621.2#798	4a769263ba1302e206eac7122ceb9cbc96a9afcf2515bfa4edde417b445e26c3
y1_HG00621.2#799	f265afff5eda0b258486a9360b29040f9e92cf58be0550647eb7b36c9bec8b69
y1_HG00621.2#800	59a78df28284617f1da4a0be992b62ce955a4ed5a7b81eb12f35b7a381dcaafc
y1_HG00621.2#801	cd1e20035ab6b16724a122f6c6d2d9b83cb868601d1f3df5d1fa46936ca1c395
y1_HG00621.2#802	402a8165723ab870f45325c22facb9deefbe07a29f21025046c5592784a6a5ff
y1_HG00621.2#803	372757adba536fce9d1166c25f01700115535c3222ef900bd370a1f1b2268e80
y1_HG00621.2#804	4c953419c2662662c5b6491065a3e4c094f802628cc5e696d3ce4212b9637fad
y1_HG00621.2#805	cdc770368de96a194d302b32499fc75c1f1eb072af9ae4d254da53861bad1a54
y1_HG00621.2#806	b4ad23d9308d813d441ffda67352645fe2a2c7cde52778152b40408e63f23ffc
y1_HG00621.2#807	1b5660bad2d250517a52d0cbd4b7f28ad3fda83a86aa71e3e0448dd7cb8dbea2
y1_HG00621.2#808	91acb8cb1051d45104c60be1d4c4f96a97b22d2a8ac577bf93779de329ec49d9
y1_HG00621.2#809	32e051baa2cf6c35b3e7ccc2a060d694cfdce4d6a44de00f323d128bfe12e7b9
y1_HG00621.2#810	533bb6b39b8485f70b38f6c51caaa2abc4459455a62be9f9f8be3ab3528481a8
y1_HG00621.2#811	9f9b8cd9fc54b1e82fa0708baaf3212ad5484723af82dc47036cc2e192e67872
y1_HG00621.2#812	222ed1fb403e4d062f0d0437cf55a7d04c56821be485d205930370ff591e7a4d
y1_HG00621.2#813	ba5ea1e8624e8b38dc2fe878b9abc7605e62473ed2dbde3bba870d36229e4c32
y1_HG00621.2#814	ffd256a70db87a9e20291e0ecb68656f03bfda4bd3ccd5e92a687bc53bdb1880
y1_HG00621.2#815	60f35690c7503516f1caebe086a5ea227f0e3902ad4a6752187492e61e0b0867
y1_HG00621.2#816	3a338b8c5b882df7f245febe05a1af2627612076dbb3bf9e60d773a91523be8d
y1_HG00621.2#817	5757718a375a747fb06ab0705f7efb75c38e8fe8920395a07476d1973145fc82
y1_HG00621.2#818	da60061925462a474eec55d4f250480176aa2754b8b29db223b1649abeca9e7d
y1_HG00621.2#819	97ae378d13972710baecceaa16b39f57f3ba25a3616d6e8e8102e85505b5b964
y1_HG00621.2#820	9350bcc7eae77f1401a9532665165a19515011f0ba851a3ec9387d27c0c36de3
y1_HG00621.2#821	2c2a6115f48d0ab343f164efd60a3e3db5b2cdb933f436ce94c7a0ec429e092e
y1_HG00621.2#822	58bb119c35513a451d24dc20ef0e9031ec85b35bfc919d263e7e5d9868909cb5
y1_HG00621.2#823	15bba61ecd3ec1383899582d101e795cbfb5c205421ef6292f51d83a049ab289
y1_HG00621.2#824	63ca0d736cb83bfa5a6b96b1192b9089bc1ed65e617d3eff11b752b74accd71c
y1_HG00621.2#825	dd92fa28df53c5d2902ffa92781d1b32cb2218b9fab7894bba066b786f99a921
y1_HG00621.2#826	548e76f7474a0ca134ae9a9f327e215e9461b926360e7485c53d126e46c5d927
y1_HG00621.2#827	73ebecc507fe50265dbc297e02cde24a63ef6763e3044dc0c2b77bef51565bd0
y1_HG00621.2#828	ead1bdcc2d8d35fc34c83d121a7d5a7385d86f6a7e8af0c972a4781e5683c289
y1_HG00621.2#829	66ae2c678b42850de7725ecd93a05c6900840d430b22cce5590ab48f73fb3d10
y1_HG00621.2#830	210c7c8a3aea30ce5b12bbbb993ccb03bd62a030c1d2176a28c00d97f49f91ac
y1_HG00621.2#831	8b535893745892d30882bf3718c0fea7557c1f033567d57e2c0a05143c4be7d4
y1_HG00621.2#832	f930b955f261f06beea6b713ff782c2bd7ce5fbaf4583657fadfb53d03f8ce4a
y1_HG00621.2#833	e10854e466bf6b54f2f09bd4ed573c3856f712fb6b3398a29f83934b1a3575f3
y1_HG00621.2#834	a82a876e7f4133fcb78bc4c18519e43611a06e048d9cb935987ce9c751ae9c57
y1_HG00621.2#835	238fb5fa5866803840d452e365667c6732ceb0952293182ca4e26d33a6c71e0a
y1_HG00621.2#836	319003752393f6f2f84b27b978aea39d4aa44629117af0abf59d8453ce34a467
y1_HG00621.2#837	ada9d1e2b191942ec194c5483639c6257f9f1de956d645f28d52b1bf39fdce0f
y1_HG00621.2#838	0181699706e47a30a039ba604423e32db6144a01aea3c842e868c55d3da0263e
y1_HG00621.2#839	f228322418d8880132aa411686b94befaa54dc27fa19255372c35698beb62343
y1_HG00621.2#840	39d20474b5badee0133d083586322beff3710b974326c9f13758fa80588b15cc
y1_HG00621.2#841	d11e381eb63b11fbdb62de286eb7f40f1caaa985ff1dd4d2630cfe8d913bac57
y1_HG00621.2#842	37c6ed15ca6363a8a9a41fe86a7127b745ee57745e89be02a5d56ff7e3935ad2
y1_HG00621.2#843	9ecc8ffceda311a47cc1627bdaa56518ec5cd9e82b67800fef3ed8e2aae96a87
y1_HG00621.2#844	190693d64b91f0142c8927e5e53daeea8b3c6313931a5b147bfff06fb56454ea
y1_HG00621.2#845	d103dd63f45d0929a8d5d5d85f49748c4244e7b4b3e3b47535e0ec00a3016074
y1_HG00621.2#846	89afabbddadb711421b1e9655597fd7171be56141ef970d446d8aa30b8399aed
y1_HG00621.2#847	7c05b7fd3208cad6026757622e85d6bce372143320e38ba0eb33feb5041e3936
y1_HG00621.2#848	ede05972002b23998edd9d5a0bf10424f491c122de9d4526b6e89a2c64b394bc
y1_HG00621.2#849	c39690db8c00c1a582d1622919fe784be14b8e3929895ae21cdcef3b08cc4002
y1_HG00621.2#850	b715cb23b00e4c03240fe38c821bf7beafa8aefdff7f913efa90330f9789778d
y1_HG00621.2#851	a533a783467de0850a7ff60e965291e108bcfff0b2fa25af69ae1eff860f2172
y1_HG00621.2#852	ddf41d11f2040c3c929d1d15b246b72f9fabb82d99145ae1658773042b6e9d19
y1_HG00621.2#853	109a04837fdadc74d25aab4a3acfe8ac74514eadb22ce83f4936687decfd6b68
y1_HG00621.2#854	d261ca94542d9f7c7381e512fada0795c3a2a84e5147773279eda6bfb54f3b9c
y1_HG00621.2#855	b338d88cc37b60f14dd8c4eab2ed3b6c6fa92f6c3231c53e2cffe34d6dc82502
y1_HG00621.2#856	4f0cb8c8a369b827f93f99c6ef55c13dab6d8f8af9846e8c7c590d3ef8096450
y1_HG00621.2#857	c15fd2844df8079d673bc53781a35b03d0e2ebf9228df9503fe03243c9174bf3
y1_HG00621.2#858	502e800bd2bab2b8dd54d3d0afb232ea479a7b611c1a6052e13216ab0b07f41c
y1_HG00621.2#859	c5748e6e7ae38d4675ebadcbac01d7f39ad701f7e7d9f4cef7a0b68b5fec610b
y1_HG00621.2#860	757ac0b706132259f91a117a0c89c553808c9a9baa3bf5789149f7e74abeade2
y1_HG00621.2#861	15cbe5f066da796145940479d571424695e3077a1de270cb04972942d5b16260
y1_HG00621.2#862	a0774d094449eac64e85f9a0349d930857bd2b4c5f1e0df12d27fe1880aee289
y1_HG00621.2#863	b79e67552c086502e3ec4de103e963e77a07a709a4ed8d764681b1a38bb1320c
y1_HG00621.2#864	92d9c46e163f941722cc4c68a0739406e7b40db62f46c5f39104ba4de855eb1d
y1_HG00621.2#865	2151e84b98e400259c20d46a6a6559e30a84c58136551d8336f020bd9ca62d26
y1_HG00621.2#866	c3484a1a29abe6e991b4978f5b5683cd8405921ed310d3be697d45c07cf9df94
y1_HG00621.2#867	b6579deb1e5b0c25b737a70afb56d4b61aceb22ae07ce070f8e39edd6f7d140d
y1_HG00621.2#868	34185b65e2d3c5e11b8a0cd7bf61d6be3216ebd5acc835280e03000dc471907d
y1_HG00621.2#869	05097d34ca5f20b2905626489acfb59531a430ed6368a95c4d80a50e672b6f1d
y1_HG00621.2#870	7dd14872084537accbe277f1a03250a5f701ee36cef80c02a6a5e6b28da0d076
y1_HG00621.2#871	c7460386777bea485665cb6b6089f8cd242326aa6419c72d871fc1eff8663d55
y1_HG00621.2#872	82d92d938b87b4146671e8ce60019432f3ff29edbb6adfcda34f0d23e6438664
y1_HG00621.2#873	05663470463b126c173768f515d3b8908602a899a05b76319fbb5eec089b82f6
y1_HG00621.2#874	0879832cca6a255c277bf0b54086209def49aa67faeb1e7ad8c4464be0f741a3
y1_HG00621.2#875	9779469589f956f434b70b578302dcbaa084a5eabb0124ccd61b0ae58c596e70
y1_HG00621.2#876	ebe348758edaf61b179b83eae5546c93f6608a7ee5a352023a56fe47b055a171
y1_HG00621.2#877	9f43aff55e1f6eef9d485e071de1c6e47e72d859f347a74e4fa709e7e90b0814
y1_HG00621.2#878	fda60e023e7d858a0f120702a92fd6b64ec58f995ba497294b0c33d7b858890d
y1_HG00621.2#879	50e38285767a44f19f728b70d80f294e055a863ec8c79aa7e1ea081ae4e3c952
y1_HG00621.2#880	515f5dc233fb24838cb640c0a4f8840ab68b5ce0477ddd662acc83c9aec66732
y1_HG00621.2#881	978874dfd74b087e8ac707e5bc8948246213a927f24313d79173a827d1fc5839
y1_HG00621.2#882	38b06cef0f027041467a9a4707e45e149861d5df4983dc9a206e9236cd0ef28b
y1_HG00621.2#883	6b586700ed157ea2e51424c8878b11638510608eef879d3e0086e7c79f2426e1
y1_HG00621.2#884	d378938734402eab70cb9ebd0180713b90709c3c1c2bb67642a32141f38faee7
y1_HG00621.2#885	4ebcf36e08ac415a0d4c3eb5770eb8d4a49e2f5d5594b4f5fbeff438b1107612
y1_HG00621.2#886	8b179833cdead9ff774d5f4e071e68e961a57be3349044c2d5d20f041e5a8c9c
y1_HG00621.2#887	2cb8c88e90f002b5efafc007284e1525e18bef7a506b0c6848173d2dd2943d9c
y1_HG00621.2#888	4f32c6d13ab0edb368a02f2fe038c99eb80b91fe79aaeda4039b2556ec2ad03b
y1_HG00621.2#889	677077b262aa0cd1e3ff3c84fd3b2b8d1ea046067fb753a0eb1e5ecc0400e45e
y1_HG00621.2#890	d5d0999bc94a8d6990bb6f7122b3eca734112dd5b446805ab93a563c1e5c5b3b
y1_HG00621.2#891	8c9bfe053f3a2e9778458f3a56e09707ff5c5239f21699376600a5873017eb1e
y1_HG00621.2#892	77be0b49941c81aac8589fc3607fa9d4a9e4dc509764a1b1fae26b2a28cb7858
y1_HG00621.2#893	78c5f4176c9ad3513a6d59173681f7a2d334db280f6dfc3f1a8718ad372c0dc6
y1_HG00621.2#894	413de613a66ccf9b6d8d5b94f886d3f0bbb7c0341ec0dc8523ad9fbd719adbe8
y1_HG00621.2#895	68b8f38bc709b11738a447e5e851bf97c164f18f58d3208d9c61f0b2d30de370
y1_HG00621.2#896	5cb2ebb25fc2fdc940cb498cae554be8a2016434453d582be0a65f8cbfb65134
y1_HG00621.2#897	78b34ab1f697a3246c512b2ff01447cb68aeea3b4b05b623672165c757742ce7
y1_HG00621.2#898	d0a65374218a6667ab33ecdd4feb0fc2b006342fbc6d96af5de3735592631081
y1_HG00621.2#899	df5cad642563db29c6779b33901034ef06e79cb7e538584e4ae5aafd8f57724a
y1_HG00621.2#900	7469e4f353c0cb709c8c348df21c29709dffd0cddf9f0ee834e84f3011e5c2da
y1_HG00621.2#901	5864b616cb9edcb3bdaffbb3629add4f9df5ddbabada91edbf1cf82402b35430
y1_HG00621.2#902	75793aadc10a72e1bb693c3dda3e87b969e30dbe0245260360fbd04935a62e4d
y1_HG00621.2#903	59997d94167d4ecdda315029edb87131cb34382adc4e92d9a28922e5fbb6d777
y1_HG00621.2#904	3221b64cd54cbbc89a1d0fbe6ef91407aa7a0814761eac346fb271b845d8d1ab
y1_HG00621.2#905	110c377df2dfcf9591bb66ffb9581627dd3cde56efefcb28d0cee60f5041d517
y1_HG00621.2#906	e1abcfe8a1273ebe8ee7104cccc48772d0e78e62f865df417db860407a36219d
y1_HG00621.2#907	bee30e5b6d59c1bdf10100ef331706553fd3c4e6b0a342a092c6f6f733b8be36
y1_HG00621.2#908	c917d823fb10369d1f20b5d2dfc3a8a954ce309f867eafb50c498986f645f771
y1_HG00621.2#909	664ee1ac8c6e5bdcfa0fab97e6217244f11030b65237163e88e0b1faafbee36e
y1_HG00621.2#910	4b650e5c4785025dee7bd65e3c5c527356717d7a1c0bfef5b4ada8ca1e9cbe17
y1_HG00621.2#911	19cd5da9ab6940941f24289a05a6dd6604cd51108b7be32221080bf10c073b39
y1_HG00621.2#912	4b62660b6c6a2583ffba97b1d56ac43802f0e38fe272df976362e7ff0ad8eab5
y1_HG00621.2#913	fa51c672021a869052a40caaacad6551832e4dcd8d3bf22632001f710bbfba0d
y1_HG00621.2#914	6f98086149e30d6967044784cb929f9f56902f6d10c92ec73ee62f4516e563b7
y1_HG00621.2#915	72dc5a5fdda77fd3df80818c785d30a62a45e70e1d311335763257fe0425e23e
y1_HG00621.2#916	a0441985ba43fe93cdf53312de6d8472142afbc7c1682f86df54eb655f22271d
y1_HG00621.2#917	1bf8dfdd2966ade31a1b0fdb586cacbc8159a484460685cc7eb73b8ac196d373
y1_HG00621.2#918	bcb805a12131ef016383c1205ab83488e06f0f3033ec08c868de7631822edd0a
y1_HG00621.2#919	8d8888ab40db55c144220851f874fee3c995f10827fa03c39119fdaf5fcbfa38
y1_HG00621.2#920	bf2ebba4984a3f47b801ca798cacfee1fb61971c32a4922f6554c4b4e0f3df11
y1_HG00621.2#921	2112ae6ded527d5b976907c5c7d12ce8124a7f8f68bb7daf6d9f3846044dbdca
y1_HG00621.2#922	5ab236bc543c669b0d22c1879c245fc160ec1fcfcdf90ec0f8d12c7be0ab2a47
y1_HG00621.2#923	963b10a1bd873fc4de38acc191d6f8984060595ec54a574ff638bc376afe3c5a
y1_HG00621.2#924	a45e705f96266844678944e4c448f82c23dc2ecf95b00c5f43f4cb73c1250c71
y1_HG00621.2#925	9b64c47a772e0f7e5d9bc54ba0afce59403f0d07c61dac0147a14ef0b0e66326
y1_HG00621.2#926	add643db748e0ac6179a818c5a38a3399c3956c1a329e97af5bf1ad820b7cf98
y1_HG00621.2#927	685282d2181e4ea74c3438e23bf9b48cbe56e94b483e10911f15df19fc8bbd01
y1_HG00621.2#928	3576fb478e118c1e36bfaf27b69dd7efcdac928d5870abfc6c578ad2e93cc4ea
y1_HG00621.2#929	0fbc26485e232f572b1a21f1c9e05f832c54fbba1ef95a67cbbb0102d1774cbe
y1_HG00621.2#930	3817d646ab6ff1850631c86025c300def084c28dbea88275efa7d658d0921679
y1_HG00621.2#931	1d7ad4cdc49e2995fdf6165babe0dce02038507bdad4f201f1b31d00bd46e83d
y1_HG00621.2#932	e8092fd07009f0f13e3c28b2f0bde934fcd7f572a361798d081c64109576d822
y1_HG00621.2#933	a9976ad6806276b8f73609cbef5402096013ba7f35f67ae313dc1b35275921aa
y1_HG00621.2#934	ba464bd29d8e092a7995e35e8ae54f6b5af1ea1773a1a92f42bb2a9ce9e033d1
y1_HG00621.2#935	f9d3f0e72774314f8ae448df00ea6287d38f7f0ca10bf27dc376c3259c0f1bc4
y1_HG00621.2#936	633b44a9ccd7989f4f9221344df108a1601f396ef8f71dd27999544e5b9c72e3
y1_HG00621.2#937	dcc7eb2ea966840a4757dba4f6b6b1bf92403a8a182ec04d1a5e3da20fd498c6
y1_HG00621.2#938	34b58e0010d324f6056d73f476cce0dc23275d25f8d47cfd587e099324ee75b9
y1_HG00621.2#939	24575ac4cd51f64dfbcbc419c599756b6ec0b9ab33134f8567fbc6ca792a7274
y1_HG00621.2#940	31b7fc4e05870b6d7f00137ec310fb705ff4c941f85c5a8c1f1b03ecbc535b2a
y1_HG00621.2#941	0fd00a12442cf2015093e6cf0b5965dd04ba1f6b42a74b4ed37eb30be43eacc5
y1_HG00621.2#942	0d73620e412fb1c6677efa2066111a55b0b41b95c2939fc1d116a2b21cd9e5c6
y1_HG00621.2#943	31c558da981f7379eaa8128879fbc4b42881ab908607ce5dfc8ff7f17ffdefeb
y1_HG00621.2#944	046bf83d465ddea467feb2d44f87aea8bf81edc4dd2dfa02b756facb3cdf4775
y1_HG00621.2#945	bd21fd5d864699ee30b4036f9910604549851a495385e2172c3279775119b9ca
y1_HG00621.2#946	8d8a98e70ff1223ce161c537a007333a6d389c9f38125731b207d7c7dcb27bca
y1_HG00621.2#947	c0955096461a226c8e44e9b4f8837f0a25a323bd734174042e67fa3e156e4e96
y1_HG00621.2#948	63db4ad40cf6c221584e2b244d412bb07ea251810ccaad10d4dd37c70c69fa64
y1_HG00621.2#949	6fa8eec26732fe64256cd3125e849358e7605e9bea8dc480422980789ebeb4fd
y1_HG00621.2#950	81021960d5f0f65feb8f9993b656d9fe4c2608045205c867d338864a5e3bfe6d
y1_HG00621.2#951	c3b7a08fabad0081037f12e5e6b15a23ecea580ef5faaf2d9dc8a06ca050c16e
y1_HG00621.2#952	6938a9ca3341d98c1d3e17dee4c3b0006e990603fb59ab4356f7d94d6a8df636
y1_HG00621.2#953	19e0c23b810d5dbdbbeb0aea288c119a7be4c8df37ef9c8dd059e6d7f736eccd
y1_HG00621.2#954	7f6ad9d393fcb610941aa2c4b28a1a29e3c390fd870000110b03e8ae863a0819
y1_HG00621.2#955	0ce3b29cd454b3f8f1636cc99058a0771b0797b1ce3eead244598d6b68e35b3b
y1_HG00621.2#956	bb334c9c9b509f9fdc845b0ffd0a30ac6423649016d242e6f3b2760e050c78ee
y1_HG00621.2#957	16a43036f75ab92c9fc0d1605aef6238b8b9cd2ecab52c67443e292216ac049e
y1_HG00621.2#958	09b83c971ecbfdc095177c17727d3853d181b4110517df960aa91d54f7e2ddf3
y1_HG00621.2#959	1f4202bb2f5860cf66c4274f4f9ba8bc06a8dcaf4a3812f5e64302c8a67395da
y1_HG00621.2#960	20ca246f775ef38a3f3fa705e5758530b5d5586c4eba681d8ecdc9902c202954
y1_HG00621.2#961	34151683ff83cba8442265e5adf05d88f572c645a93d505bf8baf91558101a9a
y1_HG00621.2#962	5501ebd45c2ee302c24dbf94d59782867ef4c40d6641ac2a38965c7aad1494b2
y1_HG00621.2#963	b38096c11d594e65d716439f7c8fee1800ebfb87d75255fc0d1febaf6076b13b
y1_HG00621.2#964	7ab537f60d1065f049252c10a88256e0fd2dbb5bb732c856d81628df046ac1a1
y1_HG00621.2#965	d82bbf46e42e888cd7cda2cc7bd305131e71ec5f96d198fdc8a05e2448c009ea
y1_HG00621.2#966	259f1ba114951d7ef84aff1dcd4d913996ae5f66fd2d42e801264f7bf63e4aa6
y1_HG00621.2#967	a1ef42fd1937a16942bb107aaf7df2bfa9f8077c32a7403009354f404d07ff8d
y1_HG00621.2#968	8b1e0233dfe967adc1aeb9eecfc9f2a9a6416cd19a6f6c051f8e7be683cbc1cd
y1_HG00621.2#969	a32b30181ecdba47362591fcfb7434a2c84a51e183570fbbd96c11d4fcc84809
y1_HG00621.2#970	947f5767d276d07354576766a5d4acd381ba8fd430ec6110bc224ec107f2e9de
y1_HG00621.2#971	30a24b4fa8b4fb9a9ea9041c2020825080dcda995f1e7223d135426adbca5ba1
y1_HG00621.2#972	a15c4616f91fda196a362bc4fc41af09903f607049ee5b612c0a07f76be125b2
y1_HG00621.2#973	feea6f7d136b864abc44c781fa7fc3a93ab00caebad7cd647c967fc334f5eae7
y1_HG00621.2#974	6b144dcfadf35de051df846d5657c771e484a459da76c389dafc563c508b5740
y1_HG00621.2#975	63616cafe637a1b673024ba704a509badeef643e3ff664c6e42ca7fcb7267cc1
y1_HG00621.2#976	c6fcdfb5e1aa5c304561f6dad4fea662dcb1dc4279ea716f629133eefab831b5
y1_HG00621.2#977	68e09123a100010a42a04f67d39c079127d37ebfb4794efcec61c79f723dcf64
y1_HG00621.2#978	0bf0ac9d0a7d44d7cc60e5fa66371e9d1fdf76cd36863dc9be80cce55a42168c
y1_HG00621.2#979	34ec5fc5a4330da4353337b8ece5d0a7051fbfdbe7058758867dc85c94efca7f
y1_HG00621.2#980	37de981a6a1dee62da924099bb9999c2b8c6d701095d4d32b1f67288c7fe7553
y1_HG00621.2#981	48c1959d3300bae9a6ad139d87211c26dd75b526f76b48f6d5bb1f696da04451
y1_HG00621.2#982	1f0b4c4bc2da59dd08f9fb4002b69be3878e94791d3e34ce85d4063a1ecf1a18
y1_HG00621.2#983	074d255791c0a34bfad926c5e96672a9cc54b7fb0f9ad2c66cbd7522c0b34cc2
y1_HG00621.2#984	4b650e5c4785025dee7bd65e3c5c527356717d7a1c0bfef5b4ada8ca1e9cbe17
y1_HG00621.2#985	f5b6823a1f0da18b436a5d97b48ce63dafc1bc511c5e839ba2b38aa48cb6059e
y1_HG00621.2#986	b29185b99daaf3df863955db51fd2af9202c7008af1cd008fd4a5f512c05cbd3
y1_HG00621.2#987	7b034f7ea189f5326304a1d6a3e5084fc01b2a1f640c6a08332525e9ab8d3e9f
y1_HG00621.2#988	bae8ddc7ccc341e1b86d6f1785c8af2ea56f64b42766a464210ee60707df09a3
y1_HG00621.2#989	c4a70f7b1ec85b92d37ddb1a6c4c3f49c5d146d5bda7f56a1c90b7ba9bc1f749
y1_HG00621.2#990	1d2bd899859f78aa7c0688dc369339d4781ac1f1b5d412ff5d819cf56b22f308
y1_HG00621.2#991	c27b2d3a78697e9ff9da56f3523d9592e3c38d1fcaebf6bf2d1200cbcf4f9b27
y1_HG00621.2#992	803859f5b9d6d170d5714b2d798c8bf5fbc9bd1806f6c108ed02adc6e6116004
y1_HG00621.2#993	137b81b7f18551a2e2e40da6dd1abc676b2f6fa04b272fe02191441ef65014a6
y1_HG00621.2#994	040177c66eef941a8ad81f40fc38cc1ab84a8e9f585187430b7624c02969061f
y1_HG00621.2#995	bfd7ef29eb5875ab46d97cc2d4ee583fbe9637b00088c4cc31b5bdf2e62d04fc
y1_HG00621.2#996	1c5afb99c6f32cbe5d1dc14e962b195837f7f904e3ce8defd0c97b8f42bf7914
y1_HG00621.2#997	f2d1e0c06c3c60bd2d9d1ba95c922beca211104ced0c3fa0f04547d788a0bfe6
y1_HG00621.2#998	6bd41168b8788a8531f0e8adb2ab0e3506b68151823f1e86cbee3b2287abc810
y1_HG00621.2#999	2ef4eac0b84c77832f8f516a7589e3f555722f13d5a09e496f4af5ef7b7e7f08
y1_HG00673.1#0	796cccffb4bd5ec70484c43c35f710f83ddccf9a5932483668d16ad1eccd05b8
y1_HG00673.1#1	f177e1a82124e5bdde06cfe2bfbac6f88d3a9b2e429a4588b1daa3f3c7e27465
y1_HG00673.1#2	e59196c64c7c2d9d083230db347659d34460cd1e1b58a7cec50269c3b9562121
y1_HG00673.1#3	69126cc1893fdd258858b03dbea64ebf1ee3d395f73527c7acdc3e4d5e407091
y1_HG00673.1#4	aa70e763e0eceecb3f1033c9cc44e05681d741afc05d0479269fe859d523021d
y1_HG00673.1#5	78427c37ba11d6393eaf3d93908250e0315885845ac3fea118f9d22b63b54c58
y1_HG00673.1#6	36f4607226c39b2a4306c5bcdfd36c7dbd9a4a29a46de0359714c2fc3435cb8f
y1_HG00673.1#7	680f36dbd2a0ef2df9c09f6f1db4b90c527dd7f1a84e119eecc04fffb84b9203
y1_HG00673.1#8	701eaad3aea71a6c4cbf5e8c8ca3e0eccb75f5230d763b2b3b184cda28f9649e
y1_HG00673.1#9	3dd8645db5fa616eb2f7e2ed08e98797390b65beb0d4704147c7e0a374bd436a
y1_HG00673.1#10	d1d4cb013c5e93c5cabf39f91f69295c011a468d6261378a69d2c79cdf9312b6
y1_HG00673.1#11	b3a4596a925d27e82322dd9fde645ad80fa507f667c6e6043e276e556e46a971
y1_HG00673.1#12	77fc2eb5ba9f14cef0bf3f6d7fd0b688173e0f6d12a12ae4c7ba2b4832843bbe
y1_HG00673.1#13	424961d9f6143ea3f97e93a9682a946513cd23191d9b6850443b91cdcdea8e00
y1_HG00673.1#14	7015b75de78fa264025f6b1a794938d6caae68aed7a962d57a17d8ca1b1306b8
y1_HG00673.1#15	c47e5e83e6298410f6e55c2b1c5afd366c439e353a5526019cae72b651e3b4b4
y1_HG00673.1#16	705be029f4ac24fd101307d443b03d409a7d2a9c8ad98424eb07888c1c5af969
y1_HG00673.1#17	7b2b12d7942c230db5c8d5526ebd221b7f69d112c8dca56152a0c0ba74aad8fc
y1_HG00673.1#18	b0bf2968f674de5ab510631fa2e396a7895f9728f12a72dcb597177728b0920a
y1_HG00673.1#19	9499482586e500f45f54c00224dfe8c47d321facf455c48e1147c36daff645c1
y1_HG00673.1#20	ae5ba7667ae79d037cea62c4799e27b89410932c873a94c5220ea5fc7bccc285
y1_HG00673.1#21	6ac82ed795cb157a5b224985b511858f7578dab82248b0790d79cad88dc4d433
y1_HG00673.1#22	714d6e9960c47efc26771e664cc6b7b96c56d61db87c252c671af19ce26c9877
y1_HG00673.1#23	472e73d796e20aa8ff9059e6316f218e0322548f661ec4dc267507ed66317404
y1_HG00673.1#24	3aa8e0b3c572132d50fea55bc0488aaed064340b5e8e99c166be806efb50ff42
y1_HG00673.1#25	e791aa7b782f01548999cbce0d9895eefc850ed7db77c2596e28fbaf4751f53d
y1_HG00673.1#26	43583a276fc79e7eb5aae2bbefc6473aa133c67ae79ec616a508ae21f9c1d8b6
y1_HG00673.1#27	fad42c3441467a2199087d2525632db5a7bd3b9b9b0237ebd79f04657a3c573c
y1_HG00673.1#28	f3d5f7fdd34a1ddbb8a194e42330dbb434c89117cb96a9ee1704acfc3b95a82c
y1_HG00673.1#29	ad4dac639e2170ecac75f5985163c52ef6796f312cc72a38f389dfe8288aa10a
y1_HG00673.1#30	ea04204ff2cc112fe7dbad3a29c54df3c426f37f422b29064205a67ce7a813fb
y1_HG00673.1#31	f8a42083469ec7c019720411d4e2547accbb381f24ac68b1540f7af0fe7f42fe
y1_HG00673.1#32	4356f8e413b95d601d07c15fc6caa3b2aa4c20e9238d4276768282b6a941478b
y1_HG00673.1#33	955905ac639c0c03726086811b7577bbb864e9406f52515fbd74119cb14d0cad
y1_HG00673.1#34	8286b9c26be8a835f714b61bfe6fda45a43ada05d92a54850b83023dfe760fe2
y1_HG00673.1#35	c2f164e7211b882784342a8964fa2af3964c48da78174922f864487f94b136e2
y1_HG00673.1#36	b633a789300a9f2fa53acec41d7aa8b0dc66e59e6e6b7fd6d05ddb133d4637b4
y1_HG00673.1#37	970b7d2bc31b1881baa8b1d9bcad2e466b8be5c60166d772460310c28d16e345
y1_HG00673.1#38	41c2ff38bcfbea125f52e9e63de5b73d259e26dc0429236f7a2ab7cbe4c49624
y1_HG00673.1#39	50153d9647772ee6f3a5f7577c50756eb84a7080e96ad86f7fa35a1d265122cc
y1_HG00673.1#40	7850b2ef98a540b4df3846f72841a23352ec4843b09c47860ffd3e0a219b93e3
y1_HG00673.1#41	03ecdcdd500084a268a503e3cae6aa7f0ce81dd6b080515d08a4861187bf29b8
y1_HG00673.1#42	a6cf56b671d06a491ccc8d0ee6a41dee317894d4562fc00891f355f45555eb47
y1_HG00673.1#43	7587fbe9815869265ca08c6ee22d85a1f8e4832223f03c13e0fbfd789bc81996
y1_HG00673.1#44	817851bbd2c7ffb3bd5ed6f790fff3d689346cd3780180c2d76c2d5fc8046938
y1_HG00673.1#45	2fdfcc0c86f3f5eabb41eaa84de1aa4474ce2c1ca92f93f62d5502979863f744
y1_HG00673.1#46	453143ee89d94ecdf7e6ec3da037715a8af49996aa602a9f2d2c0d7ec51bb130
y1_HG00673.1#47	2108a2930b8eb770728a39d551c82abe4acfaad2bd3b1679e798bea0d26f935f
y1_HG00673.1#48	28be11b3ecd00b010769e1cbf389c78f48e729dbce4ff746e35e45b62afb2f68
y1_HG00673.1#49	ebf3b75b551ee09313b561a7d7b94409aa2461bee8515341d848e48b058826ba
y1_HG00673.1#50	0c8cbd79633cda6ebf5dd9de855ebfd4620e7a7ecce2650961ff03a3bf1f0c85
y1_HG00673.1#51	750da8d5e3c12e5ac1c0ccbe097e53f71bdd71d8884a5396acee54bb55a0a6d3
y1_HG00673.1#52	5c2656d5d0b736cb958ad650a0f743d3483bccf6538e5b4842ad240885a61476
y1_HG00673.1#53	9ae816716fdd5670857a3a18fdbfb60ad627a67f5b80bf04e88f5f14e75006e0
y1_HG00673.1#54	cb1ad2119d8fafb69566510ee712661f9f14b83385006ef92aec47f523a38358
y1_HG00673.1#55	81e13d77afc3f9d35482c050f3021dcc5ac0f99f075a5d9ba6abd987067bbeec
y1_HG00673.1#56	c8342e4c9fa8c26a1afc56def254f93127313e8acd2ffa9226248e040c8f0013
y1_HG00673.1#57	4c953419c2662662c5b6491065a3e4c094f802628cc5e696d3ce4212b9637fad
y1_HG00673.1#58	324573309adce88edf43f8aced6da11b6ad11665c13ec512241d6478763ada20
y1_HG00673.1#59	730df4d694d2e2824f9f5d6b75173d0484c5dc6e19271578880a47d001228a44
y1_HG00673.1#60	acefc59c686e23463c801a30225dded3177436332386f47f79072be236043b63
y1_HG00673.1#61	a3ca741fcf156cf720ba0197e4bf14764942381c7b8a1bc4e399b72004c6802b
y1_HG00673.1#62	bf051dd7917ad525d94997d4fc8decf363afb63d4fb8c5e49df1a4fc215717d3
y1_HG00673.1#63	9a3e4c20028591c96201ef4b048e4385df68ce34a31cd382928eabc60e42e0d1
y1_HG00673.1#64	b4dff415c0ee0cca0f01abe13c848bf996a4b122eb127adbdc257445559415e9
y1_HG00673.1#65	3049f8e04e1c8dc86dd6e9948568bbce5f998472a7f572df8db54a0e79daa87c
y1_HG00673.1#66	5618ae72ed08324b0fc16fcd28d9dda2f95f2058e14d44d7156d63384f03a2e9
y1_HG00673.1#67	a20a858a247383e944947858f2f5e0bd25bb3031a7bac2ad55431abdb63442ad
y1_HG00673.1#68	58f747f5032993765af4a8a5e912c3d2917ad5a307f0178869d7b31ae7998e2b
y1_HG00673.1#69	0bf0ac9d0a7d44d7cc60e5fa66371e9d1fdf76cd36863dc9be80cce55a42168c
y1_HG00673.1#70	7ce07e5e78058ee7e3702472371bec486e71788780487c077ce21650552830ce
y1_HG00673.1#71	d5d068a9d08d6ea8fe8feed9f8e5d2f6ffaa5f14ed2bf24a60f29bfaa95ee206
y1_HG00673.1#72	1bf21c27b446c57a13df5af54983e1f361d0762460005827f17df26d13b370ce
y1_HG00673.1#73	3560449648c4c7c87d46df4305ac7ff446b255d936b40fc80a68b0259fa9823b
y1_HG00673.1#74	4a941c64e346eccfb9c717784eb5ae469c3c9c2bc3b2740b8dfebc0cb3e0dbe2
y1_HG00673.1#75	95dfd559750ec706c8b10232a7933503176f4fec5dc40a5089e959f509869b2d
y1_HG00673.1#76	548ab5a52d98d1f842c5adc86fbe19bc51d90e172bc657b4cd8d9e63cbed3652
y1_HG00673.1#77	af51ba19493a059262bbbe8273870b3f62e3963c296294f79ee477a9b65ad9fe
y1_HG00673.1#78	1f055e9f5a2d660f4be965dc411ef8fa39845cf75c7d16441161a7f983147c35
y1_HG00673.1#79	b55bbc70ab1c759e017c4b1f091d45946d12d601d693867c3d5c7ca504a8678b
y1_HG00673.1#80	3f44f1bcd6a80234b00460914472f4b1b66727d0de34ca0f5e9256a35cf97f83
y1_HG00673.1#81	2cbb42f09d230e908e3395f3d01905cf2bdfc1e92f2ff754e0075f7e0164040d
y1_HG00673.1#82	bcf475816fc9347788479aa1943240ac6148a97e8d91deea7425d4864d31f698
y1_HG00673.1#83	83e63d9823f80ee5d40803c1e4853545b78e17c7862c0adc166bec4dca3f58fa
y1_HG00673.1#84	0d420d659634a9210266b97d491136e794a1cd4e3f1af10f2bf4496412f7c134
y1_HG00673.1#85	18543a2d6e2b2af65f57567dba6ee7ee856aa5502944c0bb43ff69bfcf4e0396
y1_HG00673.1#86	74731d9b37ae7d147dd029d95c6295f6fbaaf76f195974a68d103b91433bf12b
y1_HG00673.1#87	87d901673e9d0e260573ffb819b9d8fa5f6e0aeaf5350fbe052ce89e03942072
y1_HG00673.1#88	45f192fd3dc6fca6c6d1d90ae24aac0a29941150905794293c09fe584d4b9e13
y1_HG00673.1#89	e283156d1c1f22133065c497f142a2653cac9d83fc35dc37a9854597ecd65435
y1_HG00673.1#90	bbac54ee3f07452b3940eb7908f71b61d39a312d3e1be70c2ba5ece00e0ece94
y1_HG00673.1#91	32e6fa57d597de215d8fbcc9a08a6f7e2ac61a0d197f06d36af6ddececee7be3
y1_HG00673.1#92	49e64b55e85674ef2ac2edaae9a2c198eb91adbe794d8b1e34ccf90594e29d7d
y1_HG00673.1#93	9de9b1165d496eee3e2c601f5b3426344c3ba4589057182e0c08dc2fcedb2741
y1_HG00673.1#94	95a78855ff25d801706a8c0a7cb8b5d47dda97f80dbde7befa80d73003bdacf6
y1_HG00673.1#95	405db6245c0442b0b90266e2a2356bc51262fe88d01167ebe290580742dd019a
y1_HG00673.1#96	1761f88792eb2a0dec613a668a7bce41977024234f15110dddf162be73ba4de5
y1_HG00673.1#97	30ce6b7354cfbfa11697fb52973e3514fd0785050cfc01697bd0f69f71efc79a
y1_HG00673.1#98	402120c47cabc87d4f27cce5feb018515c74b24f7b0b7f55848b56f6e6794508
y1_HG00673.1#99	ea05b38da2a9dd610300c21d357ee3e4256922e35cacda5da78a90eaf20477b0
y1_HG00673.1#100	a7d9fdeb1c55e253052937a1af28cd795729b435195efff14f4c8ebc495858ab
y1_HG00673.1#101	95c344c8301b05d1a47ca14beab62f6a17ee914953d34c4e8fdbabd69ee07527
y1_HG00673.1#102	cc415de7405943e43e3ecfffb338b0c2127c0862c3c9fd2651e1f4c577439552
y1_HG00673.1#103	00b33db1bff0133bf1c85668cf4351281d5d2969cb1188be9aa95c3bac0019b1
y1_HG00673.1#104	688e345f9ac331dcb9f3e9f6ce0b1fe964733660edf6d81492cac54b9fe0e5e5
y1_HG00673.1#105	c6138554ecfe5ca621e6c20e94516e9ea177508eacc4d727ae90bfdb205c1850
y1_HG00673.1#106	9211cd47b4c869b78d9c9c243a466c14c9e88b5606f43b31770c07b3357a83f6
y1_HG00673.1#107	0bf0ac9d0a7d44d7cc60e5fa66371e9d1fdf76cd36863dc9be80cce55a42168c
y1_HG00673.1#108	f156567c2b509da60403688bae84afca9200d7d6847786f6d5565ae301d40c25
y1_HG00673.1#109	483f54787610dab64e9f83e96e1f86759a68f914610ce172a4d5a94d78676cc8
y1_HG00673.1#110	1471ae15017492b1c70b63af02e3734d626e792dc83a045e91ae0dd082701ba6
y1_HG00673.1#111	187ac4103f7be37638e5f71f5083694ce0c666fc1f87702cf8190d6843d97eef
y1_HG00673.1#112	bb57a42fd4e06369ebcb627a143a0d2733682e219272e1bab79bf69b5436ed25
y1_HG00673.1#113	f9585d2eea688026a68a53531cbd9e3c397c271a243efa11683aecb96207304f
y1_HG00673.1#114	277a69a25ae7f96ea6423ccd96184871117071e81263a2fc80e484cd0d81f9ac
y1_HG00673.1#115	1924a3fc8ee783c32f0f986d32878389dbc5b6a6a4db34645d075581cc7f9a6c
y1_HG00673.1#116	825cf96e547ff62548e3e760902942f60ab48340450cd4933e31d731a6235b8a
y1_HG00673.1#117	547e823be167b6d3a4fb05ea6fc313bd3f67d3c543d4f36334238f75acd36180
y1_HG00673.1#118	e718626d897877e7ddf76c071c8bf0580c4fabc21309ee1af3523ce22598cfab
y1_HG00673.1#119	b9243fc6cbc8bee8ab7d7cbd8e33fc7b0be063edb8d0aa8bb52210e3d600defb
y1_HG00673.1#120	6ee621bec7bb6c6380cd896d4d17a01aaa5682d2d11e7b9defd72bf94a8e98de
y1_HG00673.1#121	c9afe91ebee7dbd413c61e16ae0c9cb18abcce4a4aa639961e7b3b50c06d4529
y1_HG00673.1#122	a83fefde3566e5b956e9fe937fd692e81b2ac841c9ea4d54808317ff97f56574
y1_HG00673.1#123	492e80c483f3eb8b9972414ae9dae5de8c24a2d06dc26492f3e09a291103e072
y1_HG00673.1#124	b59635811721abc2a9ae62f6d648f655949210c228ce699e166eadbe0818494c
y1_HG00673.1#125	3ccff89a410c12d1b2760fbd56667e6e37bba4db04b84c18b6a9091939337e60
y1_HG00673.1#126	cedf416ac549b546aea6302217f26e5c61cdee823eb121b6e37a0074617d602d
y1_HG00673.1#127	d96a678c8647c52a95d34ebdb361027515c45e3571283ff454276d9dbfe195fc
y1_HG00673.1#128	b8b38a10270bad71bf5eeb447c1d37410bfe96177419bbbb747f016278af4b4f
y1_HG00673.1#129	142042bd48eefeda0f572b67676c79e0a85a77ee03f2a3b12d902d9a4cfd1525
y1_HG00673.1#130	4cd746b0d512a61240c838426cf39939b0e9e14bd3af28024e75ae61aa059f11
y1_HG00673.1#131	44c4bbcc315019e6b2fd8014fb6b59b7aad47f88cdbee1aaafcb8534a153d3a5
y1_HG00673.1#132	9779469589f956f434b70b578302dcbaa084a5eabb0124ccd61b0ae58c596e70
y1_HG00673.1#133	b202f1adb95b623d3fe36a13602e473b29c31c572c67210acb10b50cfc9f9836
y1_HG00673.1#134	87b47d509ad958090dfed24c9eeb74bffc1bb1ca5d995e6c6a4e36874b141032
y1_HG00673.1#135	102158940d5030ce631f8117e9e18325aec9411007ea021202da9fdb01a95e88
y1_HG00673.1#136	8f7b18500a25e1a36deaaab5bf79baedf362ed17c79f6395cb0df86438fa8e68
y1_HG00673.1#137	9779469589f956f434b70b578302dcbaa084a5eabb0124ccd61b0ae58c596e70
y1_HG00673.1#138	8ef259afd06b6a900e66a4c5fc6098e37cbc1b08a7a205494ab093674742b1dc
y1_HG00673.1#139	c78a92f53b84f339635dc8c3d73ecc7a76b7e87bf8fc43009ccdb1432727fdd6
y1_HG00673.1#140	a1d404dff7a36d6f7e9f8596b0587a9e87650938f3541a53b5c66ba3a61c008c
y1_HG00673.1#141	ef78437fb66cade9566ea6eed50db8a315e8ab65fb545e2e589e1b8d5e9115e1
y1_HG00673.1#142	ed19204b86986c51dcb0d43ed4c8ef772f62e4bc93732702e9206e7dfe67f70f
y1_HG00673.1#143	c603679eea21554f96baa04eb6c04d684f45bd858edd548b23cfe52a4af72e4c
y1_HG00673.1#144	4a008343d39caea015ee8107f8042f9c95e3354b3fd518396231c33798a90085
y1_HG00673.1#145	95888ab1e79f4ee0e3ba5659243d4aa2ba625a9d3d927689bcdf37f2449e5cb1
y1_HG00673.1#146	f375221da182e02c48564ef5d7d718bd411ea9fb3318995f0b3f9987c88be35c
y1_HG00673.1#147	7faa78f90c927309bcc591b847daaa2f28d53bc73535a6f3b97232d71fd61c38
y1_HG00673.1#148	2c2b6ffe570b1d2492d0f6500623423ee11d75985e49e4089fe6644da52760cd
y1_HG00673.1#149	a4dc1a451a5a4a4bdecd645cc0f8b22b4c1e3f05846cc23b9c9ac2c1f6402f1a
y1_HG00673.1#150	e4f7194aae81da6ce7ebaf7cd7f6d765a691fd8ccba120982fe178f4eb597142
y1_HG00673.1#151	a0acaaee1ac30ae5a368647f6f7191eba6fe73678884a84a9f7abd3b2112c654
y1_HG00673.1#152	1fe8b57e96def427c438d1d9a7cee225e9328ed95864070e4cd25079860191f3
y1_HG00673.1#153	8fce38a52090e2ab8006a3342cc4ea0fdfb44b632031d802ab71a88f9340f87a
y1_HG00673.1#154	80f279c5fec85d139ac1433e60fbf16d573e93c6af9f8711c28540fdfd8b2864
y1_HG00673.1#155	f8164ac82deebb6591502c39db64addb173c863cc34f95b3783a381942c86ad6
y1_HG00673.1#156	b974208fbda7961cd42cb1774817797609b5b36557462a5a99663feb93bacd7e
y1_HG00673.1#157	77fb6f935223e8de98e5abc9a17f392b0d82f39daef8562d82a7685ba0850670
y1_HG00673.1#158	d888516489b51bac3778195fd7902e1185d9b2c286b6167cf71e53902d97f82d
y1_HG00673.1#159	da9ceedc1a419b02608a02e69b299aa1b796bb9eadbe3732aba563e1aaf36cf0
y1_HG00673.1#160	4265d25a2d7659f4badbed9fee9c4742f61d7c61c1983344464e82e9ffa7b4f8
y1_HG00673.1#161	43c6bb0f6c058480a0e38b0d56831fc08f7f926eb62478cbeb4fb1735eed9efe
y1_HG00673.1#162	171b9fa9cf5d12b3013f24c9629607039dfda5735638b2483fbc9ecc6509fed7
y1_HG00673.1#163	3c606be855e63052ff8f4155f611622cfd7cd91f7d665b94840d422767c8eaaf
y1_HG00673.1#164	bdc9152685a47ae3b223e87d48613211d7e984a5883b7cf3a2d58ea96c5d53bb
y1_HG00673.1#165	61b6dd2a0a145cf39f32fb0654989a05ecb3c6fabda2aee4ea2b0bae17ac6a44
y1_HG00673.1#166	d7a01eddf61c731d2724664dd8febaf7086871e9b1234738ff382dfc2b9f3d01
y1_HG00673.1#167	8316ceef766993be81c89f9e504d2d67e011eed5879b226b445d3dc843da0264
y1_HG00673.1#168	9af9eef31e66682c7a4c3053e2f28007fd5f6ea4f2b668263ed2716fe4c793d8
y1_HG00673.1#169	c4ee00d883660901232684a134cb95107fcaa34d12075aad29159d60dd995265
y1_HG00673.1#170	186b79ae34e27851046fee7e0abb69661db3632a09691f439aebb34fd83dc09a
y1_HG00673.1#171	4498db0ad78e7c2f677ee4d84fe8c760bd84a3470d378c212486782a944f7224
y1_HG00673.1#172	f922593c63420e96d7b9ba232a43d4db6935982c1d04056a207965209ce5c150
y1_HG00673.1#173	26c4bfeded037de863b0daa70d7282dd26b18757fc1465343255f120bb5188f5
y1_HG00673.1#174	4e0e2c5db6d2bf77e1aa58c0271be3f55f5ac65ae5e3bdb0e9a505151b8daa84
y1_HG00673.1#175	591d2c2ec67df85de668887b0176a3897d0c15c3867106059d7ec1510d9c08e5
y1_HG00673.1#176	d968e9af0fb80ebcc18bb6f775774a8f2d8fa433157b710e1c4d20a128182470
y1_HG00673.1#177	bc581370467fb81815b1a4dbc680dd24cfb3a42afa859a903870f8d40a8fd4e3
y1_HG00673.1#178	adf68617b018a4924cab1a81fd91f4be3189bb4ca3342761372de2fecd7112bf
y1_HG00673.1#179	b53855992bb455d88efc1a2f5bed0b31b488e13df42a2e8b028e34771d923935
y1_HG00673.1#180	798b1a3beb9e831ea476afd7c15d55925992161ffa7109856f6f7158ea7934d1
y1_HG00673.1#181	a0eadfe88b67cc772fc8e6e895aad19ff23b1f51abf43e7e78a1d2543a05f984
y1_HG00673.1#182	64ae9539807833cfcf438f1978f925bef28b46386b9061ef27d374d3ec4c08eb
y1_HG00673.1#183	d60f0bbbd39e984a38729e5b136257dbd6caf97e332d7463f94c36f3cbdecc04
y1_HG00673.1#184	8eed4e016733397b9c52ac8faa2b62f1b6c41b8bc9a730a9b37b805f3c23375f
y1_HG00673.1#185	30d769cf653af25a2ef2d0d7fce970d95603451f3858264c7e7f365ff37758f7
y1_HG00673.1#186	6958675631a4f831c99a45b24dede971bc2975cdb15627e0f34eba32eb74240a
y1_HG00673.1#187	3f12c976e46159080c5dd89f447e8daf512ce97d8f083b11907531521293e284
y1_HG00673.1#188	b2ac82097cc6db186c830371ac2d29c3fe0708a510a0d4a36eb8d2a5dfeb83dd
y1_HG00673.1#189	76b57e809cbbc5dbe0e3bdd0eeadc691e8a69f37d57cf325bd06f677df353364
y1_HG00673.1#190	3bd5f7dddfbf5cc08fdcc6132a2e07e6fb9bfe7e5a332dea260b12cf9a7577d8
y1_HG00673.1#191	92b0c386f6ba9c6d0acfbfc359ecfcb9709bfe095816edba2e5c51f6280a567a
y1_HG00673.1#192	774dc410522f067fcfa586e6bd80896ce8b89266d2810a448cceaa43cc86a6cd
y1_HG00673.1#193	686cd938ba7f703dcc86baef86be56aff3db6567ec5ca1fab9c82ebb62add6b7
y1_HG00673.1#194	cdb779d0027c4b2503f8e6caccb0ea6f9ef2990a776c2bc3c5d8e1e41ae931cf
y1_HG00673.1#195	8fd2a264749c2095d92f2b4a72a433952d492cec5156701d54d11f8865786830
y1_HG00673.1#196	a2c2cdffbf1af30ca75f5f3350af53afb42c13967717cd757d293274509aa7c7
y1_HG00673.1#197	76adcfc1b91c7d1569996761fd3b907486757e995ddc68d0726ba7940986d78f
y1_HG00673.1#198	bd349f4c0d171e37ecdbc68e5a7a77ce8e905474f432709457727c43cdf98ac4
y1_HG00673.1#199	76b65946894eedb5144006d50536f4f349440b70d964b000ce9c24717f295aa4
y1_HG00673.1#200	d50e6046c847eca01a8ae0e3371840e0f95f34570063fd0ecc4aeeb9ece6fbe9
y1_HG00673.1#201	f29e26b2ef33fb668521dd14a2001df019fa3463252ae3c436d3fbe99c00275a
y1_HG00673.1#202	89932f8285bde9d693a0691a3400ba249f0d5c1357fe157dae3254112e489143
y1_HG00673.1#203	6787e27328c4f2e77bc84ee0b3ae64b835d6e0d9244bd6434ea2852d9516a344
y1_HG00673.1#204	750a3c1b33d194103478423fd040d3323b7e6a97c6231b184e043f840eeb9555
y1_HG00673.1#205	b66823d0e0d19f50d0252b4b603528c6bb070c6229ad18e23d736cb42bd00668
y1_HG00673.1#206	2420056e9b3a5d987830ad23076b2c7c4dff235c65b0ce2a2c568df2b88d1aa8
y1_HG00673.1#207	1b7af7b39fdfea039fec309e1cc1d852cc99029b33358d75de9f019487fbcdf1
y1_HG00673.1#208	7c7be72e96b82ba33392aefdfd7995831120a9ca7a25e199de8ffcbf3e58feaf
y1_HG00673.1#209	eaf62d5ae346ae9634f14682e09f4773be2c252497cdf26b74c5565e0a9baa64
y1_HG00673.1#210	afab7213ecbd972ce3b20d3586be9dc6d3452ef87a0b5fcc897d3d52982dd99b
y1_HG00673.1#211	372a3d6514267d5f45beec75d1b36e1936063ce5c23a9d9eddbbfcc15b250b7b
y1_HG00673.1#212	11c7ad2430a0cab95b5a9d7d65b5db94967d565605c858218dbf3e94047b41e9
y1_HG00673.1#213	bf3f1d4655651e86b0951d21a5a2a480488e3d12014081a962c259cf744a80d3
y1_HG00673.1#214	a5fb816593ce703ca7c62d9845271f0d241c9a55011cc886e9da8a9e2d9c1caa
y1_HG00673.1#215	6a5bbdb3bd540e2b8183a1b265dbbe3e16227dd811d328252f8d5fdbcb5ed59c
y1_HG00673.1#216	ea63f3d223f5c9f39b06e1a605cf7486b2740109343c4e3b711339cc4657a5c6
y1_HG00673.1#217	de18415c0230f0b8656441730bc5d9ed6cd841ee4b31e258177f5b46b613691e
y1_HG00673.1#218	2d65084d7bf3308a9740c409d301cf04169571e0f39cd7ed279223b6bba42096
y1_HG00673.1#219	111272ede355e8764a13c8d996d941f5a71e2efc18f9aae3d8a2afe6609661ef
y1_HG00673.1#220	a58009ff2ce3dbcd54c14f90e3d8aba5f899147447a0760ae684181fd404a13e
y1_HG00673.1#221	6e23d0de7f61cf0c635d66629c5bb049fb3b40223160a26eb33ee730d567a5af
y1_HG00673.1#222	548d5ffa50dc3124a28033d84965ebbaae8741bbeaaebd2939e276d1f31ac992
y1_HG00673.1#223	ad3f568d0165ba836fdc30740d1f0d682da3e3c4ac0618d9fb9ba9373468db01
y1_HG00673.1#224	d5625d2a73dd573a388634c9f7c9b8a94fbe3598dae9f6bd9871b197c46ea3ca
y1_HG00673.1#225	95063407e2af4f951773e0a91827fb9dceb63fd8f39b3d0b14e174bde921299e
y1_HG00673.1#226	69c4ceedd3926619ca7ec17622fb1bb82de181f5c1ca228feded14ad0ce1c97e
y1_HG00673.1#227	11ea49d640667478c449835dbb382833a972c6d4c6db6ac948c1ad3cfca002ee
y1_HG00673.1#228	be43071f8968b2111ba228d3ea389045aaa2627c62d4175c8e8518ab04ab3237
y1_HG00673.1#229	ff5fd917e9f178392bcbdd3534e34a7e4feef72c610b2a9c1659fa58a66b2bfa
y1_HG00673.1#230	83be666c1751f748c591de0e798b3067e0af02b2c07ff5d9d1d9f943e65f6917
y1_HG00673.1#231	ec8a0269f6de8b3f8106d4eaeb96617fbf82dbd2b76f22b5a78770d40107c377
y1_HG00673.1#232	7b172cf1ca3270fa2de6c43b4df2f88c2cecd64888e91c9d429d72f86feae5dc
y1_HG00673.1#233	bc891279326640c7dc19140b88a432b5fd1665d73e175d3f3084a4d8f798b733
y1_HG00673.1#234	1d5812c35683161d271bb5f4248a5716d2478cc4a442e50c41654b806b2c9b41
y1_HG00673.1#235	1b67539d1d30916788d98ed8553a53e35ada14af1aeb789fa79f3ac3a9ca53ef
y1_HG00673.1#236	77a21135b20d35b5e8783df41bd934fd258fdb8af5efdd189d3d9a47b348925e
y1_HG00673.1#237	cce41aa27f95b9aedaf3df0fd454e34b5674e27218e880c380c51043b2e2fbda
y1_HG00673.1#238	a6e60aec5f496385f24a860a39628522c1d07ac54068ffd43dd2ba9c5c991c8f
y1_HG00673.1#239	568b9ee07a067fa9ba3b0a0ab5c0fe4d41802429e8089f8d620046c834f988f3
y1_HG00673.1#240	8c097cea1a58a68d0cf30137ace56b6ca1040f37c61aebf9bb1a26e27dbe854f
y1_HG00673.1#241	f4a328699d9f521e9aafc51fd38c393d8aeb0f2c70aef9891a624d6983757b85
y1_HG00673.1#242	56f4b9b8d426d0ab07bb91167e0ad8e4fda6a3b55b006f59020378c2c21f8822
y1_HG00673.1#243	9b4975897fcf0ac676e229719e01cbab7764ceab80cae623e8fd2c5366b78369
y1_HG00673.1#244	4637964be7a0f8a6cc8e7f39a242839c70f1781dc8bddaec2744fe87a9a7b438
y1_HG00673.1#245	bee30e5b6d59c1bdf10100ef331706553fd3c4e6b0a342a092c6f6f733b8be36
y1_HG00673.1#246	41029420ee4744180f742e66aa38b66eb65d5a9d09eb03039e1e3225444afa5f
y1_HG00673.1#247	03ea986702c72dc2d4e4dbcd6496dbb7d715c274cece659b54b1369527ca4682
y1_HG00673.1#248	df9a413a94e928e637657230609333fbf9ef6bfa3d96254fce6ae6112c1ed306
y1_HG00673.1#249	ac91981eb4a1c30f70fc7220ee8459287eae1cbef435df648ad2a7894f50f86b
y1_HG00673.1#250	98f52f27e175bdf773f595127db9c64af34e0884a0ac58afcf7a06f1f250a6e1
y1_HG00673.1#251	12e86de8e01d06ec38b3ef453a1df41ad68c9ec5f2f7a18da0a235d6ef67ebfb
y1_HG00673.1#252	cab23abfe015f2e59153e5509ab1efb5a53af74378a16208c94f2c424f3062dd
y1_HG00673.1#253	e03d3c0f6296c93a66f60cf74095b55c17c9c9ffe7462e9601a0f6fe6d1d5ae4
y1_HG00673.1#254	7712f044562c7e3728ba1ce60a8cf6bf76524230b4aaa3cf7243a55b562afee8
y1_HG00673.1#255	a13faef7ebb517ec4cbdcddb5dc125c6a691adf8ed0a9cc8c83c7ede955b55de
y1_HG00673.1#256	0b7e168b3f0d383c4d11d8d253953eefd07bf3eb8c39599feb1fa7e011a0aaea
y1_HG00673.1#257	7e8323a4f7b956243ed573bd567bc37d71f3a26bfe996d78aa6e6c9528949316
y1_HG00673.1#258	eeedf0dce744052cd6df36ae93fae4dad7620837b1bf9d744ed4e509be03d836
y1_HG00673.1#259	2555513a51d9a55dc875400ab96dea4605aecec65d5002afd3f817d39653cd0f
y1_HG00673.1#260	7e17b305af39c09fb352062c4f6aa839300ec80f259219c426a1c3491271e5d2
y1_HG00673.1#261	9d0bc95f8d845e0eb0027b4fb85c7019d56a21724454ac73227f11cd291ed1e4
y1_HG00673.1#262	ddc73f786d35cd55fee56bfadb2a6b0c50101d3cea936931206e8b15d70761af
y1_HG00673.1#263	f70d2633bc27b8fea7695dbb0ab3cea5fb160765c95a28a4a5f9317a06995f80
y1_HG00673.1#264	d34ae272064b06abb1ca0f9ff9974eb4a9825a3d013b072ab08b250bbb09aa61
y1_HG00673.1#265	fb32e5176453b7e8b79d5ce67463966b48c0c6b782818c9aa7afcaedfe323f96
y1_HG00673.1#266	2704f8921d45614dedcfb33e66c6eb4a6e0ce839c68388ac2255ef3ffc534968
y1_HG00673.1#267	174b7e3fe8077da38987d8a8960863013a1d8117cf6c3c526ad2517cc91f9777
y1_HG00673.1#268	3ddeab4d5d842a3139031b5afd30e71005ea084acc90631de019728c7be887b6
y1_HG00673.1#269	42b6a96de509063b5597bff16b44a2aee30c6181d30b2b9ded54beb85cc06942
y1_HG00673.1#270	90f3c7dc5d7e8940e3a4f1f0a07ad1d5f8df7777a67c21fb3fd92cabb952a09c
y1_HG00673.1#271	1cf72ef49202f2e5e0536f15f414b739d402a71b529e4ce9c1b461459d83d55f
y1_HG00673.1#272	3d0f2e03b1fb0808e324315210be5c7aea4f1637f682c8b4baea91452b9cfd05
y1_HG00673.1#273	431c70486886dfa4b045b95159079027f767e2e4567f3c2fd0b36e9f6193aec7
y1_HG00673.1#274	96f2f9b54286902bf25e681011f3f04826fa7bb719dd9a430cc731c3376e07b4
y1_HG00673.1#275	084696b5b2f035fe1cafbccda422b6aa15b40d1d73bc98d7782beb4d83a5bc7f
y1_HG00673.1#276	e89d4d4778f388480e6fd26695726b4268084a2b844dbc5ba8c6d25395b51475
y1_HG00673.1#277	9c37372d2a72271156e5e0b3872291360116fe24c07bdb3988686f4bcdbb9bbe
y1_HG00673.1#278	58aebbc36b9e17ca15f0e0a63b02a6fbc334b7d2977c907538148354ea585b6d
y1_HG00673.1#279	47c691fed534c78adcf0479aebfc3c58b49185fac68f9734f1592f74a0351896
y1_HG00673.1#280	b298fb7b33d999dbb4960951d23cf6adfaaf9466f66f49888101cad556c02bd9
y1_HG00673.1#281	0a612e4bbd96115d5d2547590284458cf0e2a3b95d93c63bb98238adb70aaa9f
y1_HG00673.1#282	852e594a6536c65a519fd6e17540413d080bc35c96a8b0f0685808b76a6e4b73
y1_HG00673.1#283	a9ddf34dbf5c57c3df56f1fba824c5d4037b1bb71dc01ebcd6bf731153f35608
y1_HG00673.1#284	94f503c0adf3a7a652d4500fa7b04d1e6e2874050c99c75b4fc813482fd9d0df
y1_HG00673.1#285	3255e062684f2f9419ae175d2cdbe3370856dd4879881dd4ff68fc30c82849b9
y1_HG00673.1#286	8e48877445d3f302b78814bde8741eccf473ff4baa4698d8628772bf1f2436d1
y1_HG00673.1#287	a92ceedaf436cbea3a88f67f5c76a52f341d1574f75317dfabc7bc1ff388a3e9
y1_HG00673.1#288	ba464bd29d8e092a7995e35e8ae54f6b5af1ea1773a1a92f42bb2a9ce9e033d1
y1_HG00673.1#289	0e5b32d8fb2dc3cebf5a9ac32a231e3f6e94d2a3161918926891e294a4eaf03a
y1_HG00673.1#290	0ff4f8adc59801355a92374b8315b99a891a74906ddd1d460285bc75ccdb9b54
y1_HG00673.1#291	699180367e5991c22732b9f2b7b949a8b0653a850ffc6206bace39c30e8f7438
y1_HG00673.1#292	115eeed4f677d4da46068a505c714f5a172ee459aaf0817331087ea314ccee47
y1_HG00673.1#293	dfcfd880e598e4f3f6c322fdecb74bdf6fca5bb743d749774e3ac21e484f03c3
y1_HG00673.1#294	fc0dae08b9df354b60da9ee08c375ed7da31b721e7e302fa0b7afbe4da59403c
y1_HG00673.1#295	676ead12701e3b22396bebbd3bdc119512a567adf8a14e8ebd8c238e6dd07aa3
y1_HG00673.1#296	5377870180bd9e8d797b9165d1462042c610d0935dc6b2299b7cbb5a3f90e067
y1_HG00673.1#297	7dedb8f9011cb1e0f4f3f1e0991bbfb9fc531f8f81b2dba2930c4bbd84f44ad1
y1_HG00673.1#298	e3ea8fca5c6ab5f7bd64e7a780b71c3e1f753ab1250c57d14164fd12ddd75328
y1_HG00673.1#299	e3f8ead260c0ba75b087a087983462915059a4e24783ee9b2124654b3d14f6ab
y1_HG00673.1#300	a7ae45b3cd9904b08b3b103bdf7a75fcdcdbf8831fd9ad546f754d87932a540e
y1_HG00673.1#301	cc1f9c2ee5e962ffdc4752d80da617ebdcb90d7c06a415fa87501ce4fc75943f
y1_HG00673.1#302	c1dc1a73ed1c9f747cfe53acc1328fc40da67315c319e114915e967a2f358efc
y1_HG00673.1#303	21bbb65bc60e26494bf0fc350607c8cd056e087e8087d1379022ad22a6a4b23b
y1_HG00673.1#304	0a3ac07fb1a823b0a9e7ee10d355890d46ecfc44f6ca12e4e208c83230d31c38
y1_HG00673.1#305	8b4e9ecfd3a82af9068d2c7ac9d7c764637adfc2f72516b3251591a17c18ebc4
y1_HG00673.1#306	de5a4f68b978f7650441a9f6b82d9797f9527f43a7d183803fc6bdb187da03df
y1_HG00673.1#307	36d50487725893b6b813e652399b589ec007787afdebd6f32927479817545893
y1_HG00673.1#308	6639d11c5cf77d7ceeb667222dc1e589868c721209954376cf4614085e1b8b00
y1_HG00673.1#309	ba81ae738190605d62e59965ff3e6ebeae95533b257c2fe839a56e145cf2deb5
y1_HG00673.1#310	8f67bd359297f44a7013eddd0a26c6b0bae29c0618f902eff88d5bec94ce4525
y1_HG00673.1#311	8ab2053f5bc3b032b4a5f21406bd72063db13316ed3a7e3355cf63e12c96909e
y1_HG00673.1#312	43192e3353e681896b6859f8a86137abbd2f87c193a6b8dc8891b41bcb3edbce
y1_HG00673.1#313	ddb17ba7f611249a0c9138b48132a1357bb7f7542d218d15a88180dd9a2659bb
y1_HG00673.1#314	80c18b33a256586a48278fb41be211bb0f1fc37fac5ad8f10070d23a3e42bb61
y1_HG00673.1#315	94e778149c43d3d355a0aada6c2bbd01badb6fec4ae8fe3e69f4c0d1b9cf15a7
y1_HG00673.1#316	4b650e5c4785025dee7bd65e3c5c527356717d7a1c0bfef5b4ada8ca1e9cbe17
y1_HG00673.1#317	0fbc26485e232f572b1a21f1c9e05f832c54fbba1ef95a67cbbb0102d1774cbe
y1_HG00673.1#318	4a4d51f5fe0e96fc8e74e9efa37272566e9d0bbcd78cd7ed2d5c41d251840e87
y1_HG00673.1#319	b0056ac102038b6d2bbbba80cd0ca34aa61be6fc71dfa0de05109fa6afae858d
y1_HG00673.1#320	73e96f4cb0315df4e02d2962ae37d5847ef90deb20f36a65fd51b35b258ef967
y1_HG00673.1#321	98750f8b64de0ca2975810ddd10b3a5b047c036fe06143a7a21ab1bcb1f23364
y1_HG00673.1#322	8680dd92c9c0670ee1df15c809c835f010830bc7947dce6705d7c6d551de5f36
y1_HG00673.1#323	bac38ce8f5501f9c9bf36d1e8d43dace8417130fb8e2cd7cbb9b55dfd7ef73f3
y1_HG00673.1#324	da58c31e70b27e7d4eb8af092d5643a729e4ad7c689da22fab3f59f88c7ff34d
y1_HG00673.1#325	29ba38b17f76378604ed9b004b7237003aa3cc2e262cb8183d97fb5a49851734
y1_HG00673.1#326	e90def6353ec17dbfd78b5045f0909733b8ef57b2bffd8d03aac8d38f5660025
y1_HG00673.1#327	ef5c479a127ee5e0fd50ae4c59dc0946a74829ec20e05989de8e56e59d4ba641
y1_HG00673.1#328	5b45c9d22ee1638d98ff63f85ba0259191ff2017d91c808f6e30313fc5c9fd98
y1_HG00673.1#329	db727c9ff0bbfd97d1e3cbb86211a57e11fd8904b597e947e257f4deba32911a
y1_HG00673.1#330	30c28a5cd5c81f8d83eeb848ab7244e9d3c4b8efadd66223d822d1d9978ca577
y1_HG00673.1#331	8c92bea13a6d6001f402ea368bc6543f033bb1ac2fd9e068cb3502c4d2cf1d87
y1_HG00673.1#332	e7d08e084ddb67e89b34899dd8caed73a92d1feff1581b7805c3dad0c27fcb0c
y1_HG00673.1#333	79bcc130a4148763daf90c91ae0d6d6445bb213a4c3000a317e9484f84113e32
y1_HG00673.1#334	d5ef0f0e059ae5fdbee9ef56db7748a14e3418111c0715c9be7fb0314ed3b253
y1_HG00673.1#335	c25aa88dd0757112859d4d207a5ff7191e0c1a378b5c17c17f9544170135ef7e
y1_HG00673.1#336	677867d063209d25d4e9a0a9d2bceaeaba2f760aef5e091abb7202427082e022
y1_HG00673.1#337	c6b992564e501017bde8cd5b3928d8ea87436395563fbc9df6f3f56cdbe4955c
y1_HG00673.1#338	92eabb359667cd912bce41b0796d460641d6552587082461e21b33ae50641845
y1_HG00673.1#339	0bff543423ee1adeec16d71c489fd96f7ee2d98598090842ce2dd29769e33384
y1_HG00673.1#340	4325749bf1d880f0ccebbedbf7b9114b451bc5e8ef4405dc6467ed97225ecfce
y1_HG00673.1#341	1191073f087914778913ba13012c07fafb22d793a3be6442b5ea311c37acae88
y1_HG00673.1#342	f9eb49f33c7f52cede755d2fbc6f33f966dcc684435879bf5a3ef48b7771b882
y1_HG00673.1#343	bc54509908d1cd865ed766b01b5eadbb8045b2217bde9d19476939808d065f73
y1_HG00673.1#344	1fe79477e381a4b222fa95b1d67a877edb4fddd4733ba4d854e889434f497db1
y1_HG00673.1#345	b777ee91a1d3aba1ea43fcbf7fa3efec78ab13698c0726e83837571dbbf1ef58
y1_HG00673.1#346	9ae816716fdd5670857a3a18fdbfb60ad627a67f5b80bf04e88f5f14e75006e0
y1_HG00673.1#347	c8ff32db5b07a43a20314824cddd4ec21540dbdb2e5c2d55a6a0a3023aeda2fa
y1_HG00673.1#348	41e8d354a205ead69bc4a3eaca6f8995653ff84aa6427baf7e10433cf892f84f
y1_HG00673.1#349	da159657fdc662b6d53d2348ee8b0dda9798097762a8d4f5ae53ecf82c303c56
y1_HG00673.1#350	6b1016279cdf645f8cf12dafdc472cfe6f098341da2e7e3746e2beb708b9d525
y1_HG00673.1#351	12b54671a16c918b9ce5e727fb621d4c9b848d76b766bda9d4c1cdc08f632a0a
y1_HG00673.1#352	df30a7ae766c9edbbdcb7bcc9d07e4e18961f5b52444e0ccc65d2bcd04236904
y1_HG00673.1#353	583646d7aef1bcb7d4df1ea9c31e387db80ab0f8447205e95fd52d171aa01bcf
y1_HG00673.1#354	4e6920551553e39500d2b8289c5cddc83107fa3300d168f77b050cf1085f6d8a
y1_HG00673.1#355	979d0678e02c471b0956def147b9aa7b689d2187f0c93a1b67cd96ace67e4cb3
y1_HG00673.1#356	017ff14dfb640bbe4541b69037fd6f877178c85d63db7b4657347ad8fd6594d3
y1_HG00673.1#357	39af011a611281fbb23d65eb035aee152a6e5ae50e2afa2902a302eca6ca4f29
y1_HG00673.1#358	e7d03e6e867716dd8ff858faf89544512074c9c4d183c38f32567af84d8ba648
y1_HG00673.1#359	54a4ceffa108a1a8a1384f1311f7892257c5476e0b6a2fc3285be240abb6db75
y1_HG00673.1#360	9998d06d1d338da70c5732a89c9d8729165bbb7000f193d0439ca38035cbc367
y1_HG00673.1#361	31005bdf90e9068e28accc6c06698bf88171296599aba670296a1cdba16b2c0f
y1_HG00673.1#362	be71764eff35f4d05bf951675f956c52af5011c411ab1afaa0624b7779a09628
y1_HG00673.1#363	6678a3260eed0c1b95a95097e18b7488a557251af3fe88d3036a42154204d332
y1_HG00673.1#364	c4a7d9417cedeefaa071fc4e5e0cd3c375962393f7d859bece9b0264bf68fa3c
y1_HG00673.1#365	0fbc26485e232f572b1a21f1c9e05f832c54fbba1ef95a67cbbb0102d1774cbe
y1_HG00673.1#366	c3e7e502c67efb39a792d6a17bb6cd809fb36ff1975f8822e67ef19afb636a1d
y1_HG00673.1#367	bee30e5b6d59c1bdf10100ef331706553fd3c4e6b0a342a092c6f6f733b8be36
y1_HG00673.1#368	fc10c568b99244408ea459da9b70264b02b62389088b9857492feec3d8a4f01c
y1_HG00673.1#369	3636b301fed25d57b20203e4ca271960cc96b85e37ce6c5b114677f15ee4e623
y1_HG00673.1#370	35bbf37482798c5d8f69720680fdc7e2a90f7f85ae1e5bd1778be1acf3c216f3
y1_HG00673.1#371	472e73d796e20aa8ff9059e6316f218e0322548f661ec4dc267507ed66317404
y1_HG00673.1#372	f170db8b518a470b0df88c5ea02b7d6095bc8b139071a3d71f453998ed723dc3
y1_HG00673.1#373	ad7d163ff91d3236066a812b96343a5161ccd9c5dfddd5d890abaf8ae378d68b
y1_HG00673.1#374	ef68ca0f2e59322c0cfdb15feac9f68862f6ed0f40cbc304f4ccffa1a03e2581
y1_HG00673.1#375	bda454b6103d45325e2e9cf66e2f3504d7535096658ed967464338343a521bdd
y1_HG00673.1#376	ccd43e9735a0f9cc76fe972fce1ffd4cc91b7325c29e8574b5b51ff04b258208
y1_HG00673.1#377	9779469589f956f434b70b578302dcbaa084a5eabb0124ccd61b0ae58c596e70
y1_HG00673.1#378	3cbbe50c68d7ee036365255a5f0bdd4ce07dbd8da8361cb2a46f8234d9c944ab
y1_HG00673.1#379	0bf0ac9d0a7d44d7cc60e5fa66371e9d1fdf76cd36863dc9be80cce55a42168c
y1_HG00673.1#380	034fc48ba584fc2a8b0b40c727e4ce36b79845d7ed910c63abfb2c22e630382c
y1_HG00673.1#381	3080d3914078668e61841a1aec6d5cffd195d28eb9eabaaac5f29a8c950d1aa6
y1_HG00673.1#382	15cbe5f066da796145940479d571424695e3077a1de270cb04972942d5b16260
y1_HG00673.1#383	d50d060a2921574f55ec489bf172d99ca50835e18e0e0bea93363cd42ddc1764
y1_HG00673.1#384	5a7c23eb3cf1b82cb79355b08e72bbb54cb9b126582d9541a16981db661946bf
y1_HG00673.1#385	f93ba963ddf7630cad62592e4bca0e7ec44a5c3afde5f8a109a933ad5a2cd92f
y1_HG00673.1#386	c201d2f655aa9093869607664bef9ace9cb8c863ed344ccd62e39fa8d3f1ace9
y1_HG00673.1#387	36acba9cdde37419d160bf76ae65b19f8305ed89eee45390c7c80dbf83bce95c
y1_HG00673.1#388	30ffb1100cc6e765da7428c1f1a8a82d16c80d2a735753736e4820e478fa954b
y1_HG00673.1#389	64c98773bd0e629eead04874e59b2eaba113b1cd5829544ebc668861e1d7f9e4
y1_HG00673.1#390	6273a002bf1413e21563a99baf470468223fca63b52b00584ef173c311e246ca
y1_HG00673.1#391	786064fd5fd9f7fb132b903dd8d60a786a29c8d3e1263f681f462d7ff5f86bfe
y1_HG00673.1#392	5bc7f35d14fe69e541e5ecb47d9a6afead828dd537cacabeffb626ceea9e9d67
y1_HG00673.1#393	627c717e0b80da8bcba4c93cfdfdbc1b124e9b1dcd9e1387848ff20ecce0139f
y1_HG00673.1#394	2faf74ff6ca5d776a1b6c7809dd1e943de6f5d0e25a4b37eca2c3db5a8e5c7b2
y1_HG00673.1#395	b4cf4851b31ef5ba8bb330e032f9adf700c5563033543bc81c220f3e65ea5370
y1_HG00673.1#396	1d567b8fbb2977475c5b03a04e8280a8e341ec91910f7c3dd8ae81ede37af6c9
y1_HG00673.1#397	3b9a2b7d4964f220b278c9b7fd8b60256db21062069413691f1ee82225a70c7b
y1_HG00673.1#398	4d2b00308869ddb9870ec5ce2fd03b2faf91bc0c8b59a1cc0cc5f134a7cd4a1d
y1_HG00673.1#399	ea61978cdb263ea74acdcc27fcf1eda8ca188b6ce0bc9dcacc4e82d79db8b39e
y1_HG00673.1#400	e331a9ff915de5acf61d4d34724ef753863f32adb718313db1453a5dd99ccf33
y1_HG00673.1#401	68ab98bbeab66107fa2085a84a40eeb471556ddef9a5c4c9029d3a04f1e0860d
y1_HG00673.1#402	01f12314339b2585c15e02d6b4a920a6b21b0287cb4f054c9ecf20e984bf76b7
y1_HG00673.1#403	78f23903e300a7c9ab3a6e320c96543dd32a8d9ac95e584bd6beacd7827ed1ed
y1_HG00673.1#404	1e3daa94ecc056bc43f7184371299b81089269b4fbc8f40576d2a0d3b0409c33
y1_HG00673.1#405	59eba563d44a27dcc92e3755aff9f8933754ccb7d6f266820a7ee4f317e74282
y1_HG00673.1#406	673c9fecb5c7ae5d080175940b4917837bdfa2606f52b6ee47a64175a3950ec9
y1_HG00673.1#407	13869f20e49660780b57ec8ca4ff145197c9a0aa175ac98f4b44363beb0fba98
y1_HG00673.1#408	0865ae1fb9e06a35dd8b6c502b6fe9a4b8c50c2ddf3176768d07b3a892ab4abf
y1_HG00673.1#409	9130a7daaf970f2be69eb05a230faf6ed1b76abfdc28a92fc80157aa2a44878f
y1_HG00673.1#410	26ed78b2b7f65bd5a1c54dcd4761d28256099788173a6c1a249df897cc82325a
y1_HG00673.1#411	5c57a74529fbc44417a7a64a8de8c14bf0a6857c606645022607f1e461a7066e
y1_HG00673.1#412	57a17f6943c159011dcf8f2e140abbb85aa6397b5931a3393179d0619dfa1e9a
y1_HG00673.1#413	5566f4fa3395889f379731ab8d1324d7f4ec402acb7aa392fda6b2ecef1a794c
y1_HG00673.1#414	9dbe756453eaff7d8048a1ff204aa3ef29390dd4dbc3ca8680959dcb4acb7bdc
y1_HG00673.1#415	3f11ea828085598e6d22aaec31a38bc6043164638fb8452611945b7b9f3d8e72
y1_HG00673.1#416	53fb5620916284fc72b9c12e0de5c00bd4f5adb30e6f6be53a7fbe919c25fd4f
y1_HG00673.1#417	cbb524e08c35cb1749226a9f9a05add2429a9f4215ea3ef63e88cd2f731d2bf2
y1_HG00673.1#418	a91352d5a97212ce917e78a644cff6cc5697b24d0a1b4c46f910a3d0465c73a2
y1_HG00673.1#419	36daeefcc46813161f15259ba203f3d25c36f65e198327e27958150332905ca5
y1_HG00673.1#420	4672acc42f39be195ddae4ce5a7527b6b609f6e18da1172d7774cd7b4cb8d3cd
y1_HG00673.1#421	02a25d783db121b2ad2e44c45a9b35a6225be80e14abd8334f915d8d39c84644
y1_HG00673.1#422	65cf81c8f9165767e00f6d5a61e36c73e5c2416cfb70be27836983521d0ccf6c
y1_HG00673.1#423	0bf0ac9d0a7d44d7cc60e5fa66371e9d1fdf76cd36863dc9be80cce55a42168c
y1_HG00673.1#424	830813f28b011878a17c009df5c2d5336f6a20347f9ec5c9749c71f95097f50d
y1_HG00673.1#425	0fbc26485e232f572b1a21f1c9e05f832c54fbba1ef95a67cbbb0102d1774cbe
y1_HG00673.1#426	2d5cbfa8d5e533bb7b3d4e34bebdfdc393143f37194bf8690187f3f5b20fa246
y1_HG00673.1#427	e75e1c82897d86b572dc58bcd04e478153159a232b3b0c65de52de48f06d267c
y1_HG00673.1#428	c8142dae5aec33ada280d468212263228cdcc30548c4fd0c380e4d23521ef352
y1_HG00673.1#429	4029e50599a1b40dd88288e74d488f8606112b7398428e97f4e5f4ac71e505d2
y1_HG00673.1#430	0b69ab610023d1e311ee16dd4eb32d8b6ddaed6b5794fa0b4ce8ea7c8d0103ab
y1_HG00673.1#431	6740f8bfe1445cf7fdd48d15b88250c91b2f4eae9b2fc4c23992371019422b90
y1_HG00673.1#432	fd6ba383571043a23f0ab3af5fdbb8a084374d15f19acf8cf64199e833a25eaf
y1_HG00673.1#433	eeb363253756d33b8b45f953002d0bf3d73d15f25365ecc63ce8d0656a95070a
y1_HG00673.1#434	9779469589f956f434b70b578302dcbaa084a5eabb0124ccd61b0ae58c596e70
y1_HG00673.1#435	567f646314fb290cec7b9c3264ad6147b97b4bc35d382ff5d46a31bb1cfdaaf3
y1_HG00673.1#436	cfafb4e1fe38c9e7bee0504d34dffa44613659c2d2cddd1eaac990c2af0ac105
y1_HG00673.1#437	333e457aaf0a23c6b1f6b8f886b0b425a70c6dd6c1f28f9268aaa1b3c471faf6
y1_HG00673.1#438	8eb9f47cc127d8f9cd786473d623563aa5a0fed48ea87c8a6d8fdf871308f667
y1_HG00673.1#439	c20f9229264511d77b653554837767398623431dccc49b57554ef5ae655364ba
y1_HG00673.1#440	95b9f976d991759ae904c522b45613d3fa3c90e0f19e10c59c007e1ba05cb7f3
y1_HG00673.1#441	8e491b455ac072ddbeb55074a0e24b2c96193307ce1c17d7b09f70dfddca4202
y1_HG00673.1#442	50be2b8f4d0084cdf6a4f1651a235f5f59b859c47154f5b6982121f37aa803e3
y1_HG00673.1#443	b1095d557bcf1f82a8a8311d42c6daf407428837f92470402a88513ed6499212
y1_HG00673.1#444	e7ff4987bf51098f7b9285e16910ea698b4141c9bbced34ea269cc3f88bfa3b4
y1_HG00673.1#445	f6191f30212647ca9efb9bf13ca741ca8b373e89511a75cb6b5b2086d858ac1c
y1_HG00673.1#446	2077c956a3218e1a4661405ce8160755952619aabffcc9866e092a15435bbe5d
y1_HG00673.1#447	160ffd446cb7f999f615047413ac3100b77b68097c85a71c0dd1cd475016542b
y1_HG00673.1#448	f761e26569a82b538eb5ada8fbd8c1b803443d48499f84d96dc38af072ca7bbc
y1_HG00673.1#449	281b6d62f2c33cf893c92ebf7f959f99cd63aeec69af6eb6e02da8cdef74a150
y1_HG00673.1#450	1077a7f7388c9269eeda39b9a2653dd653a9de826455bc135d3c7712e7105454
y1_HG00673.1#451	8a2ad2f404ae62e3f60e02307a589b5d327310c2fc9498c99acba91b7ec47475
y1_HG00673.1#452	b41324a07c410375348d85bacb32c83e04432029b50f40d5c41d70dae4508d9c
y1_HG00673.1#453	2d3809403cbc2b413acf91e38c1aa066c63a9a037c0d6a4618213aa8adc68922
y1_HG00673.1#454	7d46d784ac957eb57101367cd1aec3cb81d5a17abce3c6f34af3d473d69d267e
y1_HG00673.1#455	90f0c8f285a28156b7cdaf8988e547d5c2a623501c4564231d578936a5ecedc5
y1_HG00673.1#456	4f57f3d66723f2db9a9d6f9756a8447361f3b12f85dd0f5a08cceff6947d6f11
y1_HG00673.1#457	a2ffdc944e1a8dfbe95679aac51fe2eec4e912ec7c950fc8e40033604ceb1ec8
y1_HG00673.1#458	008c5e8abeea00d7cf33d9fa068eb1712143e69a2d0979552ac90ab77d6fd323
y1_HG00673.1#459	86d81ea2b1d8c9ac4c08ad00983595879a45dbb39fcbdff70427f7fe99cd9dfa
y1_HG00673.1#460	a30146a258bda7b1b6415f0e63a59a082c8dbf26d9b47975d1791024d3d85f0e
y1_HG00673.1#461	07c934a32f9c86d44c05b36ba2f2946c00be4eff92e04a1a9a904c27ed340e11
y1_HG00673.1#462	54de8911963abdb49d91901abc3a75331fd77760fcaaccbc38fae01f347ff5a8
y1_HG00673.1#463	204c0311e53527814a1b0061a3543f37a834cfdef285a0577077b1d3bfab7e59
y1_HG00673.1#464	3c0d8bfa2f1432b63d0b442de018ee44bdec5e24847166c52734050691b975cb
y1_HG00673.1#465	1f7385a9c223b84c7944480b3876de431cd3ff9190599246fd352e5a1578fefa
y1_HG00673.1#466	a6ca3e18b6bd14cae783acb28322781b3e35a1023093b0722b24ba70c672a3a9
y1_HG00673.1#467	77e230c93e8c17f4dee73885e77c7ea64db49d411bb5882f683f0f01f1475f53
y1_HG00673.1#468	7149e5defa7d62e622a72eb4ce020e341884a4b8dd04be36f78e057e8a88f4f2
y1_HG00673.1#469	3c09bfe02bdffb00d23f997d09c76189bfb87495edb6eac5a68832d0575b9c54
y1_HG00673.1#470	bb37b2022849ffa626c9700f6090f4fe83b8e310ca164aa011e31815dd3db9d0
y1_HG00673.1#471	58bb119c35513a451d24dc20ef0e9031ec85b35bfc919d263e7e5d9868909cb5
y1_HG00673.1#472	82c3a3e732cf9ae07d504b62537dd1ef06d78e60b6c09a15d1b7c92236ad9b9a
y1_HG00673.1#473	be0173ffce62a8dee21a5495054102eed87bffbd6993d135590e9657a0832c42
y1_HG00673.1#474	550cb9dc4584aa465f712308ba9662b7848e3905885605bd57ec51be5be60061
y1_HG00673.1#475	4ddd0ea0eac0eebb166c52bf0a4a2946474b61edb5038f382fd776aada43e6ff
y1_HG00673.1#476	638be989887d48738069b3142496c500ce6ff7c5a85892b04b48cf2bccab6925
y1_HG00673.1#477	15cbe5f066da796145940479d571424695e3077a1de270cb04972942d5b16260
y1_HG00673.1#478	193c276dc366c92e4c2b16d66dbca8c13fdcd07a83335944d95e4c2676ef5d07
y1_HG00673.1#479	fa69a64a57e18402cba3dd6e1990fbb3530c3e341c62aac59272807b1057d1ba
y1_HG00673.1#480	1d1205e67320ac02762103fe05893b25f23a0d93ee707affe1049773f545cdaf
y1_HG00673.1#481	d398e62d6ce0a89bf8fccd30169a649bc9d87633140c8c7d645ed1452aef0224
y1_HG00673.1#482	ea99e40a0b0ddea0bbfea497e3eda6a0ae70a52d15f79ee75a1d2213c0271a59
y1_HG00673.1#483	be36db1a33776fabab3c3853ab317b07d3a72a6e50c911b2032723232fd852d6
y1_HG00673.1#484	87dd5ecc5e11b2c43a87b48aa209613d71426396976f864528cf8eb9297f29a8
y1_HG00673.1#485	e42ff59be9be3e4c06cf6a11a5dfdb7f71a97565b0012ca7ed6e13ac652df330
y1_HG00673.1#486	e83eee93a7a03d4bb88c6c143331c3ac61274cd66cbde730c483c9938fbd2094
y1_HG00673.1#487	4a1237a3824cb1764e26bbfde3d75d8945917637c051a0d88633bde48169c471
y1_HG00673.1#488	0823505ffb8ca4a237239e42e86ddd29c9ecf7a2c9034f14716584eb0ef69165
y1_HG00673.1#489	034fc48ba584fc2a8b0b40c727e4ce36b79845d7ed910c63abfb2c22e630382c
y1_HG00673.1#490	b7f99ad172de4ef87e2812ee2affd58d830cec39e43bd2081d7c050d6028ea68
y1_HG00673.1#491	9b19535b9910fb2d1e64c2a1e6310a6b076598f9d4178720bcd1b6c572f173f7
y1_HG00673.1#492	78152d1be6d9bc443f00636ec10d807d82a24d8d2f39e724c765eacc89107787
y1_HG00673.1#493	6d7fb54a2e7b7314c0d8f2019809b1f409f7c37f4267a9cccf7f778c15d1d873
y1_HG00673.1#494	0e7d87131db84f0e528bca71e514229b9d91898b67375bdeec0a9b56c4d61bbf
y1_HG00673.1#495	d5ef0f0e059ae5fdbee9ef56db7748a14e3418111c0715c9be7fb0314ed3b253
y1_HG00673.1#496	3c766862ec52782364dc249e64dade1a7bd4e42af1342e02cf32d496fb5b514a
y1_HG00673.1#497	51ab245f610266fc6f8901f8ef55808b69d77a79dc1b629cca82d30c01151510
y1_HG00673.1#498	7553d7cd7a186c5bcb953c85a4a019faa5ad7e58a2aff95675568d8302dde241
y1_HG00673.1#499	404ef1e2b23855bbb8c00c56e854e05ace03469fe6433c06a567b0f6957d0f18
y1_HG00673.1#500	6de8ef48f14732ffcb8ad2747571f469ec3cf01762fa926b11b3fe575acfaac9
y1_HG00673.1#501	472e73d796e20aa8ff9059e6316f218e0322548f661ec4dc267507ed66317404
y1_HG00673.1#502	88ab6b483b1a7597278cb5c73916489faff265c973d4c52b9844c1a199ee567d
y1_HG00673.1#503	63c523b3c115e89ccbd18ad465df4ddbfadbec57a9f871333a69d573e58a19ec
y1_HG00673.1#504	631e8f19978cb755b6ceec2ccb6f4d3e22494cf59f2598eeebe84319d653b8b0
y1_HG00673.1#505	46a34493df32ff6f84effabc2b764ff7a98cf1425ca8ae9a692c442bb2438be3
y1_HG00673.1#506	a99fb5e9076289d15a7a574cc46ea1b2c8379bd2221ddb0e9087c7d305dc286e
y1_HG00673.1#507	8038d704fc57143aec16c754659c85cc2821455fc06789596bfebcd228a8bc35
y1_HG00673.1#508	57123c992f4da59bb08103a0a105a54004f59690b6c45032d53aadadf45124e8
y1_HG00673.1#509	ec107109bc30ef79e1ad1c30a84c58abb3c66737481cdee515e9238849c66a8c
y1_HG00673.1#510	9779469589f956f434b70b578302dcbaa084a5eabb0124ccd61b0ae58c596e70
y1_HG00673.1#511	eb5442705969dc8da5dfac8f9658dc68acdab5bb7635ba7cc551e389416ac34e
y1_HG00673.1#512	ba57f0410746f7e1177a74215e883d922a551ead54d0b4b4db7856195f7d2e82
y1_HG00673.1#513	385ec3d0923a871d44b4483c4ec845151525a5e3e76f2ecadf0999205b2208ce
y1_HG00673.1#514	7eb530cc9489fcece49ca4fe0aa23f82b49ab4180b2c2472ce4bf15c4bef0750
y1_HG00673.1#515	3785d85e491e1f102366d2990c2e7dbb74c4822b651ef40e5e3908c456ff46eb
y1_HG00673.1#516	13ef89c8676c4bc7b308d5b1f1bf5d8acf79609e32d4fae6ab17f9e0bc511dcf
y1_HG00673.1#517	57e07fe63ea2258ebde0e0bd7bae969f65e88c5d63beb6908e1ad837796a2526
y1_HG00673.1#518	6bcd2d5e526c57c21713c7a879bf629c266fdd1f49a59915dd1b36458c564fd9
y1_HG00673.1#519	71f866421f05c65403e2f4271c1f352245f72cbbb995435d6ad1d7d93a81fac1
y1_HG00673.1#520	ad60ffc5d42cc45de1b5ef8a06f9b34afbb632d772a89655deb79a1c112a8690
y1_HG00673.1#521	58bb119c35513a451d24dc20ef0e9031ec85b35bfc919d263e7e5d9868909cb5
y1_HG00673.1#522	c6a4dfc6de0db9761b79213a7d178ab6a8fea4ffb730f0361efd8292d3c71c3d
y1_HG00673.1#523	2dde6d03ddaa287e3ac95b4befe8f38e8766a35092fc01e47e28d86c7a29e412
y1_HG00673.1#524	dddcb69184e989b1962cbc994529046c0f60560abd1151ed10ad2c659873ffae
y1_HG00673.1#525	9e7ac3ba246692920c1e4c11c7260c54f04e265e73e8c3e3621bff49389518b8
y1_HG00673.1#526	5d26c9ad9bd897e2c0be9e5d0df290130a0661070d03a518b534fcd2f494ab08
y1_HG00673.1#527	57eed759b9c0f458926f54356aec9651a3e2e021a9b147e0d1941080e74ec1d2
y1_HG00673.1#528	a6879e782f8a841883637630f78dd918349665cb57fb946be3822f7ccfa8d890
y1_HG00673.1#529	c63c1b8de5efe4e2e33ffa9a7f813098ed5137947b939a4fba214ca205a2f73e
y1_HG00673.1#530	be36bf8f4e33b380fc0805426102865562e8d1d37df1e37850903467aecfd1fe
y1_HG00673.1#531	2b07b729b015b4127e3f40baf46bc73a85a5334a348a53d4476bdc2dc256b437
y1_HG00673.1#532	33e212ad49f85536340f2eedda6bb19dbf269c9fe244e7b27176151dbcc44bb0
y1_HG00673.1#533	866fa44a46d0b585f0d515083409117e0fe6231cb5d6e040658c0440d43323dc
y1_HG00673.1#534	56a2f30232b8b0a990aa4735f74ec1471662c2b14dc2132e059f14e0186c9697
y1_HG00673.1#535	76e1b0306ec6a40c0b31db452c68a578496770974451176225790b86560323e0
y1_HG00673.1#536	a5cc0c5268b879a55f799568e2d7293ed9676a9d1bbca7ca951e3ea29d9dbd7b
y1_HG00673.1#537	7d8a1ecd6248d12f9b6515e799a605654bd3bd6a2023b77fcbe7af8f364a120d
y1_HG00673.1#538	63660a08a3bbf34a1951787af670de5fa2910ec2f80d7c6ecf2dc8fcc8f4519e
y1_HG00673.1#539	f81601dad2b51936d5cb669ed1af92a57f296a9b0010dff7f5655fa62bf4f593
y1_HG00673.1#540	5c1c8f07c00fbcb94a892e97bc813a670303242fda67f76ba90dbbbe2824d0cd
y1_HG00673.1#541	8f40de832f77297b95c04ad20b13f25ea190c9c0a913563b4d696b3719ddf8d3
y1_HG00673.1#542	6b3d55aa1633367c047f75acf7ff7d666f97125bf47c138eeb56e0e4e62223b5
y1_HG00673.1#543	81ffea9da329162dcdc6a2840751a4c6075a4787604bb2e8c1bde087a77bb6f9
y1_HG00673.1#544	fea94a61555b216645faa542425f305fa8398d11c4aae12aaa4c5b7e7577b540
y1_HG00673.1#545	211d3aa30336f6d08ed7d58799fe30ebc69be2e962b41f935e883517a3710049
y1_HG00673.1#546	313336bbdd425704bdb9e52211e32a25a9fb3db9d9914077813a65c2d279ff6c
y1_HG00673.1#547	a610cb6f88580cbb94a917f3e6089171a59f1b577888f80d9bb39db34ce42cdb
y1_HG00673.1#548	9205c3e4b6423707262950cd934fcc7f3d09fcbe8555acc8ce5d11e691dc8370
y1_HG00673.1#549	02b60b3019002b38a714e1ab5a55d8633c6fd66b41feb81aae0f36d4b587c76b
y1_HG00673.1#550	d50c1100fed9ae13a54f970a0427782546cbba0441ade9a85953131b4f51c766
y1_HG00673.1#551	3a55826ad3c3c3e65cbde61a2dd55d384805c811e5ba6b760bcc3fcdbb0dffa1
y1_HG00673.1#552	82f99ef5c8f60cc0d9bbd4a2bae38a8a424959006537318a02a234d89ecf811a
y1_HG00673.1#553	dff56bbefc03bc1dc05eb8878d2e1706b8b4fb54bd653baad39b74e50efd4be1
y1_HG00673.1#554	c003c05859757e7052d3f865f82a1f6fe38356a0043e24452a136a4165d7b6a2
y1_HG00673.1#555	efc303eab806f5534aec131e7df13d0192ffd8f028d0cb8b1f97b28222ba9264
y1_HG00673.1#556	45e702c7d526ff1f02ffed0c4d7c6fbdf3f744f6dd685ff5095cbd60f27d3684
y1_HG00673.1#557	902840e16f82b970123f5bab07b9feebd729a0a9df4b58a3a46d227365e9aefa
y1_HG00673.1#558	b5c579ef834156638a5d10c0ca66edf2adb7931c26e213911607695530409aa1
y1_HG00673.1#559	91835436e3d41b790477af0683ce5b73323cbf9af9146259cd2c62459fd94a2e
y1_HG00673.1#560	e2f03a0ce7b735e6a47b267731b51d55339472889bf6c116a643b986e3e7f1b2
y1_HG00673.1#561	458c1570db2e51effb8f229d47def1b169bb6eba63f9baf7707506dae04e609a
y1_HG00673.1#562	0c1a448fe7f8fa885b0547c96f98b2c483f38517d20dbb71546fd270b13f1394
y1_HG00673.1#563	aee15897a188a03400f4d0d52bfcfccf2b2a71505b3dad90c78ad6a8db52ba37
y1_HG00673.1#564	60f18cd0b17b1e1be9ca53962e6d7213af3b671ec5865878b8e178265aa17a9f
y1_HG00673.1#565	d5f40ec4472be54668ba77a8df5ee40432613e8145aa46e2b1630e2f1d8f22d5
y1_HG00673.1#566	26335dd6f024409e77bd2ae7316e2f57dcd3fdbc36b5e39a4548ad79a18b1cc1
y1_HG00673.1#567	818e986336df17551ac6b9234d45f8a01ac87697be5cc42c30962533638a79b7
y1_HG00673.1#568	0e3752e72d33b9151bab42a720d20031b9d7cffcbac5e18ba08e2d989a2c9089
y1_HG00673.1#569	1cdf973b00c53c6cff15d5da4298aefd89337be82d50ffd996ece63cea3262f8
y1_HG00673.1#570	8fe91ac03523691e0b020b393647f956cac837714bdccdd797f54c28338c4b17
y1_HG00673.1#571	55e0eb18cf275e97d3d1a666138856d0e45dd8e65aea9ac4ffcfb8de7e7fb079
y1_HG00673.1#572	c1148233997da4a0540b07446fc2f782d21ba7b61f9d0552af9f0bd07a712e32
y1_HG00673.1#573	44b878ac2b0b26cde8757772a405f18d84c7b7a5a743808be78633a98a5cf9dc
y1_HG00673.1#574	19c7d4030ca9649bc71b8a51fdaf50356ccb2350cc713ed32db2018b3ed2238b
y1_HG00673.1#575	b8270cc5b433d7f3b0e0e529acb8da31d5d7bf5980b60a69dd0656f36a8a356b
y1_HG00673.1#576	dbae48a202f62e616bdb578d5b83c3ab13a36fc8491f7bbcdb1df8e838abaf92
y1_HG00673.1#577	0e6aaa969ec58e0028bc351f86f23922ae997e2a208779921acb2824c99f9ced
y1_HG00673.1#578	7cc035b3956f7829718010f54a1be046bd82a60a3ef737c13fbf2ca3c0cac349
y1_HG00673.1#579	07cf231034da664624ae9cdbb8de99e6166538060a385e57e4e6c2c43bdce71a
y1_HG00673.1#580	93cdf20a666c56671da9bb4ad263bc0807c7915eabf801518c676acc6e56559d
y1_HG00673.1#581	e5e5ebb6904c23a492505708f55ed0e0305ad945690a06439dca0e8c6ce760c1
y1_HG00673.1#582	9ae816716fdd5670857a3a18fdbfb60ad627a67f5b80bf04e88f5f14e75006e0
y1_HG00673.1#583	9f394e313e40bd2dae5ef531a2c046b3c91be4abc9e3f41a31900e4dae4a4068
y1_HG00673.1#584	0147b0cc42a64d86c26104a806a4af8b967238b0c3cf151fd2af352f935d307c
y1_HG00673.1#585	3a7cf540e8d787330daff7378a4e7fa18ca281d1a49618da39aaf6396f801b6d
y1_HG00673.1#586	bee30e5b6d59c1bdf10100ef331706553fd3c4e6b0a342a092c6f6f733b8be36
y1_HG00673.1#587	a9b22d883920c4c7b2341af5edddf0da78bad2479dd2928095e02a8d54c88313
y1_HG00673.1#588	93bfede21cd39061e7553b7c7c6438229b21cf4a367f6f9b7c38f874e7002bee
y1_HG00673.1#589	4371175149e5f5e8390a7bafc768287cd3bd0936e6191655fce3a72f095fa5b5
y1_HG00673.1#590	a82bdacc17e3db5abf67f5cfecf279ecb333163a3052e4a1082650f6febe23aa
y1_HG00673.1#591	4af9c327ea727f96676988e32cf75db367e59c391bba47b1b3dd3786514d602e
y1_HG00673.1#592	4b650e5c4785025dee7bd65e3c5c527356717d7a1c0bfef5b4ada8ca1e9cbe17
y1_HG00673.1#593	eac27001d594f92e4b59e1b60e576a6bdeccce674eb7adb97413f31d0225de06
y1_HG00673.1#594	8384a163c453860e6cdc122663aa9011c83b540d687db121bf0a8ffd417804f8
y1_HG00673.1#595	74d6246db58cb5911f138b815e978add8ba8a24b5f2e2fd88d6a5099e7f1bf78
y1_HG00673.1#596	472e73d796e20aa8ff9059e6316f218e0322548f661ec4dc267507ed66317404
y1_HG00673.1#597	9779469589f956f434b70b578302dcbaa084a5eabb0124ccd61b0ae58c596e70
y1_HG00673.1#598	6346850850cc1a41d746bb9feff21c47f2f29993df13b8c9dd045d890685c1a2
y1_HG00673.1#599	b011a11d51a0cf0acc4c46e179daab19eb97f697ca59465ae2599bdac8161a51
y1_HG00673.1#600	0f0126a3da5607cfd04e68601c75dbe7a70b9954ffec8609431523d871c5342a
y1_HG00673.1#601	1c70fe98e8ce8a084c1ae118d79f494c489f17d6f9e86b4b1d41211ceaf94cde
y1_HG00673.1#602	ace93cb4010c0f6b700eefb9cbabfab588c1deee209ba37a8ce26e21dc256194
y1_HG00673.1#603	78bec0fbf1c332d523bb179f3b496e24e1b86fb7a46e7143045139d6eccc6826
y1_HG00673.1#604	b4295758e95254b6953500fec73dd7659df91857a20dbc952db033293317ad8b
y1_HG00673.1#605	a671c9f6e78fccc2657d50c12dd96e99a1888da9040b75cd64d551da348b91fa
y1_HG00673.1#606	2ac89ffe55ad51e66ba3076b0fc14c11dd806d2df64a0fc5f431aa4bf67b058f
y1_HG00673.1#607	f4d755777e070528c872df51c754cd090dd906749ddf15ddc362d953a8356ede
y1_HG00673.1#608	3ccef5afea003190a93c1a34721a67635ececdf8ef5d0f51e650f4f1ff8dab16
y1_HG00673.1#609	898494fba1167839d7f2da7d9640620140a55b1fb57edd7a7b136eb8e1778a86
y1_HG00673.1#610	84f827f25cd849161865357abe3addd0e3bf2d0c42a29b664a1d3349b8cc386c
y1_HG00673.1#611	7e7e03170b0d430c3f413c66d76f689ff385ed5405537c6fee103ae5211300ca
y1_HG00673.1#612	c2d602a0643c7d6569fb4bd947ac56fa34eac653563d1137ca6d61e3e12afb2c
y1_HG00673.1#613	e7ea93c597e150501c13ca3bc70c7e8fd864babb7a6f9fd4aecc8221c2a0ad4f
y1_HG00673.1#614	6fc3553b3a3d6c53e70f2f05a13836a73a3dbe63ad50913d515d1a0c156e19c8
y1_HG00673.1#615	a99de647272a356333994bd3fb7be59c04f7bbec951ce373fa1d956dd6058497
y1_HG00673.1#616	d2b0fb0585866069e87248d2f44fd1ab5962b3810b5ec67060d3972731281e43
y1_HG00673.1#617	58bb119c35513a451d24dc20ef0e9031ec85b35bfc919d263e7e5d9868909cb5
y1_HG00673.1#618	e7688b57fd3d242088ef0c276cad44efae041a9d456eb85473caf1c3998f54b7
y1_HG00673.1#619	4b42f0848fe38696ec6d9d4e9d84f399900841cfd4ff67925b4e9ae10956e71d
y1_HG00673.1#620	549aa51c5305fad5104379a3e1fb84b7e513a60d817dcbcd3b43f781381de0e4
y1_HG00673.1#621	7915a6586391aa2c275689b860fe1dac7dfe2b147f06a9297c42b7ad75ae8a16
y1_HG00673.1#622	d06fb5b85a768b6434a58942f543c981715accccfd32aa93d0d5d8e0c898679a
y1_HG00673.1#623	021d9cb4340f2f5c48c934e1d7a5d687824bce04ad6d08fcd8f7dbeab131f78a
y1_HG00673.1#624	4ef5cafd1065c87b872a6a2d0c3ef2a4f7a430ce70c0f8e5414cc19bd3e854da
y1_HG00673.1#625	68928af39daf81b39d6d65f821fec34f4298661e99f78893a6b289f32aa427d9
y1_HG00673.1#626	b1c6cc65eab9c82f46763300611c98b09cd77fcdc5fc8c05efe8f94602805e9c
y1_HG00673.1#627	88c68277b5c4060807df929c5db180a74d0349874cbba714609e27553561f598
y1_HG00673.1#628	1a8b9b375742ffa288bb517bd0f70d818c38515d5da9a1578df87ec698e31cb2
y1_HG00673.1#629	b9ae5d34bf66e3800e1725d2b926f5385582090923e9b855489eae899f3769c5
y1_HG00673.1#630	731a85bdde3623aa06762829fb0a22eba61272ffd852eb8c78756f75889f92d8
y1_HG00673.1#631	a7eae6d4725f9f63e654e0fb62f16015ad089fb4f8c1b5ebf716e41a72e66092
y1_HG00673.1#632	14cf3aa706dc1c1eb68033713c6594978979f0b2c71bb46b91c1f87839e970eb
y1_HG00673.1#633	799ab07e5fa021712cdc1902c47d9801574b8a24b7c0699f079830706e51d423
y1_HG00673.1#634	e75d69f513a75ef35dc677705843cfa2fd61958cad4f7db2b2815488337c34fa
y1_HG00673.1#635	d8f805061a85b7b5324aaaa8560853af21a91c0803939a899228cfd4f39ea319
y1_HG00673.1#636	7ba1e1756cf91ddddf383039bbf28a84bd23e4013a6504008a35d885840361f0
y1_HG00673.1#637	b6b942cb1ee8f9f1aee53a7729a28e028425b5efdd7360d01240d7de653d09ff
y1_HG00673.1#638	7335ef020695617cf8b7bec2577f6f85bc4102fffbf4d84d3d0606e25d847e6c
y1_HG00673.1#639	b456e7d35cf881db68064b8bfcf37f5fa6b3d4a1d3f2f56d617eea71f3f4bc57
y1_HG00673.1#640	c1157116442a5851879ebdbeb9b27fa86fc151a11cbd4f1b2ce27bb856b05b79
y1_HG00673.1#641	1d8ba5f6c708e4054b30890e858262e6f5b37c7d8f637173ca3493864561e253
y1_HG00673.1#642	3a0c413db6f5041ef6c0a99417f253852b775f6baf91a9a6e47711cb9be5e224
y1_HG00673.1#643	f0d68bf4c8b2fde42b1d1320ee7dbe0bb906231d18f2d1f95cb6d054b225e380
y1_HG00673.1#644	0bf0ac9d0a7d44d7cc60e5fa66371e9d1fdf76cd36863dc9be80cce55a42168c
y1_HG00673.1#645	0bf0ac9d0a7d44d7cc60e5fa66371e9d1fdf76cd36863dc9be80cce55a42168c
y1_HG00673.1#646	6f07d4dbc15474de92ec614f1166d84e462291c8240efa4fe793c083fd381129
y1_HG00673.1#647	ce380632ee75f68201931610cb0c2a8a7b30b8d77d55b58bd5d1a41f24f4dac4
y1_HG00673.1#648	aa2e041a13c6f8be5e80c8f0629c51582b312e98f08fea84c05108c66c06430f
y1_HG00673.1#649	e74ebf3e669e2f56e30bdb1efade930bb9dc97fa960631e35fd0565e6e087508
y1_HG00673.1#650	5e842894e32319f3c36187acce9b776ff726277137961ea5c885b16c06660c62
y1_HG00673.1#651	95dbe375743846012cabb08c15c7f45623447ab9ebafd3ef371e8e64dca42d5e
y1_HG00673.1#652	47af66971fc5429fb829c37124838bdb1f7c4e045996fc1106d8520dabff8f31
y1_HG00673.1#653	515c68def9b9e15b87f4a7c140a7a66e63e695ae85452c59632807faa50875d6
y1_HG00673.1#654	0819786f12065ccc74738a43b14d3d93a6dec16324c9ffa89245affa3ea7426d
y1_HG00673.1#655	e03177b1eef8c52f42f2bfefeccc805376e3c930577e8e67ffb29bc74f1a91d7
y1_HG00673.1#656	a1792b5bcd228ecc50e3803380ccbce6fcdaaf5b8c4859153590aa87b4cec590
y1_HG00673.1#657	455aa5f486061f642736e5032c27cf7b5bf1ce0758c144dcbc19eb4d179a387f
y1_HG00673.1#658	9779469589f956f434b70b578302dcbaa084a5eabb0124ccd61b0ae58c596e70
y1_HG00673.1#659	a039bf4b91c584374e0078d70d5b391987db7e772ca7a4b7d04f0111f351e866
y1_HG00673.1#660	b291e3495ab48b59410e31a7c21d4dc4682c6f4800f7803b1ab04dc66793abfd
y1_HG00673.1#661	a40fdc926eb7aa91e4b13c024b1f023ab395c074b7caebfbf58f1532127c4c64
y1_HG00673.1#662	6917ed9bdeac2c8098710d9c40c33e59259bc5ffdd9615a56e313a6b33fbad27
y1_HG00673.1#663	2a8c3eab59383cc80f45bce7d6c5783a02672243d3f70d6eb95fb8b8705048c8
y1_HG00673.1#664	36ee3ba3a8996fdb79822b599cdd6d3cbf454719317b1bbfaf9e2665bc51fa1b
y1_HG00673.1#665	254ea025c8e25a684bb2b80a0e961bbd887ec8e55ea11ea8f2500db1ea5c1bcb
y1_HG00673.1#666	c846b1becef076bebe9f8db5ae381e4981cab2766e70ec416256598d2c738174
y1_HG00673.1#667	d038ae0cfb4496b3201a795963f605a21acc9a09c72fb5bdb95f5826a3d0d6eb
y1_HG00673.1#668	cd73a3219373edb707124ef3f8ee35e9405f1bd4473ffbdba7983d9d43fbaf2f
y1_HG00673.1#669	8013403e963a0f85624a8b80d10858d306964038bc84cf7e79a79ad29d7f9463
y1_HG00673.1#670	6d24f01b739e27de25962259adc3a4b777819b8a2b5ea1fd5bcb4dafdc9903f5
y1_HG00673.1#671	b4dd0e6611736cd5ba4f96bb144aebad29057c5a9387261f8dabd8f055e5f703
y1_HG00673.1#672	4d3024afb3f103ce6f4f95d15e781fa57679cf1116da54989f908e4e20d3f34a
y1_HG00673.1#673	af2f9c78b55ff6002676b064e5d07a577433af58dca60de1c10bb734547ecc6c
y1_HG00673.1#674	0bf0ac9d0a7d44d7cc60e5fa66371e9d1fdf76cd36863dc9be80cce55a42168c
y1_HG00673.1#675	23bc9ee76f5d4d5217304161d7f43a1544972cc7086454be4c104d395d828346
y1_HG00673.1#676	5d379fc399e4b3addc3ab2a713e2743b07ed3826e2e8f1b2707814bfd86e8310
y1_HG00673.1#677	65e46779d70ba043ecb785a4577b445af086d0e9fc5e2b29450e312e797c8a25
y1_HG00673.1#678	914afa32e6302897ed43e5ca19eec057c934347885308d8d3473b377ad77dffb
y1_HG00673.1#679	f0cf7ecb070c89a72e9d6ed61e3ff2f5edcf7acff900a3c9d141771315fb27da
y1_HG00673.1#680	5221263ee3cf9d1cfce4a0b6a8ebad6a61b7d23633e3040c8a3811d4268136dc
y1_HG00673.1#681	ac21a4d3fb8aae6b00f9ee3110e5ce224fa671408f23852318cfdfec5c381e1d
y1_HG00673.1#682	b77f71a293e17aca3da26bc0929fd80bde686f2ad89efe7ce8d9d092179056f3
y1_HG00673.1#683	fb0e6d871f4392a8f9b47adcf1daeda797b3823f9344bf99fd3400b18089c5f0
y1_HG00673.1#684	eaf900bb16903a3328bedf48a67c87aa8358fbfa9ee53832359824a3838e4a66
y1_HG00673.1#685	6ab63fcdd96e5938e785048e5c861a21b6941c0a950dcb786c095bac92a1a339
y1_HG00673.1#686	0480d20d05e5e5c089ad96e085d1060503fcfa1fd91d0e0d41134d2cead80792
y1_HG00673.1#687	e7bf9ac1f603427555297fa05048d0c057c648b537e06fcdd09412600eea8e3b
y1_HG00673.1#688	82c3a3e732cf9ae07d504b62537dd1ef06d78e60b6c09a15d1b7c92236ad9b9a
y1_HG00673.1#689	aa2e9342c53287e55924495e68e09e903e795d5f8ab2afde388808d3dbaee381
y1_HG00673.1#690	7a489c178932e79f0419e90eea730f9c600ef88e7a553f9d199fba88c82bff7c
y1_HG00673.1#691	f4e2fa856ed90435403a75741f17b059007487c2b90d6da5d29e7a02447915fd
y1_HG00673.1#692	dd1b0152160723b8e82e9fc0b566b6f07d0a0f3a2cc3aa0fdfc986acaa4ae54a
y1_HG00673.1#693	8922473d64cf28e3a91eab318a10dc0e176ca98d4b5da7e5782138bd3c63541e
y1_HG00673.1#694	145c408b1e7e9654a6e3becaf69982c169f799c2fa66aada8a3798c60e4a0d8d
y1_HG00673.1#695	93c213e8de93f2fef2b2e2ec22bfb5c73f28e02a0b67087a02c27e581d0ac750
y1_HG00673.1#696	98a23d487d377566d8fb78cfcdd16da664f549d679a6f1026809906ccb98892f
y1_HG00673.1#697	cb4e93a8df88ef82194bc08da59a0dece1ea7199240730bad230ac980f96d53d
y1_HG00673.1#698	cae834a0db911d0c8f769ba92d422454e9d06bc1d2703bf1dc66389030521232
y1_HG00673.1#699	89932f8285bde9d693a0691a3400ba249f0d5c1357fe157dae3254112e489143
y1_HG00673.1#700	640bba5f582d2da8f56240eba2ab9729037c7b05418eca80c516830555dcc082
y1_HG00673.1#701	29fdda9e5fc5046717b7f75a20bd25262c4df5ee1f7f4128512617dd6bb45282
y1_HG00673.1#702	6249a0c3ee5afbc9d884e5f4fabd113a9bd1eb2dcb48ffa2299e651b61172ab2
y1_HG00673.1#703	e39a9cce82f47c8e68e6341b37d5c4f9c0e8dfe9de9759638b3cb3da922656b3
y1_HG00673.1#704	445b73eb5a92c4d95da59ff89187f27cf0ec5c4eedb7e236f5683be4f1137efd
y1_HG00673.1#705	0525ca701f161fcb6ea5d00a658a7bef342524677ca0054f34e48d73317ec660
y1_HG00673.1#706	3c870b27503c3bf0cd3996d8828d820bc412adc9c71375a50c5e28cfc151aabd
y1_HG00673.1#707	081bbe0a7a63abc06aa00a43a56cff80de0dde88f5a2a1dcd1b2021d96913b73
y1_HG00673.1#708	a571b4efd7fe35adef0140a2fef7cbf69b4e7b49949aed1c0186b34240e76a27
y1_HG00673.1#709	ae428a0c48fbb9f2bad6af65de4e1a7064fc8af9ae99ff212334233bddf8afe4
y1_HG00673.1#710	cda8b6f3edb1636b5c1c20cc4e4693a5c0be1cd8dd1ba23fa40a9c122830223b
y1_HG00673.1#711	2ea267dacb211eb5a0c022fa74ec8d1fdc1f250c6d89abc8bc9f94a42877c093
y1_HG00673.1#712	de4d8837f00f9603174b1fca283a61f812868496655b3421619030add373c4c0
y1_HG00673.1#713	d7940d892e7a8fc5bde96f873a3fe1708fa175f4c7535236cb56cf45effab726
y1_HG00673.1#714	e8ee50a00a9537b11d1e612cb33c263853f4309bc2bf776574033f6f7c237b36
y1_HG00673.1#715	025f2911e1a4adc483762827155e29d50affd6c383a2a4f0c5f50acf48cd2223
y1_HG00673.1#716	ad9a6788e117cd4e2754f0c3177beaa8df8593dbb5e8adc44e5d27d5ec9b5b07
y1_HG00673.1#717	15b89a569474240a616f9a94dd045b2711d445dde955b62bf4b8f2a2afaf0f6b
y1_HG00673.1#718	b343a9c67e56152b80e2c373a390a441b335971eabac15ab911d2e5862dddc35
y1_HG00673.1#719	8974b9c0417ff9731d7ccba5be931289a3fb609a97773adbd4810186e747ca8a
y1_HG00673.1#720	8975b723cb9ee74d947825ebd797ee1993337807a066c4d186d10136a5fcfde0
y1_HG00673.1#721	6729619ae67047b98a3737b44b98d719a1eff6d4855ad67cb36953db5a92389d
y1_HG00673.1#722	55f6a7b36b816b9b123b30cfbce53fa2d06504768184496f9619f16193e64087
y1_HG00673.1#723	e5159ef94f61a7eef413ffe0075092457f1f47dd67ff7127e8cbaa683b211b76
y1_HG00673.1#724	fa787e6871fbd8a70ef04456f42831b1ad7f79785ec566106ec85f05a34a1c11
y1_HG00673.1#725	028a4ccbba5c58ffa999884ba07b07d985841b544d5be5092a8b759c2f4f64c1
y1_HG00673.1#726	a89018b1de6660133676e2a007e756ab25b6a66ff995049486acea9b8f66f7a0
y1_HG00673.1#727	da048beb5bcb2c7e7626cfb36c3ece8a6950a3722f1d28f088ac3b67a3011d50
y1_HG00673.1#728	d8fff3a00ba46f035feba9d14385786ca96f317970ccd7394e0cf39a60e95f23
y1_HG00673.1#729	3f73ab3c97094b4422d228927c2a4cde2f1e8f33d543020b7ca7830f8782be38
y1_HG00673.1#730	472e73d796e20aa8ff9059e6316f218e0322548f661ec4dc267507ed66317404
y1_HG00673.1#731	15a0fd94e4cddc0fa8b73addd0e94475c74cb864158ae763961063aaba69a451
y1_HG00673.1#732	e533b6af0319ab3c2baceb4f452923e1ea4b75102cf95bfb60a12f52cc5e94cb
y1_HG00673.1#733	7c46c270a1ee78d260d7acaf9d0462937b7e77b6cb36767e412f1e82321742e2
y1_HG00673.1#734	ed78b51eb6afc48f9511f836afd396b2f225adefe52f40e8c28028443727c4ed
y1_HG00673.1#735	6b93c426e870528eb008b0a5ce0b6280d897ecc1f8e9025eb246da0cdf4d5704
y1_HG00673.1#736	5f46b2477d8aaf9bff42e8b3be11139681bb4e93b3db49e203de81b96256499f
y1_HG00673.1#737	e0b1557b81690b38e816903dcf3b28d5f0feffb4e450989fb5ef48d41de405a7
y1_HG00673.1#738	d38bf6537cf04578fbe78ccc06d49b61b8a2afdf9fc0d0ee0713b99246400937
y1_HG00673.1#739	f5fc7d43ea587e6894d97f2c9ab40fb46ea46e9cf00c203ede13121f2a9bb7f4
y1_HG00673.1#740	9a47e0696e0fbdde723e9879052c6b1193acfd3733bdb156a006a596e11b29f4
y1_HG00673.1#741	2dfa72de73a335e20865333cf08be0d3bcb5a2f9c7401be3d4ec988b07a30075
y1_HG00673.1#742	83f2be34115f88e4b3cca35574ac15052072b7c6b4df49c9420b5893108972f4
y1_HG00673.1#743	942e3669910988306d482cf3d95f28154801b65aeaa3388a7b2393f7be829c1b
y1_HG00673.1#744	d74a9fc7083727c4158984ec77b7db4ecc3ffd7c6da3bc60138e2f0a588c265a
y1_HG00673.1#745	250e86f9cbbc04e3ca1df0c4509d7cea89c47403307e421c036efc1f4e7f7c5b
y1_HG00673.1#746	454ccb208d3cc99eca1905dbdcdedaa93ebf935cce54add4d82a8f339b311325
y1_HG00673.1#747	a92608d22c36e5d856eee166f25608125b3032d546e1714d7439f8f39edea989
y1_HG00673.1#748	b7367a44ec4a2de8360ba59a415035466e7960aee5d15b63b73dde11bf31448c
y1_HG00673.1#749	16e1de5d2ec0cf516e486cb45a37cb982d22c53907ef94455298ddcd95b90a18
y1_HG00673.1#750	88cc2395e114abe185e221883cb8ae7b481ad52663290fe3a61dab51c68229a9
y1_HG00673.1#751	43ef7ec1d2b399c302618c800302a94707894dfa0ed7ffdc8fb6fbdb993646f0
y1_HG00673.1#752	6d7a117b1ef6be51a6854a447bf745dceb9b44168bd8793396e8d2c72d0a25e6
y1_HG00673.1#753	10055ec52fe5f4ccb381802ffc425a429a624a8750cd81e31c12731fddee8b7b
y1_HG00673.1#754	03fc333e30d44cf73ffb336db681a2869bb1229953534a89b1e8185769cefccd
y1_HG00673.1#755	2a6bdeb6eda1b797949fdd18e01a52f2cb84d14cee47796c4d58f01e8f48b2cd
y1_HG00673.1#756	5858e18a9644b2bdb6071627bd79d65d9160ab373f8138f2af1ead2c66d30c8a
y1_HG00673.1#757	cb1ff293911432b77f79a54b5ecb8a4e712245512161623aaa0e0ae6194297c9
y1_HG00673.1#758	88c6fd4f19ef6ca486c1f1a92cf3c869313e30d7eca72c83b379f451198d79bf
y1_HG00673.1#759	fb6b63262d4f777be3f6bc88ee806241f67a7be14127b79c2fa144698837e3dd
y1_HG00673.1#760	1b2d1f77bbc6cb4df9b0d423258cd90d7e048c6ed5ed96d4aed688db8828b542
y1_HG00673.1#761	2eca6713821585126c37a79b84e9bf8231d2a7549a6b5d7023cdcf525a781642
y1_HG00673.1#762	6b8fab4c69444abf7bca1b2f9fd1ed6ad20961d80de8b3c878a04b63f4186a82
y1_HG00673.1#763	021130b65ed864164e82c93bcf11bf980f753c17bab3d97a425afa77ae52987c
y1_HG00673.1#764	69afed1a317dc3f7389d8ae2e4e00f34fd20d1d1936acebc408563252627392c
y1_HG00673.1#765	12255c121a5538a092b9f7e53861082d421553595493f0b8a84d2ba30dbd1f15
y1_HG00673.1#766	6ac229b9c0ebc1311548a973cbbe470a3ed004144d6c0f22017ef561b1e3dc30
y1_HG00673.1#767	a75d507fce34897de5b7e8ff05baa2f01e4510ce50c008f1b3c6280d6abcafff
y1_HG00673.1#768	000485ac407cf19c23b28822f51a553b45922a0b5ac08d8739698c0c7425ed60
y1_HG00673.1#769	aee548a656e35442a70adb74e7291d7b0252fd9dd57cab9fa8cead7e80846975
y1_HG00673.1#770	55b79f75362f879855cd742dd275c11989b9d4ba5c22f192cc362432e3c72221
y1_HG00673.1#771	070113dd1846d248d88150b3ecd9f26e2e4f051491b616645634724b175ad5e9
y1_HG00673.1#772	df6e28142413a4b11e042c8f02ccb8ac805dd1aa27811cab56cd533a5e03952e
y1_HG00673.1#773	064438fa099f20e2d83a6bd266b038bacf8acc2e085422b13a53c05b50c96fdb
y1_HG00673.1#774	5f3614b511ff6e6383154f554f13adb7cd5ac77716e48015d34b5fac03d6b425
y1_HG00673.1#775	278452d028b0bc52fe525ccefeb8464ddbf11faf758ce0b172a1c7171ee8ddd6
y1_HG00673.1#776	77f51a6999766c83f62843a30f049a93c389b5d60c63d2c68d102fb22c8245e0
y1_HG00673.1#777	825cf96e547ff62548e3e760902942f60ab48340450cd4933e31d731a6235b8a
y1_HG00673.1#778	7aadbeb2fccaaa585d1d3a353211890744e5e8769b3a3b7eb32ba57a17908849
y1_HG00673.1#779	606916b15d72a9bacf616c69b1e8a86c639e1d79c74e63e21611e80d54ac0990
y1_HG00673.1#780	fe225ebba96620eddbcc29ee1a312e7e26eaa139586353f5e8ce3b70cc80e8eb
y1_HG00673.1#781	eb5442705969dc8da5dfac8f9658dc68acdab5bb7635ba7cc551e389416ac34e
y1_HG00673.1#782	37455e5d970caddd0c17ab0f149bbe79a235db977dae1b42cc024b9d58b5d1ea
y1_HG00673.1#783	825cf96e547ff62548e3e760902942f60ab48340450cd4933e31d731a6235b8a
y1_HG00673.1#784	bf3b3fc4dcf81c22689dc31ae08c36c6e22bbbed0bb8f6f25ccf120a01caa0dc
y1_HG00673.1#785	681343bca25b82d9fb8ddc6c3da8077fb428f39d3ad108dae8b14bb7435ffe20
y1_HG00673.1#786	dbe14f996c8587619995936e9b5a3be1a17cd319e7c1c0bae25559085c6b9932
y1_HG00673.1#787	eae0e7c0afa901437ace5cbfb3b7dd551533243f32ef45621ca0e0443b0721ac
y1_HG00673.1#788	bf8100053056b6b9d5248a0fd4f218e0625e5347e838b19972a8e20db8ef0731
y1_HG00673.1#789	1732817165a86105e78a2d114ba48d403a8eb709bce61fde4b715cc04c6eebe6
y1_HG00673.1#790	158f5b26d5e1d0de7270825ff11b5460045daa11323747fac14e2cf6bef6c266
y1_HG00673.1#791	572e51b5877c2ad4dcc9eda3e8b5193e954f661c0d11787d46e6f1d9e867a315
y1_HG00673.1#792	124c3a7c6c875dea659f3afc378ef4bf048c6142f6a950a081c182065cbeacdb
y1_HG00673.1#793	1a0800218dfdcb9fa56f4e3733fd8a21a53f9b06fcdafadea16dbc4ee36693ad
y1_HG00673.1#794	31abfb8101694532423c74fba4197cb078392e2df9983de4fef85a39c160a27e
y1_HG00673.1#795	e42dd80d1e009b7925e4ec31ccbe8f62ca3eb10236cd75ac54868f151c12364e
y1_HG00673.1#796	bb36a6383caa5bf5880f0891d5cb66fdd78b4bbcafcb19769ae7945e615b3d73
y1_HG00673.1#797	d524c56572c46415a2919e6f50dccb8bf1f6f0b7e829f53f9da4fa84ec788e80
y1_HG00673.1#798	6bded13db835538453552c552ffb68cd82661cdc4539af0906abb7754d4dd18d
y1_HG00673.1#799	140aebe91bf7093ad17e87e81a8da7645fe55473fd106bcef0afc84affbcd4bc
y1_HG00673.1#800	1b87d40916ff75b57927ae80db912b75bc9253d6f774eabd9dc47a53e8f04bdf
y1_HG00673.1#801	3be9216eb4a86b3ab235e635321674f56bd651d49b8bc5abd757814d8346cc70
y1_HG00673.1#802	612439c133e9373108eda70cba2e43f25a6130991c34b345283520bfbf18dab7
y1_HG00673.1#803	e361cf6269979d382e6b9d91b53b8a10f9f5dc741a9b039a869f62dfb51e0a07
y1_HG00673.1#804	ba464bd29d8e092a7995e35e8ae54f6b5af1ea1773a1a92f42bb2a9ce9e033d1
y1_HG00673.1#805	6b4ec7870cc7d972ac87129351ca2f21f56433182eb48f356373b075cc75f735
y1_HG00673.1#806	d14ea3878efc665f66fe13886aa2e9b08ca79c3a46da99af4278250b372670e6
y1_HG00673.1#807	72b247fb16dc8ced8a18edb690dba50755d6a8a386278c5ac4f33c807a8ef032
y1_HG00673.1#808	fbf664c7362be2a30455c824e379c14bc7471458f70a5404ec0328441ade2790
y1_HG00673.1#809	574382b0503fe35a0fa325d356f36cb8d92cbd6339f92236281e7f81bcdba159
y1_HG00673.1#810	ae5b4e0c351cd50e82fbfec8f26f48b27df72c4d36975206a8126cc8db7b09ae
y1_HG00673.1#811	ca65741da3a23f26b0f535c7ca916db282256012c263d4d4b64b87148145d6d4
y1_HG00673.1#812	74bb3210aade5809fb766326f5829ae52f3f3905f6b600a2df9267c156b6137b
y1_HG00673.1#813	f2db101d9ade7019e93a66bd0fc70d1895cf30db08217977d5edf4108463f954
y1_HG00673.1#814	90687cd3cf217a892ccffe7403d48e8b65a52da3438304cda46905d195495bee
y1_HG00673.1#815	beb03684c1e8df6f387653fbd22c5ee87d9257541f68d177406fef6b0656ffde
y1_HG00673.1#816	52d9125849137b332fb4843ce3516eea6c034f0a7e35006f3e04630234c4015f
y1_HG00673.1#817	3174e031ec1b43a55feff228b1c4f57bff75a7ca240997b55ef86750be11d0c8
y1_HG00673.1#818	1926cb96d7e0ac6546b555e1abcd5cb86acec8137ad79562aa8ab3fdd8cae48f
y1_HG00673.1#819	4d351064d62c29e8f84d3a4871bacd4a59e2b91bdf782d03e914157908695467
y1_HG00673.1#820	5d79b1ed442bd4ecf886e42096b836885df1c788ef96537c4b61020acfaca6c3
y1_HG00673.1#821	a552d87c002699c5858e29518740a5a6d46ddb54eebe606539317276d4011e4d
y1_HG00673.1#822	538dfc684007a5a4683af8bf4c04163927978843b678aea2c74fb8c0e0ff6a9b
y1_HG00673.1#823	75c13b2cb3b0a096a9b42df565d46651f4c88e284ee3da6017b5d70a1fdd77fd
y1_HG00673.1#824	d5ef0f0e059ae5fdbee9ef56db7748a14e3418111c0715c9be7fb0314ed3b253
y1_HG00673.1#825	b5419965690d873def83fa3bbb43011dac996b5e6fdf9faa948b549dc75977a0
y1_HG00673.1#826	48a133832caff7e53977a45e8678a4c84cc37fa207b1f2c336864c414b4e6aa7
y1_HG00673.1#827	a43413abfa39f7f366b6a214ec0b6dbf54317d0a16a9b14937b5d7e9ab4923e8
y1_HG00673.1#828	76897a923ebc3f933a9cf86152da7a52ae0ecfe6d34f2ac7e03dad62c9cbfdd6
y1_HG00673.1#829	4bafee207533b2d79f00e1df8f7af5aa5b92ae738a5caf69703f03bf2ed8d5eb
y1_HG00673.1#830	020620132bbb140f692f006cd807e3ec2f5f6d0d301d62cf3afebc93cb5f5b9c
y1_HG00673.1#831	5984cfba5dda9ebb6e9185c033eb4593eede9f62840d3f5aad43ffa2ef74e26f
y1_HG00673.1#832	a83609cb0ad657bf090a3a7214d1f186a464804d8e8f4c6e92d7a924ea5c0fae
y1_HG00673.1#833	aa4258ba55e14b4870c8bd1222ddcca435fc96c1b212eed4ee55c4b242d25043
y1_HG00673.1#834	8c408d08d20959e8c65f28c74f852a70c6fb8d93431b377d07546086e578e0a4
y1_HG00673.1#835	47d3369484713132249f857220fc1556b98aeb2766a30af8057d26fd74e2e1fc
y1_HG00673.1#836	d6fcac3556d5f5e4ab0467905e0ba8a0217a39dbfcf4c8ce7ed58303dad2c009
y1_HG00673.1#837	74a01b406efc7a04d5d2fd250f1322a8f1fb6ab25398584209503c56663b4de2
y1_HG00673.1#838	ab96008046e70e21b772003bddaa793580f131fa3f74968e6e701d52c467c7d9
y1_HG00673.1#839	e9c733dbb5cc3266fd9c8ee4d6fa8455adeb70e1a1245f2bcabd6dd295e1ed5e
y1_HG00673.1#840	88e0ab6d4a3740dc3cc9eff8d6d1699b2cdb81fdd0b02799f65f543e4b163b5d
y1_HG00673.1#841	9f133d83aaa792894df15d2cd6741afb3357629eecc06e6441bea3b149677b60
y1_HG00673.1#842	3c87edc2c14e5e4cbcd3f3843ca23add4e00e03d0fe0c2378bbc427e0cd87287
y1_HG00673.1#843	383ad8e732950f5252359da404001d589e5ff4db9a10722aacd5928d6ea6cc49
y1_HG00673.1#844	ddffef25518d79907482e633ad1e96387ae976fec548ff51549eff39b99dbcd2
y1_HG00673.1#845	1e5ed6a249302778e801014f4b733b044327399b32f71b359e7bc9fa4763cbb5
y1_HG00673.1#846	0d90cce46ee7bbf032b2d6cf75457b5a289d41b1871e7a3809f147f5a1aae73c
y1_HG00673.1#847	42342019a6dc4664a4585b51383e04612fd13b9283d0becc217b0365272f988a
y1_HG00673.1#848	cee0a51159194e24281b1531879810abdb2c037bea52c54361b3f0b7824f1029
y1_HG00673.1#849	aaa16ac6c6ed3152821ab0573a4c55b821ac1223a3a41ad90eb93480a0a59a88
y1_HG00673.1#850	7cfa211fb597f1530412b61981c6cf14a12e801262c8bc85b701b69b11f867cc
y1_HG00673.1#851	618db5b15b1abdbbcf0bb45aaec06081d35fab4353bcfde78b856efca7f44c60
y1_HG00673.1#852	85286f7d1a42ece6b37e2811c2afe26f727f505aeb4a4de52d98ed670868e6c2
y1_HG00673.1#853	d3cfac4b4ff2ccca99371992d39be74e1b9e74d2e9fb32bf01b94d1e798a3c7a
y1_HG00673.1#854	c8136c0a91ccb0b29e9226e44c6e0583c4323a4835692240b33fd0e55cadf56d
y1_HG00673.1#855	32c382cc70de65c56b036b0a0a680e1b488fad80c9fee69491950532d2937ad2
y1_HG00673.1#856	7b4f534baf6c9a38ba7387ee9dc23c8637cc46025e15535e84e5118cb9e6a8d0
y1_HG00673.1#857	3789d4f9c52e74d80be153bccd442a694edaf8674380bef95e70f9a19ba28584
y1_HG00673.1#858	52645d4465b2a9382ebe6386c9dbe414820578cc9ef9015d9d74bd89669f04d1
y1_HG00673.1#859	f8751b1afc25866b850484bacb15f6b33d5820bf5ca079a3100690b3a1081b23
y1_HG00673.1#860	06feb205b4bff183fdf8d4c60b2c87e7359f47e94657aa951a5dfec42fb56a12
y1_HG00673.1#861	56d4e5513156248e5d5591252388b7817da19a286047200f9b35583640905b05
y1_HG00673.1#862	15e10906f75762560d8be503213126268e881d8072c3dc99ed4df8b5c330b683
y1_HG00673.1#863	19893bc6ddf3ce4eccfb2d9c219df264f99cf794f3ba10edc3b5aea61bbb990c
y1_HG00673.1#864	fed2544b22e9b160b7e76ec99db53378b4b55bec1b8424f570811683feb48e89
y1_HG00673.1#865	cec64faf2fc34dc8d2cd7ab073ced7954b204083c9ac0d00edb0c91551d71cd8
y1_HG00673.1#866	dc93d2ad55c2182f30a9c8b2ff01415be8f57c41c92a9a9ab72263f4415f03f8
y1_HG00673.1#867	7ebb53b4ef3259b05fed77939d8e64c8555d59d7a4fe45b8e338e221bfda058c
y1_HG00673.1#868	bd51bb201e20d525ed03632aecbef81cea226781b53866c43d734913cf9c2720
y1_HG00673.1#869	5aa781042e59b22384d143b166e37a630746b1216597e5d358fa4ee4857df926
y1_HG00673.1#870	80b4f43bb8ae7be1f212a44d476e947f2a273e871d2ac1aef5644e3d2bf2ab9b
y1_HG00673.1#871	410eb483f1dd8953acace313296af475bd7664cb7a6416d1a541414aa166a0d0
y1_HG00673.1#872	bd4fa7e7e148530d0ac5da10220e1f8ecf107ab08261963178b0357e09e55311
y1_HG00673.1#873	b2ae98dc79fddf9a0c91d594e1c11d432a662942de435a63db3e7f1bd9ff2a47
y1_HG00673.1#874	dac4e154f6df6c7341938aede981e92f07369985c30c3eb4e8632fcc0e077e04
y1_HG00673.1#875	8cec61490622fdc55bd5a85e8def605994072b4bbf4aff2373b70f8e334151ef
y1_HG00673.1#876	096e4e9f958755eca282db5980ae803a27adeba547b9697b9f8aac2313904148
y1_HG00673.1#877	80beb2a52d30c022367df8badb0570634881ede73ece6b253d7b2c9ca2fb6044
y1_HG00673.1#878	92be1ae40e28c5dab55249ef7baeea6d743963fe75cc4cde4e843f731df07eae
y1_HG00673.1#879	6689340cc930e75593cd932f16dbdbf5913e6ef19e130e137b6120022665adeb
y1_HG00673.1#880	794b473b512b63322e59d6a4d9006df7efedb339917d757ccbfe2a8a987dd05d
y1_HG00673.1#881	5710eb527161b42ec5a872453c43a032843deb2a393fc1bde147819c0fa24523
y1_HG00673.1#882	eee50e98d6cc3ecd99a657ff9530b5bf42f912014ab83a8df550e9504247108e
y1_HG00673.1#883	f4a0fdba5395d41744f20f9cb517362b397cbe1e1bd6554e8c0e28fb6310741e
y1_HG00673.1#884	5a7591e3e0565886fa475619c193b73c47a5dbeb89f36547ae1f4c02ec26364a
y1_HG00673.1#885	8712e1cbb177b51ce1b8928bf773a92644dddddfa3b84a951e5f083afe688987
y1_HG00673.1#886	8b48c7fcb0797f9e38061385e6afd1188d9fd182f60e933c13362941b070d473
y1_HG00673.1#887	030ff57756d1017be024880f1740df86240981f0cc8d2b1fcdd781c7b8790eaf
y1_HG00673.1#888	b0f12abf686cc68fecef78d6c16087b364c7c664a038395a46d11c884fd0e308
y1_HG00673.1#889	5b0adf389304e03f6a69116027815376497e50a1ae77ad94f9930f04402531f2
y1_HG00673.1#890	644185485512e1ac373428f4cc033f8d643322af043687d766e3c710980a9396
y1_HG00673.1#891	4ed6f16310c43e7e7e268354ce9d126b93a678d5c1829fb0552b5694a16f33c0
y1_HG00673.1#892	da4cd848bbb5953c9ec18405bbc852521ee119ca66fd8710e08f9e8fe2d65fbe
y1_HG00673.1#893	19bdfaae6fe6ff49dbcb726c950499de39ad4fd8087cb8561eb97161a3414146
y1_HG00673.1#894	45a22af48b7501bc5c989f4be666027b8d0b39073074e4d72684ddb6a95e551d
y1_HG00673.1#895	8d76953656f712f5e97e792fd8625fdb83b3ffc4a057e139988b4f0ce95cfa31
y1_HG00673.1#896	a22e8de61277b23a974ddaa4f82a934eb73b2478686bf14862cf9ad089a4e683
y1_HG00673.1#897	d38452519d2d4add7eea889c9d30937f3d7b048a387d5e47104887635f6459a2
y1_HG00673.1#898	7bbd59b8fef909b5b2ee746dfdb209eae3503834f75d6ee7ef3476dd5a0ce9cf
y1_HG00673.1#899	7a9e986f8a0e1a036dfc0e32d1948b07ffe7f4073bc67679786830594a83d394
y1_HG00673.1#900	50d6fd5a46f6bb6f88fc73096b78fb10c901694e46947fb5b4577d5bfef66787
y1_HG00673.1#901	03bb124a1d5446dcc643695c4b0f7d2883e1abbdc9f3a29245da5da72ba721e9
y1_HG00673.1#902	ab86f28b8c35d2fc4939b5d196bea00320a6c406f484ad89b42595e72a8b7967
y1_HG00673.1#903	7993d51328def9aee6f10b77a75e099fe85b764b84894eba8d74b327902c83db
y1_HG00673.1#904	c72ba87cd6b52f5fe1fc11169e0ef33e8822848d071634a219d1b34b38f72390
y1_HG00673.1#905	bd2155e3138131de14f690fbca23322b349f910d9d7c169b35b8ba84c9bcb89c
y1_HG00673.1#906	df9c04c816e683e8ad7627a05c82aee6653516f264ab8766f1b8896d7060cc5a
y1_HG00673.1#907	08d50722ceb21d15282ef64e80ea854842ef355134c50e58f15450e1f61410ef
y1_HG00673.1#908	d2d93bb38f7213737ec576444673a4593b4969be5b53d22153e170d3f5186054
y1_HG00673.1#909	c4e766afa6deec94d05722e63267c7b8307f1fdc5ef03597b8ce0b2016e2e546
y1_HG00673.1#910	c697fb92009c1917280fd311ed1ee79889804f2dee4ba65e8ddd1ad3a145e913
y1_HG00673.1#911	98cc3ce41a4c1e5fca2d395c12312effdc2a3525374a4339e4591e3dc0dbcd4e
y1_HG00673.1#912	301fd5962503250a35ad9a540006b3c2d45284169b015c9aedc4ce52afec185c
y1_HG00673.1#913	61ec7f29e156807a615bfcf7f8063a445fb5ae3e0686f397007e25b38cf6eac1
y1_HG00673.1#914	76bfe4680019a8231cf310dc164e8aacfeae3eeb9680ecf4434f7f3b206fde1e
y1_HG00673.1#915	0fcfd11143810cb36d3199aef068f5d5eb5a2922404909b6ba3acd31797152ed
y1_HG00673.1#916	824c2407ff6759aff4c34f98e6379c7da53da80d1be1fc74ff43d7a3d7c10f04
y1_HG00673.1#917	bcb66496bf4b2a8f7f577e4258dca4dd123da2c6579e238b9bb36b5e1c288eed
y1_HG00673.1#918	103a28bab332eef9992ad3168eda1a98eb93c3752a42a238f82d4cc7ae402f9d
y1_HG00673.1#919	4d04cbdc1dcee128685d0d2f3519c31c1f2e937b6231abf4eead2039bc98dd7a
y1_HG00673.1#920	3ca338de52db23d9a1900f956f1b83cffad5551cab19d2b88afe4c22f0ce6292
y1_HG00673.1#921	84558c017b338f0910a8667010fb17f225c31bf80c4257fa5462accb3a5a956d
y1_HG00673.1#922	ecd1fa94c7e6f275e6de1ed440776923b9537550636dc5c563084d2fad15fc8d
y1_HG00673.1#923	0822d12480368b9de44d05dc4f8baddcaee3e0085bae8657b7db4850ab682f91
y1_HG00673.1#924	1724d9880a868d1feb597efa7241e6c279a4c81947a7c29fa4ee4a8ba3bc8929
y1_HG00673.1#925	291bd97a03c5d6964dce7bb17ba08bd196e9c2b91de429e34473211405c3a38f
y1_HG00673.1#926	22af26de5ef731c7924ead99031af051d696ed384e95938aea846b4bb8f29aba
y1_HG00673.1#927	d4ee0136a252c90ee72cee6e164e75fcffa298ba69f810f669973d2f7048d1dd
y1_HG00673.1#928	09484296ad40d3eca121f0311967147a4358e3cfb8005dd568f1268e7b567ddf
y1_HG00673.1#929	7ad699414665d7c6b5804c3efdf720e2af778cd78d7e546ab97ab6b8106c1f89
y1_HG00673.1#930	636f12477e5b2689f8245617a3161f99293acba214cf0d924f88c7992256f767
y1_HG00673.1#931	7313bafa8e9e2556059eac13c675b89279cdc4e1297d4dc9184174a79675791a
y1_HG00673.1#932	49062b82b375e509d612d665eca8ffe4b72dedd8a71f19272ae355e483ef9179
y1_HG00673.1#933	71d24bbf8b55d5bda7431ad09f1b465a6c8023d504e942f01652611643db5696
y1_HG00673.1#934	0ee3ebb04399325b3f0271e4f1c4a0283b25a6b3de11f49dc660052202b63ae1
y1_HG00673.1#935	3ac95b603c6a38d90083bc17b9589bd81df061aa26a13d024807f4ae1b63d2f4
y1_HG00673.1#936	58b6fe617763ad2dd96290b19a4a67e01efb5958b53b1b53dfb03061ff01827e
y1_HG00673.1#937	d67093925c7619078df7b46ccdde57d2326b29c0784ed1f3ffe3deb113554b71
y1_HG00673.1#938	f999c06d5337b5023f3df61bd5590a0272a14b1b8c7aab5872e3bd3121d2e199
y1_HG00673.1#939	2b5aa1e1c2969e888d0bed32ac7a2b082d40a91a8a3e55f0b5c921c868abaf62
y1_HG00673.1#940	c3a01f3534b6d9211b1e45c56c2669ec5eab13f4ebbdc7c18bbf15eababbbd86
y1_HG00673.1#941	1ce4848b5380224d7cde36eddc00b1d516d8f8783a0c6fc3448bb277896043bf
y1_HG00673.1#942	0d9c8511cb1445322464c25e494b21e8bbce8a1e7c5df09141408c673811de8c
y1_HG00673.1#943	15b89a569474240a616f9a94dd045b2711d445dde955b62bf4b8f2a2afaf0f6b
y1_HG00673.1#944	d490ff65a3c918bff973e9afe3bbf7f6d48a50b23d06678ab707d4031138abcb
y1_HG00673.1#945	58723ef65f5e03dae404f08d06329ef139f8fd86f98c25d9a0c616b2c2a0c8b0
y1_HG00673.1#946	7721f51c20d225d5ebcadca38e51d10e4ca04dc8f21a10670ec79dd981e956ba
y1_HG00673.1#947	988be147f557d274d9468d578692e29b59a796c596720eaa0988665df5ded445
y1_HG00673.1#948	41ef80ed65f8a057b0997673cba6dce89ebdf11c0f0b6538262f594f0e112c90
y1_HG00673.1#949	b83b0faa536d33ea5e563a04c85d2dd42fe3d6072704e5c033a93e37d6bf2f5d
y1_HG00673.1#950	03b1888f939f0d8276c319bd1441182144362d386fe56e7874a9bc0ae3ae3e00
y1_HG00673.1#951	357ab3d1755da5247c78b291ffec2446a3e2b4c5381ebe28c7b3cd91ac8fe4e0
y1_HG00673.1#952	bccf5f24cd04453c422aa81cb27a37a67d079176f8db584f881ed6c869d14964
y1_HG00673.1#953	73890d3fd22e9434a28821f4027ad835bf86aa580d2e662637d4b8054aa6984e
y1_HG00673.1#954	ff89dc63dc534bcb8519bc0260c53269662583e78cbf2175a0b5b2b64cdc2f85
y1_HG00673.1#955	3f4bbef52d4616d9b9b7fee7d44f3b8735cfafe4b9d414565469b3d4cc53abf7
y1_HG00673.1#956	da2914405a8771bbda6b87a1604b81074b433f6e0871fb6e11b7562d8eaf210e
y1_HG00673.1#957	1e0cb0f7bf81b20c411fe6e653df870d69cad7f89e55f76c3dc56ba69174c33c
y1_HG00673.1#958	ca50c6e1b92d5adbf40ff0db4bdbcf1c52dd8c10ae9498b43c038a2428bc24f2
y1_HG00673.1#959	5068a3c141734f2ff6805775ead8a6d442c7d1c5af96ba44e5f0078922f02b06
y1_HG00673.1#960	8bee546086e09c817db5fbcb60a9dda5163cc8afd5a9d79402fcfbcfebd80268
y1_HG00673.1#961	9b5863de1dd6a02076c67977ec43ee8e00aea953677f6a984f52fb3bbabd903b
y1_HG00673.1#962	0a0b1c7e20362959c650034b68a3afcb7b2d26ccb38825af0d7ff68e3bb6e086
y1_HG00673.1#963	1397a518e9ca2fdc1edd5c3f4b30b84096bd4092b3798e0ff8dbc4620bfb1150
y1_HG00673.1#964	80965377fd75b126134fc754981d44e602f3423ebbd989b37494fa7a267a79e0
y1_HG00673.1#965	34db7ec8c4f25265d605ebdf3ca2a599331bdfe5da3542a9ce7e8b37f4d293b0
y1_HG00673.1#966	97049ba7278f38949eed7ba682c3095341a305701444c23c188a0e0a1904328f
y1_HG00673.1#967	3ef646f793562cf306fc4f468151ba08340cd3720212ee5d0cb9e660cd408333
y1_HG00673.1#968	d5ef0f0e059ae5fdbee9ef56db7748a14e3418111c0715c9be7fb0314ed3b253
y1_HG00673.1#969	dfd167eba5f2fd0866cb18b70315281e17d89fd7c5cf5a77df93f13576c60fa1
y1_HG00673.1#970	1759131189d2e9fb8f1346e355ffd66ba6dec1bd19315e3c0a98dc3ffe3a975b
y1_HG00673.1#971	d5ef0f0e059ae5fdbee9ef56db7748a14e3418111c0715c9be7fb0314ed3b253
y1_HG00673.1#972	33e542f563567afcfcf15e6e471a3c1b00ab1f178bf7409b34825faecbde3f9d
y1_HG00673.1#973	bb334c9c9b509f9fdc845b0ffd0a30ac6423649016d242e6f3b2760e050c78ee
y1_HG00673.1#974	7e4e519d455e71a0ecfaf635b8be119a6c15e241ebc5c4a29fe08ed7b8c2a08b
y1_HG00673.1#975	ce0ee941e362b93b41370b26deb59b4f0a52006724646820898e59b5433e86e0
y1_HG00673.1#976	bc4104f7537fd1127fd8c7c3d8284ae7486880c38c4e2131a18a1694a5433de4
y1_HG00673.1#977	ca33010b2ba71d876984a84a89011361d8e1f1bc9c69977f05208e8892d48368
y1_HG00673.1#978	aab59e850a11950a4ece3c40ba9a54ed30e0eda1da27828bf862a4ce733bf17c
y1_HG00673.1#979	c90405555f5c496a3c025abc8529fdcb50a0b61ee7ecd89a266a090a43e54b95
y1_HG00673.1#980	40ea5c1eae2b41e2be6f2ce6c96202b62b55d31e8bcc7a22b978cf6a946928e9
y1_HG00673.1#981	9779469589f956f434b70b578302dcbaa084a5eabb0124ccd61b0ae58c596e70
y1_HG00673.1#982	acc2f9a04aa67dc5463e7092dd62fd48653b7cb49170607bad48a9856c4a4f71
y1_HG00673.1#983	aec7640c9becdebb71de6b5418a425073c7fd1b58c8cf6b715ba6da55411889f
y1_HG00673.1#984	09764f2a2a258477a3ea486f10886cd4307fd22f42a5426d72aab1674448c958
y1_HG00673.1#985	1b035f344d567ddfedacbd8267f4277e9604d6a51dbd0ae6f9b8be415394151d
y1_HG00673.1#986	ba1c628dc2c2019cd45992b2bc67d0de492a6c82d177df3256daec0cab50d811
y1_HG00673.1#987	75475026b12c69371addcb497aedc699827bdd43a3ab13de255098e5c12171dd
y1_HG00673.1#988	4ed337a97f2b10dd5686dc587c8f08668b8d9f1133ea885bf73ad87d8f7a76dc
y1_HG00673.1#989	1e9f94fb6b284d51f4e21b75b3fd50291b7b87e2c0d39f4a58407f7f80c1684e
y1_HG00673.1#990	b123f4850f4f8f9542305b3c9f7d89e1f333722598dbed611aec0c5f0c8fab6d
y1_HG00673.1#991	10bf3f03f56ff7990f468e305b2b5e3841b218f3567ea520eb5cb4c5c177c2d0
y1_HG00673.1#992	2feed0c4bf98af02d61bbfcce568fba20e5ab3c3e0e0e92572336777b0d87ddd
y1_HG00673.1#993	f2b0dd79e3e8310e78fff9db25989385634824304582448342dd4f6ced4cd58a
y1_HG00673.1#994	1526c47dbfa9a8ad6daf45de7b8ff421493a348e481313c5787a63a0fe6e2bf9
y1_HG00673.1#995	390c5c2dd8a63a21587d181abe0ef934f583bfb96fd33c32ace0d1772148eadc
y1_HG00673.1#996	218751699f358a0b3c4c32acfcdfd6b0b24eacf999cbfda5b5596fe834a9bbb4
y1_HG00673.1#997	89932f8285bde9d693a0691a3400ba249f0d5c1357fe157dae3254112e489143
y1_HG00673.1#998	3d9889953007450a4e41f53f7ff603d20615c10ce7d51f4d086bb0942a50f342
y1_HG00673.1#999	58bb119c35513a451d24dc20ef0e9031ec85b35bfc919d263e7e5d9868909cb5
y1_HG00673.2#0	0b88046bfdeb6ed31f8c917efe4470cbaf0be79d433af00ed9384a89c6484ba7
y1_HG00673.2#1	06d4b8de2d8dbef7d92e60d9e8c06ea824e0b456660ba061547548734cb8bdc4
y1_HG00673.2#2	9ec7b58aa8e13556041c7e5f0a7304d55ab5bd2e0c99b8179557316e44118c7e
y1_HG00673.2#3	3341b84a80f250788179a97387b823010ed8d39e762037f99183512bb70553e5
y1_HG00673.2#4	815b8b44eb829a52c83219472f2770a0d2a7557666fa0f0d34c3020cf38723df
y1_HG00673.2#5	86db7c74514244ef7f993b138e8b6bf7c3f3adf09ccdc8a92e2421ea19baffb2
y1_HG00673.2#6	d556999fa225b452065facfbc814ef741ba22b0142ef99aaa78b0e4eb5c65b14
y1_HG00673.2#7	db4ce2dd62d14aac01fd68a442dd5e12e00eb6adc713dfeca2f3d7d0d71ad093
y1_HG00673.2#8	296d7c4369554941b91ba9e40dce6204570bd81297a9b9cd101c1ffcb4fcac17
y1_HG00673.2#9	19ddf7277f0dd6c12aee23f9fd348fa4b3f364c84e847246b5e7f647ae90d746
y1_HG00673.2#10	0c2e17e0791b54dd78a9c3095f9f6e37bcebf9431e64db9b8f6c75ffb112a1e2
y1_HG00673.2#11	47e0c1ecd231c4bded0bffc1672c4a7811e869afc1bb3302f1589417a8c5a123
y1_HG00673.2#12	ecb9233b553fa44abc3f7f0668ef5dac88aba7390f4d2275f261f20dc785b9cb
y1_HG00673.2#13	4490a4712b57afd86174a89159a59d8834f5fa0d4d4361d629f1a3c3d01decca
y1_HG00673.2#14	1e9a4f26abcbb597fea54ade310117ee2b581cef9cf5488447c51b6e7ab6e5a2
y1_HG00673.2#15	03529a70b231910fba99d955d50885f838342c9fe653beffda3df51f2c8836f8
y1_HG00673.2#16	fae35274b04158a34c11ef11d5d5a7ba95bb41a7bec5d12017273c5ab1a333ef
y1_HG00673.2#17	4d0019773119d61c4fd9df9f291cd119e0a20fed0a60b7b751f147c61538f2b3
y1_HG00673.2#18	472e73d796e20aa8ff9059e6316f218e0322548f661ec4dc267507ed66317404
y1_HG00673.2#19	cb9470fda6192bbf9ca515fd78ba93de2a67cbb5a3ef95f4472f261d75c772e5
y1_HG00673.2#20	34ace9c4007090315a8d97173f1d46c54070ad7a9dab9b2c08de70a93884ecff
y1_HG00673.2#21	8417a2347ea889a838080fb3246f82227137519c00392e48dd0e52a5e08a1caf
y1_HG00673.2#22	0e41e8b673fbd5426398ac96b4d23848c7baa116c3a8e33e4d95159ccb658bab
y1_HG00673.2#23	25c98c770fcd4946122322d63f6ae73b3fd4270d12ffbdfb6ca7fdd739dc93d6
y1_HG00673.2#24	9dbdb3b498ace27998d18c56c7e7db33f5928e05685b3462535ccfcace985e71
y1_HG00673.2#25	bee30e5b6d59c1bdf10100ef331706553fd3c4e6b0a342a092c6f6f733b8be36
y1_HG00673.2#26	159d6e3d1e869ba58ef83594c48744795e54f9a0e65df7951d6d5296cce51115
y1_HG00673.2#27	557af7668ffc73faef1aebccb3766bb125b5327e75e8022285c2b077ae682e51
y1_HG00673.2#28	eb5442705969dc8da5dfac8f9658dc68acdab5bb7635ba7cc551e389416ac34e
y1_HG00673.2#29	9731b90001f7c237eb287986f11c4dd004aa3aaeb21595a1f4ac0305bf52afcd
y1_HG00673.2#30	280411ec46912248f57e4a59a2154c0bb64da81db18416f2b67411622acd6e8a
y1_HG00673.2#31	1ab0be3e9a2470c581fb064ddba90e93cf0b3de424584b740a8335721b5611f8
y1_HG00673.2#32	a39957dfd670af2835183e22c7596ec010a6b7fa0655d2ac622f00ee93981c09
y1_HG00673.2#33	66383b85085d6d225b5ca91c2baf5e1fd921bc01ab3d0af53b945a51ad86ae6f
y1_HG00673.2#34	d2532718f14e94959369ce431ced0ac62607f0fd8953c75d71ccb172e955d298
y1_HG00673.2#35	59b7ed85b3884b3f4d2997d7df4441d6eb13c6aaad5b64eddfb86cb7c83c96d1
y1_HG00673.2#36	e1edc111496a385fef3ecdb9f5e5b58dc3a362808051402f813fe78a5c25e194
y1_HG00673.2#37	f80bd5411abd90254e32735c9d7d3d33afa9def2749641e85fb9d7cbac04c41d
y1_HG00673.2#38	691ffa2e4c52f84aec4c0ad92cdc7a6a5435bf0df04006682236b8ae4dafdc89
y1_HG00673.2#39	63271521bc2e14e7997dc9a48973485ff569d0b5c6b27bcf9d2cc8b98ae352b7
y1_HG00673.2#40	af3fb67890c14167f8d0dd971652a70f177110bd054c8307672647e6a70be886
y1_HG00673.2#41	876f14bd492bb5363d5efd8f10f2d26daf21ebf006c259c0a3dd69f78a2ff820
y1_HG00673.2#42	377e510f9d37bd13bc4878d7717623e5ec0567feb44e9c07c3a61bfa6069974d
y1_HG00673.2#43	09b94991a5c3a4b7f11d1fc0c16b946dcd3f913aea2ca7b4400036abc9e2053c
y1_HG00673.2#44	6f653640e4953cdd31e307628dddb10fc214f34139946153ce9a30a2d0a5912b
y1_HG00673.2#45	e9daf08095f26e204e128dfb607f897ec3fe8b3cc35600a122f512335a094a90
y1_HG00673.2#46	02f2807e5a761d16fb0ec935c0e33bec0a2e26cbceb465d61865a94002eda43c
y1_HG00673.2#47	d278e5792b570becdfebdbe8b10b98978269ec68d41d325a0d24c455021c534a
y1_HG00673.2#48	8086e71725bddf033626f690419df15f61b036a3526c5a6ca788c0a1e1edd953
y1_HG00673.2#49	9af9eef31e66682c7a4c3053e2f28007fd5f6ea4f2b668263ed2716fe4c793d8
y1_HG00673.2#50	c88b457332ea640087caa185abb69acaf97e5cb08969605a14098cdbe0e4a2bb
y1_HG00673.2#51	7dc855010f96fddd221a3f072f03b453115db47e25118e339c01c19ef42a8eec
y1_HG00673.2#52	8a3db83b4d87e7736df2339bc51cda94b869efe9bc41574d47bd0e3e48f0160b
y1_HG00673.2#53	49e759f36f8089052bdf4698ff070e2cc4956561d1c61068ccd3262bc617fd85
y1_HG00673.2#54	3d880c91d4dc916bb088323e2c4b88fc84523ba1592f7dee8f4d1555f86bbc46
y1_HG00673.2#55	dc343c19cb428e2dd4bd5068a15b85ae0f253bf976e5f5d6628cd703a3a212ef
y1_HG00673.2#56	8a22fe4c64f10dffb2051ecb95e1c97ec00300c8909a4048e5f7e4c5f3398d71
y1_HG00673.2#57	a872517eb935ee122aff98f7afeaf752578d638c9a164bcaa227dd6fdad2993e
y1_HG00673.2#58	84d8110e6eaa3a140839e56cc664e7a2d9f258d43a9029c19823c1f367441f7f
y1_HG00673.2#59	aeb104728a97b4e50f510d02dafb89c19c2a987a69e7b2ea9aa1ada2482230ee
y1_HG00673.2#60	bc0e529c5e01e2ca3a6f7cd73b35e907a68cde86eef620822b934f401a20aaff
y1_HG00673.2#61	f481a05fb3e169af07776b160c8d126f95d0a52e815660c32b99f0ea7ad5d3e7
y1_HG00673.2#62	dbc70e0ff91a650be84cd031c5dc4d7cf9febd70e52f672917b719fe5e8d22a4
y1_HG00673.2#63	1868f0f435328f931f1e1020e8132350dfe52be8246e70582d2a7de39b661daa
y1_HG00673.2#64	970bd1cd58df720011fadd95d5607ccdf73c05075ac216828cd5e007cb9cf6a2
y1_HG00673.2#65	ab44b7ae3284315fc0c30c63c085b068e3167cdc8fdd27af015e372a18f38339
y1_HG00673.2#66	31731c748b15b4b7590b2022b7c96036762f1cb7450e2e86c0fa7f16c493a847
y1_HG00673.2#67	651793756504975ec7ae1e515d94d67b972cf4b6371afc984630880f1f68ba69
y1_HG00673.2#68	034fc48ba584fc2a8b0b40c727e4ce36b79845d7ed910c63abfb2c22e630382c
y1_HG00673.2#69	55eba183faa3fdcfb94e61186ddcbadde85202244446a206fe334c7ac74d0ef6
y1_HG00673.2#70	9003d1e647c24941a98350dff0993332669c5e4ec14fbd04589f651f16ca5d8e
y1_HG00673.2#71	bf17ef87f8007ea3aa7cacf2ab481d8e85e6ba6d75dbef861bf79e33051bed1a
y1_HG00673.2#72	9688e761a3c92f32fb3abc8de12dbef076f7d1e430c1112cc633771f24b4abf8
y1_HG00673.2#73	7a380da90022f74dbd50948f0ad8d3c5e2a5854ad1ca36407dec334ea047547a
y1_HG00673.2#74	61906ec0b228c9232f31e73b546d1a2280f89a587f7bed6bd46416bade450655
y1_HG00673.2#75	042939b46dc967788284b7b641949bd28488d5065afeca2779276b44bf3a5909
y1_HG00673.2#76	7bd4e7d00f73aff202f0e71bac836f5a78a635ee3aef7f8a4469182867cdc274
y1_HG00673.2#77	e8aa21b9fcd413c98687a72a5ebfc96f4560d24dfc18ee84ced17700ade4103f
y1_HG00673.2#78	76a3bfcffbca441504d624548fdfce2e7599c5f5cbd23f50d523c7ff48bb1b2d
y1_HG00673.2#79	7b172cf1ca3270fa2de6c43b4df2f88c2cecd64888e91c9d429d72f86feae5dc
y1_HG00673.2#80	1388a7763efb904f585ca0e875b41430fd6acebc0ffd27abf9da4e62f54ad347
y1_HG00673.2#81	6ed418be0eccf01aace65a4563fd78aeeb6d2044f300029e4617ce406aee28b4
y1_HG00673.2#82	e3e51f49bfa71d5b0ed222ae24b1ec79dc441c217680fd7c22510520f70c7834
y1_HG00673.2#83	3b08a6ef8330c4042a06fc8bf877999a0b807860666fd708f553004bd04e052c
y1_HG00673.2#84	11d42ae3d88c0e6ce2f6b2358a8c3736143821dc2f430837418b1f57b469b2be
y1_HG00673.2#85	4c953419c2662662c5b6491065a3e4c094f802628cc5e696d3ce4212b9637fad
y1_HG00673.2#86	fa3236745aaef34c930eeaa57233d9d0dd195421efaa996e2f3d87009268c041
y1_HG00673.2#87	2fd352d93b7aa43fbd73e448976fdc9536d5a395b1e462121fcb4e75d7b4edf6
y1_HG00673.2#88	1445073371d2895673d29ec2294d191badd00269508116e421e2f04ed7b25b28
y1_HG00673.2#89	f0db322bc8ccdc2107194ae14bb7d1788cdb9b077c3dd837fd0b55d851a5ec43
y1_HG00673.2#90	d5ef0f0e059ae5fdbee9ef56db7748a14e3418111c0715c9be7fb0314ed3b253
y1_HG00673.2#91	9516b70fbe2873ceb381e7d80139c804910f0a389cc9d4d2704c8fdd3c953103
y1_HG00673.2#92	54c64940f948d91bba4007913d9aab50e0c942bd5b68e38d62b3098638d5dd54
y1_HG00673.2#93	2f108a793fc91a508124f3efbd04a15becdbc44e076f3e2bc67589f790afb12d
y1_HG00673.2#94	d06b2fd2db57ebd2249a0ce92e24efb68dd73273e98b1b3bc957afbca6a5178c
y1_HG00673.2#95	68d2b620113b8bd7ce0ab72a11aa8531e173d5db21c7b62620768f22aca8a250
y1_HG00673.2#96	290338848bccc392d17dd3db0c3f831bcf6baa9a4cf863abc7036deef5724e3b
y1_HG00673.2#97	64ec42f0510d96b59108fd9e940d99c30365b24106b472e32b5edc1c70ff1e3a
y1_HG00673.2#98	e24df35e338dc0181f971f7dfb150dfa7c2f6a09f697ee1188801f7f783ae392
y1_HG00673.2#99	b3071de0d16bcbe03257e37e90b88c25ab0105d2d3a09f6ae350d1a0db836d72
y1_HG00673.2#100	0363398c152c8315ebe3e8d7d96885e0081ae34254131c9d7ff10f49fa4528f6
y1_HG00673.2#101	462a58452615af83d4f3a6cea5a8be6fa759d1dae1de154b9d57f6c0792daa77
y1_HG00673.2#102	4e8364d9c77a78317a2a2d50740d425fe3396a2e2da68bec488707e416d8d799
y1_HG00673.2#103	ff4d081720e365dc9245de2c14db2829a6fed0303469969fe4756e94d588bc1c
y1_HG00673.2#104	034fc48ba584fc2a8b0b40c727e4ce36b79845d7ed910c63abfb2c22e630382c
y1_HG00673.2#105	b8653737c0abf49d5098a0061f7001ed6e8ac5fe226227d46bde289cd28ede1c
y1_HG00673.2#106	1f5470438b225fd1b67b59dec20b86a540f4513b9b924a1552dc5fb90963bdd8
y1_HG00673.2#107	df39aca65399c2792903f35419684ef88cc6d0dc2f6758cd106e4d32b9bf27b9
y1_HG00673.2#108	7b40126258177461f406399660049a6763ff843c3f0c16f5a6b7f11703542085
y1_HG00673.2#109	0c68607b9292fff3cd5172f9a070b8efc3f8555363de6ec0a2440c9a7827a03a
y1_HG00673.2#110	17693d05987b761cedef210440daf94fd9fe6a8fdf89eda442ff481e6fdc69be
y1_HG00673.2#111	0cf638759316e109cb262ce8d02b186f0275cb29bc5c7ef642b1b327ad3130f6
y1_HG00673.2#112	b87bee2ec8b774fee7c026b30883dcdbc339d094f383736217660a47b83a00c6
y1_HG00673.2#113	960289d5718553d0ade0fdf63431af8443ac0a4e07fbd2c7b928395f1f751967
y1_HG00673.2#114	a1744f6cc1d74dc843c7ee6388dca1c64dcb8c6c8dcaad739560423f93c04759
y1_HG00673.2#115	aede450c539c25bd3ab3a6a0c8fe44acf77ae23bebee0bfb289415a8b9b52ac4
y1_HG00673.2#116	646f25f698317802160fb06ef4391ff20a1c5f4d176e08b8e26b4cd05c019155
y1_HG00673.2#117	444949024e8e863e7e1ad538b93231a326d192293c6ed0be005c00b2158008b7
y1_HG00673.2#118	78540ff4227f34dcff52875f1ed8e8309ea5e6f13e6a886f3b57f3d86ed5dc8b
y1_HG00673.2#119	858e0f49df97364612e79f89b176c5bf919b1a991f36b1de8855a4830b4b7f2e
y1_HG00673.2#120	2ea2ac02609fa5574541c279de4e301dd5d8492a8ebaccfa3bb53486d3919b7c
y1_HG00673.2#121	4689ce84ea39d195f16aa69aa36c8fcef21549f978f0d19f0d78249e404dc4e4
y1_HG00673.2#122	6273a002bf1413e21563a99baf470468223fca63b52b00584ef173c311e246ca
y1_HG00673.2#123	3c3f8a0f754d537fd9f62f40ac58048b04427673b79954821d7ff056ee30c9b0
y1_HG00673.2#124	6df0aaab6bdda18b4bbf8e2158b565d6db00b4f535d89062054e3957d0777da8
y1_HG00673.2#125	b1db608cd75671d3b887131c8d583c26e68218e4c94afbc656dd2a43c37df366
y1_HG00673.2#126	be892b569bfac7cd8df1eabf91e66ad616188845277d71fab5c2dd7c55a8ec4b
y1_HG00673.2#127	5ab18c16bac7bcb7675b1ca625bbe7a1b023bd243b41ea969783b272a35ddb74
y1_HG00673.2#128	5b32d99f575990d07e4aa23356bb421cffe6ea002ae594ce84ae5fd0f9e02622
y1_HG00673.2#129	98bf030aa618d08d6c1d96aab1eb5c763058db900e848dce8d76b1b6cd85be2a
y1_HG00673.2#130	221ded767891b49ae7ec0966f96e894dfe8e91adccce2293548b01c59ec3e109
y1_HG00673.2#131	7e563f333ba304c32e72ebac30a0ebbd3ae209adb60787622c1026eb6ef5c019
y1_HG00673.2#132	6f306739ce46fa16bcc12924d1467ab8247521e69f0e4ef49c3857f78590ebf8
y1_HG00673.2#133	8a94798df15a74a33cd92a9f65c894a7d2d9d6204709ad412bd4fc1ef0ef4f91
y1_HG00673.2#134	13e77e02680cab14a0e0db136387874a4b9f09712777179e9288c33370a3a40d
y1_HG00673.2#135	b2e39bce5f653f6335436bae743b5eaf30457e8cf981df884fcfa1ff33676f6e
y1_HG00673.2#136	16d83cd5ec78071190dc4418a146dbf3d17bd5f240fc16c7957c6f48f5c72910
y1_HG00673.2#137	9edd33363a7e9e7ad03c266f77056113d47abc4f411f809c549dff2641f419e1
y1_HG00673.2#138	292c7c43a37f2ac32aea76244f29ce62717b6db8bbdd035ff016c02485faf7b6
y1_HG00673.2#139	eb5442705969dc8da5dfac8f9658dc68acdab5bb7635ba7cc551e389416ac34e
y1_HG00673.2#140	a01fa3ff102df4e533ba3c1fc51360d3bca18a708a05aa37500dddd4c26c5922
y1_HG00673.2#141	f3bbb4fee7c591fc05e8b01f4d7e73e63889e143456e2ed6d4f2b50d3fcb6604
y1_HG00673.2#142	ba464bd29d8e092a7995e35e8ae54f6b5af1ea1773a1a92f42bb2a9ce9e033d1
y1_HG00673.2#143	5fb50f1c23f8b44a6dfc8c87026ca6a50df8646b261b8b87f5f2d5cc76fff827
y1_HG00673.2#144	3f3230db9b3e6e9214e51078b1ba36c146b00152aa1390851794c63744b67aee
y1_HG00673.2#145	2b918319d92d1d37b7b264cbe120813031eef6845c1abe2110b1df412ef7df7d
y1_HG00673.2#146	33da0424d51c72b94b597ab59af8627258971d5a9cc292dbfb5aff3441e10bc1
y1_HG00673.2#147	73c7583b39b86030bf3c3b598046b38b3341babf8f3fa27d47f9cf610c1e48cc
y1_HG00673.2#148	a03477806a3d15d7c02534d9853fc2767381cfbc7999120efc67b5c69ad9b6d4
y1_HG00673.2#149	e986a461945ca6acf8f782c6da0dad2d870d1ce9ad6f6aa0c725ecad57ec1676
y1_HG00673.2#150	c1055edcc3c4e713dc6505f753d4f59ba133290f3acae4f1fe3aafc883265d11
y1_HG00673.2#151	089e6040e2cdcb1780761e76546d85e73def4f39326f97ca5b4e75024b7911f2
y1_HG00673.2#152	37b7024544bc43ff06e583eab914840df5b91b0185177d365a899d7240617ab6
y1_HG00673.2#153	8dec3bdb4c424c3b7ab80f14052be4b2046e1653a82fe390b2e577e51846f375
y1_HG00673.2#154	c1c5d8fe839d4a25b08628715f0c70bdf0aa8af1ce1e29f724c8b26221b40809
y1_HG00673.2#155	1d327c714966aef86daf8a1c1b48119783fcdf463a5df315f93208aeac26bc4a
y1_HG00673.2#156	cbc8e9b73024bfa08fa651c43cbae179d6e61f847b6ec0dc46ef8ffdcff042d0
y1_HG00673.2#157	07c5695c07bf12d7f8771659f7f05e4e87d17b0d9d3a1b313b26da1da7212160
y1_HG00673.2#158	54f0172f5de5eab987bc0c4e07741124aca46470933fdabaaab5a99ddf23221b
y1_HG00673.2#159	33d8dab5f305c51a660f9099a334648fad7079424063b199182b9d9fedf47648
y1_HG00673.2#160	d034b5e1a891094ef2ebf220e3e930f174582d674701daf85747c68c5fc96f78
y1_HG00673.2#161	f12a3c2f42cc07776128a2e92ee0b404df82d794220485b4891aaafb4c252df7
y1_HG00673.2#162	b1b90371eb73514dbf5e07948f0ed5189852402dcbf9f2a4fd0e94070e8f7be4
y1_HG00673.2#163	5ece574546cf3b5ced6e445ba63fdb818f5ca94b09259d15e6169b20875aba8d
y1_HG00673.2#164	47d3369484713132249f857220fc1556b98aeb2766a30af8057d26fd74e2e1fc
y1_HG00673.2#165	c1c699f930f536a25eaa252a68aa4def32d4eec7588ef2a1b669b86b703cf7e8
y1_HG00673.2#166	e68bf8a5ece004b9c7ca8a6155306e8bce47d809e0756f9df6804085322da83e
y1_HG00673.2#167	dcad814a43890f97a067fa6b0e8d69e76695533bc128198fc4c95ab6dbf757dd
y1_HG00673.2#168	3b01563b35e1746c1a7ccc3f2797ef7dc36f18b0c3f40ae30ef25a8e8fb1d2dd
y1_HG00673.2#169	806af6bf46ef554693b203c5b4851e8aacd6f5ba3613b7bfe4abc0ff7fb508df
y1_HG00673.2#170	1cf0fe49c249ce320ae5b9102c9a0ea54cd128c717e6194bae3298aea7d84b40
y1_HG00673.2#171	9297bd40e92a1c5166484727c441cdbd557d235ca7cf8ea7d126a39b18ad989c
y1_HG00673.2#172	68d2c310311d908df92dcab44f1867ae81cc6147fba1fb6bd711b323b55d7d7f
y1_HG00673.2#173	d4301c3200cf09d9c47ccf55b89057cf391d5e21dc58bd4243bbf5c6da70b4c0
y1_HG00673.2#174	584cfa7096459ef7a42db98b89adb02bc7c4c23aa063c54d0bd70b6671c98c36
y1_HG00673.2#175	c164d769ad3e4fb3304d410437c900732477426964c11a91c39ec60815671dd2
y1_HG00673.2#176	94a802ecf455f4f6d9bb2e1d37c37ca506074e4e19d05b66dc57c1848d8c0dc9
y1_HG00673.2#177	d891642d6f954625d45fb2b369b07241e226f47de960c9198415297da5f93ffa
y1_HG00673.2#178	f86005c6c77fac7723aa0f149707826ec1eef62bc133eac35181155a3959952a
y1_HG00673.2#179	4664001e03093aa4f367aaddfeb9754d01a9779308dcb5ad0d99a5d64c349b70
y1_HG00673.2#180	bee30e5b6d59c1bdf10100ef331706553fd3c4e6b0a342a092c6f6f733b8be36
y1_HG00673.2#181	4442f78351f7ae5a5e2b89901ac0f5d75c21724c1f543c25bab90d913b9a571d
y1_HG00673.2#182	26c1fe3a811c6f4a921dab6b9d0af58f84bc8f0242f56234160098be1479ace4
y1_HG00673.2#183	6812306a0ffef51774f49ba90a5e521bf25ae2c945907ccb2a7aad0f50db6845
y1_HG00673.2#184	1530175d8091d8fcc2d0367928f85e51061403a042cd5526f3f17ce336f1bcbd
y1_HG00673.2#185	818f68c4208c6ebb94dc6f992dc3ab4dcddbd3ddf638a3d6eb678d1dedaaf37c
y1_HG00673.2#186	6495e0a3686a7d1705e9a2ed94e8d49195f85fcd2f3b608a24705e7a5f20f13c
y1_HG00673.2#187	fa2b1589654bd44e734cc070445fcb78fcac071410b32b646d65318e4c80e454
y1_HG00673.2#188	90db577d52b824e29180450ec88c650740a4d23085d736fc1310d1cff9aad25a
y1_HG00673.2#189	021248e72a3a1f75f13cb7d69352f9aab53b6dece8d54189afcf6e600a8256db
y1_HG00673.2#190	3833be1245c114b4eb65b89c0d13cc1748ab99b218d402197352b7ad58b0ae15
y1_HG00673.2#191	e04df365465753716c62ff49e26052852f342d302933e45cf8942a30971f3995
y1_HG00673.2#192	acdcf3ee2f0126ca3064ef23af0bc8960d6656e07fddbcd57dfd3ce9fdbfb49e
y1_HG00673.2#193	604b90e542347d0ae94a2e3693cb18e356697c33faffe808426f3f40f705481f
y1_HG00673.2#194	56d332aa4d98c3a9cb7ace4adac7febd2783d22c5db626bf29ea5585632d059a
y1_HG00673.2#195	c6d53ec693502b9e697936339b84384a00a9872bc209ad8e7e00b0d675a286f4
y1_HG00673.2#196	27bc8283f98725223c484b0a590260b40c3464043fa4b71f2662ef2fb0300f35
y1_HG00673.2#197	0f27edc0539a57d4ecc7c93a2b0bfe07ecf585ea685fa0532cb0861e2951c68a
y1_HG00673.2#198	d49e07e1c25939997f95dae07fb30dbafb507bd603d3e23fbe2dce00cde90c03
y1_HG00673.2#199	4908dfe7bff1545aedff20480bf6abd4f541ae40c3ce77bd63c89bda72fce43a
y1_HG00673.2#200	baa43ab492b93f11c4d85938f08d0acba0fcd76377243d32c75c3aa5ef928040
y1_HG00673.2#201	97735bd8d3a9239d2a52c3a3049d06be1ad3ed13314648219ced33d64405ef27
y1_HG00673.2#202	6e4313cce0109e585fb6f024324e0c5ad0651bb611d19edb4afd0f16c22dad7b
y1_HG00673.2#203	8270a64c38483eda20d210e81117dcb88b25602216c330863a09bd1f4dddd520
y1_HG00673.2#204	6e6fdc3d29c63df830311eb3dc68b3da36a734a415d49b22e1bebf07463c9acb
y1_HG00673.2#205	e990d08d8ed4cdbb4500a2f6bf7bb75cffc2486d61e61e3368c579d2c2b8fe1d
y1_HG00673.2#206	0fbc26485e232f572b1a21f1c9e05f832c54fbba1ef95a67cbbb0102d1774cbe
y1_HG00673.2#207	380a7fd4ceb5932f4a1328a52d3d219726f61808e1338989dcafc930650b7888
y1_HG00673.2#208	3e9b0ce05df865e63696ed53bf5ea3d703fd7dbfa1eb813b782f35393ad71db3
y1_HG00673.2#209	472cd0e7d8df95617ba021b477ef2d394fb6d7f39d08e0fa03dd2791e9575afc
y1_HG00673.2#210	f888ec0013ee88f55178143693e0b0163a406848b9012ebd2fc14d007101c234
y1_HG00673.2#211	279f1428cdb2b91a37216a9ffd84cfa9aa87381045fd52a47a2921ef05582967
y1_HG00673.2#212	d4386af09c9212689e1ae27eee83c7c66a9dcc41a8aeeba5b27eb487f1618790
y1_HG00673.2#213	58bb119c35513a451d24dc20ef0e9031ec85b35bfc919d263e7e5d9868909cb5
y1_HG00673.2#214	4454a0d1b3acc81d2fa71181d261e6908723cb48ca99976709cabbac844da2de
y1_HG00673.2#215	f9cfe377cce01e471c4a293c0275cae51efd01c179c5a5ca3b274d2f6bde5ebb
y1_HG00673.2#216	969795c19e991cfb777742d1b0e6f845fe2d556386bd4149f216c9bebf36d604
y1_HG00673.2#217	d1903ed213aa487de7a225c0a4cfe98c58b09653c801f2de9cc07173e1735eaf
y1_HG00673.2#218	162f96f0a197efb401267a04e7e97edd9cc90758f37616c83ed470f42e39f766
y1_HG00673.2#219	cc664ccd13c167325e1bfd0dc5e7e18c17af7c93e9cb0ff055a8e8e4d48fc980
y1_HG00673.2#220	69b4391f3484efbe07e344ae2ee0503312498697bf04a3ac43fd9b2e8b719878
y1_HG00673.2#221	58bb119c35513a451d24dc20ef0e9031ec85b35bfc919d263e7e5d9868909cb5
y1_HG00673.2#222	b7f2786870becc8b75c8d1651579f1c4d35c4dacf6419c22026e0562fe5e99b0
y1_HG00673.2#223	3eee45c3bd4e35ee8953586ffa032fa6223064550232843754e4874c5b7e1408
y1_HG00673.2#224	cd20130ff8664b1da439bd03db0aeaf8d2d6138877dd89121f916a3765581d99
y1_HG00673.2#225	9cb992a5ae342c76145f19120bad8dfde5c2868abea63054a5c461e2bdff23af
y1_HG00673.2#226	59cd75daf5ace16d5049021785582673357251cd76024d53a13eb2722d4d2bfd
y1_HG00673.2#227	276803912ff668fd24b2fd918310f7c8f64e92b514ef5df0f9a3cb1450e4fcb1
y1_HG00673.2#228	eb5442705969dc8da5dfac8f9658dc68acdab5bb7635ba7cc551e389416ac34e
y1_HG00673.2#229	0740f8449a5a3925f77e2d7f51031be23e384c13b37cfb105de6524144469ef1
y1_HG00673.2#230	6c850e891fb5ebf7456b4cc919b54dfda9e7608ad019289d1f7216d60fb99d5c
y1_HG00673.2#231	69d698642ee8d1514ef40875becbc41d7e1c145faf306e7c72d9602a29af35e9
y1_HG00673.2#232	34b2ae1432e92524b02acf0da570ae2ae336af5375e2247d6194829870574ecb
y1_HG00673.2#233	74ab3f1581ea797ecbcc2d768ff1d2c6be1c0f15a26c3fb819172314e4ca2cb3
y1_HG00673.2#234	c1052ac6eabc629662f4ce2512e165cef35a0054c5e0bbf864b6d7ee6c0fe3b1
y1_HG00673.2#235	fe43859af809bdf64ee44dfeb0b1fc74748b261c86e903425f03d4eac478fca0
y1_HG00673.2#236	6c26965ed21226197a28074ed75bc3d4f8d1445a7f622d688109ae5c01e5a68a
y1_HG00673.2#237	994d2384b2945d26c007d5245387168008c677a1c4c112095eafff9bd0cbb6ca
y1_HG00673.2#238	45f0c7d9faa594b40e046a64505b15b9546ff46ade5097b654422be489c4e2dd
y1_HG00673.2#239	deb22fe950eaf62cb702ef6bfb4c671f82f155c4ead7d5045a04feed38df411d
y1_HG00673.2#240	e36ee29336ca5f51f22295cf39342eacdb83878e3333a2c4226656f7eb2746a0
y1_HG00673.2#241	4d637110f4b9c059d652643bf7558970deb29e719652b6c765261540eaa868cb
y1_HG00673.2#242	b4fae44c4fcebe43bdecf3a311f6a3d0e0a786d91f2202dfeea0b01b47170f5d
y1_HG00673.2#243	0d92ff97b4f78274ab1db18195af9756bf29dde5c67193e322e3c5347b7bc06d
y1_HG00673.2#244	9e0fb36978aa80c692d277390974b0082d444e5a5c324a0e013c021a32f0d9fd
y1_HG00673.2#245	f0d17a0178ffa9089965903d8af4c3387764259f81bb54f9f7b32a1f07d1fa12
y1_HG00673.2#246	e727107e10dd0cf73c6cadede9ed39973819f960bbd474108a8f370ce693438c
y1_HG00673.2#247	1926ad14a2c2ecb5db6c0f3683cea7fe8d810d2c50ed4cea7f355fa4c38e7a0e
y1_HG00673.2#248	19e3eb6ba62f03cf8dca51c3a83ca90685ceea6f760a877d14736d2ca37e8cbe
y1_HG00673.2#249	52c9d574bf84d37a7ef3a9eeae1a9c71b15a7b5abe7dac82bd732fa79f8cdcc2
y1_HG00673.2#250	4add238c664129f7745f215502dbc7c0ee6b22523e7301c5761da1d3936ee96f
y1_HG00673.2#251	8cb098f2368c4a8bdf334af42885bc875f38a35e7a7ac42f9e649bf78c65cde9
y1_HG00673.2#252	c2e6be00c77be010a2eba6c776b6a6d94f0522ef95239fba36796150ef2fb8b9
y1_HG00673.2#253	15c8b000d445276dc49e394fa9ef1a20f472a408384b5b7d3721345386a36f40
y1_HG00673.2#254	b1bf30bfea94d0295dfa951867e55278889a2fcf474c217a3c469585f262ac27
y1_HG00673.2#255	e137d8fd5325e66239a39c7f5649fcbdd85f05aa23974849ab4010d8bba6678d
y1_HG00673.2#256	e9de5eb4b291cbfe87796ba9179ab2aaafb1433085a28febda3fd6b01d3ed528
y1_HG00673.2#257	438af4488e6209ca3ab71df04dd6441886a3b4fc55fa50f05fad021d1886273f
y1_HG00673.2#258	56271d331355769af473deaf02d25a2c21fc71b72e6a3141becda0e64686f138
y1_HG00673.2#259	44971ac3768cf1ca13c3ed4ffe8629d8862d7b6f74b72529c4e26aabcd94d9cb
y1_HG00673.2#260	922c2102ca0d1478c84542d2c7958dd95ad6fd45c9f0baa9deb94b742ef77c17
y1_HG00673.2#261	53ac7cbc1faba2b31c0464a99606537b710eb9b33b95315fad1e7ab35516e018
y1_HG00673.2#262	736938abe05034a8227e24b2db4fd2d6ff2a8087b9b74b05db201a20287af28f
y1_HG00673.2#263	802e22168b57ca6ab644a16fc3ecbf29ea4856f86fcf770e4058b1ad0e0cf4b5
y1_HG00673.2#264	9ae816716fdd5670857a3a18fdbfb60ad627a67f5b80bf04e88f5f14e75006e0
y1_HG00673.2#265	deecdfae699d0c5090a75b362a8e621601efa6e32864fe7b7f4a3a586441a740
y1_HG00673.2#266	464387ab3d0e5101622967006b9eee81bfcb73e2c16699d2f91ece1b2f69be05
y1_HG00673.2#267	085396cb60c2731a90d436b171138efa39cf6f39fda947387195b4c480bba08e
y1_HG00673.2#268	de81ca224a4f24e543e84cce92a52832b3ce9a1b0ed3e9af4294f9f03ecc6f7a
y1_HG00673.2#269	626f0b58c92426cf5244c506b67c559e33794fe8f6345412a799e9dcc34b98b4
y1_HG00673.2#270	b4e3a4b609520c355ac9134689f915ec3b2a46ac3ab1bb03c4f92be32f3764da
y1_HG00673.2#271	347f4e39458c3a1ca3d5e35c30b5cc8c7851537e7c3659c26ff9a03e130fe931
y1_HG00673.2#272	75a9fe7c1fe3abe8da94a4288f52f83b3970c165ce7770aacc7168d1c0653846
y1_HG00673.2#273	084711ba2e23533b127e6c47e6b1ce9e0d4c585b3244868035feb0c22c72a590
y1_HG00673.2#274	0fbc26485e232f572b1a21f1c9e05f832c54fbba1ef95a67cbbb0102d1774cbe
y1_HG00673.2#275	9b7b7a6a886da342a9fc16990385c96c5fdd47c11295773a4b05813004e12991
y1_HG00673.2#276	3406c873b4584f6016bda89331a9e36113f66f5f1275c01b1d8f364e04bb99aa
y1_HG00673.2#277	677db5b0e90aad544b9b6c08e1bba10ac5529adae7d23f7f78d67d744950753d
y1_HG00673.2#278	6a790fd923a6e141cc731582291776bda2cc913e46c8cf3f5bcdb56fe7559bca
y1_HG00673.2#279	9afd9414824cdbbb480f2ad4f6fe83e8ecdc9e275c3e86e8c81e533023384e4c
y1_HG00673.2#280	aa813c9329dd3a3ae77ce12717b979d0ccfb032de2ad70c0cb61e1198c60985a
y1_HG00673.2#281	51d18b2fef8e90e07062e4d9cf434a41adf552112e423c8189b1f9bd035fb814
y1_HG00673.2#282	4ef1eed4bfdae88bea9d2bfdd975b4b949a25e5f9d8ab09130943c56ae4aede6
y1_HG00673.2#283	f28462974c1054aa8cdb86e1738d8da0033b43ff3a9c48b711eeb91ae7fbbe76
y1_HG00673.2#284	2d436ac489f4fdf6b7243062b2621b8005f2881a89c49422362d3974d28d3334
y1_HG00673.2#285	95b5892cf2e494f288ffbb0b9c7514e3261fbe2d52a0b16067c0e4d91327a675
y1_HG00673.2#286	0bf0ac9d0a7d44d7cc60e5fa66371e9d1fdf76cd36863dc9be80cce55a42168c
y1_HG00673.2#287	36f571b00f0d1257ddf6603571b2ffd60f9fff3e2b1a28e326f5ab908dd858dc
y1_HG00673.2#288	b4fd9aac65c0ed6393e0c120c00bc60d132d05e6001b66e6a22fbdf9daded8bb
y1_HG00673.2#289	02a7af7a1d6334e3cb2dd89a8ef30d9e6d31320a189bc7967c6d62dd8f76d5b6
y1_HG00673.2#290	98c579480c8b481e62a3dc4a47906d4b7d690307b45122fdb008151b745dfd74
y1_HG00673.2#291	4f0cb8c8a369b827f93f99c6ef55c13dab6d8f8af9846e8c7c590d3ef8096450
y1_HG00673.2#292	24b2380ffa0f409b42a85f4a11e9a14a00199561e38773ae02b89fb5b462a11d
y1_HG00673.2#293	f698e7bd39bfff5735d8e136e59f149b73dc2c8db0678141c5e48f8662e3e904
y1_HG00673.2#294	64eeacbf5bc900fd965ca1d1b2859f9bb859e469101d159e054255db3e24fa34
y1_HG00673.2#295	4d647648d1a2c158a99fc59ca625f7ea391ad0595989b42731183244352c7918
y1_HG00673.2#296	e689a087390435a356f7fb856928313e34d40f2598a479d7e8cfa36ee8ff9e7d
y1_HG00673.2#297	9c55c4972667d0c65975069f921ced5818ecd789de3d129dd17ad910b22e4db2
y1_HG00673.2#298	41d56a5c52ee4546d0a2b1678b1cb8e7ab2fb3476f218fd43db1bdc6ded4f378
y1_HG00673.2#299	7af2d824a559c4f851f0b295f7c891d1f160553fec6917dfe3401265f5feb633
y1_HG00673.2#300	858ca77a96db9b15413eb9126b790357d0f103a1c6f19d4d8a22a77507c39604
y1_HG00673.2#301	3ffee5acfe72661af25e71606c806338fea45541df68bb8a657fb2c060eabe78
y1_HG00673.2#302	ba464bd29d8e092a7995e35e8ae54f6b5af1ea1773a1a92f42bb2a9ce9e033d1
y1_HG00673.2#303	0bf0ac9d0a7d44d7cc60e5fa66371e9d1fdf76cd36863dc9be80cce55a42168c
y1_HG00673.2#304	de467bdf1c2935914a831defbab469e08141ddaa973ad37562036f4c53ded2ac
y1_HG00673.2#305	89aebac2727b04cacc757fadd3a5820399a57090ebe2c77f681178cd27d4b4a7
y1_HG00673.2#306	dd955aa698b24ac84496d5b32ec2d45c929e25d3d9d1fc4d601b9a9f0d52cbb5
y1_HG00673.2#307	b5eb62f25b2f88d1fe85ec900da04ed1ed4f8749f74118b1f075dbf0ab60562c
y1_HG00673.2#308	0c4a254b78cc4979e6701c5c67350a8471240d4b59094f29b871af5f73a8c4ac
y1_HG00673.2#309	2b5386683f9e934fd687553febff946142e6acf515e09751d955a6ef273ee0bb
y1_HG00673.2#310	6e565c0d4deb74845f2de4413be0c44e1d8f120a1fad52a5580b3ec945362f7d
y1_HG00673.2#311	b1fd9c5bf9bbff60441ff679cd5f53c7bc869a58d134e60c6e1d6eae810aeb9b
y1_HG00673.2#312	887ff04f76cb7252b0865b72d91044969ff116b830b72d149b06af0a1a267374
y1_HG00673.2#313	d77adf2192cb5d0199d6599f5d8819c48e41cf7d1013770bf5c8a2aba973a221
y1_HG00673.2#314	6b6adf9ec3b35100ce0b1c5b312720bd05e25c2d863897bce1c38700a9ad1c9d
y1_HG00673.2#315	6655695fb33d135abf2a79dfed4827af12b771e265a4e3b33ee49f7412636abc
y1_HG00673.2#316	dfc2351f065570ed708bdc4eb1791ffaea0997b20e912f26683cff602182a11b
y1_HG00673.2#317	95510e75f8f7237e9a60bfe6ee8b24ea3cefd665330ffcbd17bf5d6a02ff20d6
y1_HG00673.2#318	ade00feedda1ea4db5569165da23a1f4676406e6e5d708008833a2b6e45a116a
y1_HG00673.2#319	e138e7fa68241790ec08c623a3a94d9cca3f8ea38f192696c33f894d743bc7c5
y1_HG00673.2#320	46e4d6d220ba9b45f43c10661203471c3964104c2f46095d0491b61bbdd62265
y1_HG00673.2#321	3f322e79a65ff94ce302bfff0d17c00f4c226f832d4db4b7fe3388fb294176ef
y1_HG00673.2#322	f0ba0ded0850c59cf2153b8e369eea189d3bccc3516d4b3d4d8ed0184cf571c4
y1_HG00673.2#323	784c6848d30f42c154b2f60deef89902d56f92ebbcc823063c19097215a9209f
y1_HG00673.2#324	0de28524c954258c38e689f121c6b139bf4db6245e4291ec271ee509e9fb905e
y1_HG00673.2#325	2c03ddfe571cba09722fcf168e449a464f5d80740644e05f84039452dc596e74
y1_HG00673.2#326	e9f41501c1a6270fba2834e4ac81a1248888094a10c88992e4b54f4143ae3b7c
y1_HG00673.2#327	631e8f19978cb755b6ceec2ccb6f4d3e22494cf59f2598eeebe84319d653b8b0
y1_HG00673.2#328	b13f93a12db29ab42051242ff8de06997cc25d82de4e241c72664a870ceec767
y1_HG00673.2#329	4536c3eadba2a1a3b9619d379fa433b7aa73015f326599588dab98d1c0d86337
y1_HG00673.2#330	dafb1e29b08ba8d2a8eae918e77f22ebd1d2865fa1c5791e441442fad1a8082e
y1_HG00673.2#331	d78a70d90c5df44bc4af02a268c4ab42f40eabd5180cfeb3167d8eb489255f79
y1_HG00673.2#332	9aa9513f3b612632809eb216c0199a7a8dc7af952b93d2441f5dd60cbac52e39
y1_HG00673.2#333	35d1298ca08a8b5f3fc05ebed230ba9aa3fbadcabe5728b60fbd3be26645eccb
y1_HG00673.2#334	e0913e9bd3bac320073d0fc152455c501529def0547f98bad64d2b92c3e99a7f
y1_HG00673.2#335	49511e15e18c9939ee78cab8841e092fabd8041289600b0e746a856214c6de37
y1_HG00673.2#336	3cf862c386051431a6b7bb47ebf69de68c22c2cbc917c82641fb105e4625f447
y1_HG00673.2#337	a7d11ab807ba9c9f1491870f15178f3d41e0e871a9299b05d052fa25d02b6500
y1_HG00673.2#338	bbd2ba89a1a678f32b0b035f9b6671489cc3f6fa5731238ca4d21a46deb3830a
y1_HG00673.2#339	07d079021731f73b41c70526116170d79032c14910de255738b00ed87d334ee1
y1_HG00673.2#340	8833f65a5a890edd91fea1a183ee7894422facd63f3e35c2368f799b4bcce2aa
y1_HG00673.2#341	4bb44b5344c11dde1f9d12fdd5230deaca17ddcc1482faae53e8321d6a270980
y1_HG00673.2#342	d4e83790e9f9ddeaaf349056cf016cee1d7f5a2c845618b068517b38d41f0cb5
y1_HG00673.2#343	5b4f63c3574ed80378114c52515f776a35bc508fec9fcc9e65dbf2d07c6e49ff
y1_HG00673.2#344	157552bd17829892881a3dd1805289e5226c361037009a998f2ba6c23c129863
y1_HG00673.2#345	7e37309bc47efd590aabeedf1e96d10cb057df8616cdde1e5387fc106a2b33e5
y1_HG00673.2#346	24d4f3482f2a76a5b33421c848d415ce4c1d77a087bd08a0e3382c876600e054
y1_HG00673.2#347	a0ece6a985cb8aa864bd1d78fb2162f74e71dabfecabf996ea85a6d9fd5131c7
y1_HG00673.2#348	c93bed3d24469a8794b6d2e7ef4f72566214469d36677a7f7aa12cacab0eb83b
y1_HG00673.2#349	ca7b259f29e2bf93bb4cc4fbd5486f314903ad91a381fb6d189590a02c0a390b
y1_HG00673.2#350	c4e426f73c0365184b4200b721b78e4716db249c14738224b80abe9f38902d8c
y1_HG00673.2#351	1f8015c4f24fc2d32be24536c57b41c9092de98cafb0481a7c60fb4c9e5760f3
y1_HG00673.2#352	61a96451740f55cd7eebb167e0c1b2a2601386aed54cedd81e9839c3072654d6
y1_HG00673.2#353	f35d0ec63a4ba6d76d9df1d67516ce18e8f1f462924bb0aa68435d05de22d10d
y1_HG00673.2#354	3fb8c2ffc2e2a58fa6f499e1e6ec987f9c7e2f45a8e4c8708c95603020914252
y1_HG00673.2#355	36b5c152e0e44d955bf47c79fac3dccf598f0d8620cbd7c56133e2a51c402adc
y1_HG00673.2#356	bee30e5b6d59c1bdf10100ef331706553fd3c4e6b0a342a092c6f6f733b8be36
y1_HG00673.2#357	45b573e25b06ee5b81f4683ce50244ffadfb9b33a14b7d56fa78e3f87a6f0012
y1_HG00673.2#358	1d7216ae9e2006b83ce92dc488bdd72846c3eb417763aaef5ee1a0817207d172
y1_HG00673.2#359	016dab6cf6a664c5a0c31d8a799d8980a4c59eaacc35ad9801643078639015d7
y1_HG00673.2#360	423c30cbc7fcd128cc35e9d93474ea6941c67d0d96338bf8185b9541b82372da
y1_HG00673.2#361	61b32684cc78d6a968a2f31234ad8b6b235ad22433ea1e5ae56849940b412b82
y1_HG00673.2#362	c43b668f0c4a37cecb9ace48c23cc69f7ce7ca2e73502103019011fca7a45131
y1_HG00673.2#363	1688b99c4d64becdbeb639900a15e9ea3e3df004112cc49aa30dbec073919a80
y1_HG00673.2#364	e282d36efb4c3bb94949f67162b2f3d69079cb91deeb3d09da2a00fae406479e
y1_HG00673.2#365	82d92d938b87b4146671e8ce60019432f3ff29edbb6adfcda34f0d23e6438664
y1_HG00673.2#366	570bfda5f39cceedfe1b2d7c4c4f909b17e23010d5fb7e8283e8f792dfc2a96a
y1_HG00673.2#367	7d4d3ff9fd83cf3e5ea818c137b4e78ba5f7262bd095ddf33e84ef2c81f681f4
y1_HG00673.2#368	df686edd69803ff3e847b3296f88ceaac72cf3085a9282dc2f082852350901e3
y1_HG00673.2#369	a4f4a216b09fb5866bd33bf3f6a0ce930ed760b55788cc2f87556509d12fe06b
y1_HG00673.2#370	6529aa81de5519cc129306f83421fb5601961f3aa177c6696350c3f462cdd590
y1_HG00673.2#371	40c2f8a0fa2d8617347004ea5aa7575d214f063bd86a4c75dca9041e95ec29ad
y1_HG00673.2#372	9efbc0c6678c655fb71240599215f121598e85958415ebdd70e359b31656a2d7
y1_HG00673.2#373	ef6c9d41515259fac98442b2cb8833c7f319c6e7ba1e4ce4a840593328fbde71
y1_HG00673.2#374	f1dd4e332a4ed9d22c08452b8830669df30fa5ef1620eca16a065972bf8d7fdb
y1_HG00673.2#375	c8873e547b30f5c88c67433c71fe9c24414716ceae3e25be8f08f3c51c9cf59d
y1_HG00673.2#376	921915077b750b56c7eeeb673dbaf20d38b7662cbc14d8d79d8802c766bab491
y1_HG00673.2#377	d493e15d04b41a8b06f129b7f88b16adddf5f0924f9ce9ce3560e1d30368f3b5
y1_HG00673.2#378	ce8dd3a82070b1bf0b166b0279c6628afc634d98268cbf05e32257ba268487c4
y1_HG00673.2#379	56d73ec23574cf25458bb98c010ebffdafa09e9545bf5d84a51012b99514ed09
y1_HG00673.2#380	ea43912ffaf2d7223d6a8ee6eda2012ea2efa49d7e9eeeb6fbca5f3bb5b7a830
y1_HG00673.2#381	bc67457d7930771993e74fbd09854bbda211ec769853e6978c28bf648e4fccbb
y1_HG00673.2#382	7749cf21a28649719e82245d4144be51ea2f588129f3f191199d6c1cf22c9deb
y1_HG00673.2#383	806747c0f8ae4745a46200f56d042b6f63a6694a1c28db17ed555de0cbff7cea
y1_HG00673.2#384	27604f25df1c7cf2aff8e18a14141d1845c879ff48e979aafbef53add56a6847
y1_HG00673.2#385	ebe3c1cbe8556d19d9d6543f9d8de9ba048059dd5e48bfd326977c765385c5e6
y1_HG00673.2#386	5014f450309c52861c6307166947e3604ff10d8fa6ed86c504f0c096e260b7fb
y1_HG00673.2#387	2fe2a16b1920b8d33db8d94dac0165871d01a7f1b4a62cbf98d57954c8572e64
y1_HG00673.2#388	ea339b6d6d41d113a8aa5d034b5000ad9c2e38f395d5be388810dc339bf24afb
y1_HG00673.2#389	f68da9cc6f66163d9832c4c84003e7de50e19bba33eb9ce1ee28e6ead06c4ca9
y1_HG00673.2#390	6b9550ec0646583f0300a7f0110023d239609d0503af25b7fe239832eb315029
y1_HG00673.2#391	af085421c19cc36b63e004391310ddfa32399f388a162a2fb74c37106f5c355d
y1_HG00673.2#392	86d159986ce90d7d491fbcb703f846ef6231670e6400af6c29f70b2523b6cfae
y1_HG00673.2#393	8f7d017087110808c99473397d7862a46ce8b88d1df21afec8cfa104e5f160c3
y1_HG00673.2#394	6c70b87efe6e292d04adf3f4103b9d24f365636dc9ae098eb7f337763a09a203
y1_HG00673.2#395	6de1d349196fa592c93e0cc6abe0bd31e50c4bde41e5c974997dd940ad1332d6
y1_HG00673.2#396	928a7cdca0c2bd169dfc71e48c53e911cb2921a31c4237a195528b962ac7a003
y1_HG00673.2#397	078c36056b1ad9179778ecebfa8532bf18642c91a1814f934d787fd1795ca173
y1_HG00673.2#398	cc4289db4f5a04404d7f0c05dbe838a49341d3eb1522c472586fb11c6d2fde41
y1_HG00673.2#399	d093e736be922ab61d9d7a92ff22e06f7aebe43defe6a3da2f4f57b5abb2c3e8
y1_HG00673.2#400	be9c73e8f9541634e854cb78fd1bb6f3db2c1d45df837bd3a3660b34c3251afa
y1_HG00673.2#401	331c352689308fff4cecd2b6df80b1373997fd6bbfa9365fdc8ce3be15bbea13
y1_HG00673.2#402	fe060c125ca9862989ca0080f0a5491e88174a1b66fc37023d9bdbe97780d3ab
y1_HG00673.2#403	0ab44e53bae2d24d3a2965992458ed8799c5cf691bd3b1138c6ae1be1b7150a9
y1_HG00673.2#404	7a7af94630d66a80ba8e3bdff5a224a0b268d834f22d735ac0cc75eb33adffec
y1_HG00673.2#405	e1709ce2426be9bc32f5c366abc504c8e3799493dd4c2f3566148507cf1f51c5
y1_HG00673.2#406	ea79c3f699526b591e8677f5a9f4304ae0fb2a5ea56245c03ab0d144ae092d05
y1_HG00673.2#407	58bb119c35513a451d24dc20ef0e9031ec85b35bfc919d263e7e5d9868909cb5
y1_HG00673.2#408	9844faabdbdbff92e16fe246a10f7a273893cd4621f2d692ab7773cef6dc75fc
y1_HG00673.2#409	7acb7c9b5475223578e643eaf8202222e4190bfcd37e7cdd4b2080d5ebf280d2
y1_HG00673.2#410	b75915420026e4376524f6fb696c4e3476700debb1fa14ce28bf0586f6c7a757
y1_HG00673.2#411	d51fd71ebefff20663fbb367713157e1b2f218959ff17ac1f7e4d89e37071ad2
y1_HG00673.2#412	5464ba4c237e8afde7b9be1124009b4c7df5130ee6e830bb739c356c9fc8e2f2
y1_HG00673.2#413	b324bdda69b9f27fcd8b8ad01ef2a44d21c40a8cf526022ae40a72c92c38d557
y1_HG00673.2#414	0fbc26485e232f572b1a21f1c9e05f832c54fbba1ef95a67cbbb0102d1774cbe
y1_HG00673.2#415	3edcbe4f7c9bcc6bfe419d7f24af7084e59426c6014df1104e85bd24a49f42dd
y1_HG00673.2#416	b36243876483de378273b886b0a1e30d6a63f8d6cb3aacd2df5d87945a371119
y1_HG00673.2#417	76336f48a03d8d6bdf138e69b663b3053972011a3f8fa01fc466fbfd428010af
y1_HG00673.2#418	7022b9d95659627669f561fe3ccd599c98136b34702f2dc3481145750b066c84
y1_HG00673.2#419	107575c59dd5ae217174eb79117c53494197820ca43d13c1837c4cfac1252d2e
y1_HG00673.2#420	dd11fa4b5acdc88178dfc01cb3acb37d7ca7e39b307a8a6f25d14ad6f7f38090
y1_HG00673.2#421	2fed51001063af3cc43da97e0559e26c224a9cf0ad698cd68722a1e6bd0efe92
y1_HG00673.2#422	56c0062f64c89678d699ad71250a8c561cfab5278db4dd13f8f7e8831dc23d75
y1_HG00673.2#423	b1ef8e9440a30932e7e6c4596b68a86fb05826d30e66f26597249e34c49979e5
y1_HG00673.2#424	7afc0229276c7e77c57323ff4354048e51c938a88150637c0cbc7aa19898b4ab
y1_HG00673.2#425	17d5bba63be2ba7cf2d5ab0858fab463ea5b1bf01661caef8bf8a1e8b01d7e18
y1_HG00673.2#426	5a79408d85533bc7b49879a6b947d27a75e3542c9c4f0d0635ac8ffcf7f6e00f
y1_HG00673.2#427	112ceb8a5ee70e354839d64caed9aae95717444d69e845ba8876f4e24f009816
y1_HG00673.2#428	edbc57f5ea14b4bfa63ada3841160da42dc3ed5ac17b9c51eeb5014414bf919f
y1_HG00673.2#429	7a85864b2693f73bbdd77ec408ef9a1fa06a7896caae294f0243a8223725239f
y1_HG00673.2#430	1741355812a57ca5298533080418f48bf4557ff3f4c2606d58268e380cbf2275
y1_HG00673.2#431	eb5442705969dc8da5dfac8f9658dc68acdab5bb7635ba7cc551e389416ac34e
y1_HG00673.2#432	f9709058f3c4dba8599c0a5d83776bb003c61a83abb86a464f7bd116a6b24cad
y1_HG00673.2#433	6e9bfa8c129e0577b8864ccc6b6a06cf268bec0a0396453e9db236ce822d83a5
y1_HG00673.2#434	0d3726654c5836ceb9f2153c933e9e4590dcd4b11bb247c37188954a5bff1251
y1_HG00673.2#435	00a04bb202b4ddbce63af617bc2578ff019ec6c7d162c7d737350064c66f16b5
y1_HG00673.2#436	4195eecb78f2c32bb55d8a4f8d60500c98c9ea92973675b003820cf6f47af8d2
y1_HG00673.2#437	e4ca6b64608c1016146aa2e5f50873cdc81a56378311e483177ae84467ce1056
y1_HG00673.2#438	7ffb10a91f84d851749b71e69f488ac95af45e18a415afda576b8ab3aacb6e06
y1_HG00673.2#439	c64149a3162583fdbd2eab12f8d393f877f97bc830261dabeb7041001d7ffdd2
y1_HG00673.2#440	8fcdc78dd2e2554d79d63d72194f34813687e2f4ed9eca1b93a1521be33502dd
y1_HG00673.2#441	58f4e9a218555df85d41517fdce1067cd5d8a24006bc3165fc35f4e9e16c25de
y1_HG00673.2#442	66f95441d706470e845c96c81f0f1bf645bfec706f0fd2471b6c43846ffbbd4c
y1_HG00673.2#443	eb5442705969dc8da5dfac8f9658dc68acdab5bb7635ba7cc551e389416ac34e
y1_HG00673.2#444	46d445dbdfdadbf5dab523ee0e463af9c06f587a181b9335eb7c892eba478d33
y1_HG00673.2#445	62fb338f0a65de802da1e52119790eeaf4afce5e4f06c45b3a6764d1926cf125
y1_HG00673.2#446	1139c67b42dbb17ca76a09de84d5ff028acbc7d5b4d03d6204db4063a9756599
y1_HG00673.2#447	487427b7b0b31bdf66657cb848847d4c21bb0345b8746f07c804bea4e8da5e25
y1_HG00673.2#448	93ccf25b78706fdc6a82f98b6b7a1ca441de9d5522fd27d7ed7913c19b6fb944
y1_HG00673.2#449	b25773554d1ce98f30c58506ea370aa1e4b9d9afb56232e2bbfec8279ce66798
y1_HG00673.2#450	967ddd785ed5e395707c4862f66b2677d590f1f03cadf9a78665d9d32e0e1a70
y1_HG00673.2#451	b636b4171eb6e9e0df5d439319347bbdd0075784b7d0ce58eec066cf30cfff7a
y1_HG00673.2#452	6b23a9d277f363a8992dbb24cc1e46f6fede3c84f86509cc5f31942a5373572f
y1_HG00673.2#453	44f578d0539ced83cfb025c2ba1952b88ab30f7ba6e4ec788d66c709b3cbad9f
y1_HG00673.2#454	f210383e081a6bd560065e53642aa6093efa0491872e0e679283cb5d257bf5e2
y1_HG00673.2#455	314eabd4c69dfa1c8592920501641cb4fc782214509c087e0bccfe03911904f2
y1_HG00673.2#456	287bd2dcdc8660141af8d84f37ee34267f4fec9559d69ab5d537da3c4a0c59da
y1_HG00673.2#457	36e7c595ab6e2d6499f358ae01e4c3d8825f5bcfc74cf77aa42874fefe55247e
y1_HG00673.2#458	5f83cee98e363485c712acbaae9247b826c70de611644acdf0f956b2e77ba950
y1_HG00673.2#459	8e7bc4b662fae909eba550e35f9f86e89697078cfe81d2a062385f0cf74dd9e5
y1_HG00673.2#460	486ccd0d53f023851b6ee4a41e863058c7d88636e7b3d1d901cf179acfd16240
y1_HG00673.2#461	4d0d25b9ae115770a372670d1c931ca02a8aa9752744652fc6ba38ac4af30ce0
y1_HG00673.2#462	cb4a75e58226ce759c775754a3259daa1a42bdf4f9fc4551bf7868ad513c8690
y1_HG00673.2#463	9779469589f956f434b70b578302dcbaa084a5eabb0124ccd61b0ae58c596e70
y1_HG00673.2#464	e9552c0bd53ba5dbef89fdfd3ef445cb4dc57b38b1cad3944906670f28bf0673
y1_HG00673.2#465	9af9eef31e66682c7a4c3053e2f28007fd5f6ea4f2b668263ed2716fe4c793d8
y1_HG00673.2#466	bad77dcaa520286d5fe5514cbf093f51177bea8904f9d86e9646202005e685f4
y1_HG00673.2#467	22670dd52c62d56a7aecff1a90384548be4c801e902112ffd5df9bebbc5f8cf6
y1_HG00673.2#468	56d171470b778875e054f0277e9fb588f391b46e7e4fde24c47a2abacf07b048
y1_HG00673.2#469	f32f28fe6f06f39f73f57b2be7957e04cff6586867257b221ae806d272abe44e
y1_HG00673.2#470	2e5415a521cdd370b940bd712a0935f40f3ba3207c1de87cc27e2c1f4991a04c
y1_HG00673.2#471	32babf05538055fb0094ec3a8bfcfc18e09a842a6bdc2012cca5f7f7b9c61957
y1_HG00673.2#472	9db1ec2d981dc13bcff91795f3d2804889620323c003a318383fd8419f652dac
y1_HG00673.2#473	21b004112c0853b7dbb0f8dface40165866e95afb59569ccdc13544a0fe37699
y1_HG00673.2#474	176c82f32f0ab3b293c790aef4fb38c5ff5aa0a7cbe72236344edeef9da3449c
y1_HG00673.2#475	fc41713f6c3fc21fec9d12ab712293342ffd565da5be1bd084a268c07ab2c548
y1_HG00673.2#476	612518d17f11f6955bb23929488dbb1cd983cffccfd30ee20f9ac9c78231b31a
y1_HG00673.2#477	bf28caa361136de4161a4467ffa36b619fb8466d7ae22f82ce6106ef196b7bab
y1_HG00673.2#478	5edc20b8a39237e093c182d963856ec3922299ce8705f1e06ccc8b1abfc21771
y1_HG00673.2#479	091c6acc9b9ef3f55f2cf9194856b345092b4bd07eb2aa15aad148873ba881cb
y1_HG00673.2#480	09b2b63f1c95ec041d45a87d0cc83b1de61014d83879e29964b5df4592003450
y1_HG00673.2#481	19a1199c2628e2c9bd1eaa535cd745a1564db27bc3aecbf709d03b362058545d
y1_HG00673.2#482	e2fcee69bace068a3f3447916c5e29c77dc69318b6bfb89757ca526f30dbd00b
y1_HG00673.2#483	90b3099249c2f61a39aa9af490f5b3e035f2674c1c5b8ef195bdf5c81fbef287
y1_HG00673.2#484	4ff566bbeaf45dd6c8e7578d8032be8e1c6db45cfb4027695dfef5c14dd85c70
y1_HG00673.2#485	d755254eb695ced70c312bcd451e00f91a1ef642f5efaba173375b702c80ed73
y1_HG00673.2#486	68896074acb198bcd362097f98e29c021c5243a1594794bbefe197ae941f09e4
y1_HG00673.2#487	2334f1695a6d22d1e1121e4bc1ab46e87a794874f7d7e15b538af40328be417e
y1_HG00673.2#488	b54911207ab7de747ae998804d959f8d3396401cbbd166290b1d16ea9989c2e3
y1_HG00673.2#489	51141b677e426b43f52dae36d07c6007ce26f2d97409c55bd7af938de0b415ba
y1_HG00673.2#490	394eef5eae7366bc25be3f0e3a7ebad9ab60877cf58ea6086a55aa2b4ee8c308
y1_HG00673.2#491	3f2529cba2f4e27530ba90bf02d5abb4815709e2d9d715d97232cecea4e9f7a6
y1_HG00673.2#492	f220faaf3a115386b0df7b99633e7264beb6c17515e63111f5d02e54c0e03d7b
y1_HG00673.2#493	e7d61fce53e31fe221a02e9ac3642747647feaee0ac86b182e3f7b904adfbf6a
y1_HG00673.2#494	2ea112193c63e714cc19a49af63d92296b5431fe0a511bc4b343113f42e9dc11
y1_HG00673.2#495	b32062bf7b8bed45bc6c7bedfe1c093bf2d45c0b87973bab9e1ef4b85497f469
y1_HG00673.2#496	398ac71a661694526f0f9f64363f3fd51b232070d0d1c362288b0285dd1bd3b1
y1_HG00673.2#497	b16cba42333a12e029fddf37ab8feec276c14a0805b57a0f910626902f66283c
y1_HG00673.2#498	60eb77c2d8bf756c87663c7243b05bd3d4e2b3e0c65f0b6f07095b7688ca9a3e
y1_HG00673.2#499	4f3ed0c58fb1c30736fcc6956d2fc1cd198f1956c7d94694cef7eeefcf25cac6
y1_HG00673.2#500	d081b4c1561586fd3d7ad5df5c6272a40ad759d1934b4d6355a7bdbdb2790e09
y1_HG00673.2#501	7643d0cf8f31d3e023046f5cadb7ed205d80312db478c8277fce119f1c156fa7
y1_HG00673.2#502	92d7ade501d5bba09f39a6d8b507821582433b13a171d43c76e0025f190c6de5
y1_HG00673.2#503	9c87cf4884cd68430b8ba9f0bb4cf3501f44ca4c17e4a659ce072fc4fe950b6d
y1_HG00673.2#504	09850617b9e8dc64fff2b23f926c591fcb789a56433ae547e39d0883a73f5d56
y1_HG00673.2#505	9252f27eee91839d0e110e7993694a6d04c2f91db9fea20585dd39179455c121
y1_HG00673.2#506	aca8d516073bedde68d060ba1ce235bc68c78e2ee91faa384737b4051938683d
y1_HG00673.2#507	6d948e848b7a1c9a2cf641443611325c13304de3d5f7e6dd08e7b56ae9d32454
y1_HG00673.2#508	a3c1e8e3d8a1225a440b8fa13f1d0ed8ad88ddaa5cdd5ae12ca25c88d71efc20
y1_HG00673.2#509	7d6bd62ec83227e03e0c3cbc747faa8a4e34034edd75572f97140e4675aa909b
y1_HG00673.2#510	9ccf3e131d2e0c71f91cc748abd8d258d9d5d2413d023225832a1578003c963c
y1_HG00673.2#511	2f69a8b9d87263698c51da864b0fd8feade09c29a463cd56b3053b9c6f9023a8
y1_HG00673.2#512	01ce3b03130d009e71ade34f90de40e9756792a18f1bad0b0e304767591d9322
y1_HG00673.2#513	88c11d3e13caf8c60fe719e4778046f079299f8d52f8fc3df82373bd9d6d8bb9
y1_HG00673.2#514	b60f517e0792fd3c0c161851a5ced9732a1afc3186e82b27262ea522cc9d2732
y1_HG00673.2#515	c7b0e70f021f1507e925ecaf1175e5c59c5a570a5f0cfcc2a51eb54984d7f09c
y1_HG00673.2#516	222323a457b067971497f9522194d3a940b0fe506e3a4c76a9b7635816cfbf90
y1_HG00673.2#517	37da9c587d60390f9b173e595a1b17161a67f6dce916283beb4543e4a1b76856
y1_HG00673.2#518	8a090479a2c7a61113b5a5bc9293b19f6a09275458e54919494baf32dafc74a4
y1_HG00673.2#519	9af9eef31e66682c7a4c3053e2f28007fd5f6ea4f2b668263ed2716fe4c793d8
y1_HG00673.2#520	eb5442705969dc8da5dfac8f9658dc68acdab5bb7635ba7cc551e389416ac34e
y1_HG00673.2#521	6490225cbe61eaa6bf4bf93dc2184e289a6ba7cea4e5a8bf07283b173a682181
y1_HG00673.2#522	0bf0ac9d0a7d44d7cc60e5fa66371e9d1fdf76cd36863dc9be80cce55a42168c
y1_HG00673.2#523	443ccc211a6d4f4a08e5422e16020e2cd62c3bda2aa9bc0b8728be4c43ed7e7d
y1_HG00673.2#524	dee16aca5ab7d7681ec2ff4aa362a8383c5744677f79f873b8cad2daa9db211e
y1_HG00673.2#525	c894637c0d1b4e7e7b3927c4abcfb901d7bd676ff65343bed2e41fa5198ccb5a
y1_HG00673.2#526	8e6656a88e5785ec8478130b476166fb1b7bfdebb5655b6f6a5fb5882c7dd4d9
y1_HG00673.2#527	bab71db820d8a83f319f89970f8478a362508ccd59d6194e295838499b3dda7a
y1_HG00673.2#528	8d86d4c72b3650cc53273248ae368ff60a3b2578671381e1272ae1dc20e661b3
y1_HG00673.2#529	ee28d387c3fff26dfe5551f9af6f9bcac0b96b674c47c7faa8f1e0df6de29d41
y1_HG00673.2#530	a7666df4c38da30c682fce444c74a7b19cf70b8c06cbd6f452234175c2e9ef59
y1_HG00673.2#531	07ee123ce7d21c34fd88e0716cc5a2d0e656880f522b11d086c50f4a11b20f6a
y1_HG00673.2#532	6e7f73ee0bdc5426948e8e7274728436d92999b90a4a7ef4393be5284ea07ca1
y1_HG00673.2#533	b59fde7b18206f108100f75078973e81c63baa78da3d0cc866717157cbbc5a6e
y1_HG00673.2#534	5cb85c6c305503d21995726ed11d7c061235e3df9ea78232ae079f1b13f510aa
y1_HG00673.2#535	00a050dab570ce530892c09c71557063bdbab3dfcc5a49cb59b7666bc644844a
y1_HG00673.2#536	d1801c24ada49fed30c6104f28d3fc5977925f3aa6b23b1cb8fb4f874312eadc
y1_HG00673.2#537	afd4941119cee5a4435f2b45f9d78a6b90725037292827bd2c8a74d65cd9c4ed
y1_HG00673.2#538	f45268d6ab02edbfb6fff5952406cde1957cd966a922f26a5c4f36faf347c98d
y1_HG00673.2#539	641f03e1b2a7a8c051c3275f74372661acc68093c5705673f7803b32591e1907
y1_HG00673.2#540	d5fbb98ca6f07e4e4127bd70e4fb3090c8096a5843cef96d3e320887a1cf508d
y1_HG00673.2#541	ead366dbfffd7f0ed6040eb1e76ca17d2cb2707755d5e4b55fa4a0a9699c010b
y1_HG00673.2#542	d232fbb6b69f7e3b9f3ba626e0adfcd23e8327c8330c1832a87dace34d3a36dd
y1_HG00673.2#543	11841fe92121b5dbd78b5b9fbd5c6d88feec858dd8a00f97fb28ae86e4a1e971
y1_HG00673.2#544	64c28904884c5383e184b1b9aacb3362fe2c5fb2466c37ce461e3049dc119419
y1_HG00673.2#545	a4afd4bc62cc8bf371634a648c3469a20dc56e42ba4f63040a8d7fc4706e0e83
y1_HG00673.2#546	f8c3e7d732fd940076e790d8a179c4adf5f9b732a9169f523eee367243fb77a3
y1_HG00673.2#547	2908f1b1c82961b6094090523070e32c438f93132dfa13b0127687c5b1b7bd79
y1_HG00673.2#548	02f9dc5c831b5d2fdc35299070e3d2c1cf6b47d32b4f84ca2aa9eb0655f2efbd
y1_HG00673.2#549	1c3add446c0209c5a55f6253c89180b2dfefa3d0bf184ec0403c3bb085e1428d
y1_HG00673.2#550	710436b099868bb32a41660653795f52aa04e1aacdaaafc96a0fcb155cd97428
y1_HG00673.2#551	9b281cd208220ae18b7dba4aee8db2a6951972d0f7ebd837fdae9f6985f3abfa
y1_HG00673.2#552	697a49e4b8129d27a088f1352b45643578cbae8c91748d598d75b6e43433e11b
y1_HG00673.2#553	01a31df58266265a51f0ac654772eee39f1592a1a2b1cee77de5bb386f06f6c3
y1_HG00673.2#554	5d847a9f8ff2aa22fa7f6f0aee1a91f1d6f3fd9b5b9b4d623fc39f1feec6f8e6
y1_HG00673.2#555	aee9a746f85c0cd630a7931eeed927b5745aa6b90781d67cce24dd262e9eeaf4
y1_HG00673.2#556	0cbebcffee0ffd95d8c85c2a54a83bea655611ca9c7511a33a02171c0b70bc4b
y1_HG00673.2#557	6294c74c02dc4c30c6f6b37e46179a6d48c65ecd8ae37f6701868cb04ffd97a8
y1_HG00673.2#558	1daafdb59e60e39d847af4c541f712b15897cd83557f5987dcd2bd3c3e4317e2
y1_HG00673.2#559	bee30e5b6d59c1bdf10100ef331706553fd3c4e6b0a342a092c6f6f733b8be36
y1_HG00673.2#560	ccd43e9735a0f9cc76fe972fce1ffd4cc91b7325c29e8574b5b51ff04b258208
y1_HG00673.2#561	7bbc1bef428a1489a07a85ca65a9843d461fb391070a45a3906f62a35febff3e
y1_HG00673.2#562	54a48f8c0bc29b83a875a662a1c80678c75bd378b62ad5802597727cd2114311
y1_HG00673.2#563	d34847c01d71259ab40eee7dc616c868e5bfa9352f16d9780ff78e8542c22a84
y1_HG00673.2#564	d5ef0f0e059ae5fdbee9ef56db7748a14e3418111c0715c9be7fb0314ed3b253
y1_HG00673.2#565	4b650e5c4785025dee7bd65e3c5c527356717d7a1c0bfef5b4ada8ca1e9cbe17
y1_HG00673.2#566	971934faba243e939aff95c56ecec86af3563770df3e7716faab9bd5f40ec8d2
y1_HG00673.2#567	1b60299411ee3b53cccd7122fe10d9f3b65d5eb62b45a6ff90f0b4f4d378c884
y1_HG00673.2#568	88961e3f5299836db8d03bb3aa1356631f93e448331f600cd3f614f96f0d7dd3
y1_HG00673.2#569	9d313dedfe8118ba399bb0ccba25d8137e40fe00a71d197fcee707577ee37c70
y1_HG00673.2#570	a9b7a689112cef79cb5a650f91f6fcaf2c3c1a4377c7fa84a9d5442559524750
y1_HG00673.2#571	68b014842339faa32dc522d0e2ce1d6472a7f0807e703c3ab07b135951cc7987
y1_HG00673.2#572	275f8e184ce9db2f56c3ef31442e7a06fb2e19f51830d0bc9c3d0cab9f913358
y1_HG00673.2#573	f38b627969b035f42c4ad04459fffb3419d0decf319c86008ddea4bc0276285f
y1_HG00673.2#574	cbc8e9b73024bfa08fa651c43cbae179d6e61f847b6ec0dc46ef8ffdcff042d0
y1_HG00673.2#575	ad3aa5bbbc4c2ed4d3f53e66f28ec981275f59bd28c77e9eb1fe03c5649987ca
y1_HG00673.2#576	53f2ce19a7f21ea867849ead189bafff0a491aca75aedf5334fd4aee9bbb342b
y1_HG00673.2#577	cad95c5e3f4e5b6d9ff7bcab296909ae3ffbcfe37cb77b5dfaff9a3a834e656a
y1_HG00673.2#578	befefc0269d6ebcbb0357b56642623b52623e1ddf88200829db8b08bb02a7a4f
y1_HG00673.2#579	44965262e8ec2ae089fcc41b079f60255a9e500e6ef73483d59e46233412c797
y1_HG00673.2#580	9f4adc286efb41774c8ee2804371b4eb77b357854c349df554523051dba9b4e0
y1_HG00673.2#581	1612ba4787e4e44bb8b393aac425d5da4ff81e6cd4641dd8b621f6dd559ee6ec
y1_HG00673.2#582	9af9eef31e66682c7a4c3053e2f28007fd5f6ea4f2b668263ed2716fe4c793d8
y1_HG00673.2#583	73d0448a27d158d3ca4df4592a4eb4143473e8b90c65f55e1913293e11b330cf
y1_HG00673.2#584	af8b7733c3d4c3d0d2d308f81ddf5f15cc658290ed91a41871f4063b33b9f4e1
y1_HG00673.2#585	f0a832457a8cbd144aae21dc97cf5cfe6d42b2126358dd77979717f9a60aef99
y1_HG00673.2#586	c8baebc3735c205ad7d6aea44c02b7e7192563cec7c0cf71262806c7a95ad645
y1_HG00673.2#587	c06bd4da9c80178f8466f6498e45c82e3eea27a6d78c946b0a9053ed70754bd1
y1_HG00673.2#588	9a97b7633157deabd7cfe968b8cf4ab30cf48c96cf918f3eee6794333dd2ec59
y1_HG00673.2#589	bd458a213dba77fb409febeccd1a66610261586293a8d658b122b5634718aa71
y1_HG00673.2#590	9984afbecd28f3ca94a84f614a71ce301776d9481709a89ee06cbcfabc8cfbc5
y1_HG00673.2#591	b3ee08e071b2f13b729292d99b76a18553223198e8e29ae97d63ee3f6f012d3c
y1_HG00673.2#592	ba464bd29d8e092a7995e35e8ae54f6b5af1ea1773a1a92f42bb2a9ce9e033d1
y1_HG00673.2#593	b0d4a5378eb5317f2cd3437f583a8a81a09bfe70ac84e9f5f29a5b21dec38172
y1_HG00673.2#594	2e88ba66676d752ad3671b6fe2f5733acd090d7b7a17d51d846d0c221f06570d
y1_HG00673.2#595	04945bd5d3f664f4d7a466cdbbadad40ffe3e1ce7ce2fe134563e1b6229357da
y1_HG00673.2#596	98f246aa22be4facd1cd90980cef180903915bb7bc74473a4c3f2cd615b48179
y1_HG00673.2#597	995a27c2381efe30e560fde13d4636d1fb1f8a8d2cc182ffe5c8a82059101d61
y1_HG00673.2#598	f06d04d7a2cd5977dfca16d35ef34d35b0a263fbfe70e32eaf8d44703cc83c64
y1_HG00673.2#599	75efd13358ffd53b1027050a9d7b5320a065dc4893fd905ac515e3928f0220cc
y1_HG00673.2#600	bee30e5b6d59c1bdf10100ef331706553fd3c4e6b0a342a092c6f6f733b8be36
y1_HG00673.2#601	9ed9c82361850f02ffaa9b2696f474705054b7869e6b86245aced57bec1bdb9d
y1_HG00673.2#602	a812e8f83f1ecdcbb9a41eea64a23abd739ab2af057f55071ef9f94c9fba1742
y1_HG00673.2#603	a11e4a529465dee20b7b6005226dcaba45c54d91fe400bd03ab704bdc229049c
y1_HG00673.2#604	dda0cca4afb0b3dd80f299009b5586a2fe7f9569957317215fcd2129673eb4d0
y1_HG00673.2#605	a27d76ba9d8cd2ee7855b99391ad23f52946a1d041563e7a10dcc3b98a744ef7
y1_HG00673.2#606	a7fc7ecd11d451f85051c5421760bbed4d17724405a29ec54948b3364d56f70f
y1_HG00673.2#607	a12507dd8db0351ae6308ba19d6112ea93cc136f246b1d82ab1c567adfdd6c10
y1_HG00673.2#608	aaec3ff1e02abe8f7f2c58935936473885cec835f48f20e31d27a025c3e7e9d9
y1_HG00673.2#609	39249cd16e921b808d65a0415982d74c7edc3c239e6a299e3973b91203f0869b
y1_HG00673.2#610	c0eb4a39c4db845ddfa076ad8561012646e8d655d29a39641b3ea7f40e960ee4
y1_HG00673.2#611	d64e3b56d179f075efc388d76cec1b586866a03f2db1df1137cd67f9dec75f84
y1_HG00673.2#612	bee30e5b6d59c1bdf10100ef331706553fd3c4e6b0a342a092c6f6f733b8be36
y1_HG00673.2#613	676c7ffda21d4e455ab6ff88b78bf24ba3b08ba7afd074bb934466d03cbf8887
y1_HG00673.2#614	b4b8c5e1b7f63d17f5fbb084de989b6de70b64ed93701f3da4c94b6b0f08c2f7
y1_HG00673.2#615	79e05e2dfc4892977643e3af8145e035c2f0b57ff01e8ec92ef8f042dcd3fa33
y1_HG00673.2#616	c04ced572429af27c0c1cd169b80940cd6ff9c9c3f612eb041c92ebc30744e8a
y1_HG00673.2#617	3938be7dd188c6d5606db67ef4169ab271c5a0b87469e31ddeb4922e1900577e
y1_HG00673.2#618	1926dc7768361034b783986a27eca3b430f42afc014bba0b45134d4fbe6821b5
y1_HG00673.2#619	24a9ff82d6617f8e91034939140f044b71e49a8e4b93e2d4fb1f07b681a561d3
y1_HG00673.2#620	886f3d012d0e57a04f46d5f644cff122a9376221b7d2c4646e18035c4250b759
y1_HG00673.2#621	ad8a832789b5dab764f8d6f5608c3bf30a7594d9cfb34e79bf1f4e45cb739ba6
y1_HG00673.2#622	4bccc65e077caf5134006df6bf99055a41f3951ecea7c4993bc33fb8fa9d4b63
y1_HG00673.2#623	a528461e2712159d8ef154326a283269f04d148411dcbead7ac8dc02496b27ac
y1_HG00673.2#624	c21344b174a81c4574af6b6720e49ca0e06d638b0381bbe7693fc4bdc86e8bd4
y1_HG00673.2#625	6273a002bf1413e21563a99baf470468223fca63b52b00584ef173c311e246ca
y1_HG00673.2#626	5f78b17b6c346d9ccec88fd3a67d4036232d097a96a0f52488a118135a4805e4
y1_HG00673.2#627	1bb7686aebfd5a236895682d59e3d31bc8a581ab1a5780d5b56f05a753a9480d
y1_HG00673.2#628	b28dfa4c0abba580187f5f32deaf870b0281206f2cc0eeb29fb1dad716555c21
y1_HG00673.2#629	61bbb84f22d47bd690070b2247654618f24191d439c2ce93cbedb84773806992
y1_HG00673.2#630	a7eef28093de141ea61a2103e8f3c49b41a0175f50a775e8a72c9f82eaaafdfc
y1_HG00673.2#631	16cce435181f78e114fd66251341e9b6a67be5b3d2bf2c3d396742ba7a11a37b
y1_HG00673.2#632	fc0031a1a8ecde4bc5947a8208bbedbf193be96312e4729bfe52138604bab2d7
y1_HG00673.2#633	301ac4a9e1ff7c0f2f96acb3ca20380f154d0d083f959b62782993556937d5a0
y1_HG00673.2#634	c58afda8eee839fc99aef8e14c85df72d323952827952f8564ebe3a107b56f74
y1_HG00673.2#635	3051f149edb8c11f7a9bb14c4ab8bfc432d9294f1d20fc43531f65521d122b2b
y1_HG00673.2#636	867b051018501713f023c5dc259429ead5cd48bae6c6cff3d4b97d11532bd331
y1_HG00673.2#637	3110a31e8336ba64dc0116965ee9c66196cd7d84bb1dc2a7e8b89ae2e840e3ae
y1_HG00673.2#638	a5634c14ae9148a78de137d31b52061544697ff1ec9da63cef31b681d1f48beb
y1_HG00673.2#639	8c55f2c3e5442fa99bd13ff0dd5d867919c996bfa3faec7a54ba0a99b88fe082
y1_HG00673.2#640	54265c571289daa07de50fc1a8a54c7b25b2310e7970bd6900a865b69a2452ea
y1_HG00673.2#641	4f7b5525e49ce652ab94cf4f5b6659e7d5821952d18391e96cc1dfaa8db4d67a
y1_HG00673.2#642	8829e0514417584ee0a909c8c5236a6b2f9e464c71f008823709aede71c69705
y1_HG00673.2#643	35fc5f46bece698d6be6e001f37b7eefa15b8590da42f56ebe7a10121326b410
y1_HG00673.2#644	84b88d89d743a579b66b14e427ddb6a4b406f34fa1dba1996e4752d229597b78
y1_HG00673.2#645	e66f0d4a50ee5573296926676c185af018d98d5c754990de82b7590c5293590e
y1_HG00673.2#646	acea96728e77b893b669b6f375d01cf6fe49cfd366048521ea5d3a79cf835d93
y1_HG00673.2#647	61978d6f4a01322dc5ebfbfebb71806ac43e106e8476342dbc3ad1bba7367633
y1_HG00673.2#648	1b13c33ef4a009eb27e3124f49259400ed4c80f55a0e2c648a978b74a6be5b4a
y1_HG00673.2#649	eb5442705969dc8da5dfac8f9658dc68acdab5bb7635ba7cc551e389416ac34e
y1_HG00673.2#650	f3e80a64ccb19680faf2a76dca00400d57e4e2f27a394d22e87fe4356cb6055a
y1_HG00673.2#651	71183a23ba3a04bfc52ddfc55bcfbf9c413d20240e9c2705f905933392b4ceb9
y1_HG00673.2#652	6b7bc3ca746c3355c485d2d47cd658b39fad2bae60fbabf1fe945ffa434500cd
y1_HG00673.2#653	9eb59ee8a1bac6ea29c829029d38bb896edbdd71f4e919cfd80f8862b96b4a51
y1_HG00673.2#654	d49458e96ce81419f2c035a62bfad4177b05d6231b48c48fddd9ec1377bdc26d
y1_HG00673.2#655	17ad2dec72bb0630ff681cc6c9f665a995a42f04d5fea27a19b1216a8a2a11a2
y1_HG00673.2#656	fbf35b7948b084f696cbbb314b2da3199e6ec0c31639612aedf50ee319328f58
y1_HG00673.2#657	193c43e9ec67416f4f80cdb4ac897b5fdfd67bf386ac549398ec33fc5cbb14ed
y1_HG00673.2#658	29755f70a6787f613291bf400c86a4cb96d066fbaffb39b3e108750cc6384838
y1_HG00673.2#659	15d3974c0a746e6127816753153c241cdd2a2a03a80d5d2dc187ce7e7aff7319
y1_HG00673.2#660	134522f6a5a9ecf1080478baf738b206f41fe86415c1bcf64982539510cd89f1
y1_HG00673.2#661	54a351bcac25a4169dac74afd1cffb2fb26b035ef312399e16e4c8135cec9f4f
y1_HG00673.2#662	7621b150b40e0ced0073071c90c984f894c88d09dfd13ef7d04c137397041027
y1_HG00673.2#663	97e0d39ef520463d89e5a7dd44b357823a3b497a4344ea099e7eb0d8fbbbc235
y1_HG00673.2#664	2d171a72339f37d0d79baab819a509fbf14319c0457b743a401889cc7d55e76f
y1_HG00673.2#665	cd86cadef03c5eceac6c5d3e0a7e434a935cd462096541c0f43a511cf2a79424
y1_HG00673.2#666	94b589e2605273d5557954729dbc3ec72f7e167729feeffd8f9ebc8feab96df3
y1_HG00673.2#667	1010ad0e9dc78f717b5b16375b191c41dd3eb0114f6d312f3c7667481313fc98
y1_HG00673.2#668	039828104b029a92a505de253ba3cef6e465e9a9a6312b9486439429d15fdeab
y1_HG00673.2#669	668fbe202dd55cf48b24c7e98bbb284fef765341398c845b02917491b0ad06a0
y1_HG00673.2#670	958861e9a7a50d57c3b993ab324127e874ace8b0d3cecfc8e5ca7e421b2c298a
y1_HG00673.2#671	af82b0445003b05d76bb3343c86287185025a2c9b9ef0b29ba439f8b0bf1c14a
y1_HG00673.2#672	68a48b783185c6f4abefee1a67125a197ef2575f8492c7a9611a1c147b8ba034
y1_HG00673.2#673	47ec29bbfb03ccfac680dbbd2f08394581c716d63fb7fbc08a985d67cbc5a0dc
y1_HG00673.2#674	190693d64b91f0142c8927e5e53daeea8b3c6313931a5b147bfff06fb56454ea
y1_HG00673.2#675	472e73d796e20aa8ff9059e6316f218e0322548f661ec4dc267507ed66317404
y1_HG00673.2#676	14a95f8deeef5df8cadf0521b0b1c3d75742850d5cd257cd4bf5803809e665e3
y1_HG00673.2#677	be2424439fe6a6978f88f62b1b216aff0cec3ea2a80b1982a647a557dfe38b8d
y1_HG00673.2#678	3652974f9b577ab47f6edf045634b093fb8647d12fd688de82879a2d8bf76e2c
y1_HG00673.2#679	2e379b34494c6aa8711222a02b7db59bde999212e13abac28f795ea3e8c8a933
y1_HG00673.2#680	9779469589f956f434b70b578302dcbaa084a5eabb0124ccd61b0ae58c596e70
y1_HG00673.2#681	a9a4c36c28ff5548c3cebc4b0926e6eef3f6fd54e98d125e4b8a1d55fa335e08
y1_HG00673.2#682	de961ee798ca021a80867cf802d2d27fd54e40887e212d703017c8b4a37d977c
y1_HG00673.2#683	7842eb05f6fd11fffb6f3644789a4d6173047e689642b049b0fef99695de61c8
y1_HG00673.2#684	68b46692aaab1af6f04896ac74bd647fbf24a10180cbc948e0e1f160658b3393
y1_HG00673.2#685	5b8141b97ecea7946e760157ec6f5a84bb26f6d14a320ff79fbe43869ba5c6fa
y1_HG00673.2#686	2f74b507f9acf173269e3a1ce45eed9e01489c4d1a4b0cace636a5573f39c918
y1_HG00673.2#687	50405b5d74085f5319ca9ea370733621690141ee4a46639dff7a2091ccc621ec
y1_HG00673.2#688	322f129e100222827164b5ad05434ea8b1a73cbc8ee922bed25d28ee8f0f6d1d
y1_HG00673.2#689	ddf8909c72f58e1a8251ea7740ae427b5683d9310e1754ca1276b3e764ce87a8
y1_HG00673.2#690	0b4e531a7914f0a706f286de4ec9c007ef3361c055fcdf546ed58386f0fefb0b
y1_HG00673.2#691	728c907b6f7bb56126acc4cf80601ff7b57a8678c6f95a43b9020d77e6f02557
y1_HG00673.2#692	db3144a0b513536e5ba8e20efe6f0a59736f6363e6f7e4ae1efb127da72793ce
y1_HG00673.2#693	6ad7cd909f53fdc7aa3411c0960a9c8851096c9367a923a57fb9a1a43d2c514b
y1_HG00673.2#694	7690d494401fe5dd9d84ced1dbe2aab3a2c403c01e339958652da9b1fa0317d4
y1_HG00673.2#695	1319682e66bb40d0f17ac3caec4cf0dfd5f3b56b673c8367ecd817c9503a3233
y1_HG00673.2#696	a063b2c39ef014ce8059aa508f0d9465f2ecb3f0151c77f0bba44148acd10f75
y1_HG00673.2#697	c1cf2baa38a45c01f79d2de66f1f132e380c3028a621701a47bfa20df54154c0
y1_HG00673.2#698	87fee6fdd0832cf640e3da1f7db6ad6b880e9e0d3649418e4746fa0a232265f1
y1_HG00673.2#699	034fc48ba584fc2a8b0b40c727e4ce36b79845d7ed910c63abfb2c22e630382c
y1_HG00673.2#700	becbd93b951fbff883591b18b3b703f10e0ffaa5a8cbecbd914da9b2dd748f12
y1_HG00673.2#701	72cbad91533fd0cb62f8d63117a0be942aeb9b4e5dbfc6dfde39999150f92804
y1_HG00673.2#702	df1fe86f640c76e28613191d057bd5aff09781fee821317db50503b56b722cd8
y1_HG00673.2#703	86754e36c1a519c7b8c6b3296c18a6296497c2c6e4ee6c4d8a29cea1c2a2b73f
y1_HG00673.2#704	a262c2495a5498bed3dba98a2994874b31fd4e59aad12c974be0a1e7bf617332
y1_HG00673.2#705	53f2ce19a7f21ea867849ead189bafff0a491aca75aedf5334fd4aee9bbb342b
y1_HG00673.2#706	7189fd56cd0376a41804f9b36dddc9fa72861d8ddacf8f65832f38b253276975
y1_HG00673.2#707	9f9a73b9974f6eb9ea721f9679c904394e84d38cac461168e48f1a9412434b49
y1_HG00673.2#708	76c69c4982051e3bca6f9ed7dc0516015358c0eb91ba5d1e7fd47130e5669b16
y1_HG00673.2#709	3afd7c6808154bacaffb6c0f0e0168ae592816a98b3fab85128c2515cfa0c689
y1_HG00673.2#710	fc5a2ae1d1c74e6f9722cc83524b92284e5b1324a02067b3c2e786503b68d3f1
y1_HG00673.2#711	96751db66ef17b763bbc65b56973da2f48e8bc82b229c9e82ae1af723919b27b
y1_HG00673.2#712	533cea91ed01a0905ea543716ad43a1a7279be938d707852a85e452a58a018f5
y1_HG00673.2#713	3a8f5d604fa5fcc80b5dc7a6854caadf8c9584dca399c407c4295996e6008969
y1_HG00673.2#714	d37349ccec1be1d8cbb3f7b2f91554c599f795bdee0d8d9a30431ff3ec9d46ba
y1_HG00673.2#715	1753e9e0bed206a8b23c58e16ec32cb0038b6e179fb13729928c289875f4917a
y1_HG00673.2#716	eb5442705969dc8da5dfac8f9658dc68acdab5bb7635ba7cc551e389416ac34e
y1_HG00673.2#717	f4e2fa856ed90435403a75741f17b059007487c2b90d6da5d29e7a02447915fd
y1_HG00673.2#718	8814455dd2ba0fb738eeec48c141a8918656818f7674a2c8a5c428f8192473e2
y1_HG00673.2#719	08babdc86ce9c1876a2d2b06caa123122543ff594a9a0b36d9d70a1738618f90
y1_HG00673.2#720	227ddc4b7dadba77f29bf03ec986998251fbb3b1431e150f3e9623af1d6dbc3c
y1_HG00673.2#721	ab5fb177b1caab9a5df69db29b0922dd2e508ccd997f1250dac574c41681526f
y1_HG00673.2#722	bd92afbf2fb7c48a8795510b10ecc922a1a62c54c3698d735118cd8ce0b0cee3
y1_HG00673.2#723	453d9522ba8f7c1894525ebc54b75a969993ddbf8c7456ce247104d454e26144
y1_HG00673.2#724	e1b5c1e4f96e8beb50384b854f4acd1f91f710407ef6e6ec49afc5dd71073041
y1_HG00673.2#725	1b6ad8015a223860dc6fc9e4599f8b549a37fd3dccc3e64542cd085aabd537e1
y1_HG00673.2#726	e3761b98a9ae06433858c2f7f93c01e92136c0ed430d7874b60e3a0cf77d37fe
y1_HG00673.2#727	8f5939b6eba904f09af114950ed9d8dcdea6ddee9162179a797b7fdf055ff725
y1_HG00673.2#728	cbb0be90d070d31eed32bf18b8f966214ebb725616af09e5ffa29ffc4b3795ad
y1_HG00673.2#729	f692ee76573054e839d17500540306bbc965ed63b104554033044f6193469834
y1_HG00673.2#730	a14f1711e043c2adfbe9f1398d980f311d3463e49340cfc573d7b6b0abc8c264
y1_HG00673.2#731	987ff1feaf3bdb0fb2c349eea532d298407695d322d30100c591e713fdf540df
y1_HG00673.2#732	9c490d922876a219edb86fe56683ea6844976a0b8d63442369a6c57a6dcf9e37
y1_HG00673.2#733	11caaefdd87be3d988723ab8115bce976264af2791819a0216461a4ff16a84e3
y1_HG00673.2#734	f8e9f917e3ee5f09423640718b87bd9d25a7fa6f446ee37e452d0bbed3151ee6
y1_HG00673.2#735	2f890708e4e14ca485454a06d0e12222938c5b64cc85bb39e7db57a95ba028c3
y1_HG00673.2#736	7d3d9998ba8acf60c1ec1b297555dff4176382aa07f80df36b05de451eebb2b2
y1_HG00673.2#737	ff88e4b97ee2058d28035d8324b0781871cab1c52e89b8cbdafe98851ba5dce2
y1_HG00673.2#738	57edb468189bdb7ef85d440bbc449c32ce699d8b91885187c46643d536ccaa6c
y1_HG00673.2#739	da04c3c02d93a39eaa2711654e6783f2269894ca195f97d501b8729269a36903
y1_HG00673.2#740	8f346306b0630bcc87368cdb474e00f723aa15ee198cce2df2cdece61d19c2fe
y1_HG00673.2#741	5d237b562335ad765041eeb09dc5bcb0abe2580c7d7afe0c66bbcbd6c88974ed
y1_HG00673.2#742	58b3259907a5c68feafeba18f1d73be5a29965b209970664260bfb626c3aa9fc
y1_HG00673.2#743	0f5c1e402f2893613ca2a0018bfe056e62cc71e6d871c30ee9623de56ee3da6c
y1_HG00673.2#744	acc941e29f80ae690159d7c3063c3b56e9a165a4c68e1e578d161ce8653e69d6
y1_HG00673.2#745	521c7d430d2ac82a69be3dbacac22160ea785bba9f40955e648842edb6cc6fdb
y1_HG00673.2#746	084696b5b2f035fe1cafbccda422b6aa15b40d1d73bc98d7782beb4d83a5bc7f
y1_HG00673.2#747	a3e4a19f962c43902dca41b59dd58eb689efb0144b00126dca8ba93947105e17
y1_HG00673.2#748	b401736a17569f129c5f8e45355ae7ae80fa0272314426a373f7fb9f91ec9d5c
y1_HG00673.2#749	e253203cb56cde4f972f66637c4bccc63ce9439f49fc9fd66c11b39766cb7e27
y1_HG00673.2#750	eb44f9d179b9bb7e0f98870f33bcbf2b95abb31a1fd5a60b42dfa50ab3a34ded
y1_HG00673.2#751	e08b3eb46c95d4720fc88077c2f61a8ffd7c3bf0ef71a11492b5e4bee6888382
y1_HG00673.2#752	b796f38bc8f4fd98f4df8ae1c5f6520ff0a6f1f53ab98c08c5ac06c8a84c888b
y1_HG00673.2#753	5d6855c9c9ef78453477b87dd36942b9cc2008c7675ab55b6f2af0637ce18c09
y1_HG00673.2#754	3fbebd9914929af2ea3ef9a968e4d4e0062230ace0aa4cfc5dfe2b0708b6e79a
y1_HG00673.2#755	fe8131450aad43c70761a81eaa6d65e9f4b9a553d2168809986bacb6bc411141
y1_HG00673.2#756	5893804aae8ca12eaf1e18205306887d08224488ed70698d3164b9ccb3c69233
y1_HG00673.2#757	9779469589f956f434b70b578302dcbaa084a5eabb0124ccd61b0ae58c596e70
y1_HG00673.2#758	21990f73085660cffbfcb3bfd4f9ec420a0058528a5538c86586e6120a87423b
y1_HG00673.2#759	e2fa6e2841634077526d254089b4a650eabd4a1c750e5ff66acdac2c441dc579
y1_HG00673.2#760	0b9f96550de2136d5f1056124a213b4d2d0e97103583047c4d02fb31a504752f
y1_HG00673.2#761	0cf731863fd7d23805f7b8643cb7135abc4efee3a8356f174a912764d439e253
y1_HG00673.2#762	8d2284e43ff23577b932baabef92b7cea653414fba662f8cf4541a4d5fed55f4
y1_HG00673.2#763	cedf380533e9605e67b0bc8afc0116e20095b7875311674c1001704d7a5a043f
y1_HG00673.2#764	b569ce2731b0a3235925b202075599b73b92891ff98207a47498b93d81aa5421
y1_HG00673.2#765	476f9e7a6f6bf6a03b1004fd4b6e920129c549a2e27be33d418eb5528761b356
y1_HG00673.2#766	3e9145ba8c0011174d0435e08d562b7a57f7b6d32cb57b413e7ece83345160a0
y1_HG00673.2#767	31cb2e36dc03be514edfc7e99117da7753ba9d164b2afa8bd92a7e1ce947608d
y1_HG00673.2#768	6701f5677696734582dd0a44fd8067bf9478512a5824fe7ab32ebd682f6adedd
y1_HG00673.2#769	bffad8dece32a02fea1132596040b3ba5c22dfc13657b7d108dc456d4e80dcaa
y1_HG00673.2#770	a685df4a455c0bd4bbbe5451238bfe5aedcdec720c87aa603d8da65b92cd9d2f
y1_HG00673.2#771	53dae30c0666e7a9ff085f160aaec4f50be33e6179e33874a2c41af06923efdb
y1_HG00673.2#772	d749efe5b8dbba9abdf5f235a1bdbdf893de6f2ea0e9b86c14010ce15cd18ecc
y1_HG00673.2#773	557c60c5bcbbbab072bdce68d80f364f821fc38957b195aa2aa79fe05284866c
y1_HG00673.2#774	40eddc6f2cc7dd9196be7917eab53f015ce6b34bcc44b7036347f29c2d5f004d
y1_HG00673.2#775	eebd6be0c60cb68456161ab4f109ad503eb33d71060d4989e558208714ceddbb
y1_HG00673.2#776	0207c0faf01da369956be4c81ae8a006473900462a1f6b3a881d74f7dfcfb2d4
y1_HG00673.2#777	92fade8f853dcddfd9db6979c742fae79497fd1f6e6264d84cd0619604762cd4
y1_HG00673.2#778	78d0ebd025b1bb251db7b84763044c2fbf9b5904e7fb1f282d577d631cffed4e
y1_HG00673.2#779	a8759152575b166d515e9b215069bd3dd38b997c1b80af28c2bcd02e3f6b80a0
y1_HG00673.2#780	5739d5a93a1c648b1bb0817fb2584661c7d359cf770abf6d7dc3760cf3df1855
y1_HG00673.2#781	799ebd542962299b89e12e65dc89638712b347d165a31b2228db4e338ba95d77
y1_HG00673.2#782	0085b13a7725eb5cdf79638fe1dacb895ade1df294c1dc22d19ce30ba93a1ddf
y1_HG00673.2#783	b664f96afaf9c236b967f72b4fb8310d20724a65af0ab2f0b61ef031613267b6
y1_HG00673.2#784	8a632a1b45e0e8013f7c49041954bd7307126693a3e3ee9a55b3a18586d771e0
y1_HG00673.2#785	ccd1ac429f3ed90bdb46cf7e7c8826ce6f505ef931817e8d113722d920691086
y1_HG00673.2#786	14da7320c08a4435de5f26f416ab5c10c9e2c6ce9a239be207b05ac35f6029ee
y1_HG00673.2#787	bde52121edc077d973873c12394e974a15414209046ad034ad87a09fa444c20c
y1_HG00673.2#788	843ade1761543a74757b7c3c2b9dd542b61353879d84cb9f09ed033e51c6571d
y1_HG00673.2#789	35cbe3757c9d107e087b82929f4c32de1783292f5bb86ece93441e6c4fb6fe0e
y1_HG00673.2#790	fc66d0dde21f430a21381095e0f0e03b51ffd0a2b10e4075150e4711978cde46
y1_HG00673.2#791	d484db1bd125443248ece5eb5bacb826716a94a8a773532d14850a1114d673b5
y1_HG00673.2#792	59c8aadf5668199b576ddc5ef1575448d4492f7f32682b39cb84ade78e875241
y1_HG00673.2#793	2aa41953951945516a509f0a75b053e92fc54c2c53b63b692de672b3f64dec62
y1_HG00673.2#794	53a4dfdc3ff841768e6271d3d0c6d6586d8d4aceecf07d635717962c160680fa
y1_HG00673.2#795	5d57f1b243b7325358709fc12be906f1a1e30e0c7dd2c58ce0152a864521144b
y1_HG00673.2#796	aeb05cd7ca53ba5a4f2b12f8b4728f33017739bc241fa25fd1bd382575472b94
y1_HG00673.2#797	2e0b86fe8eb85118d30b962d3ab684e5ce8a4785a7c62b13b0ad9ac47e973d2c
y1_HG00673.2#798	727caf22b715037133cb6474370965b5bb65ece2d9dc3e55f1ad670060d99a9e
y1_HG00673.2#799	666e6cc98c00836fbf35132d391ab2f53435e78f0d01068ed4757ea8c9099b08
y1_HG00673.2#800	3b0fec60ea0a5c9d8bac71795aff6a3720d4c33262cac56ef77eab49f2a7e666
y1_HG00673.2#801	9779469589f956f434b70b578302dcbaa084a5eabb0124ccd61b0ae58c596e70
y1_HG00673.2#802	eb5442705969dc8da5dfac8f9658dc68acdab5bb7635ba7cc551e389416ac34e
y1_HG00673.2#803	605c9f7990de3ee15956b96233c9deaf046397d6c8c859f9ac3c8b276b00d868
y1_HG00673.2#804	034fc48ba584fc2a8b0b40c727e4ce36b79845d7ed910c63abfb2c22e630382c
y1_HG00673.2#805	222eab8681cd933e721b2b14e11ef30cb819559220730dab0e0e60b1053a10d3
y1_HG00673.2#806	4990f9356a3ff592efec8fd7fc4847a3cd96dd95dad225bde50f7472ca724004
y1_HG00673.2#807	9d5d7ce93c9d770516dc7569a8f5438a5138cca9cee18ea5979afd450062a073
y1_HG00673.2#808	237f2eb036e33e8975b8137683d9c5b8e7d0eb6ff4bb3c53a582f531b2cb5ce6
y1_HG00673.2#809	cb7dec3955ed558d2764ac2a21adcc76d8f1f88fbdf28d153df1fb7474b7b08f
y1_HG00673.2#810	d4e006089baafa574023e0fb39a1d96a18c69201b4665c17f4162f1447e959c7
y1_HG00673.2#811	a419bb940193756cd2494bb4efe559f7c3c449805dbf84a648a5340d23aaa4e7
y1_HG00673.2#812	a37c2005cb4e6897e66908663216934499cc7900972430cde0e77c4479aae657
y1_HG00673.2#813	5d98853fd4206ebdc6560b1dc881be508258140c59e232bf8eb4908104e7e13a
y1_HG00673.2#814	6a7a5b782f3883e4653d7ef69ada4c95d7b9129190af2ea29b0f6ffb749e69e8
y1_HG00673.2#815	e97fb4dc6e383dbcccc382caab1e9f727464520e54b047712d4b1920e39b322c
y1_HG00673.2#816	1468c4547558b45bd75e53070e417c83517454dbd839b3f97d9c3bbb22947f5f
y1_HG00673.2#817	ba464bd29d8e092a7995e35e8ae54f6b5af1ea1773a1a92f42bb2a9ce9e033d1
y1_HG00673.2#818	52b06d01514d25273ac530e072578f6448aaf444f59f9501f67e1eebb285cc39
y1_HG00673.2#819	49438e0c7720483004423412873d2571421b2d6daca8d2edfc5e49358d376330
y1_HG00673.2#820	4b58de7415ab076acd4e956fdf92df7a8727838a65056010c38e677e328ce98d
y1_HG00673.2#821	ae7654e2f42702807bd31eaf51a942ead095323721c739e2df81c767852ecbd4
y1_HG00673.2#822	62ddb895e7a7dd37988d8ecf7c5bd74e343a2d3067ed28b04c4ec2dac40a74ad
y1_HG00673.2#823	b6503438d3a7281dde05a299425ea484ca74586d8bafac8bc64f1b05ad629067
y1_HG00673.2#824	e957dcfed7cede47d329cb2a7d79f44ae278990c99d6c5058af1b289c3fab725
y1_HG00673.2#825	676197e4620297727b90f54791c0231b30cd17538585280f204def29fbe234fe
y1_HG00673.2#826	ff0415a03dd9ff8bd0479784697364c43af5ccb391b19fbff5a370c200972452
y1_HG00673.2#827	39de966424b8fce8925e6fab53d01a8cb3926d01f5e2f54e63a038d97e4ea129
y1_HG00673.2#828	a1042268e7710c19535627a670f2dd255a08dbab82f9fc08ce025ee6a06d0290
y1_HG00673.2#829	361253721419ac0a6e2d7546292da12260e2effcd36631f2d4059b1a4cf158e5
y1_HG00673.2#830	4b650e5c4785025dee7bd65e3c5c527356717d7a1c0bfef5b4ada8ca1e9cbe17
y1_HG00673.2#831	9cc20b83cb1d07176260d315fc382511fe3393dfabaea89389bb1eeebd114bc8
y1_HG00673.2#832	f47512d081b6c662a8c4a15b84068a2a4a291672fb51c2ce86369a32910b226e
y1_HG00673.2#833	bee30e5b6d59c1bdf10100ef331706553fd3c4e6b0a342a092c6f6f733b8be36
y1_HG00673.2#834	87977cafb0f16e5c6e3919d6081bc7d14bd51b18f26df654bb21331c7310ab8b
y1_HG00673.2#835	072cdfec4281f8472f02e5506261cb1827bc575cccef4c025f78850499c3b304
y1_HG00673.2#836	02ebf529c9eb246cace503572a91760a0282b12897097e2359c127254b22f779
y1_HG00673.2#837	2d11037b4f7bc44a7feacc8a3bd75d0099364f8948d42a3b61088068b7390e96
y1_HG00673.2#838	08e4a64c9f9bfa4fc48e44e0554338697d25d10e94f5e5b65e7f8b72378f7bc2
y1_HG00673.2#839	9b1208159ce2101a612c39eff40c9981769e288795f75bf57571e7e17115c559
y1_HG00673.2#840	ae2009f78c3beb2be2ba6cf5a3c22736bf852d62ebc904670dfb64bcd5a90170
y1_HG00673.2#841	2d00e78a48f3256e5ae6b7da4ff014a85ee05c3ec12faeab7abd37dcc55dbbb4
y1_HG00673.2#842	0559500604eea73d679a9063142ce4c9a4eae56c408e9fd70e9fe4f298588266
y1_HG00673.2#843	a4a9a96345e7c2be161a474a878930f6331c78c04e8837c52cac662ce0bd75ee
y1_HG00673.2#844	35217127b7a0c63d1b79a151ed5b0a432ba70dc91c906388dd2f56254095a7d0
y1_HG00673.2#845	2b93c4fb10280ad81e5df5a52633cfe6c138892b4f8c8031ed1d738676260e7d
y1_HG00673.2#846	c855aa2be6ea2eb3c459ab296541ae3d2217606f8b6752f6d52a17361f1e1597
y1_HG00673.2#847	9ae816716fdd5670857a3a18fdbfb60ad627a67f5b80bf04e88f5f14e75006e0
y1_HG00673.2#848	6e0eac345ec797c7a04df112cc9095cec3ed052f2c33904b0b49d440f844ca41
y1_HG00673.2#849	41d436a02e01aee41311d25503dc645604313a4a44e1061b6592b553b23db744
y1_HG00673.2#850	10235cece1643600ab42608702a875ae2ab773983868281264e45e130977f186
y1_HG00673.2#851	cbac14ff94d53ddfb0c07beb319ec5bea1b9d4c0e74dc0a051519753922a2f86
y1_HG00673.2#852	a773bd883245aae3437f2033e7772d0040907f3fa58aa3038854d6559555f681
y1_HG00673.2#853	221e662dee6615bc805547b5b50c9a89c8f9d1069671b37b4b34947f265e9b60
y1_HG00673.2#854	d7e57ff1ffca023f40afd87b1bc1d0827d8e6c20183201eef915098229681255
y1_HG00673.2#855	61bdc97bca5b036bd185274bdc24b0cde6874d50611aadf1602df905c3b2bcc4
y1_HG00673.2#856	9feba1fd30dad78a6ca1158b61a5f40c3cc9825093fc5c4311d3a4e1a6e87aa7
y1_HG00673.2#857	474acd5947ea2631be99bcf405e5a802978701653405c17b64ec443b074901c3
y1_HG00673.2#858	bfa06d769de4b207fb1fda8c1e5b46956234563ece0ea657193d084256089905
y1_HG00673.2#859	9989d14f85071fae83a63b6dc12423742a63d071d4c40671798d1ce4e4a784bc
y1_HG00673.2#860	8bf33ad20795b8dfcc23c474b6ea89e6d79f46fe9a16abb81d967de7b3007afa
y1_HG00673.2#861	cd9374e295e82fb4ed27cab9c42719ae402f4019b2e010811e3174644f48e7f2
y1_HG00673.2#862	ef7baf4dcf44960e2e41641b742fcf40627f76e9d2032fb9bd64115e893bfb6d
y1_HG00673.2#863	3a3afca62a8c3991e7d469bd990d0aa225af7082cd69b64234089b957ca4828f
y1_HG00673.2#864	4ff3a9bfe5f0d4d3f818473878e60d243b26b07b48aa2a639dc6b221caf0b05b
y1_HG00673.2#865	83da2f7ff2b76186d59cc93397f6440c93326ad8ef1bd44baa06aed6136c181c
y1_HG00673.2#866	955abd9e54b7d749a52ef12c3ca2de3bac9335290bb945a7f6eee60887bc8bb0
y1_HG00673.2#867	8d4af3fa6df79579c31e55d58a975de1264eb064b356107b5dd9c6190df4a0b5
y1_HG00673.2#868	ba0b6dcdbdf11d4c9bb38d813862d583d951800b4f40ae9ef837cb2fbd4678f6
y1_HG00673.2#869	8a5c077c4a698a3ec279afa9ae37a336998068ff578a820e8e528793fe10b9b0
y1_HG00673.2#870	f8aff15fd06fae11ec8be945f75973dee7629ee8c45b72fab531a2ce4015630f
y1_HG00673.2#871	87b621812402e2a069003500007a57421df0388f0e3847060e8ed2ec34e84053
y1_HG00673.2#872	23375c5b3ec5a884b14052312bbf46be7f3f54054f4fc964f27ddefc95c80257
y1_HG00673.2#873	32981a6c264c157cc9e4eb600c381a8fc713ff9720d6bf118c8c2698febada12
y1_HG00673.2#874	c62009d21ca2bf25148549ef45947d45a65b5c2d2c43d676cf6916d20b58f92a
y1_HG00673.2#875	fbc937eb43a2c73fe2257b3997c82d619731f75d0823c91b3a711d3c9d87a274
y1_HG00673.2#876	6f6d151c655c62a29ee609cca6a9a049fa0ee882097e84ac01beea2fe98743d9
y1_HG00673.2#877	1493dd6d97f4f9e5fb29925ddce549b75729404242802243208a3b342f1b635f
y1_HG00673.2#878	db1a3c7662d6048350d1af6df44d27bb259e03dc5b00a4261100a684d3da11ba
y1_HG00673.2#879	ebbc4637a4da9ef68174949a6c96f457cd79af35e1af400ced8d03e3c63a8208
y1_HG00673.2#880	c1196a1cefd4c10ab5062b93085b657bfda692d1673bd2b5489454b946a9259b
y1_HG00673.2#881	8420e99552061c81a58058c777558e7742f2dbd7a980764f8732941d08e83b1a
y1_HG00673.2#882	6483a3287327b86e1b5a3d8609fd0cab798248a02a83b44f880710d3776070cc
y1_HG00673.2#883	eb5442705969dc8da5dfac8f9658dc68acdab5bb7635ba7cc551e389416ac34e
y1_HG00673.2#884	e74bafb762d7930ebda443b2f4537dbe62dceb7b1fc4c487367d6b521a3ebb11
y1_HG00673.2#885	1e6a0575438394386da582130b2730936fe2135139d2201298f650b5a9302782
y1_HG00673.2#886	928943732a65e0b01ac444319085e2117e353cd3f41d12b81529d4d19831c1b6
y1_HG00673.2#887	c697e8a41a7dfeeb0ec85572feda1994638aa413998ef3e67c12a2a57f65eb55
y1_HG00673.2#888	a57c968fece939ae1d4ca675dcb43ef69253ed1d93943bdd56b59f8cd7751a5a
y1_HG00673.2#889	6ad4b615d743a54c93d923ece9c7624746447a08ad122137576409000ad7585c
y1_HG00673.2#890	4cbae6fcc8dc926645aad61ede522262a5006a7d924c5abd9f2da67586d9c7ba
y1_HG00673.2#891	8f2887907859249c5268ce26017faf32dab54e88e6e305d7b596904a797ebf47
y1_HG00673.2#892	9fb21f3b94d091416892e1065741b404cd51537c182f762c19108b9697f11675
y1_HG00673.2#893	7b66db121d9f542ff60acffb25bfd97dbb541cec5a2e255ded7ed080553d460f
y1_HG00673.2#894	c2242ff41d388e35543b296591d982db26cde3f518ccac40715830fcfa863cb4
y1_HG00673.2#895	a0332270bb2686e7c85cf28b92e4e414b13a375fd3314f4a80e1eef44d385962
y1_HG00673.2#896	942a7b7d7b1c49f3a2d4f1353b8670f2f26b47afac7b62e224ec6873c2b0063e
y1_HG00673.2#897	25f6a9411dcc92149dcf3de256ffb26338103511599c1b2100b5b9f65c73123f
y1_HG00673.2#898	caa6d1f41930c2dbcf56bf6beb168bea60e8e62cc5012b1a749ce93185ed0e45
y1_HG00673.2#899	ed461a2f0203f675e73931d83a406c6e937bc4f73baace4a00f1d0471888230b
y1_HG00673.2#900	ee90b80bb8f806173c6f14669f7055b4e455573f4a325b9e961debe2e59d6103
y1_HG00673.2#901	165e68b5460d4487840a60e1c349c30dd563d419ef0824372e289f769920294e
y1_HG00673.2#902	7480b7bfb8fb7f0689a7b20a5e5d3ade4c17e37621d5364df614bac42d2536d4
y1_HG00673.2#903	3b8bc35a86caa56b94955af1c3bcdcde517b7e3ca08d5f51c4b4b9e3494c676b
y1_HG00673.2#904	03bcdbf636ffb51bd27cb52f3d79d5435862aef38e8697b0bfe29e7e25a68475
y1_HG00673.2#905	373771da1dcdff1d7d7db473647f01d0604b926e239eeac77322191f5189380c
y1_HG00673.2#906	f3a2e7ee9a9dd2b24a009d3a8e59765e6c30d360dce4dd868408a4dc2e658cff
y1_HG00673.2#907	f645f32314ddd7450a1bb45efc30f04439daf5f6bf5110d1422b3bc277fa8094
y1_HG00673.2#908	cd0fd2215ee031358f2e9c20ffbbcbb3133e1a87737948b3cecadaf16c33504c
y1_HG00673.2#909	aa9f8c9194057542ab9a5c62d83c56cb1fc5797190b3bc5ad7cc0574e64aca24
y1_HG00673.2#910	af244a71570ee858827e2467bced619623d5b56dab78369d88b96479643e1cd7
y1_HG00673.2#911	0741ee1d9bf63c1a20c6a209c582677bb3bf8d6eac58a88dcb3ad89b07e57aff
y1_HG00673.2#912	582018213a961332b637ab6e7d1b4590b06e711815d9e2bc1c66517e9b85a798
y1_HG00673.2#913	b71c70fd3e8ad72a121d80e5199c55f99ab11e3321103d94ffa6e485fe438805
y1_HG00673.2#914	0d73620e412fb1c6677efa2066111a55b0b41b95c2939fc1d116a2b21cd9e5c6
y1_HG00673.2#915	fc17b90ffe6b17fb5ff992fdff06cbd80b533bef08818eb780c81a4ba1b173da
y1_HG00673.2#916	8a4675a9ae3eaa5a89bb11b0dde5e9b4776dfa561ed41a50f2bb2417ee33fe22
y1_HG00673.2#917	2992fb1aa2de3a0f0f36b0b74c40bd4625dde83db5528777f6eab4fbff20d74d
y1_HG00673.2#918	0c2caa6362c39c9827e474a8d4c8482eb7d1fbf3b109a221dfee531f279073c6
y1_HG00673.2#919	79e34a2b3034e4c2e90de10ec069153579b2644c360250de454826e5e5484cff
y1_HG00673.2#920	edff24f040c8a2639173eb334493f5e136a6d8f60ba5bd86baff7a6d897dc552
y1_HG00673.2#921	15cbe5f066da796145940479d571424695e3077a1de270cb04972942d5b16260
y1_HG00673.2#922	146f06a2c0baf4e976ca3ceaeed16f3f1e3979b4d09f106cce01b21c7591d1ad
y1_HG00673.2#923	6a556edfea817bd2b32b013d6b50fada025defb45fd5aa41b7d540e4eeae53ee
y1_HG00673.2#924	58bb119c35513a451d24dc20ef0e9031ec85b35bfc919d263e7e5d9868909cb5
y1_HG00673.2#925	fd00468e7602f777bb3f8ab9f0175612126723c72a6c4643adecd80ac00e1f7e
y1_HG00673.2#926	03bbb99b3c3311bc457f996254536d2cd78ac6a7914a3f43336a57e08eebeca1
y1_HG00673.2#927	991eefb590734d9cdad3e38e402e0354eef47c358ac93e380a7881a6339f2628
y1_HG00673.2#928	e6a7f0fafbf2db664ad201bac99eadd1a9037e074a0b190ac5ea2173903dbdca
y1_HG00673.2#929	58bb119c35513a451d24dc20ef0e9031ec85b35bfc919d263e7e5d9868909cb5
y1_HG00673.2#930	1bc15db24b752d3c986ec746b7a3b81cb7204d476be1c982811f85642a55e2dc
y1_HG00673.2#931	4b650e5c4785025dee7bd65e3c5c527356717d7a1c0bfef5b4ada8ca1e9cbe17
y1_HG00673.2#932	4ae2fd3031fc4f0897de6e19acd50b89e4b8b436a6214bf73f72822f5b740a2f
y1_HG00673.2#933	29a97df868ee0c0a0122e0c4c55d64777fbadd6e804be245b38eacc05d57f9e0
y1_HG00673.2#934	a6d8bc8a767e009f42b190d7f89c3d0e54a30b1ae615fa3e74a718043c27d94d
y1_HG00673.2#935	472e73d796e20aa8ff9059e6316f218e0322548f661ec4dc267507ed66317404
y1_HG00673.2#936	99f13a13839cc9869a8bcaa8df1080331665d7653b343b4c1528a069a50cbe20
y1_HG00673.2#937	c1a563c327e7c2401196165ab4ddb3f1801ec6df913abe91f015bdc7635653ac
y1_HG00673.2#938	39d930393a3fed494365842dbb3da3258c6151c27853d6022e6206441e3c33a8
y1_HG00673.2#939	37cc3a7e6975ba61d469258bb942503aafed3eb43fc457957ee865a4af4ea640
y1_HG00673.2#940	642e855e966e42b615b5517027fd8e663b3a55acaf9fb888c5253f26eed5083c
y1_HG00673.2#941	487956aa4b5a60d79f9e6b113a54f15a88ce40a4d436ff8e91be309fb13b6594
y1_HG00673.2#942	9b0c9ec9ffb2a221b2d17bcd356321a6273d3265e2e3941c57122d654d39b5e8
y1_HG00673.2#943	9771d9bf171b09fbac7f57f450a2b56890f863348c1d16e1a57ee53069f68cf6
y1_HG00673.2#944	252867f0a2373ae9fe0295a05e8579f004fe3693cffdcc7c8c0629fb778e3b4c
y1_HG00673.2#945	219144da353cf7958f36a2355e68dc46e697d2ab1deb245ac30ef825bf0acfd6
y1_HG00673.2#946	7a1fc4b380f8c13a14df46cafff728be7082ab0f44b71a86dcdabd7e1bb1a0ed
y1_HG00673.2#947	4748134b3f17ae3492151a7f08cf867cd02d7b28471d7570eb8eae341cb98f70
y1_HG00673.2#948	aaf8428ffabcdf6c3215523df2a9b1825fe8edc0e590101a5b77d02ca361fccb
y1_HG00673.2#949	cc2eb8db59a42cb5e415471ac27de2c9bdde0f165ba14a7e5c4cab83a6dfb747
y1_HG00673.2#950	9c20052ea326a9ee002515cc65ef439b322f7f3ab59c82655874424c1731e808
y1_HG00673.2#951	d2f7b49e779888d10005d128e46f2115763e4eed08a36f6d71b07ce2e5f1f867
y1_HG00673.2#952	42c5d2e147294d366a8a6e5f03ceebaae0a817c8e6b6d0ae1b121329f715bbae
y1_HG00673.2#953	ccf810fc4ffafe999f91fb41c2fd62762672e8cfba5eb3a002df7a92d45d065c
y1_HG00673.2#954	7e0c47be5c5cb2f4dd279811140e350b95d7f0e54e8c19b98a5f1a05306d32b9
y1_HG00673.2#955	844f0b45209170894fcf6715dc9be886ab66b016a7eb1b87e967c56791e73d20
y1_HG00673.2#956	c72eb01879fb9678b458db407f92b59d9041c3b13acfe6c4db50f16dbf55b1fc
y1_HG00673.2#957	58bb119c35513a451d24dc20ef0e9031ec85b35bfc919d263e7e5d9868909cb5
y1_HG00673.2#958	83169ae63da7eb9f65a01e394baac92366a776b87659461e6560359f50d3d823
y1_HG00673.2#959	0a49ca20f0a6effa0169453b14b4dd2f66453ab055ecf04052fb9871311da465
y1_HG00673.2#960	a862d92d363e838024df7d106ceefef2cda5b3c5e4e3b35351e8160acef23c8c
y1_HG00673.2#961	da42bd01006a8f23355a706b7dd06b38dc6f15c824f9420c387f7e68d98a3e50
y1_HG00673.2#962	306e62dee8a39b293a5a8e61e5082e0567a6f4249e6872fba9c6cdfddafefbec
y1_HG00673.2#963	498c13cd7faf14b16d5af99536c91b780a671affa1948f0d8c8dc8e7c02993bc
y1_HG00673.2#964	67c734d078d52eb96806ef7f2bef10fcec3ae4d15bce6236c52d8f98f282706a
y1_HG00673.2#965	c23cce353924c28d3a344759c3404d605c16bd0965c691361e5bf656ce1ab10d
y1_HG00673.2#966	375676e14df7441dd38abe058be0befb1b0393e8176cf5b89641fe900f3cfb89
y1_HG00673.2#967	ea5882a64a0873de58bef9ec176f415a8929a7ff2b124c5e867f57b93c4a166c
y1_HG00673.2#968	0c15bb4417eaeffc356402434c69b428e70177070b4db40fcbc171847a7badff
y1_HG00673.2#969	eb42d1e146114895efdf0e19e4fa6281e6b326a10aa7ccb52f1234da05a3d154
y1_HG00673.2#970	a2dc58201103c4f3f7efbdb813cb365863d4a7052b5fde23f410511cdc267293
y1_HG00673.2#971	4a367f84e9aedb9e7814e94400b6e251b79d36dd52a7befae5376e1c87fa6c6f
y1_HG00673.2#972	3bc0ecd7fdec847208d9dd07781c7f302bfa969aebeb07bf74f56ee788b5f155
y1_HG00673.2#973	786064fd5fd9f7fb132b903dd8d60a786a29c8d3e1263f681f462d7ff5f86bfe
y1_HG00673.2#974	a652f81425edb158eb8af3450cdc9720025fa4d247d944d8062fc6d8cb02409b
y1_HG00673.2#975	165c7965ab2640a87c995f9d55135a4ce9dc960bab017d27d6a2f5c97be2e2c6
y1_HG00673.2#976	db566d16f7e5bb849f30c065530d2d89fcfe4c3d10a587f457fa32896dfa4307
y1_HG00673.2#977	38706c493a6b58c11e4f1a416439ff6a20f63ea0ce23ce47160f7375cda15923
y1_HG00673.2#978	bc028ff0328316dcc0d1df3ac9a53a4b7d70ed5638252d4e677ec7b0c755b452
y1_HG00673.2#979	c0282fc0ad544b748bc2b3d598c74b6ef9d8eca1eef0d75754423e72d654713a
y1_HG00673.2#980	d01e82d644398323a84c2c02e188b28970db5b1b8beaa04fd77daf56f2352ba7
y1_HG00673.2#981	0bf0ac9d0a7d44d7cc60e5fa66371e9d1fdf76cd36863dc9be80cce55a42168c
y1_HG00673.2#982	1077a7f7388c9269eeda39b9a2653dd653a9de826455bc135d3c7712e7105454
y1_HG00673.2#983	1349e47887ad639198cc08cccd29b47e499f7ce2517960e53065c8fedf1e3e7e
y1_HG00673.2#984	b96a1317b63f37887e45351a3f9784559fce02ab480ac144e5c6d9ff240fd292
y1_HG00673.2#985	6b49edf3274ac83fda0499d858a703a21a6f66dc9db620d4f3dc43c0c6658f72
y1_HG00673.2#986	f848e96d9c4c8a453a6458af20628af3fea4fe997fbdbdeaa85183d2b7fd3bc6
y1_HG00673.2#987	a58045b145e70dc88450b85c7602f0167db132a8108d3e6b0854099cc1592bea
y1_HG00673.2#988	94f1905bac5e72b77df86027cf12df16566417b57af2720487a03edbde3c8419
y1_HG00673.2#989	7e39d6a467eb79b9dd74efae3644bdc0706adde52f2f607eeac6480d05fe2d60
y1_HG00673.2#990	c216065f4c8e8c41d3a952c2e73718bd388ce02881162aedc306044b6b438399
y1_HG00673.2#991	3954dc0f38d7b6ab2b6e078ad3f172176cefacc15767c3b81277ab8ef055604a
y1_HG00673.2#992	e84d3640a39241c388f599168b8aca8a2fd15190f9f920a56399d9c73416503d
y1_HG00673.2#993	2bf00f54e0171f1870b463615402603c3ea59f87a7f3134c251b8c1c95308f50
y1_HG00673.2#994	b7a0adc38fdbafe0170473f16ff5bd1e9c25d41ffba49202dd71c2da8b29769f
y1_HG00673.2#995	10c84e5f2f2203524635ecbd16de4a89f5d7c32debe0d05bf838015f140d0753
y1_HG00673.2#996	72ad12d482cd6baed4f219485c060819ae2d16f47246db26c51b3dac4d1148d3
y1_HG00673.2#997	3215dfee9cb8ffa57446bf62190a1f96855a3306be3e863dbb0323c63aae3b4b
y1_HG00673.2#998	9af9eef31e66682c7a4c3053e2f28007fd5f6ea4f2b668263ed2716fe4c793d8
y1_HG00673.2#999	84aeea53ac375d0d567dcef419232f105a01a5e7a8870a4a978177f325efcc37
y1_HG00735.1#0	c2927bfe1b7db6babff421bfdaf5f700046f7cdc94ff3fd4992e75b3ecfec01c
y1_HG00735.1#1	7ce3358fafb9583bd3b97517be3855a77850ba02997bcde1a2651a0233bb4de7
y1_HG00735.1#2	e842603ec7e4bf8990b1cd363d898551b608d238561aad813ec6b280ba462d23
y1_HG00735.1#3	ec6b131c526b3c326b22d26843f383435975196634fddc3e256a82be3cf64c1a
y1_HG00735.1#4	b11eef60da4562b6fc0c0925ac03c3f49f850951ca74a6d1d6e0b792e91cfc5f
y1_HG00735.1#5	ddf5f01a6c3fef1866eb3d312867a38d8b7ac331cb0d6a7d2902abaffb2a15fe
y1_HG00735.1#6	c07d6195f507341d0e346f25dbed2c662022049ebfdefbb793d60e4730cd767b
y1_HG00735.1#7	0d3764ea44a969fbba41676dbfb440516725bf8100de43ca5b5ff40c6dc5f353
y1_HG00735.1#8	748a27bde1dc58f587da4973ea6d38805043510e177c19bd0fef8d5303a59002
y1_HG00735.1#9	54e6c6a3bdb904c83bca5071e22bdd495d310631cc8ed1efa95a29f16a9e4861
y1_HG00735.1#10	9575e272902f1806c960645ccced4ced33b0ccc14b2b5b1e36d79cf9ba74a332
y1_HG00735.1#11	40a7c33af7bcc221595093270bd66331c6b7fcfd7f38b1394def3f6ef8169d8c
y1_HG00735.1#12	b2d925da149cb45443b30b643b7c563ee5079e82fc6ad4466f97855f091bbccd
y1_HG00735.1#13	43f341e4b87e1ab277a9e1b9c5c206e6d3b008407c8017c7feac95fad15d845b
y1_HG00735.1#14	d3d69cedfe1f7a035aef983441ea6c42bd6ad42983aa579abc13474ae891601f
y1_HG00735.1#15	2a2773cb0b5462f090dc620bdf0b7ce40657cb15aa0899aba7002975dd12a8c4
y1_HG00735.1#16	0fbc26485e232f572b1a21f1c9e05f832c54fbba1ef95a67cbbb0102d1774cbe
y1_HG00735.1#17	ade99b610fb12c60edd36fd27ee399a54ea6e572ece5681a6b15d2b2e8d53b70
y1_HG00735.1#18	b41c3e1fb0a10d7f083c6cff0e2808b0dfabc8a8c8517f5b996419c69c95df0b
y1_HG00735.1#19	de7f744b71a15e7db534d73d97b80162070991f8757270ea4fb90090c4b0c02f
y1_HG00735.1#20	46d7443eb5d0365e8dadd62cb23c1a2f3df1224efa7fd78ac1efbd92361a8613
y1_HG00735.1#21	4a0226b2584b7612f04cd00eccdfde0096d80974c552900d7b3321ecc1e8e182
y1_HG00735.1#22	967dad668bb6ce305618a842752046dcbe5debf8ffd44f2260f2622eff1578ed
y1_HG00735.1#23	49a53c51312047fcf882722321ed4e5c21ebac86598201b9711d9c8286f7bf82
y1_HG00735.1#24	1c61fbbc1476b473768b129c43934aae8372089bf70be72dc9d6593c76fe1da3
y1_HG00735.1#25	2541e6df7ca8c519f86bb8b2a98793bf66f1eb1969513a41a7a8e0f85afb0273
y1_HG00735.1#26	c453bb5bc8237c28ca967d8686850b52d69e049193e911a16af90965f2f30306
y1_HG00735.1#27	c0724be14a80120b99ab007786be2891d01c1ce259f19fda834f45528385a253
y1_HG00735.1#28	d9391835732f18b76d1cecc72961171aeaacbf90b4fc9b2ed652ab1afa900e52
y1_HG00735.1#29	7b92f09686b661fc1771f33065dc4f52ff510d6efdc02ca6eb9f7312a41095db
y1_HG00735.1#30	616642fb87bc0508719e85e920314df81e9dda5d88f658fb33f82436bc1bd3bf
y1_HG00735.1#31	f65698c49b1b8e84291e2bb693d685a8fa71fa3d8d1bc4ddd38d6707b35dd7bc
y1_HG00735.1#32	f9477e7bc39ca6a712823fe0645cbc5cb57e9a5ce9574ee1caf58c0f64080ec8
y1_HG00735.1#33	da562e19d5333672d99c51275b2855bbea2c3ced41eb2f9c64274d78752d8506
y1_HG00735.1#34	1b81df80667c12eaba55a4ce0e6307a7296652d5afcccbae2e7e56e12b77ea50
y1_HG00735.1#35	f4b8252b00f5350aa47c92dc9a850d6344cbccbbc2aea6d5c77aa205cbfa446b
y1_HG00735.1#36	49ef45e22d86b815233c4207519834989db755a55773f6fa0c4624c2c937973f
y1_HG00735.1#37	2cced3260fb45f4186762e43e6b704f5a5e58172b1c8d64aa57838651320091d
y1_HG00735.1#38	54fa36b932d33f68def391471b0934a9b6885548c54ac6e1bedaa17b936f38fd
y1_HG00735.1#39	d5903d89b35ef874cc174477569c09649209d75e72d32561c3902903c7f3a947
y1_HG00735.1#40	3b905b725055923442061cbc6cf5c518cf6a19976d2003503aa7e6b41bb8b642
y1_HG00735.1#41	27006b29d7643f0845b501c0489d4ee5fa9315e37fa2752788a5e6d810c1ba4b
y1_HG00735.1#42	20927db95a4cb61c15cfe2017e71bcec11399c200b29239ad7aacf19c86b2fa4
y1_HG00735.1#43	9e320ebc532edce6c301616e67384739116de6a26e9557bc804552ad3448a128
y1_HG00735.1#44	65fce8ea8d0048a844c4cff46a9220f561be08e9f8cca58e97f5ec615635e5f6
y1_HG00735.1#45	dfbfd667ea20d1f7118b59f1ea399d9f2d9a5be5d539d5410eb17a98aa33dbb1
y1_HG00735.1#46	cb1ad2119d8fafb69566510ee712661f9f14b83385006ef92aec47f523a38358
y1_HG00735.1#47	633bb28d93cfe14179a293f1a3a98cff65036e168a8c1499ecef053d0beeab41
y1_HG00735.1#48	520262a77504d20c97c232a4f6d6c4f2566106006c8dc82cf6e5016773618c3f
y1_HG00735.1#49	3f0319a93d832f9829ee426e2cca390a9b301779765eabab9c593b5ff0259f90
y1_HG00735.1#50	89932f8285bde9d693a0691a3400ba249f0d5c1357fe157dae3254112e489143
y1_HG00735.1#51	fca04d9f6cef526149aa94820a99733056db59eca4407998ba613cdcc788aa40
y1_HG00735.1#52	ebb30da0d5127c1481eb747ed6b3491716ee626a6732f88c8906169ae530185f
y1_HG00735.1#53	9ca0be0cbd84b565315598eb03dee370edf5096a6ba92b1c12f58da04a50b01e
y1_HG00735.1#54	dffe51ad075e1ceca63293c19fddc25c8495dcbd34cf3062ba3bc11bbb7688f2
y1_HG00735.1#55	eea8937693ba45f4146c2aaa9615632db36e1f31f9138858d1734757d08b52ef
y1_HG00735.1#56	442035b92353d79811ec0a007d6d8241031e23f6e1e04529e9e68a95636aee83
y1_HG00735.1#57	7d8ad3e4750020cf7f1ad71d211cb1fd46d95299f21a99dca6651ce0203e57e8
y1_HG00735.1#58	8fa8c04bf09bf0941dcacccf67487e51555ba5b3ea0c7b7c7324751e8659f7cd
y1_HG00735.1#59	90536f5e85a249fbd8799c742a670d9be146f66b80c3da2dc4aec6fb562706c1
y1_HG00735.1#60	4728e5973968c0d880e199386fdde1fe882e2e3ca3c386643f2be36b6fef5857
y1_HG00735.1#61	0a97d713fa2d4cb964dda99b0d5b98a4c3d2b8a56ec3089912e01a72d660165a
y1_HG00735.1#62	c1ec42336fc0f74704c497f6651c7b4c729ab7d2da66fcfd55f146d945400ca3
y1_HG00735.1#63	c2a3be18f82cd2869bff610877921aa0c411f54a534973ebf249c5e5eab3c33b
y1_HG00735.1#64	7617e6d4ca6ecaad88ad8db31f385a578769ae8890da3a32f508a5660f400490
y1_HG00735.1#65	f54a11d0c4654c83cffb9d3659f25f732252808249a751e454b8ae0645e14ca2
y1_HG00735.1#66	5ee89fa97a40658971410888a20d5305c741f09fec9a81b50bff4f3419ee9e4e
y1_HG00735.1#67	53f2ce19a7f21ea867849ead189bafff0a491aca75aedf5334fd4aee9bbb342b
y1_HG00735.1#68	90f352711d0bc9b3853d1e2b8ed062df366ca6bb9ff9aa1d143df5526d259a41
y1_HG00735.1#69	452d82eb73c727d60b57d901a42a774c5fa9ff50cb328f7eff476d53fc1911e6
y1_HG00735.1#70	56e9ca3bf348688214df3340623fceaeb9b18de69380458f90fb7988252d7f9a
y1_HG00735.1#71	a9da9d3168d4e79e7a111f7e67bd11e40c2647ad8f447ae06aa597de47181fb7
y1_HG00735.1#72	f970274a7710177ae76a6021c7994e675cc98dc7b20484c5e8ffd29fc06436aa
y1_HG00735.1#73	69c2301fbffa4d9993e71eaeba3ad8753fd0ba85c692579b39a1faf909769c9f
y1_HG00735.1#74	d3c6220325aaf529dbf39e42c070802a37c913fa43ec2c798d803b7ca87ce701
y1_HG00735.1#75	0eeb2d7fac71813f3174e754c965dddfeb4ffff8532362a8c300b428ab26d2d7
y1_HG00735.1#76	dda783b5f5ff509d2bb4d2a87394cc0ff6b452dbb32196d52309d1ea552c27bc
y1_HG00735.1#77	deaf76ee3ca0b9028b7f1cd883a22eca37ef944d9caf8e98a9230a43893f09b5
y1_HG00735.1#78	273ac2a6dbb0cc26be1c1307babcac2685b9514ede60914f9ae5507bda695189
y1_HG00735.1#79	82d959a8f617640b99632259eed4bdfa30fe9203af64e7e6a3a7c99edba9404d
y1_HG00735.1#80	3fd8b2c4aea744d950ecb00284070196d22689496b95cef3f3ad7077d360ed38
y1_HG00735.1#81	143d52a0291fb99cdee5b3ac7988f6c4a9f38febbcd8c349ea02352ab4b67c2c
y1_HG00735.1#82	202252c8e02517ed4fa0a005699bf20be3553cf3f4ee5356af563c3e4175a74e
y1_HG00735.1#83	f2d16696e22919a575cc3a2701f1c74b9858862ba7674ced61daca7fb54fb1b7
y1_HG00735.1#84	d5ef0f0e059ae5fdbee9ef56db7748a14e3418111c0715c9be7fb0314ed3b253
y1_HG00735.1#85	58bb119c35513a451d24dc20ef0e9031ec85b35bfc919d263e7e5d9868909cb5
y1_HG00735.1#86	f317f1090ca5795a13cd48d98d4c3fd11d83dbf4439bd1dae678aea590eb03a3
y1_HG00735.1#87	07b7a6b064a81078d5795f96626adb8ac9344e36f70a355e64199c045b08ada1
y1_HG00735.1#88	c4599e3dd2d7e9e6f15031f17ba58877db068006b11ae825239c7d0c398f9061
y1_HG00735.1#89	8b5125470dd746f3988667b349fa12a84c0ac70b19d5c2bb729f7d121fd55e4f
y1_HG00735.1#90	6205f765e3f3cb0ddde245a5123acfde44d4d405576f972db3072052c4528e1e
y1_HG00735.1#91	c767edb7892c88e84d076b93284a7e5318e202345dce9255de258104e9d9b955
y1_HG00735.1#92	ed1eae396671e70a32ffe0baea732d627002dca7135a037034a01ab74e526738
y1_HG00735.1#93	5193be9485380747ec8cb1e181eae6b1fc5869aff988cb548ee955c7134e2b4e
y1_HG00735.1#94	ec04915c4f66a73bd53ea7402126054263a48ca07432b4714d5654b758b190e8
y1_HG00735.1#95	3606f4ee5d76cc4d0c42b4d8286401fc35cb26f77ebe61cf1b306735dfdf645b
y1_HG00735.1#96	dfabfe11b35d35b07595d327e99ac7812448deb848df5f34dc06a4ed25626f0b
y1_HG00735.1#97	8977972f5282c84d1649dc01c444e8f5e155d40ab25597599f810b595510c934
y1_HG00735.1#98	f4ce8b4c45f3064afb0654992d82d3c1637a495b36a9970c79495c77f48bc104
y1_HG00735.1#99	6494a90fda5fbc3bf6a5cf9e2789514cf934fe2a5d5cc83a52519786c475d074
y1_HG00735.1#100	80c1389e1e52af92cd8eaa9947f3e86e5c766c38cbf96df54fd7bdc3ea8c58d7
y1_HG00735.1#101	0bf0ac9d0a7d44d7cc60e5fa66371e9d1fdf76cd36863dc9be80cce55a42168c
y1_HG00735.1#102	137fd447500422bba1ec8eaa0c5fd31237db6391d48c2815f6887cd9bc940c9f
y1_HG00735.1#103	be88e58f5bd9219b50613f775e36002de120da1851679819bbbb2df1161b1e29
y1_HG00735.1#104	a35df86b47a2ee9bfdb856c4dbc1a1db8d11eee07e19c57f821dd094c59e894f
y1_HG00735.1#105	3d1cd55b37045f8f0f04bd934d2ead942349c85c5ab3a264377805b8bc6e8456
y1_HG00735.1#106	74905c64f4c1c6d73f96ef6a08dc0204850368f1aee4984215ad5848c76e1cb3
y1_HG00735.1#107	05bdb3a0ef9a044abe089129bb1b0262248ad446e46aa043888a7ee1cf6e9c37
y1_HG00735.1#108	34df48960fb19ea4ce222eb16b5e6077e792cf73dd77865aea6a891bdc7c5a3e
y1_HG00735.1#109	7d37cb4156a3ab5f624a6a93f07c12f142df4e94be65c2ca9c732d1369cb7e44
y1_HG00735.1#110	4b650e5c4785025dee7bd65e3c5c527356717d7a1c0bfef5b4ada8ca1e9cbe17
y1_HG00735.1#111	88bd6e2fa50fb63a502b9eff0b60f8ec8893c5a4b1916e646851249c00d95086
y1_HG00735.1#112	b571e80ec9e877f603cf637e46faf72f368152df9a52b2612c2d951eacb4e262
y1_HG00735.1#113	7d4b27ebe46280279329534a64b95900417e1ce67fe9b101de59d87838d4b1b3
y1_HG00735.1#114	d2f12c552b6acddda87451d688a22f9cfba395461fbfb87919b2f50b286ef768
y1_HG00735.1#115	a3160d69e1255edbbf1207235f729f49d7bc0cb396ea3d5532ed8f6e357acdba
y1_HG00735.1#116	6fc5f3a368e286e460b9c65c5311574155d2b1a03c864eb011c0507938ee2f23
y1_HG00735.1#117	9b994f99090cb3054d4096daf61f900aefb770b735000b8723260ef2974cdf3d
y1_HG00735.1#118	ac91981eb4a1c30f70fc7220ee8459287eae1cbef435df648ad2a7894f50f86b
y1_HG00735.1#119	0c3f3523d7201db75e54f6d52d578dbaaf9ad0c31f3608ba95620e417cb9dc2b
y1_HG00735.1#120	673aa4da093de8376d7558b44e950636dad6061d283c1ae4bed45b86c16cf362
y1_HG00735.1#121	a160341f269cc920ee39a4b4353548f2c3512034251a14c2e6ddfd66d303075b
y1_HG00735.1#122	ad16d1b31941f0e177b03a971c0e0d09d8d6bcbb3502df4b5b8d4ddee4a2a083
y1_HG00735.1#123	2147e65ed0173b38192829c598de3ef914c7a41b50338cad3be8184658708e23
y1_HG00735.1#124	b55708a7f3dd1cc91af6632c88eae4651b0ed5a1fc20a49a7b1f83b706cc6319
y1_HG00735.1#125	d1801c24ada49fed30c6104f28d3fc5977925f3aa6b23b1cb8fb4f874312eadc
y1_HG00735.1#126	3f75c81cacd6d4421fd011187e7ddb884707fb1ea3663be0513b73ad04ee99cf
y1_HG00735.1#127	267e7797aa33cbca3b86938ba1b7a1da01d157eeae2ba0124ff11e2592927d63
y1_HG00735.1#128	53ac98193ca11a7f8ec9081cfe654cb744aae63503f9331cd245264e0a891806
y1_HG00735.1#129	a45a88ca75836a6262147a0180f027c53a550f9f187528d1999d36e4ec8c08d4
y1_HG00735.1#130	55bcb6f7e36e02a3df686d2a76d822a09e63678e5bcb796292b4e28d2c433de2
y1_HG00735.1#131	b6477785de0af927ac2f04afec753cadb056650052ff82fabf610cfd26c23a81
y1_HG00735.1#132	586d2a1842560226d8b096a85681726eda92f64326dd08a15c33c680c4fdc037
y1_HG00735.1#133	aa5ae1bce499303b7a832e02b3e53d14fb956c80ee5ef48261110126415a055c
y1_HG00735.1#134	8b6317924f7c33f9c438d5f300b9e4bcc6913b3946b19361e0f68138b114a6fd
y1_HG00735.1#135	fc8f512d909b38e41c48a37d76d9822f99704d24a900fe9a8fa5c42b7fb788ee
y1_HG00735.1#136	a915479be368b83eb1271261899dd7e186b0577ba9c93545227c70c5597b48e5
y1_HG00735.1#137	a7bf45d80f5e3dfed77e3e79ad7e6ab1598af482138a500360d92902c93a7402
y1_HG00735.1#138	505ea7ecdc62fb1168f01bae7971d2ddc6d16c8e08d7dda062c2e6eaf2b19b83
y1_HG00735.1#139	272aad63ef1c3cb6cdf6b5d7627eb6b71b33efbd9e79e18c4407aa58c2433c14
y1_HG00735.1#140	bb334c9c9b509f9fdc845b0ffd0a30ac6423649016d242e6f3b2760e050c78ee
y1_HG00735.1#141	c88ab16b1513549e83943cb6051801c41c18ffe01461e7c6e3d8a8d2c6c809a1
y1_HG00735.1#142	29d570a6d763bf143ab606e25078a250b861aa3dd97ff65b33972466924e4cff
y1_HG00735.1#143	769485b2c3e1042aab8643ee2c92aa31bd3a323c5389370a795c02f37c7aa63c
y1_HG00735.1#144	b862fe7b5463e6c6982da06c80a2d9cb8493d6ab67d540db01fe66602803094a
y1_HG00735.1#145	7ee7510ff558566b9bf48a70b0e6ba119b81cccab7d948a17656ddab02c87ec1
y1_HG00735.1#146	e88c3639f41490e36925123a588082b42199653a7362cce381e92b4e08c790da
y1_HG00735.1#147	6e7a8c1d5b5d3f60ecdbf9ed22a3fdf0d553ec4283ad7368d52e599944c9bd98
y1_HG00735.1#148	823b9e27281feb1c599b51f23a46ca3e8504541c06e5633ebc2ca1e121a9acb6
y1_HG00735.1#149	a7193ba08ad91fa701575a79043ade30baa6e56ba8586965c446ee03190242c2
y1_HG00735.1#150	daa720f7bd77c2ae943e8d322f46e49f93ed026bcadccd76b3957724f05f2f5f
y1_HG00735.1#151	50c95c479b0c27ee7c4b7a9f5ce16f65052ba8f2e85b88e353f93cce2e1b7214
y1_HG00735.1#152	fa787e6871fbd8a70ef04456f42831b1ad7f79785ec566106ec85f05a34a1c11
y1_HG00735.1#153	ca5d39121a9a037bac6645b9102c3d856c207690f9544ecdfc4924b3f0e00607
y1_HG00735.1#154	034fc48ba584fc2a8b0b40c727e4ce36b79845d7ed910c63abfb2c22e630382c
y1_HG00735.1#155	97372133eb3ef8bd7bdf8f3c1ac63f85c314aae57b80d05cf976a697470077ab
y1_HG00735.1#156	a7639f6f12c9b3585087dc668568298e9eff97d9eeba7f243d79598348acee23
y1_HG00735.1#157	765a51465d1266c3d6d2ddea240a8e6f35fd440b784d6f5a00332f23d10259fc
y1_HG00735.1#158	efbe8005d405b94e38600397d90a1b0b7ad055dee52249e964b696511e0ff332
y1_HG00735.1#159	f96abca93e0c493fb8ef32c080aa9a2b8b05b18721bc5c26699ce78825dabde8
y1_HG00735.1#160	85f4171589b3f0174990f2c495bcac52fefda2f103be69abce441620b1a773ee
y1_HG00735.1#161	2440f5067a7b9e3787b63fe05e52ac2f70f2de1f1b485b2bc5126465327e23fa
y1_HG00735.1#162	a1ce59e3b29c72f758b7bcc0e420d4700d481ea9a0946913f05666c0393e2178
y1_HG00735.1#163	4ebaa217f08f48741f076592e65452f7c357ea9056486e7f207418b3c84d4f3e
y1_HG00735.1#164	6025c4e4eaa2d664035c0c2264721fe3aff4672ca7a76d0f88ea72e77b5d10e2
y1_HG00735.1#165	6216316e1cd3eba552e20c21a87c535e1a1d0e56b8f54dfca33b8efe6e02303c
y1_HG00735.1#166	4e3ab24927f333b001fc9fb31b321503f088f49f1d29b06eebc23d21c0a9218f
y1_HG00735.1#167	7db24c84004943ed131144c7db8eae60a02a2604c441fcecb2cd279cf9e1a8f3
y1_HG00735.1#168	2b0ebd71eabe52823b1f022b74b7f846399a4301e777ff48010540991b0ed488
y1_HG00735.1#169	948b9a7892060004553bf2c0565c922338c55e507ba29c9f5c526cb09c548fbc
y1_HG00735.1#170	7fc8be07a47b2df83db89cc3d49d6bb66e2e54ec9a032507bfeedb20390d39a0
y1_HG00735.1#171	7d0b013119c27083a8403512696e6cdaf4cc95825e816e38abe5bbdf5296440f
y1_HG00735.1#172	1d9f350ba79f8432432b2987aa5335d76c575beeb9aa1fd9d806a6f5a0ca46cb
y1_HG00735.1#173	5a9354693467a8fefd1101c178e53d640a7854b41827812c188263b86bf04056
y1_HG00735.1#174	ab531de13e891405691eced28aa987aecd560c06546b31ffc2c415556f176d53
y1_HG00735.1#175	bb34a3a316d3110a0204bdcffc988ea7fc6627b235279745508025966ecb05ed
y1_HG00735.1#176	636d73bfbc76f4619bc79c54d046c0a18ae9185c5afbc9a2ef469ee7d5bff499
y1_HG00735.1#177	9916738a832f4dcea224196cb615de53dd76d07046a3e73b3f371b7d37f06f4c
y1_HG00735.1#178	1f3300d3eb9905303d98800c055fc883e13d01dad56749f7b32907a138b42c2e
y1_HG00735.1#179	0fbc26485e232f572b1a21f1c9e05f832c54fbba1ef95a67cbbb0102d1774cbe
y1_HG00735.1#180	99cc6e54d59d460a501422b6c7603340d2c6217691602d3650f3dbb9793ee661
y1_HG00735.1#181	d357abee0bb28c9ae62d86a458c253e07252086037ba2d2f01674a8e6d64fa22
y1_HG00735.1#182	53653da73cbcdcaabb7b16a7fc8d98c260c7e9eba9bc497b2f3e703fe96ccd12
y1_HG00735.1#183	0ac328ce62cd907691980b841a18daffd7b749a9ad7b05a53ba3f46f5819f545
y1_HG00735.1#184	1db9ba3accce1e3804180fa773c589e2cbe2d5a794f46806b33899ac961cf9e3
y1_HG00735.1#185	2000bf8b608f4f5976f2c1c652ab2097cbbdaf8f078f77573b5c8ce245c7aa29
y1_HG00735.1#186	72706ed2303dfc9652a7d2c5fa66a9a7b2f3036a3f3eda627a2e1ac34b4b7a09
y1_HG00735.1#187	e7a5f2e1a42f3e8bc55f8273fd159daa30ed35042dfeecb96f6ef1523803952a
y1_HG00735.1#188	f7b348a78194697e945acc56e97dafd62487edd750633ed29c7ee9b890675442
y1_HG00735.1#189	3e5e3f48c44cdb7edc3d3909b913a00205845fb6c9d3e4e2dc3347b75876dcc1
y1_HG00735.1#190	15cbe5f066da796145940479d571424695e3077a1de270cb04972942d5b16260
y1_HG00735.1#191	a045ab655f034ad03198292ff3c1956e7a0c07787eb0496ea162cebc0f841033
y1_HG00735.1#192	8e7d9efcb0e23910feb2443ee08fb7ba9fd776f1f9cc193fc129564caeefff69
y1_HG00735.1#193	7aef0a3e303056d522ed70e50e86da82ef0aa67343ead538fe08f5b9400cf97f
y1_HG00735.1#194	395e5b6b223fceb9e4849c7b52bf9b376cc9dee588d39a480a61ac3cd88cc897
y1_HG00735.1#195	4aa3d6b346873f764e00b4de0fc616afb8c4abfb20b82d959587ddb3757163e5
y1_HG00735.1#196	89aea3696d39660b2a9d82b06ed4c0b90d650f6f5c0f449ee50fe62a552f61d4
y1_HG00735.1#197	348f9d1b3993284160fb110299c031949763c4cb1e5e79dda55d4256ef5c3e4e
y1_HG00735.1#198	f0b78b87dc011649e6efb3340b3bd053a8bea405e1682bfbf9c3feb0f752f8f5
y1_HG00735.1#199	a93831f365f1434df7c9cd72f7e22708e0c1de8203f852fecdc74ff7b5ac4bb2
y1_HG00735.1#200	5fed6c8179e55b77df6e44505af6eb543b210ed2a30d73ce3e7caac5e6cdfde8
y1_HG00735.1#201	a0137b4d92b1aae2d473308eeab7430af917107d0dd089d76a4a570da9227136
y1_HG00735.1#202	adcb77711f6b55b61cb8c147811a3f31b355afa27bce9875f4391df7bb9d4a4b
y1_HG00735.1#203	847269ded681bfe57697e937e02dd9b76e1d074d73b77b8c89cf0f26be24e156
y1_HG00735.1#204	5f912f70bb3e32ba02f1a4c583d144c8e13151a8ef761c3661c90c54121fd269
y1_HG00735.1#205	d8b87d0d35a888f0de8d7b3982524a303edc386d456f3891fc81e270a4d0f3dd
y1_HG00735.1#206	290605f2766a57b45bdc94d481ae74c2c51b16be0ee8a8580f5b0dc722bcf4ad
y1_HG00735.1#207	328fc3843f88d89272be87adcd62ce83e3660d019fb1fb797a676f9b494357c9
y1_HG00735.1#208	3aae059a7ad0efe3f4a02c44d2446a3296b8187e5540089f012bd93379868ac9
y1_HG00735.1#209	f1290c5151a60e3d8af870b4313e98f32fd422433c5cdcc282b7e0682697a30c
y1_HG00735.1#210	ed49cedcd0a5cc62a8bd70ba3fb5bcd2073f86ac9f7679600477a0636f0a9e89
y1_HG00735.1#211	8ada44caf0779114837f17c7196d7d03f2eb1d4eeea79a0165e01aee982fb798
y1_HG00735.1#212	5b33979e962a6e4e03bb4343228bbd80b4ef3fc684eb1032f07d264335554ed6
y1_HG00735.1#213	786064fd5fd9f7fb132b903dd8d60a786a29c8d3e1263f681f462d7ff5f86bfe
y1_HG00735.1#214	a56362a10c816abf206d72cb914e2d5ca454eb9c7e744f88b1a1422c379e9942
y1_HG00735.1#215	370b335eba33d1428cc52776261aec5d4ea3509547253621bd3dc9d9b9c99609
y1_HG00735.1#216	3f0cfd8ab85827c6c950da4e612c89f2b7561c878c6993a5a66063d3f78eb1de
y1_HG00735.1#217	61762c6267e93c0bc289463bcdb67c4a141a1404ab23d1e2c6a46c0d88e5127c
y1_HG00735.1#218	03dcf79ac6fd83ead4f14ef1495ebdabac6dfe89d70261dfd1ad2ba829c5b7c4
y1_HG00735.1#219	c49bab49753516f9eae0d84d81d16bc8afb1f895aab4e189a1dea6c3813bc7f2
y1_HG00735.1#220	50422a631f78407581cc0520064f77b4ec6adf2ec36e20cf903cdf381ba61119
y1_HG00735.1#221	c9ecb6eff3bd55867a68b785bd625631c35b7bdf6eb8c85af8f1f557728ae65a
y1_HG00735.1#222	affea880491d4c86288dfb81b77fa841a5b11cdfbe54501302413129730e620e
y1_HG00735.1#223	f27d106c09dfd3505b780b101c482692a30ee0666516d8977c81ce3f8f999521
y1_HG00735.1#224	1e0cb0f7bf81b20c411fe6e653df870d69cad7f89e55f76c3dc56ba69174c33c
y1_HG00735.1#225	fd79cd27350909185b8a42ba0a214a1f0e9478d90cf1a6238023a2bb84641c29
y1_HG00735.1#226	bdf7cf487873e03ad0acf34db7ab5618c6bc402122777c3fa866534e4506722b
y1_HG00735.1#227	421dc3e0bf6bdd1e20751b7dc6a7e966e6207b452ecd7d6548294cb8919367cc
y1_HG00735.1#228	472e73d796e20aa8ff9059e6316f218e0322548f661ec4dc267507ed66317404
y1_HG00735.1#229	dc6a5bf6617eb4d3bac337b1edfc95fe6b6a87964052b81e5413ae0283d90fbe
y1_HG00735.1#230	4095b51cf807713f2c334b26d218505754770a6a9cbf98a097ee62483518c6f5
y1_HG00735.1#231	2453162996763860be96aa4606a22b4c3c3a4ab8306068234f0baa3029b1dcf8
y1_HG00735.1#232	520cdc07b0efeb1282c966e05dbeb758fc91fff7e27df52a0f6eef9290c20bf0
y1_HG00735.1#233	85f35b2dfa2aa100cf7ff966e0d060a4388e87d1ffb7c7419ef787ec139ca72f
y1_HG00735.1#234	4582075fd4ff5fd19475a11924d2937ff14044bb10726f4249596e535c294e50
y1_HG00735.1#235	343da81f32982cc6ea20ad7808af74e39b0d9842cd075423bce25c1d285fdb00
y1_HG00735.1#236	38c7af0fcb598f792a6d9cb0fd49b0a4b24f7ad769405bfa167a0987fa9a4f6c
y1_HG00735.1#237	356af691a6540cd8f862ddab0c5ee1a9add76af1bfecd3fc5f0fc335ea735ae9
y1_HG00735.1#238	e22ee5389bb7699bd127f97b7066dbb59128d2923397cb36a61346cb79dc9001
y1_HG00735.1#239	6a3d91a7ea19ad9fcb2a012470fcce2b3ae0c777300c0678f5019df7eca2537b
y1_HG00735.1#240	58bb119c35513a451d24dc20ef0e9031ec85b35bfc919d263e7e5d9868909cb5
y1_HG00735.1#241	e9f54aaf4cd83cf47c37997c417ff22cb0fe766cdf8ab18c5a35f1aa47d773be
y1_HG00735.1#242	b385efc846dab36df69d92a48a7e1ecde8c2cb5e0835914616809f280ed8985c
y1_HG00735.1#243	2499151ee340622adaa6384eeb0f23b0a754c74fb674e49fed09f4dad6abfe5c
y1_HG00735.1#244	fbe5864450ae0963023ec10479ab5e560473daca672ffe55a936818452ab72d6
y1_HG00735.1#245	88dd22a71a978ebf5180641850ba3e5a0980a10efab809608943373638847585
y1_HG00735.1#246	2df77222c24857949fa4a7597aaed0ea1bf9966c5b556ad1b1f1f724ecec5ac9
y1_HG00735.1#247	bfdc42f2f0cf018c9e984345d72336f2dc35ec626c28bf2eb2831fbfeddbf548
y1_HG00735.1#248	43cbe8b8f0a6f64625e6af4a27c61156154f0b06ac17867e9df00aedbc99a538
y1_HG00735.1#249	7c272fd0525901a9c519b445551ebdaaa2ce15553eb145b44deb6e2587d68b85
y1_HG00735.1#250	fca8f57a6aec78f7cd04c590822bca427bac0ac6e1abd1e124c4db8a7a0c7a03
y1_HG00735.1#251	37b6a98ee68fe8aec5caa3a2e4b644169e3f90c4f725a00e9cb4c1a98e882494
y1_HG00735.1#252	8ee6acd87c2bd7ccc6ca44d17b67ee41d7b6dacd9ffd255c32f85f507fc400b1
y1_HG00735.1#253	929facc165e12e25eb54522335509b5c1111aa2eecb7c859f9d39338a2202d0a
y1_HG00735.1#254	a1f6ac8891b9203e46c0af8644186444cf1b8d270e8677a0e479eaff41ccf665
y1_HG00735.1#255	361b7cc518b72e2410359c52680b7c0c2abeb568398599a613b4df3cc40d9cb6
y1_HG00735.1#256	3a9b51d410021abbf1c1c661f9f78413c5e9af1972040d522cc28ba5c925b649
y1_HG00735.1#257	605803313fa7b0d98fa0d262460c77740d9a9b865e3af8855c250a9a4d5a18f3
y1_HG00735.1#258	230c096026c14f12862e4ca6b06a43c6f3903e273047f241e230efb734784fcb
y1_HG00735.1#259	9ae816716fdd5670857a3a18fdbfb60ad627a67f5b80bf04e88f5f14e75006e0
y1_HG00735.1#260	b32a6cad675ad4746a51d3e5f6670ad3be511ae6f671f36d0892da1c3b0fa66c
y1_HG00735.1#261	4b650e5c4785025dee7bd65e3c5c527356717d7a1c0bfef5b4ada8ca1e9cbe17
y1_HG00735.1#262	6eba4076b1e242006b757362c12275df30488c89582c629f72ec6c46dcc74bcf
y1_HG00735.1#263	74f428e82d79d8f783af69871c5c84a76832a9746a615d137cce7fa5f1800929
y1_HG00735.1#264	6de8ae75f94fb4749ae2bf705f47f6d29ad18a65a5807f501d821202891318b9
y1_HG00735.1#265	70b741cf47efbdf0f65847aae02af726a28124f3d8b834820fa077275121efc7
y1_HG00735.1#266	aa70e763e0eceecb3f1033c9cc44e05681d741afc05d0479269fe859d523021d
y1_HG00735.1#267	1e3763019ee23e50d559f6eabf98f75063de680dd782a217c650758e50e65c55
y1_HG00735.1#268	c55c97ce2978523b4aca9149c610bb775b3c1824762e382aff3487f5dbc64674
y1_HG00735.1#269	80d1b1189f281aa9a40f148e72c546e85015e4248812a583479af5ea9437ff79
y1_HG00735.1#270	3e6e9539cddbccb95e6bc6b23f33cff87ab719619e0e6ac70f75ca44348b83f3
y1_HG00735.1#271	433bd398a8aa930b84996dfbf8b4a8257b983de77342d042e45d4e32ef4dc937
y1_HG00735.1#272	def60793d448a15dc5219c9d37afd7963861150bf60713a8183adc3b7a7d9636
y1_HG00735.1#273	480a700f6bcfff289725db0089baa5669b99d4d47b7bcee737c301b6aaac1995
y1_HG00735.1#274	0b588608380fd0b2f0f8e8da9423f0b10dfe695b6b6791130cc02bc4d13c19e2
y1_HG00735.1#275	7d0517a5a5e930da4fc0f7e62be6d4e4b78e090fe42eef45ae98f900844cbdbf
y1_HG00735.1#276	14366a2c6f1fd013c32c930edd8eb07a9e32a39fa98bec74aac4faaef48fbbaa
y1_HG00735.1#277	20a0546139ad7b2aa11365325833025dc2261efd272815cf91e765a98e760112
y1_HG00735.1#278	cd9e1fad79dfe54c29381401150e9c5c59a68c4e1b5f4332561b937a5258f140
y1_HG00735.1#279	2a9c6ef6f63c33ada5260734fa101cafdc9e498304e2f4f295649fb8c0fac9f6
y1_HG00735.1#280	d381b06f291c778b5f83dcb49ab8af03325ae805f93fb3857e4774e939ac44f9
y1_HG00735.1#281	9fd98b0480fe40b78c86d3f8e424a14415c704f2b024a7478a8f07ec5c580209
y1_HG00735.1#282	6e4b1a88211cd8def02b5e67ed11d7e332952a7addb614a01811efad4abadd6a
y1_HG00735.1#283	ba464bd29d8e092a7995e35e8ae54f6b5af1ea1773a1a92f42bb2a9ce9e033d1
y1_HG00735.1#284	266df1c968fda0472a248e26cab82ba4475c68d9b848206fd67adb460020c53c
y1_HG00735.1#285	e7d61fce53e31fe221a02e9ac3642747647feaee0ac86b182e3f7b904adfbf6a
y1_HG00735.1#286	e4faedcdde3b576989584af5da2d1fb33dc6a2fc0a0f4875e235c24fc9d4754d
y1_HG00735.1#287	76fd48bde4218161a797d9696c948cee36d6b4a254547b72b68c03c5d3d9aa92
y1_HG00735.1#288	ad9ed9f125cfd24ddb3fc3bc6434359a6889adc0ce2e3a0d2f475eedcb032b39
y1_HG00735.1#289	2af8743b2695b1cc2a5378cb6a71339186c053c254ab46f0d4693800e08dd687
y1_HG00735.1#290	05444227bbd12b17c2f92a08e673184a53906afabc230e4f5522e87039ca8dd6
y1_HG00735.1#291	db133e3301b79a15d3e8788e3f7c030f70d0939ce99d1ae8fe80218381fa2b59
y1_HG00735.1#292	a64c9f72877b63a5f3517e1abc235b8372169c7bde43e11c1aa78885651aff56
y1_HG00735.1#293	7ba538aa8f61469f3a1b7df8d1bb609ac7530923b86820321e7ecef7edf40e47
y1_HG00735.1#294	e5944511fe275de737200d791a5283533c776359ff473708a43581b715cc14ae
y1_HG00735.1#295	f5a0494577919dca50da96c0efec102773496a941cd8acd287a8bc9b8cac9c89
y1_HG00735.1#296	44a52f093ea1e9c66b0935da0c9308379a252033a841cd1bc3c4ee98660f7bc2
y1_HG00735.1#297	6b976a0d0960d298ce8ece2fb51f6851650d9c5e5bdfc92d9e39713ced48201f
y1_HG00735.1#298	abaf2c49ebb85574091cbd6867b56a4e8fadc0263ef510bf6fa1540552fbc532
y1_HG00735.1#299	91c61fb66bfd0f787f5c05604048b314542dda2d8b271b1093fac5398a99d805
y1_HG00735.1#300	66b6d51809380d28a137a8e3fb60a8e4a47ee6e65952f6aed26d0c07052588f5
y1_HG00735.1#301	33da6865bb078b87c38251ce116f28ba663a4ffb0ff5c7dfa882e282eefd29b5
y1_HG00735.1#302	1fbe87cabbea316e33158b2bbd32646fcda4594526b5441940b8e0ebec6ce021
y1_HG00735.1#303	225b7ce55923246eccc0f7ea1ae1d7291cb127f3c614bcdefbb3c1163d4f51f0
y1_HG00735.1#304	949fe17cbbe4c5a576f3640abd32586c80f07bbe4d3e15f8fd1ca02183c917fe
y1_HG00735.1#305	0be83f880681da109fb28a3ab992abf484af588af8bee63c6b9a5115d4bb339d
y1_HG00735.1#306	fb31c801e7f0d1993c78dc4edbaf39cbcf023e61e560732f4ece8b6c32745305
y1_HG00735.1#307	64c67314b5237cccbc193670e3d92a421f90f7b7ac417ca4f8b78bfd44c1dc5a
y1_HG00735.1#308	83e40742161b3ddbb041c61db2a364b9fcc80d9e1120125ae1a19255b27c6e4b
y1_HG00735.1#309	ccc1bff6f2f89aef647b174dd95dc1d4975d70cc3adcbeb8d56a73526acc4835
y1_HG00735.1#310	3b01278577e85a2090b1a3653a0eb4f920b52cc637e4ef09a63e3fb872f477a1
y1_HG00735.1#311	582e6c450ed4c9e61b5262bdd4a3a1fde6ebb55aae1cffb1d6a94be4b415f95b
y1_HG00735.1#312	ab5ead80dbe6527e8ca4fbc5f770bfb8ea1ee84167aa4d7b46a1f85cd8c3ec09
y1_HG00735.1#313	280c89d372b90cc8e65bae95cac14560c17c95e8f85babf4ff9764c6bfe3024a
y1_HG00735.1#314	ba464bd29d8e092a7995e35e8ae54f6b5af1ea1773a1a92f42bb2a9ce9e033d1
y1_HG00735.1#315	ace7a9ef86898cc3019c73520a141b3ea1fb313e88043aa4b348dca868853c8f
y1_HG00735.1#316	582ffe09e7509f77acd2e626a4d9bed338adee854fd779b7758b6166519a3699
y1_HG00735.1#317	e145114f898f5b422683f7e3cb6b6cb7bf927355abebefa89ce3bcd733f81574
y1_HG00735.1#318	d3f78924a94b9738e2e89f5883500a23f631853a4cbb91810f53529f7d9c89d3
y1_HG00735.1#319	cf84b955110188f31022a4a1571c0823d22103398911a08cfdc7cb575b25da55
y1_HG00735.1#320	45948b2189ff11b93766b4c00eb0b9d551c5944937f41ee29da9425411cc49f6
y1_HG00735.1#321	d5ef0f0e059ae5fdbee9ef56db7748a14e3418111c0715c9be7fb0314ed3b253
y1_HG00735.1#322	7f79c225f6c15488af1c7c18c28d4939784762c6380621f73b87a00fb81a8926
y1_HG00735.1#323	3fafb6c1b83b8f87df41519ccefb473b2a67695835a489f8f5548dc5ff0c362f
y1_HG00735.1#324	b8e82e606e4791d121a899742110c14e21352f1f7f4fc5239f028fca40a2f2b7
y1_HG00735.1#325	74ac15d8a084ae79c99b003b9a1d38da63f16ef03aed158dd83dff93cce162da
y1_HG00735.1#326	70d6b1449695931a11d3a539bf90c76a6882a122afa5886e8a686a06a8f1be97
y1_HG00735.1#327	105a3be53b97b217e1df4dc8f4408eba01c4567063ad9221768902cd5f1c4566
y1_HG00735.1#328	8bd92704ce0ef34951b033037aeabb21d2e3e94e7805aafa550061fdf71e6c90
y1_HG00735.1#329	faa49e922ad8cb456d344a004be2155696bd48ecb3dcf7ee5b122cb065c3d6fc
y1_HG00735.1#330	0fe8b2337956acf82b985e1bf4de0cf121c867b832f4a7177b7c687ab0ad4a6d
y1_HG00735.1#331	a57fdb5325c752beaab9d7d73f4afb2cc8355c99a9d349a555a05d3192ae6860
y1_HG00735.1#332	55bb4a6d1ea3c8663333ff77be4c8fed9093bc8aeef9dedf233c9cab44156b3b
y1_HG00735.1#333	730bab14f5adc5682187fe82cd3d2dac6b00fad7e780cd555e85c58022eccac0
y1_HG00735.1#334	1bc47b8583301f6495d8110764ea6d5fab0ad157a07a83221523a16049842fd2
y1_HG00735.1#335	e008343bcd76d1d462a7b03de8911eac7fead1236e2b459499dd3495617a740c
y1_HG00735.1#336	8051754d562213130c65dfda9aa89f52d9bd8033e3f8fcb958dc0ff8ebdb5954
y1_HG00735.1#337	4337320dfaab7abc72af2a7847015b4515f5310437cbbdb7bbf687016a4b673f
y1_HG00735.1#338	64c1c00466bac88451a2d9f4eb4e08da2ee29203e7e0735f86bf108a48192389
y1_HG00735.1#339	ede1e2b4f888d068e7bdaa5203007a83b5b39f6c43794d2e45084abebd57b1cb
y1_HG00735.1#340	66e2384b6bfaf511526e6942098bd9ebe4596bfe8a7147d9865f6ad357921c1c
y1_HG00735.1#341	64a6d34abddfc8ad22dcbeea3727436d4e09bf6c63fbc16d2677770364359de7
y1_HG00735.1#342	a3a598666bdfb30e323f71076123d6f25799018952109e46e980b5d0b368ef6a
y1_HG00735.1#343	7ab9dd1511ccf6e7fcb29b8a7dc3b863485ce592be1584b83f1defcf1665d6f4
y1_HG00735.1#344	98cfd09ada9ec0abaa940bc3683e54e30fabef54760c22e4fdc854c73c2e0331
y1_HG00735.1#345	84c8eb0660f074238570f92ba0e56f78509985155c8a4e6f7c5c2c526c3082b8
y1_HG00735.1#346	fbd2084373c496a58d62b48728fe355c9baf78aea35c185217b50b487d1958a4
y1_HG00735.1#347	452d82eb73c727d60b57d901a42a774c5fa9ff50cb328f7eff476d53fc1911e6
y1_HG00735.1#348	b643e6eda3ee3db90f1f77e5e2513a6957edd90c408344c0600bfee9aa482f06
y1_HG00735.1#349	4b650e5c4785025dee7bd65e3c5c527356717d7a1c0bfef5b4ada8ca1e9cbe17
y1_HG00735.1#350	56a73a02e6d03804916aa7aa2370ed28233c169bae1c267cbfe2c16c243fd683
y1_HG00735.1#351	4bf2ef7d0379b92fcf40fde751f0f553de229c43fde04675ad2b52f75f74b829
y1_HG00735.1#352	4dd71a91a4d04e919d012cf04bb369e2ec5bc5036632818c1cb7534ff8f63aab
y1_HG00735.1#353	eaac829e7a7feae262e802e591b2f320e26dcc8518e51bf9befe398d7f9c0113
y1_HG00735.1#354	d6fcac3556d5f5e4ab0467905e0ba8a0217a39dbfcf4c8ce7ed58303dad2c009
y1_HG00735.1#355	56dce4c12bc081651f29951fbc53b92eee72e136cea10ebabcd9d583849e47b2
y1_HG00735.1#356	bc6977c439b4857c44534bc1d601984714d5df9ba1cccfa2942dda1b6d86ebfb
y1_HG00735.1#357	2d568414f99cccc6f77539f7f333f6da1b42324ed4afdde0c825c53bd5048764
y1_HG00735.1#358	efbc6bedf52cf9b87ba473fe4b57feddf79667d5406863394534c357b18794c3
y1_HG00735.1#359	363e989525e6c05f263ded3b0e2acece5b34261f4a2cc72d4cd5ba043f12214f
y1_HG00735.1#360	e1b77907ece4541abf86dde5aaf35919a661cd04d3f7b53d5dc47872758606a2
y1_HG00735.1#361	558ac2d2ad0773194f9fa63773f542ad38e2d241780c0d5c7b46151764c33f83
y1_HG00735.1#362	b28c1012950cdf0d8d3bc4e23578c4bf55aed9f81beb780ca7a6131db183c0c4
y1_HG00735.1#363	9d3161d6b63e544bf74cc0cf59dfb17b46012ac9273d76809ccd9965de86ae2b
y1_HG00735.1#364	9dad893af08157c797d3444159803ff36d7ca947e6109f48b75b12c768cf6594
y1_HG00735.1#365	15b89a569474240a616f9a94dd045b2711d445dde955b62bf4b8f2a2afaf0f6b
y1_HG00735.1#366	551f37a4fa17ba0033b07a8fa5d7995803914b68820b6c5a3f80be35cff447d8
y1_HG00735.1#367	034fc48ba584fc2a8b0b40c727e4ce36b79845d7ed910c63abfb2c22e630382c
y1_HG00735.1#368	136b6676116ac37263bf42a9f8ca00bc749fda7b666d5a461d5fd62ae019b392
y1_HG00735.1#369	09018be8e4d26efbf4f60e2a8a09d470de1fc2f55b80c16c2efa722dba51409a
y1_HG00735.1#370	b1b7cac9660e9d1217b043445331165f61557dbeb8521611669f8a5be355b3ed
y1_HG00735.1#371	9400870c3f81a40291814509fcb42046ffa768a632a09e8167504ca893298f1c
y1_HG00735.1#372	6ba6289f9485407046070408165130390ab458843f730412fe47856bb4eed9b3
y1_HG00735.1#373	840b6715383ab1c3cf57dac9f26a2201abefae3d883a7f1b7489bdce962937cd
y1_HG00735.1#374	6cb729df85bc2d0bf63d399abf386c2079efd6b779f082405e37bed61e51109d
y1_HG00735.1#375	28ee92b12ea94069a6071af4e4db69c68aa06886d6d827c16855d56569c3cb73
y1_HG00735.1#376	47c4f325fb7ccfb6970389285766333914f1140f95510a0527fa9697b66892a4
y1_HG00735.1#377	8d9d42a852457df145beb69b8a2a26e476641d427d0ea4c821fa563cc9689a1e
y1_HG00735.1#378	5f7f17566cd863130cc25008324e9a756d7bf8ff456cc37d2dbcf3507983af9b
y1_HG00735.1#379	ed121a0bc5a6d89c02f7f26137dce155fd05ad74b703adacf87703f8c37ef327
y1_HG00735.1#380	8888fe81c97cac307598ce134520ddc250190c60933a78097b5465d3dee49101
y1_HG00735.1#381	8888fe81c97cac307598ce134520ddc250190c60933a78097b5465d3dee49101
y1_HG00735.1#382	21fc530d0c7856f64b7f3a71303b6b37d32ab4e0d8458e737216fbb0a2566470
y1_HG00735.1#383	c4a76490469e1bd780adf16c593ab0983eda09685cbaf4c977de88e2ff292373
y1_HG00735.1#384	6aedecba993d661b7934239f3bb287350cb64e577841343cb3638eae8e1e17f7
y1_HG00735.1#385	708dd09b202e2b4741bef2e5042db5e328e4abd203f4935af29ba7ce43e27ac2
y1_HG00735.1#386	71dfb2ae28376f3c9943135701c53371e875d5c3347a6f119fd35e8e66eaaeec
y1_HG00735.1#387	e2cd5b7edc3758a182b1df288fe66c89402721d7f579aa7eab639ceacbe66c99
y1_HG00735.1#388	e7d61fce53e31fe221a02e9ac3642747647feaee0ac86b182e3f7b904adfbf6a
y1_HG00735.1#389	1ad7a144addbc3f5357321fbd4c83d13c326703cdf404dafbdf638cd48969b9b
y1_HG00735.1#390	f79a87d44ba133fdb83ea925f2347b41ec6985756195e953b0aee04a9235bc70
y1_HG00735.1#391	e2602d994a14ea784085328fc4b28c6af204a88155b7d4000262b04d924e1ae4
y1_HG00735.1#392	ba464bd29d8e092a7995e35e8ae54f6b5af1ea1773a1a92f42bb2a9ce9e033d1
y1_HG00735.1#393	0b67d68a197318474c3d85804a8ed740c4c0ee17ed1ab848b5c466ecb4b8b291
y1_HG00735.1#394	31bea8096fe8521598df0b0808a5e2f30388c5a3ce6d65a62ef64d888e1690bf
y1_HG00735.1#395	db4f363fa9ad4c9910540efca08d3ab42828dd1fc4e5af25a9d0f7cf0dd0e75d
y1_HG00735.1#396	9526f6c57bbab7cb68bc9d5414f5f23c896f1e11be4ac7c8d9ddc027c1932d27
y1_HG00735.1#397	3ac87a5f9e3cd7171441d59fa1d8df3838c6dc69b86e747daf3e41e622a1b555
y1_HG00735.1#398	9779469589f956f434b70b578302dcbaa084a5eabb0124ccd61b0ae58c596e70
y1_HG00735.1#399	b3e23fa6535057884a5b9352a8aac45accb54d6a9074cb9fbac94508763f5227
y1_HG00735.1#400	2e11efd7732da4e03e0a93af4b9f4766d47d08edbc8eedde397007acd3b25771
y1_HG00735.1#401	6c83b5cde7eacb0e1ac1c043b55ab824baf13ac080f4654f04ebd12271d1fdfb
y1_HG00735.1#402	8bb19479d1ea79a586c7475e361ead86ce60b2176f830ebedadafc830aaec0f1
y1_HG00735.1#403	71f8ed93e0702266736780d07a31b7b298088f82075aeed3fff4d6e531d8ddeb
y1_HG00735.1#404	aa67b5a5ef19fddfa1c7eb8e617f3dd9f6d578b1343ca92fd86cf03c22e144cb
y1_HG00735.1#405	acb28483dd24d0a6ed01e443a8cece222602189a7f8f8c443e96f07ff6a02794
y1_HG00735.1#406	2759f6e8c0d597806566587d64e581cad907f90d262a5066c735cc8ab1b0eeab
y1_HG00735.1#407	6b2e9828a61d7870f2dba6c97a1ccf82c8b9d2297e7f94906ede3538204921be
y1_HG00735.1#408	4345c7bf2ac486c6f6fb23eedf436d923cd7857cf1bbaab6cbc629af8dab5369
y1_HG00735.1#409	17260bc2064bd4668b1aa3140b6f7437cf66d97d8a16326b9b79a99120e5b8b3
y1_HG00735.1#410	a56362a10c816abf206d72cb914e2d5ca454eb9c7e744f88b1a1422c379e9942
y1_HG00735.1#411	86bedd821a3e794b9c8032d5932677d32ca78668eaf91ede4f58443af6c7478d
y1_HG00735.1#412	94d507bc5b9ec973120aa255f6540b2eaa920bade933796e63d0273aa0721a51
y1_HG00735.1#413	b51467e15fe8d69ae238986b468ff675a7bc2a6bf57e9deb77fdfbfea8cd1ab0
y1_HG00735.1#414	55d3c8accd7478f6cae00b8058a1c0bd903dcb02be182f971310ec8513a2d7e0
y1_HG00735.1#415	7d2888196acec02dd69aa5a69225ec6238763d042d80835642750a7bb85ab909
y1_HG00735.1#416	4a10c32ab86c3a0298b7db16f69e2aa96aaf6ce84535215f6d9bc855017b68f4
y1_HG00735.1#417	0e48f9bb9753d19ffc229bb082c0815489b81de35996ab643017bd72481f7080
y1_HG00735.1#418	82c3a3e732cf9ae07d504b62537dd1ef06d78e60b6c09a15d1b7c92236ad9b9a
y1_HG00735.1#419	ba20b9604386c6844ed804ebc6253cf3bd16a1c807d2820e8ea2c5c7db54f71e
y1_HG00735.1#420	39b972b3c1e209448245e7e8aed5460ed7d1f5505787070cfd79c8e70715acf0
y1_HG00735.1#421	ebb7ef26ee44a90603e68328a6a23985118d0885da200a2fa3384e1b74160239
y1_HG00735.1#422	0fbc26485e232f572b1a21f1c9e05f832c54fbba1ef95a67cbbb0102d1774cbe
y1_HG00735.1#423	130cc007cc23885dc6abf5ba27103d65741572f4b26f4b2632aed912106a3888
y1_HG00735.1#424	5c30649fc867eabaea7a86c85b979808729d009dae44084956dc796e9e1cc9d4
y1_HG00735.1#425	63134398626a72b3857ab50dbaf4556f1875c110f415ed292e8bd13c98ebcb27
y1_HG00735.1#426	7b2fdc6ac3399a6767dc32d9fd839847d87cec43361890fdf0b4686803d1cfa6
y1_HG00735.1#427	fd7965b6742eab7e7f4541dd5971b64dc45ddc8a1f176490c8816adf58b8a82a
y1_HG00735.1#428	5f28b62024535ee6696e3f5e5f975a14f225828b230b28de3ea9cd91d145fb87
y1_HG00735.1#429	06b857011e0d4412b450d555a87e216e7a32b60717b8a323ad47925b239cc94f
y1_HG00735.1#430	0592a2d54c23bf0a86d1c040303aa3115558d8beaefec4f7752e1066b53d4fc1
y1_HG00735.1#431	de096144da6319599fdc48bb04f84b248e3ca7b7bb8281b504316f1e68cc25ad
y1_HG00735.1#432	8ec03bf6292a5a3d1a6ceb3ad610e336fcda014614e301787ce4544a5ac66237
y1_HG00735.1#433	7e7adcbd9f03a027239e41b112a2d0764b51774f167d3a72c82f6733ac56c514
y1_HG00735.1#434	65f2cfd03ddb60a3811b6770c6c2dbafae74e9e0d8d20ba6eb2aebd780602b1a
y1_HG00735.1#435	664f85ad85e2a755a84e043c594229cf1bff04a8da9915b72b05035da2b24738
y1_HG00735.1#436	6afb3098cea4a5027adcf4e25685b9e1be1aafd3faaf0260bae48d8fa68bfeff
y1_HG00735.1#437	93d8015d92d6c55daee1853c526e8977fdb1dd64725aab2cf950a490323d6784
y1_HG00735.1#438	472e73d796e20aa8ff9059e6316f218e0322548f661ec4dc267507ed66317404
y1_HG00735.1#439	12631d8857c662a19d5a8e841b73c60ba780480d582ca68de45b8159f10e5517
y1_HG00735.1#440	a807b6a427d8f8e4c6f44b8e56d40a0215c21caa20e488b7304995ca18e0f4bf
y1_HG00735.1#441	158f5b26d5e1d0de7270825ff11b5460045daa11323747fac14e2cf6bef6c266
y1_HG00735.1#442	3e8698b24df63d0af5de231b1326ea9474713f594ae06fd1a7d2f8578ffa875c
y1_HG00735.1#443	c9c4e15b10301d5ca0a18d73473f20209758e1ac01982783f711c2863656b5d8
y1_HG00735.1#444	fb20021c162aa2ad27ac1e71d92cb1ee0075b8451e0c44125edc77eb4d5f2073
y1_HG00735.1#445	fdc478e04211a499fc563a8f0041fcb92d064c968cbac9945e4b2dc1f4ea390a
y1_HG00735.1#446	d4386b2f1cb9bc05dafa3bb4951574bbf333972706a983c5d7af2a1c5f31396d
y1_HG00735.1#447	86a12094c1e59bdf0307ec89feaa7bc442df29a7b4d25e14dbd9d607c3765bf2
y1_HG00735.1#448	472e73d796e20aa8ff9059e6316f218e0322548f661ec4dc267507ed66317404
y1_HG00735.1#449	53f2ce19a7f21ea867849ead189bafff0a491aca75aedf5334fd4aee9bbb342b
y1_HG00735.1#450	7aaf63e5a8569adca81bc2419d07471cff5491f92344ac85fc52e472c5627c3d
y1_HG00735.1#451	eb8b9bbdf8ff3a6f7c31238c2213f7b27e40384feeee360fbe5c178fb6290a30
y1_HG00735.1#452	d0330882ee0fe2269c466f2c8a165233760676a398af8ee2573ccd90e25f2680
y1_HG00735.1#453	411069bae073b27144424db7fb8765ccd95133f2799b080ff9182867dcfb1c39
y1_HG00735.1#454	b279e8ed59e9e30458d891ed5f8f4f171be79ea1706132aa6d424f055c4af934
y1_HG00735.1#455	8db4e50822f2d7291c64d13a9f52bda593c09f204ac73d7bffa6abe539451fa4
y1_HG00735.1#456	7b24a60ed7b8662abcc39086b56c2ad5aaac37e7ca6195787654815c93415af0
y1_HG00735.1#457	bb5449826ac74c25d08a5d584d098c93a16884ef8066c354fba1a2d948fde6ec
y1_HG00735.1#458	8b1efb8bae4a5a2fec43511e7919dd3929c4ab7eef3d2eb6d7f8c67236b3c6a4
y1_HG00735.1#459	fe3693a1ceae41f38a53848f8f7205fc8b1c9ab317fd3fb8abc39094fabd73de
y1_HG00735.1#460	990b854900a90c21027d017be23e30b80f2e9cd6ecdc388068853b8f1e20c44f
y1_HG00735.1#461	fefd9bedb7365c619ec6c9831794ef72d4363f7713ee1121f982d1c6acc80450
y1_HG00735.1#462	3cb544cdcc8c545e316e3c13a3b3bd82c5218b4fe0969e4fcb4a868490ec6d57
y1_HG00735.1#463	068245b2b1bee4e069631a20f2542804543bf352e0eea8822ebdb7124ac728ee
y1_HG00735.1#464	54c7327f149da11545772b2c27d87fb5f6129a5ff301404cfa77301dcecba342
y1_HG00735.1#465	7196a22258cd3e63962046389ef835437f71ec096938c78080cc47d354ec5f68
y1_HG00735.1#466	ba1acf5d31fcf8528cf46b3f53408873b8c7dc6903fea818492c533fa5f40a6b
y1_HG00735.1#467	aaffb0276623efeb7e3543ae5210c08df03dcc698d32bb2bbd8d9a54a105500f
y1_HG00735.1#468	fcd19b516aa247d614e35ce96c477f0f4eef3650a710f5be7277cafc9cabc27a
y1_HG00735.1#469	cf9457e363c9f744f67f7ea43ecb598b45ae8704b893fb44c26c152f82d33f7e
y1_HG00735.1#470	b6bccccf80b23470660c5c46b54cce04bed2411137f52b3a523683f643ea3de3
y1_HG00735.1#471	06b42c546beb4db8fa76fba3583b7cfe148091314849d0397a7aed1e7beec4f5
y1_HG00735.1#472	7b7c91cbfd8b4de31eb93cff863487f6da0d398e8e7cef93b1390155875517ec
y1_HG00735.1#473	1137bb9f4b79bd7f0e74a85183f414f52afb1b072f781646c7d4ea73350ac053
y1_HG00735.1#474	112597a6d6373809f1a6f5333513cc4a7d1258e18da3a2947fda4a475af29aa7
y1_HG00735.1#475	084f74105e3ad760886e742507ab024c53fdd0103dfcbb05b6bf72a5f8c8e2c8
y1_HG00735.1#476	b50975f182cad9a9d06eb1c3929fb552c60b077aabde50312f804218b6986b7e
y1_HG00735.1#477	0f6fffc55a119cc881eedc021a30813dc8fd9b25f8263bdd9e6380bf0b3c4ce4
y1_HG00735.1#478	654b5067e730783423748c9e48b675007b1910b1dd4edf857375c306c6c8b3e9
y1_HG00735.1#479	8d23388d80aa96b31804a0aa77ccc24cb1b9f5e9665780c73fede307370092a0
y1_HG00735.1#480	c987c0260e5e2aa7b4bee936f543c3e52243666254ad12dc1a82dc67dc2b14a1
y1_HG00735.1#481	8cf9d4b586db11d0156a83b6b7dc0ff3e1fe4b40a3a3baacde4fa1b0acc819fd
y1_HG00735.1#482	b4ef7ae72a306e225b63c738a0c13f9ab662de90b80bc8b0fc8b2b812eff2470
y1_HG00735.1#483	f02f823196add6a780499147f38e71dae606165395a7bf624075dc3e5cc4e7f0
y1_HG00735.1#484	5a6dac372f3fbaeecd54218cafb1d001a9f6e1d04630b50e8cb98a20abab4db0
y1_HG00735.1#485	01d9472a1ce6c0d75b6814ddb304d04c8efc2ae70815703ee25d6ecdab475d49
y1_HG00735.1#486	dce79bb12e4b1fa15bb44f7e2252878eb3e061c78bf409257fb64f6356ac9f22
y1_HG00735.1#487	7d15b8480d41eb96a607b9b5f223f9677188cfd422f1aefa10ab723d521cf41d
y1_HG00735.1#488	f631ec2f1812c90edb68dd3c6cc3acdcd17c568c8acd0424c0b877d8f2ff8e10
y1_HG00735.1#489	a31b9e851da108f18dfc0936e4966dfd58c26b01cb0d33eeb6c927a60d262c52
y1_HG00735.1#490	98558bb02b3d672a6fe895bbac7db6ce87fbf58ed3511112f9cfc2f1e08f11fb
y1_HG00735.1#491	d57ca40618238738b779e92c9f7371b3c96c5be1a7061f59d69b6cde33fabf50
y1_HG00735.1#492	472e73d796e20aa8ff9059e6316f218e0322548f661ec4dc267507ed66317404
y1_HG00735.1#493	a8c4229a7d7ec911d61d5a7cbf20378eeb39883c647805863e9c49a69944531b
y1_HG00735.1#494	230b4f5e5617d49d4e10e03fee8069462bf6c1fedb02f226a267f9185280111a
y1_HG00735.1#495	74b622fc25f9a74a1fa1024f827cdc119ac4f6ed647c5c79d2a688cf42ea80d9
y1_HG00735.1#496	2a1508c9699bcb93a6d2a0078029dd897bf81a042cbb9488821b1653b535a88c
y1_HG00735.1#497	d5ef0f0e059ae5fdbee9ef56db7748a14e3418111c0715c9be7fb0314ed3b253
y1_HG00735.1#498	053657bbdc56ba23111cf60cc9d3a02e167de3b6d1717c3fc5c907c407b57891
y1_HG00735.1#499	dad1d05b7ccb6407147fe4aa6d458ebe7f094447224ebaf0fdad045f9026a699
y1_HG00735.1#500	46701f454a676f844ef0ae8dab871df2f442946323b4bdca6197724578c9070d
y1_HG00735.1#501	f3776f39d3673a547fd3cad3003fa210c7dd6fd388179ab6010547044e76ba77
y1_HG00735.1#502	2aa7fe522ddc430571a418f8bdf023d20a05e72868c4b79ac350f8cf757e2c57
y1_HG00735.1#503	a517e67a56fa26b537e80938be5a4346b58a58acfadf120ba0e090b997f19737
y1_HG00735.1#504	e2a5f496861410a59d817328d707a15ad93cfe4efd7f34a7ad3e1b3e082ef155
y1_HG00735.1#505	544b034b4050d2dc3de46c94542c847f6c980eeae877f23f6defe30ed4565167
y1_HG00735.1#506	f1af7265156b602614eacc39a47b6ed28b4db0eb674d2a79bf970904b65f94c7
y1_HG00735.1#507	2505bb22b6e71bea1924ab01c0952a1f57f0aa5fdc6f7b7eb22e9b847492decc
y1_HG00735.1#508	625ffa4ad253fcc5338ab17c540abd6d81ecd257a11a7cc6f2913701cc9b5932
y1_HG00735.1#509	ce59982f6775521d41c7d1a3897f3b7cb5f9d773d473062da4e4e4545214751c
y1_HG00735.1#510	b2456356f56b7007fa6d417e625254858c67c49cc988f446257df2c1bfbf61ff
y1_HG00735.1#511	e42b9f18300b5ba12d70a8b49566977eccf9f14efa8b653728030d40a744192c
y1_HG00735.1#512	d43de8dc731a895c5dafdcabfb115b38b4c1bc49a095df8ff0f2b90bd853bddd
y1_HG00735.1#513	4c17f358f164560c77f8bd2f790a409f2bcfcee176d8f58110c969601eecc9a6
y1_HG00735.1#514	74249e8adc7d40f975753f03fc7d9b9f7ce08855f6abedf6ea725f6ff6343d92
y1_HG00735.1#515	4d8dc2e7922df5901cb69736b2a205a1f8932eba2654f10dba1c6087734436c2
y1_HG00735.1#516	938a11d75b71b4d2418dd227753b7132e26795cf2f74f82fccfddc022ea4af4a
y1_HG00735.1#517	73dd116aacc7facf4fac23cde119bcecd849c95ff9e90405dcbde94682997cc6
y1_HG00735.1#518	d5ef0f0e059ae5fdbee9ef56db7748a14e3418111c0715c9be7fb0314ed3b253
y1_HG00735.1#519	9af9eef31e66682c7a4c3053e2f28007fd5f6ea4f2b668263ed2716fe4c793d8
y1_HG00735.1#520	1ca32051424385a65c28541512b407722c01814043dd9d2bfba401cbe3b18685
y1_HG00735.1#521	c41d4998312fd479c4e21b31ae4d0ff5c9c035f9ef15f2c20284a7730275b1f7
y1_HG00735.1#522	bee30e5b6d59c1bdf10100ef331706553fd3c4e6b0a342a092c6f6f733b8be36
y1_HG00735.1#523	d5ef0f0e059ae5fdbee9ef56db7748a14e3418111c0715c9be7fb0314ed3b253
y1_HG00735.1#524	95eb4211e97a5ca4e45f6597bad599d0f6464088c3454da11f9634e625437ba5
y1_HG00735.1#525	fed8fe94d9660c344bd42778b158af3b93e737ba62cb024ed10d1a19092fb79e
y1_HG00735.1#526	7362a31db17877bfa0ce0fe11078f2aeda38696f949bb783dfe16b28f59c5159
y1_HG00735.1#527	f0944b3f2736c1786e74b17e7f2a8c2a11e61c16ca1f2a0adacdac42f204dcbb
y1_HG00735.1#528	60908c8eb237037c7405a7f5374fa624c1fe3b148121d7ba9e8132d9bc949ed2
y1_HG00735.1#529	110a6ff34242128ae0a192a8fa29e0848287520a80f3b34728e3cd385a1177b8
y1_HG00735.1#530	f17c4c0f81c8e60a6fef3bdd8b637ebc52484727ee7f33b8fbca0e0aea0bd6ea
y1_HG00735.1#531	04fa50ac9ff8a022df26acc40e0ce1c7b4fea2c58dba7de198b4a97444b9c61a
y1_HG00735.1#532	e70d5778b2904fc6a2185c83b7930f3b294de05d058625603016b8a656323b7b
y1_HG00735.1#533	eff8fd4809fa3c362c2b9119ad82da656fc056c3ce360b80ba81d5344d7d9af8
y1_HG00735.1#534	a32d2e6fa8fff190d13e45357506b7eb11cde6028766f6c7d5d67a0b15452101
y1_HG00735.1#535	ed84562e6790b9f9a7ea858be7b8c3e12d24ec508e34eca5b963e3eb2c1a3a1f
y1_HG00735.1#536	3347aea05fb1648b005983e64a3a8897edbe01d29e0be92d4ab1bf92ada7a061
y1_HG00735.1#537	be7b70c8a3ea43e9410e0798d5152e7a0fea4842841c69a2a30d3b1bc0df31e1
y1_HG00735.1#538	b2d9abb8ec0d93af47ca8ab8802c39e1bceaec4feda4c8380081235f54997db4
y1_HG00735.1#539	0bf829ae592c420384f8ec39979af754b2e50362d4fec48d77612d8e243d7513
y1_HG00735.1#540	a81f7f8de14c82472e9ff7d3c6d56269c5b437e9d18cbdfefed9cd3c436574a2
y1_HG00735.1#541	a92572df88cc7d164bc6f497098636129e360343f5d25aee974682ea81883e0f
y1_HG00735.1#542	e52d6ff6d1dddaef59204e87f148785e67f318ba75db036821af0ac41d136f55
y1_HG00735.1#543	107c243ed4f9c6cdf8e4431bff60638d3549c85996aa5af9371380ce579663c8
y1_HG00735.1#544	5b356064ef8ed75a91e5daf89817b5b928ec370ee10b6297855ed5a72bf223e4
y1_HG00735.1#545	5f75bd14f36e88f6a272dabe148ca7aafef1766ad88dae1dc786f766dccdda15
y1_HG00735.1#546	9c107125df22b9fb84b287344baed285213f8538573557d222564e85f36d9350
y1_HG00735.1#547	e09e86086336ba132e341df68ae0a05a51a992f5a2c4fb106437578a4f90277e
y1_HG00735.1#548	cbd5eb42aee0af0dcd09cc59bb47ccacd2c30ffc7c438c2ad1a7b36518565e7b
y1_HG00735.1#549	a49b8438ed3fef2f4529bcea5b9cb02837932c5a69ffb207756601e79a7d33c4
y1_HG00735.1#550	9298b1ebf1d49bfe0492e044bc99e9447840549feb0626155a523c91ccbb6d3c
y1_HG00735.1#551	cbf9336dd4eb00170d9a0de313dc98933054a7398376ca320b64155314e3ee9b
y1_HG00735.1#552	9779469589f956f434b70b578302dcbaa084a5eabb0124ccd61b0ae58c596e70
y1_HG00735.1#553	7911f91ef4819b00080a3f6b2a2df98a58afd03e20b4ec5f621cf2b57719753f
y1_HG00735.1#554	03da4c8e3c179fc7e01de09573a0537585d902c4391e0087d1b1629014779ba5
y1_HG00735.1#555	d259aebfda64bc1ae95e5e83ac4705a4c56357821c24ffedb53b0260c2f15d24
y1_HG00735.1#556	40adc11ebb92336754fca6565f67fc7eefcf727393a65bd8f52aa8e5e6ade4d9
y1_HG00735.1#557	edd8508c73c026dedbeea1c26c235a936bbace2bacad3cff287b466f05211511
y1_HG00735.1#558	ac559b223a9db83940b280e54692f91ca6fcf7f9c3d08d72d31e4d4b97de702e
y1_HG00735.1#559	98480b7772d757608570dc99d692d76f1c93670023fc4b4b78e4d148f56beb0a
y1_HG00735.1#560	f1266136cd2ca5987f276178b9b51a3fc1e62390bb4555fa5a3139de7dfc3cc5
y1_HG00735.1#561	493d27091f16986ec1cde652ed84f86442453aa5dba5aea173325a1e1e81badf
y1_HG00735.1#562	7f6ad9d393fcb610941aa2c4b28a1a29e3c390fd870000110b03e8ae863a0819
y1_HG00735.1#563	1f8e22de51706a377c21873e0b119dd5f34c3f83f55e6f2896e5670c03fb8e60
y1_HG00735.1#564	2184bce0f138839fcf2fc2c8201cb2fc1ca13f3537138a22231f741ccb0776c7
y1_HG00735.1#565	56a650db836c5b8f249c67a1cfcb15b6159f746b1a2a7babddb607b35526d0f0
y1_HG00735.1#566	f0bb89ffc23e7fc826b6433bfbe84dee5c527aa65eebc7ba7578bd4295ce374e
y1_HG00735.1#567	812c64841c6284710abaf2ce7a3e16441e479daad1e76959811d912078b4d0a4
y1_HG00735.1#568	c34700dab98693ec628f95f3fb8dc7a4f276d1c6ea95d42dac87ab535846b2e9
y1_HG00735.1#569	48e5d35d030eef176b831f111010b6ecaf5d161719147de2736a764bd0e933b2
y1_HG00735.1#570	7b89265cd657edf595c4524588e3f1ff8d58ac541d6210ad0bacba7efac2f3b8
y1_HG00735.1#571	7511ed283d6c56f9054589a171468f5016882ad607591848824e4e2469a8e8c6
y1_HG00735.1#572	d88ce84889a2281c71b6acde9347c604b42c51d43184b95108db8c7959726770
y1_HG00735.1#573	c6389b23437b71d3112fe64eb29c621c8cfb2ea02ca455a82a34f26da4025932
y1_HG00735.1#574	073ab82ac605a3057f51fa1e5db3a7d2bcb133719bcf88914bdcee76c7ce666d
y1_HG00735.1#575	22ae0266e1977233675fda602791026490b3c3787a2f3b479c253dc16d1a41de
y1_HG00735.1#576	b522c018b31dbb9732077646856aba5f01551f20826c8c4c52ea0ca472dfc3b0
y1_HG00735.1#577	135a21a746f071fb8c1a48ed25f5e3fe04db6e7e3504dd3a8465b3b4c88fa800
y1_HG00735.1#578	ed9582d1e3b0d1e46265fc877a923c9a6fc66ea17203171c4803df2c44ec7407
y1_HG00735.1#579	a179663d4c20b52414acbc3b3fa6780aae3bf32cf5c2806e59d40233aab52619
y1_HG00735.1#580	2bb912f320f52a4c1b4a12d18408e2391f16e86aa57c533fdced688244e73e14
y1_HG00735.1#581	d163aa55a86e6b0aab5f409b495a9a83851d0cbe15345bd4460604ffd368c378
y1_HG00735.1#582	584cfa7096459ef7a42db98b89adb02bc7c4c23aa063c54d0bd70b6671c98c36
y1_HG00735.1#583	0785e8352ac87ed31fe35828cce04db089de70ac49b928d1c8f19a17b33a2936
y1_HG00735.1#584	a95ddaceffe9bf5b7de29771416672fdde6858398424b9a48103588bebe655b7
y1_HG00735.1#585	c47e41770fd9050e35f5140fc9607fb98d104e21ef54d57e58cba634fc88c18a
y1_HG00735.1#586	d785c401272901d4bc26d81a4489c0d1fdcb18b9ade9bb8ff63356988b887380
y1_HG00735.1#587	148a9b75aa1a49a0fe976e54966b24d0d7a8c8298e64201403c055835be0f47f
y1_HG00735.1#588	f1380b1f2faada53836d442a6e3303a64c266413217b3c5b2e7861496cd42026
y1_HG00735.1#589	78467c216896bac1fdf1ac931f39a20f6539b4c0e20353ab70b3d42321a2df4c
y1_HG00735.1#590	9f80cbb17aeec9f096215b35883930944c3d374312f369405da9452db10dee77
y1_HG00735.1#591	677bd25c88c4d3cdbfba792b3b0c568ede420f7aa7ac2783d0a67aaf9ed6fa7d
y1_HG00735.1#592	8e1580d10a153c3622fba67f69e496efab58f6c09c7e4cf8b6ee05630841e876
y1_HG00735.1#593	5a4e319458bc7876b5b2b9be0945d48c577dbf6a80cf2b3d25f7ab8f10bd21b1
y1_HG00735.1#594	8d66e1fe6da95abacd60da404bd58a487c25b3f1b4acc43f74161154fbef9b89
y1_HG00735.1#595	4b8ef15a7d67b3172a155e36e877a74c26fcfcba2134a65a63664f05ca965fda
y1_HG00735.1#596	a788538d70caeea4a03be085470979bd7e8874a325b95682ef8dd60c91ac2dfb
y1_HG00735.1#597	a56362a10c816abf206d72cb914e2d5ca454eb9c7e744f88b1a1422c379e9942
y1_HG00735.1#598	9779469589f956f434b70b578302dcbaa084a5eabb0124ccd61b0ae58c596e70
y1_HG00735.1#599	68d09e1009e8f57ad7960fc69dfa37d6f075f2753ca68b17eeb645e5d78695b1
y1_HG00735.1#600	bd7d79b78cffc6704b31ea3207b9970d2eacde85c98d49e40b85fa1c13b142c1
y1_HG00735.1#601	33ece2e45fc570b05fbfc5fb20851b48f1b886b2ab5788bfa4c26bf6cd40f30e
y1_HG00735.1#602	112d0caab2b28850a817356e0ae618490f267035a26503dfc0ef79726682313b
y1_HG00735.1#603	7c5b40d5cc60565de25390b9f8561c49109de6563ccfed6a09f82aa44710946c
y1_HG00735.1#604	fbd806efcaf267883e9dcff13c771d3afa149bc558cbe88b1206b105056da861
y1_HG00735.1#605	3fe58d5d7097f011052811792501e2f8cdeb63eac54b627b10e6248360a2fdbb
y1_HG00735.1#606	96a12d297627340ff97f57807c117fa2aaab7b5eee737f2e74f90375b6500293
y1_HG00735.1#607	89932f8285bde9d693a0691a3400ba249f0d5c1357fe157dae3254112e489143
y1_HG00735.1#608	7f6210bb696cdc81197076d395fdec35f0443efb2b137b1bc4ac58a468312387
y1_HG00735.1#609	32794f5a9e5284973690aab911580c53ac0c0d471c335aeb44c381194eab3625
y1_HG00735.1#610	32e206a4f1fb2a6c8cbfd73cc265d968249e9eb6bf96444e8c39ddd87392643d
y1_HG00735.1#611	b7a0adc38fdbafe0170473f16ff5bd1e9c25d41ffba49202dd71c2da8b29769f
y1_HG00735.1#612	4484edee3c3cea73ce62dc7c2ce193498912d49d3348f6686ca1203b7e17ecae
y1_HG00735.1#613	8280844322ec0f5a6cb20e6468dd4b518cd07b74de96788373e314ed1c6183bb
y1_HG00735.1#614	de6a264382dacd3c9f1d3d4a63a8f0cf644fb9571c140096c0841a6e7cddcb2b
y1_HG00735.1#615	a74589904734243282dd8aae238f6dc1fe45f68ad155b09db1c0ed1f3e3f6ba0
y1_HG00735.1#616	cbaa5742a46553ac95cdfbf1d99057d4670ac3ba9db57531ff101938aeb13311
y1_HG00735.1#617	94024db58538936b63662209e136dfe407eb524949f802a6d657844595e51b06
y1_HG00735.1#618	fa3a669067e938e0898855f8e8266b1b65cde34c689319f5b522688059cde538
y1_HG00735.1#619	b5a292f2dfd5dec36decb5620108988e32a6a3fb1798b7f7e643b534b700090f
y1_HG00735.1#620	956d48bb008b4a251f51c2ffedbc755ca190712dd1ce6538db4be6e18fe66806
y1_HG00735.1#621	182df94778793109c4e1f27a835340cda49e1454557c262d7e37a018c1386b5d
y1_HG00735.1#622	b6dea47a6dfad561904055ca04714deb82d642ceb6b06bfed6c47a13a1ffe18e
y1_HG00735.1#623	9c9e1acc840f240360a1b1c1e9224a386eb663aa4362c35797f63c4bf34b8a3c
y1_HG00735.1#624	38d52112a74145b7516bfea8ccc7fed688c804767e7ec268fc8131daf289c19c
y1_HG00735.1#625	93b6a603b895ac91b9f5efbc0572e03c2a6f1cb3348c86f366520e05d1f2d1c5
y1_HG00735.1#626	7fc62e3c1b407c2c07ee4347289b2a94eb35097e8c45338a54363aaef63fee69
y1_HG00735.1#627	b4421917a78460eff7fc3e4347711c229ca506f07d2c59ae7aef81966912760a
y1_HG00735.1#628	64886e3aff5906cb910bfba4f7e0aa7d9a9103498f9c36438fbfb55a00a40d55
y1_HG00735.1#629	da5bd8130ef02090f7435c3442371fa5d64dabef8037e8fa4f9b560875a44ef9
y1_HG00735.1#630	2c7094a72593e41f9206f803b8ceae9112cf4f8353210479d1677c7052425e76
y1_HG00735.1#631	da9390c1b5945525d555b6671800ce9b7b0353bd5813b1a19726449080c8d96b
y1_HG00735.1#632	d997e56f721d1a7e956ca2d8d838145415b30b0ec55208af0b64b91d7df76d02
y1_HG00735.1#633	756f98bf040d2ffaed3b49699fcfadf4d0af63fbb3f8327bf0fb846d7fb16d9f
y1_HG00735.1#634	ba09c56bbb1a6603779c1d5867d1109e112435ffc2075bb739805bc9ed7d3866
y1_HG00735.1#635	29408179ebb72868c4e36244a5f7f5b9a8a18af67923335db0a6d217be770ff2
y1_HG00735.1#636	597b460e566cb66080235f00cbe39e044bd70698db53790003568eb0c63850a9
y1_HG00735.1#637	8383dd111bdc98a67c334d5ac9bff9579544930d7532fe9b999ff066edcab5fe
y1_HG00735.1#638	178e0f408bf9fa30277d3fdf5c30222612fd1a02fcd8231ddf0bac49285287a5
y1_HG00735.1#639	42e9953e159328fe9a9dbd384abdd4ecf5ddd9b9c37a3a4e50369479b84e4527
y1_HG00735.1#640	a56c571fda5ffb49004d62e3d58303bdb2a5892891d404a18e2de1a6cee158e5
y1_HG00735.1#641	f2b746c0861446a893cb9d62ae84397bb19764d10144b8473e0d2e02be2b7f13
y1_HG00735.1#642	44da30b5615dc9158dc4dd5bc7aac55f3eb5e2691bda0d67d33aecb96abb4860
y1_HG00735.1#643	70dafd0142c0f2e1505b14ca2c3f8cff4cafa504c1761ff7c76efa0c020d6651
y1_HG00735.1#644	81a569c0672b3a6539059d36dcfa1c6580f912e348a03614962966ea0f9ee237
y1_HG00735.1#645	122f10ec6fa9ebdebd647d603eac76f84450900e32ea11c6388ad2072c6e1d1a
y1_HG00735.1#646	1e257cda4fecb2cd95b530199df3243622effab18578c16c5063a209112f04b4
y1_HG00735.1#647	db7952c7d0c52c67a2b0911aeca8fb2d98946186c268087e71d38e911d8c0887
y1_HG00735.1#648	9b24782f6a7bd4f32ae19679542f9cdd9f83d43f1ec8484b1ce99acabe86ef68
y1_HG00735.1#649	38c3d1c2b4b87a329aa8ec2afd3e47311a9232188e51d3644f50d23f99b8c223
y1_HG00735.1#650	142c735e00f81d70033487320c16694202a6d56d7bc22115d1ad6b23a0591e1f
y1_HG00735.1#651	2d89b236b12ceae87b343166bc1113d3e97f9d23916e389957a093f1dd716776
y1_HG00735.1#652	ebceb7fa50a9500af06636bf458d994d3d2e0186fb7b6c78b228416c27ba17a8
y1_HG00735.1#653	6778028b0c906c94e3e487b144ebafe6321895b3242e0e06e2ad5b988388bf25
y1_HG00735.1#654	034fc48ba584fc2a8b0b40c727e4ce36b79845d7ed910c63abfb2c22e630382c
y1_HG00735.1#655	fb7e628c3a427fb9a9025376b8ca09da82261a355016ae53f6a4f963c874e8fe
y1_HG00735.1#656	af17e55258db82fe2b299fa8ec869c2af027c13823fc5a076173c8d444f07a12
y1_HG00735.1#657	e04bdb5da6b18e900207c0327d661d421537c04be27bf30e764c956818345f91
y1_HG00735.1#658	7e04684ca730d407c25e518771d2da0e0e8d5dd97fd7e918bddcf11801b53277
y1_HG00735.1#659	748b0b8fe9321c72e9ef909e06fabc98b2f8a08bd926c80ef45986d51240ee9f
y1_HG00735.1#660	82c3a3e732cf9ae07d504b62537dd1ef06d78e60b6c09a15d1b7c92236ad9b9a
y1_HG00735.1#661	6b6d1be0260abb3211caf1138be7780b4f1492bdb60bf6e536898e5ecf8d8be3
y1_HG00735.1#662	ba6af72753592d8c2da2cc872457c9946e90f33b8d856ec3016a96e900b7f9c7
y1_HG00735.1#663	029a39348d65f1f8a90a1214214116e2e418da5deb50722bd28b47c5085923ad
y1_HG00735.1#664	83f165ce7dd622940f88a5bc8a97c403619d0f6c2e794b30eb3982fe221ab4dd
y1_HG00735.1#665	ab4b65bbc928556e16e6ba44cb815137ea45a9e091e48ce2b1b1f76b84d79769
y1_HG00735.1#666	84460f88766f369df0a0a42d7bde5951619fdc84fd5cbb9d4de8a5d3a936cc0a
y1_HG00735.1#667	cfba88a1985f26b66e98257459ace042b367af279142c8389504dfe7bda648a1
y1_HG00735.1#668	7d838d954362793228358ad47bb3a90bf24cd74de425e8b3b9626d1e4edfc7cf
y1_HG00735.1#669	cb1ad2119d8fafb69566510ee712661f9f14b83385006ef92aec47f523a38358
y1_HG00735.1#670	902ce1e4d33695a162d87bb9aa673b8fa21fe6560e85d11c99f6a0ce46955055
y1_HG00735.1#671	6f642a4d1615080359c87fa910ac829a45ac2d910631214431f53bab3673c0c0
y1_HG00735.1#672	4b0b15a0ec0c574a5f12e95700dfbb6f38d2b13e44f1e4edbb3da59692ba2d24
y1_HG00735.1#673	8e7172d04399234e05ed1e3454cc0657496748afa8a541028ffaa35691d44a07
y1_HG00735.1#674	e658999088a7c8f857a84187563bcf653491981a7c71d653750b59c812f71d6b
y1_HG00735.1#675	fa1491e14a66b91531a38badfcfc4723fd2f8aed0265ffbdc56902e564eb113a
y1_HG00735.1#676	4b650e5c4785025dee7bd65e3c5c527356717d7a1c0bfef5b4ada8ca1e9cbe17
y1_HG00735.1#677	56043602468b55b8b35209df806e2b556ea342499b2767309ca82f3b8235ccf4
y1_HG00735.1#678	cb9d584edecd3ad9faaec8afc3b8df2ab474da5a3dffbe7d33701c35844f73fc
y1_HG00735.1#679	4b650e5c4785025dee7bd65e3c5c527356717d7a1c0bfef5b4ada8ca1e9cbe17
y1_HG00735.1#680	8cbfc9cd520ffa5b7210695d5efe770ae01681a37fb150875f01d4bd2818fec5
y1_HG00735.1#681	1739e7cc72ab04bffa03948f1fcbbfa2b1b10d6694203ba35c3ea3d86e37dfac
y1_HG00735.1#682	ae694bc8bd3936592475ac3edd35f2a9e8a35b408a2d313e5b99fd2c27f54c36
y1_HG00735.1#683	19a1114a4205b3830a34337132e095cb90839ae443861e95d6143fc1903fc91f
y1_HG00735.1#684	844669e26f9f8f5f770c8bd2e366d1bf9f5de619797e7e9b6f601033289fdc2c
y1_HG00735.1#685	d87049d2e357b0b50fd0064b1385e6355860bc6679ada569b3b37b412bb30ad5
y1_HG00735.1#686	bf9aa66498646ddef1303e99cef214a06232133e35f93250e8b927b46dc42248
y1_HG00735.1#687	8f9584203e640ad67784b57577c9699d42a5a8f6d432e4d2262bddbe2994d075
y1_HG00735.1#688	2874bf775d82686ab3a8499f9e4aedfa1e0db5ed0c30e9c8a561d6f8eb15283e
y1_HG00735.1#689	7a5bf26196871bebaa8cdb9c17308729a50ee99359232b9bb76c43e6ca90c914
y1_HG00735.1#690	86639713efdb001dc3862d49130020214d63fa007765bbbb9d6fb91038fefc7a
y1_HG00735.1#691	d967cb68f34fac7d8c200ca021fe99f748244f3f8a65b33f438a239366839d69
y1_HG00735.1#692	b2c8e806e773cf0311cf942af9213aadb9c6fc123b5f71722ab82a9b221c765a
y1_HG00735.1#693	01c802ebed0bc16fb1771abbb32e16352563a52b12c67441822929f3f8edd42c
y1_HG00735.1#694	fac38cffcfb3a2551f7c60801bb7f18914e9cc987cc6045996436c8c06d52815
y1_HG00735.1#695	ab913e64ef553c9d7c70b3e0877f3ddd6eb50071b97c5752ef97c083de24ee44
y1_HG00735.1#696	32704291cc9a9b3732ed12bfb6fa74a699b17e98cc233338772503ceca0c73b3
y1_HG00735.1#697	472e73d796e20aa8ff9059e6316f218e0322548f661ec4dc267507ed66317404
y1_HG00735.1#698	6ed9cdd7711f1c3c2d8c14de2a25e1de5d797eddc8620e7d3649da4392c15134
y1_HG00735.1#699	8436ab20bbc97a97af4a1d9eb53523854a6675794aba6f26463f36e937a4e62a
y1_HG00735.1#700	a19047ec22be512026d169cce780cb3ba8cb0afc1d701ec556e839cf7a1ab003
y1_HG00735.1#701	1fc58a40c9aa49de9ac7dad22618b4e7a9d5fa80ee4eb993fce5945cb75c5f00
y1_HG00735.1#702	eaf33eef2186946e364bc60912a72fb8e8e557a01126d7e23e42a80e626e3497
y1_HG00735.1#703	d1801c24ada49fed30c6104f28d3fc5977925f3aa6b23b1cb8fb4f874312eadc
y1_HG00735.1#704	0bf0ac9d0a7d44d7cc60e5fa66371e9d1fdf76cd36863dc9be80cce55a42168c
y1_HG00735.1#705	be98075eac8e60b4f376b946fdc91918419f0b0b0855ed58d30d7d9b2909f310
y1_HG00735.1#706	1d47eb46bb4a83bb393fc0328f083ceee7d8ec08500ec93ea94f5ef746c4a577
y1_HG00735.1#707	5dc0e5bb010c3a257c34b922d325f7a1a1ccf65de7bab431678721855247b2d4
y1_HG00735.1#708	07c891ad7b0257ad225193922afb240b1c3cbd90805b6c062fe704ace5bf7952
y1_HG00735.1#709	533fe50580b74395804f161f7e5ec3cd19ff6f9027493b21a89413155951f6fe
y1_HG00735.1#710	c3eab4061632ee744fbfaa5cbd9a2b78e900a80105fb98b9460c48d860d61bf4
y1_HG00735.1#711	099dd97df0483a0d0c7c9e3976acae476affc03d6c65f206cd936bc2ad1f28d3
y1_HG00735.1#712	34679b9a8059f0250c2e6411ccd6da330a65470a422900c231d3fb25593fc5f7
y1_HG00735.1#713	7cdaf97b44249a7fb0e4b7a9eb57f92e1236c880f0cb73b48427975fbea40a7c
y1_HG00735.1#714	ca75f5a869ce19dbaa4105e72980a631b60d1486d1198967d493f4e961c095e2
y1_HG00735.1#715	1f0db9738739ff15b00babfd759f0285c82363a9e29540c5ac5ba468ba248698
y1_HG00735.1#716	084696b5b2f035fe1cafbccda422b6aa15b40d1d73bc98d7782beb4d83a5bc7f
y1_HG00735.1#717	b8394e1ccc937dbedbf787b0139d30f102de42dda85d1b82bd08f47494c7ca4e
y1_HG00735.1#718	2650aad3299b5d9f676a7e6d2c8cfe65fc012b6dd56f859dbc881a905e11d779
y1_HG00735.1#719	c46efc3f1ff15b42e029f08b98552805df42ff377cd5ecb7578a834bb32fbcaa
y1_HG00735.1#720	6399dc72197b13c527f26e8c00b644d11c02193ab9e1a53506e134cbc2ced60f
y1_HG00735.1#721	caafca8230cbac8d151db61b986554cf891295afb5a7bf083d77cabc3cec2b7b
y1_HG00735.1#722	8b3ce02d1860548b89f990092dbb4605b7af7c74923249faf60e7f9df394ac04
y1_HG00735.1#723	77329ceea0bf57c87b1066d440f3896350fa9fa9c7f3fd421d8d26834dacc599
y1_HG00735.1#724	6365a2391f57514d8e268872b17a2b77197108b76f2677742055da010fabde8c
y1_HG00735.1#725	b20ccc55580baf56a22b51c7e47ba16ce002307ff7a5e20bc4e49e9fb31c8320
y1_HG00735.1#726	2478d00e4b1bdd45a7d934982449f263d554181f790b415de6d3444a4bf59f72
y1_HG00735.1#727	da729e25b8c293b7007f0c1c2d0387c82a23e7a6da419b9d7fbbdb3669d2ba7b
y1_HG00735.1#728	5858c53b52129b02ad86c3baf015ed4ca6562d3d2734484b81b048a9ed909ebb
y1_HG00735.1#729	09e6c0acc8bd4c29327655ce04ce895fda11e26d19e3f4dc4a1ab54dc763e672
y1_HG00735.1#730	2e7880da376aafac9ce6d67696921854e2b2a4ccfb30c944878e21d05a4efd54
y1_HG00735.1#731	bcb73a59540f696a8d26d6233e200a369c21cd974824853052bd269a7f1ff7d8
y1_HG00735.1#732	3dc1f3b940d8b3766d2e741eee2b2b1e367cb9fbcad055bbe6b46edbd37d54ed
y1_HG00735.1#733	ee71241ebf18aa7e04fb4ba1d76c17c3cefe11398a9849dc515e53573cebce61
y1_HG00735.1#734	b576c1ab0f88aa80214cc72f4a2be85fee1b090f25b15a777cc1253c20749ae1
y1_HG00735.1#735	b26e7f9b3f43448205892347abc4518c53c07db9f22c4025053e65a508c39c30
y1_HG00735.1#736	4f4e88d954d0b412251fe0b8b701c9e6e076f03c2306b909d3a7e5ae7cb7a985
y1_HG00735.1#737	58bb119c35513a451d24dc20ef0e9031ec85b35bfc919d263e7e5d9868909cb5
y1_HG00735.1#738	19eeb14e7c17e11da6a4e6bd950a73031f199a8c9fc5199c609880c47744eb4c
y1_HG00735.1#739	17f491580bed6b02e5a8c5f3aa80839657d60e2a1a88ea48051d66d0b1bede0e
y1_HG00735.1#740	9a6613364271a39da90730a3ed36e7f47e7000cd68a408d0347187687feafba8
y1_HG00735.1#741	121c629e7ad75ca415cbd0c866403a9ca686ff9ec52dc401e6ce320006174f53
y1_HG00735.1#742	15a1b09f40918cf6f7d3754701ef22ceb5c2544ddecf3793d852069ec9c389b8
y1_HG00735.1#743	e691711f338ab6e0bf8dd58b36187c6fa9342d58c4aaac341e9c1e925a396a42
y1_HG00735.1#744	985d7d513024e9535f40680bf1ad62449c45eec627e2c2b461994cc33669c97f
y1_HG00735.1#745	67757de25b90f15e76c8ed03b4bf8cf58d62d6bba71bb7378af184af155e230b
y1_HG00735.1#746	7d29d2ccb03394f3f1ddb75667336c4820dd4c6c307f4bbe01ec993985db7921
y1_HG00735.1#747	b1e832e13fb420fb4a63b37e639b89c6115e4ad438789e269e0ed99a4a1fe541
y1_HG00735.1#748	eb5442705969dc8da5dfac8f9658dc68acdab5bb7635ba7cc551e389416ac34e
y1_HG00735.1#749	516deec47142f88d13e0322dc5f9d92748dc923561b2474efe4eead2896aa95a
y1_HG00735.1#750	b7ab4f2464f73417fe557f7c048c5c016d13d8fd4e67b5a4c0d1ad1c3956c9d5
y1_HG00735.1#751	a4cc76e182c823a89abe20affc8a5f9adc7a7eadf409dc90093807c4a58362ee
y1_HG00735.1#752	dec4b0c57be11e521ef5c145ad3f34a97ebe99184bfec558a155e93d4c2c413f
y1_HG00735.1#753	98cb1a989ceb58c0145f75965b8c3a9d98e8936c90314664d6523f4124b16944
y1_HG00735.1#754	6d257a4e27f5e2c7f7998712b786661c7f75b7c54133613ba8beb9017914df56
y1_HG00735.1#755	47d3369484713132249f857220fc1556b98aeb2766a30af8057d26fd74e2e1fc
y1_HG00735.1#756	56b235610ee83870a7361825b2b976f3607840132b8efdeea2e9e118497b8d4e
y1_HG00735.1#757	17db22bd5231ed7de68d23c9cda454d3227c11bfc7212443715de5d0e3d6efac
y1_HG00735.1#758	0e85740eb43e8c64a964d0f586d1067f5a367f153574e0a2bc5869d2ae37593b
y1_HG00735.1#759	472e73d796e20aa8ff9059e6316f218e0322548f661ec4dc267507ed66317404
y1_HG00735.1#760	0442639796f203b32bd8acf28941d71c117c3271deaaf923466644c4689fdaef
y1_HG00735.1#761	73bb26105213d580a4b0b4b01cfba361bf020bfdb315705a560338f465de0e82
y1_HG00735.1#762	0ee6b89a7a175a0e6a94f386ee0d3f45207cda9835afc0d1e092d8e6ff3f47d1
y1_HG00735.1#763	27972739cad41fc7ebc957d5331505520d289319c1884ba670fd80caab61020b
y1_HG00735.1#764	e69428a3d8d8abb4eef5c1675fc4ff39b6050535359eb619c118745ae95c1eb6
y1_HG00735.1#765	3a869d100b736c142cc6d578aadcb1b61c55b9d2824d97e0e3f14d5b64b26955
y1_HG00735.1#766	51e47a6dffc1c03238b0ed04e5c64a2500e4d1af8cb154d8196ce27c997f7f40
y1_HG00735.1#767	89932f8285bde9d693a0691a3400ba249f0d5c1357fe157dae3254112e489143
y1_HG00735.1#768	58b68691eec0ed04b7eaa56dde50c5379e1e77a8df2745f243e19b15b13a3f63
y1_HG00735.1#769	d23c321d16c09caad7c3cd66fad5a132b8bd416d56cc94924520cf826c42d7fc
y1_HG00735.1#770	ce655ccfcd1f3193843922be0d1b7631adf66bad51e3ce9c08a98ef609dc822d
y1_HG00735.1#771	6d167ef8d99762f8419c9eca18242d16be26e941f0e9878edbdb00d8107a9d51
y1_HG00735.1#772	e90bf70bf98e56c33c3e05d59327d90ed58974a55974d9d75035a5df871f834b
y1_HG00735.1#773	25f58368f00e1b63d51d09373f4f85b627cb167fbbd833a84ee6f3944cac21f0
y1_HG00735.1#774	60ce8692bee7436a35d8c5af4152a238a98603c14b7ecb98520b7f41036de0ee
y1_HG00735.1#775	7a97a7a7c51647bf9f3380e0d3d41400e0470b2c660e5fa8b45cd98be0415e56
y1_HG00735.1#776	94db85dfcd9aed33aadbe5bc1c2e97768347734baf158ad7ba7c0b16945ef2f6
y1_HG00735.1#777	5cdf5c9ac1b7ab84b9e520144c40dcaf8f8a696c84a245063d0c0ae4808f5400
y1_HG00735.1#778	472e73d796e20aa8ff9059e6316f218e0322548f661ec4dc267507ed66317404
y1_HG00735.1#779	596b1ecab15c60ae670667a2cf30a8c7bfbdc578a45ee94eea41b2bb9ad2c073
y1_HG00735.1#780	624a7073924d41be216a8bf6c6d7e2b04fe272cff5f3e91b538c8a18206360e1
y1_HG00735.1#781	92b992875447ad8018bb0a450c298cfdd7c1090d94718253162c345285218930
y1_HG00735.1#782	353525fa2e8e88223ca9e0ec3ff9a95f975941423490ff49aec00aad4012a7dc
y1_HG00735.1#783	eaf4ebd157427ad09ecd20190294e8008c823b1f1add12bb87548dfcd9b6db1a
y1_HG00735.1#784	4572d20f706d8929e9f8a6d6894f3f2c17bde0ab4d63d9aedd366017b3911434
y1_HG00735.1#785	d7e9b65547990db0c85e06b42ec197ac7ffaaa954a48443b0c0e5518107ddd36
y1_HG00735.1#786	6273a002bf1413e21563a99baf470468223fca63b52b00584ef173c311e246ca
y1_HG00735.1#787	b0f17f1c75c022356f25773b39d2f343dfdf4903b6bc771fb4e909b9b23ba080
y1_HG00735.1#788	06b8c0abc23a30583be103daf731328065e9252a92129b583135c10428cb7405
y1_HG00735.1#789	15cbe5f066da796145940479d571424695e3077a1de270cb04972942d5b16260
y1_HG00735.1#790	a755beeb47df312508b369c70aa6d99cb394cc461b64659f97dced008b5b8a29
y1_HG00735.1#791	f5f47b3c4148d97240044e45d7ceee1673c7b17e420636e076b86985a60c3750
y1_HG00735.1#792	c892170940a12dfa299ad9f2b241f23e6f69ab645fa1527b12a06207bd083f80
y1_HG00735.1#793	d245433b18011494d3317a203d33ff030cf641bfce91130f0e76fa2e466beae4
y1_HG00735.1#794	1f5be4c6a0ffeb572060e06504a1a9d1168f8dae848fcf000bc1ecdcb6551122
y1_HG00735.1#795	8e1c7b16ae5f3697c3ceb8c6e44324f4b50c018f59b501521777bbd8820e07e5
y1_HG00735.1#796	f7c4582599ec558222c24981290ced7746b10cbee3ea72cc59fa3980f7d19061
y1_HG00735.1#797	3f64985c3230132b5b928145d3d9da31d5976182ff9c631f214c2a173ee7087b
y1_HG00735.1#798	e3cf791a3a4f8889d52e89d70ba175595bea6ba1d20116d137bb3f3a5f85a624
y1_HG00735.1#799	ccbb6469cd3eab64a2ccf62ccc0605286549888b14073987d141d4cc0604a6df
y1_HG00735.1#800	5cec4bb0bed851ed5ebc43cb1e271455ebfc2968b249e86445217fca14b5a6ad
y1_HG00735.1#801	662573168dab5154662698b6e2ee30b546d5ec7ddc538b23d47f7e89021845a9
y1_HG00735.1#802	b6f19aa34be4d03aa76592aebc4d67beab988974a0e85c9f2ac2ff9a1023a514
y1_HG00735.1#803	bd50e6f14d80a40135c90bfcd22300b2b5e5ebcfb452fe64f2cec53ae8179e3d
y1_HG00735.1#804	9141021d4c66d2f016386813b2981c586a6af482d0cf21245e4f4d63e6a36896
y1_HG00735.1#805	5ef2bf246c24bde9c68c0342980e1daf1e2beccb8924019e9e124b15b042ce39
y1_HG00735.1#806	bb3d426b8d488df254476e366bc2943c225f78f2e4923c1bd5a20719d6198c28
y1_HG00735.1#807	df47a1e60552d26426159b140aa0f95cdeec7a686f091a3a41d2d08144307f96
y1_HG00735.1#808	03860912775ab96a210b82f9ec54d5aa8363a8f601ec463635272eb18de4bc7d
y1_HG00735.1#809	256352c80d6ab79297bfbf58955a703ec6cf66dea3d60cb9336789a0f9899eb9
y1_HG00735.1#810	b2b1a5af38ac10b73a3b77d7e73de5c7938f9a047d6617f0fc4f0d6ca6e63a41
y1_HG00735.1#811	19005e4e49daa72143920f08b650c886f1e9a0db9339cc107bcc1717d2afe75d
y1_HG00735.1#812	2416798475a9c382c374739d01ac101770b5b35b6104373924ccaa2f6bfb8b1a
y1_HG00735.1#813	bdd25597b5c687cd1ce62e068ae0f051f0b494ffb47bc2f2fc0162cc13d7cb2f
y1_HG00735.1#814	d5ef0f0e059ae5fdbee9ef56db7748a14e3418111c0715c9be7fb0314ed3b253
y1_HG00735.1#815	fa681efc8d77a3d7812741067033bd124194b71c482ccf8d600adde2c7e82f0d
y1_HG00735.1#816	349e57c4d37aae6cf23c9ef0d0f2024bccabcf58e10c9eb56dd30d6726b33ce3
y1_HG00735.1#817	1be187e8dbe743436195b1393c9619fe96bec1ed5ef946230a5a396810183108
y1_HG00735.1#818	b3e2618392089a39840c4f8db10e456e0e48d094b04cc61ac9f22fd057befc0b
y1_HG00735.1#819	0661f180db8e79f44d69431c5463e28fb73a0856aac623568926d893f478c1ac
y1_HG00735.1#820	2a572cd1a3ea282ec9b2fedd6ca9fb95da51f9239b385e1a11428911d32a3f76
y1_HG00735.1#821	90b4cd78ff45d3192a09750cca87c047f6eb977fb84fe539824ef3b82e596d97
y1_HG00735.1#822	e2ca6fca66b47ea5242fa0541cf63f9d70a85149f0133f4474f8aeac953612f7
y1_HG00735.1#823	0fbc26485e232f572b1a21f1c9e05f832c54fbba1ef95a67cbbb0102d1774cbe
y1_HG00735.1#824	ce8b734fd3edea1925a91b04ed7bf51d4713f69faa8b8506d66cd3a546794522
y1_HG00735.1#825	b5a8bdc9e4c613900252304b444c4b153af82f37ea1fbfeb2739802d3168b3bb
y1_HG00735.1#826	05a2634783281fd171a260205af445adb54470ddd018329dff922a188ea0e19e
y1_HG00735.1#827	6dbe9d22499c8a04766c359f9196fb6d6e9486a99c6a6d0591f0c056709618d7
y1_HG00735.1#828	ec750c21f63d4f916266fc22bca3b28db2f9a27534256c4fabd972c089f6a94e
y1_HG00735.1#829	1b550196aecabdf581b2714cf55785c9e64c8b7058605b06710b31015f4a83a5
y1_HG00735.1#830	eb5442705969dc8da5dfac8f9658dc68acdab5bb7635ba7cc551e389416ac34e
y1_HG00735.1#831	1e7432cb6ddefa6387dd3dba157724fff2d5ccdc49ade482628fa7c86f932c0e
y1_HG00735.1#832	a69be0837ea0eaa00d9a05850e1e1bcf7a61bad2b3766db387d6393709e51ba5
y1_HG00735.1#833	cf9457e363c9f744f67f7ea43ecb598b45ae8704b893fb44c26c152f82d33f7e
y1_HG00735.1#834	f49626b7933cddcf5dbb45560b61e7f304e4ebd0d27f65fe38591509c3dd8788
y1_HG00735.1#835	675309c448737bd7acb853b2952f1c312c36220c24358ac797267ecfeefd5c37
y1_HG00735.1#836	9fcbc0eefff21010a47daa85e60610f517b1880b9bf51d810fdf50c8bf4c74a2
y1_HG00735.1#837	67fa46c471d8c56d29a6ca28b48776f9c7096e792059bf8734aa9284cdb1fd18
y1_HG00735.1#838	6e97a0d608cfa43436a43f047c0ad110baacfd1a690b7ff19fac118a069ad469
y1_HG00735.1#839	9af9eef31e66682c7a4c3053e2f28007fd5f6ea4f2b668263ed2716fe4c793d8
y1_HG00735.1#840	7900e88f5273aab42968eb8235a4af064075957928434a5ec65a2b3d5e5bea17
y1_HG00735.1#841	2aea5a0d451dfab245a042d8eca4ae42010021189b858a9f0872fd4decd1adb9
y1_HG00735.1#842	f03a6b04482c417474fb145379de4f32e764d02a9d8edb396f3661a62fc5b7e4
y1_HG00735.1#843	ffac6a45daee61b355fff8db9475b1d7277490046122466918dd44490ca67740
y1_HG00735.1#844	b743f733e93885e82d330232160a82c1ee1365c4287f83a17ace4a0df0e450c3
y1_HG00735.1#845	15cbe5f066da796145940479d571424695e3077a1de270cb04972942d5b16260
y1_HG00735.1#846	584cfa7096459ef7a42db98b89adb02bc7c4c23aa063c54d0bd70b6671c98c36
y1_HG00735.1#847	5b34be4cdedefa0852d7786cb6293d3965cdf950c540b69ef07ec0d22c2a0d7b
y1_HG00735.1#848	6b5a226fd8f8fe9702278bcbfcaefc746378668eab4c0679ead5ab0c86320922
y1_HG00735.1#849	882337a336916901ef83617a743b242364d24fe1b87979fe04dc4d622f074aad
y1_HG00735.1#850	145d4c6a52330be3bcee9ab2e8b4672eb8a92869a553eece7b2a8bf0f159b904
y1_HG00735.1#851	ac2a19d93b53404a359ff6e00537149b1bcba4a92cbebfd633c1f483ba0bb1e1
y1_HG00735.1#852	7d65d2d1c4bd593c3f0e72a005d2ba8c123f0c5876c4f3ecd18198274e842a38
y1_HG00735.1#853	9ee1af328ef179b60b13e75824766d6962c49a5e2b29df198af3b7b40fa7d875
y1_HG00735.1#854	211303fb3d4fc4d0e6347ee3acf0ddd91810ab27a8406dffe4c621b13a686577
y1_HG00735.1#855	29e971b253b40e125c8221484a79e471a094a768f6500946bf9f0bda27a2ef32
y1_HG00735.1#856	d4a9229ebbdd8faa33a1656d03b15ab814b3090edf65ec3148250b55c5af808c
y1_HG00735.1#857	15cbe5f066da796145940479d571424695e3077a1de270cb04972942d5b16260
y1_HG00735.1#858	7ab9dd1511ccf6e7fcb29b8a7dc3b863485ce592be1584b83f1defcf1665d6f4
y1_HG00735.1#859	ce323ff782b6b194036a1cd050cac430cb31f664aba479393a5ec44f70e6e511
y1_HG00735.1#860	dab66d26f26af490e60baad48a0839835dcaf75490b56443ed2e3d260a327c96
y1_HG00735.1#861	b2e26ba2b3ae9b7bf593cb0add6aa42d7b890360233e8baadb726df6e0aba2c9
y1_HG00735.1#862	a0e91b0c57d19accb64a26ba9f34917e9ca23938e23e621a258d0d4e56b372b7
y1_HG00735.1#863	5befd0a2e163677f606da84aacc3b4b520095ec91fcd100d7bfd307ae389589c
y1_HG00735.1#864	9a5eabb55cdca19650f414b2620c0549f8d3063efd683bf80e02289dc2c7b095
y1_HG00735.1#865	4923c0105db1a2cbf2d8c6a2c182e4b5a3e719a365fffcf43b8b2989093749f4
y1_HG00735.1#866	a7c6e45103c1fdab4d2967502629aa69cc3a33b63cd176c48f8e7d8f846d5bc7
y1_HG00735.1#867	942eb384352f1a2536a65e3a9d9202e1e5a34a6bda543e3ee37f530d6034806d
y1_HG00735.1#868	a6c8eeb7590a20268134e0a2a11e6be083005c28dedc09b8ca7150452873f7aa
y1_HG00735.1#869	e841de6a1b1a8bafe4d5e23b58e0b6d7971adafa92d8ba14137ed50592360701
y1_HG00735.1#870	8ed3c3987c852f2f0b93ca61570fbe6455b7c46e68eb291b6e7f90994fedd92f
y1_HG00735.1#871	22c0b0b8b9537ff928c1e404099e4af2ce358462bd6cff050bf6c6f1cab6b1d0
y1_HG00735.1#872	b046a8c7ee95cc447c73138e34038bc42c57be59701d1cea973a5893e7b9626d
y1_HG00735.1#873	5d17116004c44b92361959769c37e20f9fd8955170bc35d1b826e7490ad7dead
y1_HG00735.1#874	74b6c8af84e12a5173504c09c6917447770d16144134616aac529bba24adc46a
y1_HG00735.1#875	de6abfaf6efc1b309d5f426bc53f19b5365620f10e6edf001948201cef0a8e87
y1_HG00735.1#876	0bf0ac9d0a7d44d7cc60e5fa66371e9d1fdf76cd36863dc9be80cce55a42168c
y1_HG00735.1#877	40d8e0948394adf88da9fd4b8cdec914696d26980b504b0511b1c6384fe17663
y1_HG00735.1#878	cab52f593a99cfdca1e41802c8b33bed4098e324ad5c269c2ef363f4b1f92440
y1_HG00735.1#879	3e35329a753a4f3effd87d9bcde0d1374b26b853b5105e7d2381920944a27eab
y1_HG00735.1#880	b47b5417823832a83aace0f5fb20d3a4e0f190e1a0ac7d2b848a13492ff6ebc0
y1_HG00735.1#881	7d9a717cfe88a82415852df6bc2ef89360fed9fbd43cda92341ae673061bcc0f
y1_HG00735.1#882	c7f421ccd8f7f0e9ad8cb92500b1f305971b1922c9ed0c8cd5bef504ed2e6b9f
y1_HG00735.1#883	9c92f8c95fd5c3d7139fd8db4d290b6b332ad6e4a603913f1bc7e830263dea15
y1_HG00735.1#884	b0eca2d0fb9cdc13541b2ffa007497b3d9ff2c5bdc72fb9b3fd7c1c7c587cdc0
y1_HG00735.1#885	fa526d8fc14c5d7a8c31ed1b9ec021f4e481a6bd35f334210a528a3e75562992
y1_HG00735.1#886	756470ca36d7d639fd45ac7663ef8534e781618e6eceb2c66dc5e2e2db6a5096
y1_HG00735.1#887	02bb1fa1b1bc6da857c18e44f91c680f422ae54cac134db509988b003af700d4
y1_HG00735.1#888	d616f1d56e08bd0fa64ed1b88259d7e6b4537af46d3517271cb0d0e2d8eeb2b5
y1_HG00735.1#889	da159657fdc662b6d53d2348ee8b0dda9798097762a8d4f5ae53ecf82c303c56
y1_HG00735.1#890	a8c49684a96ac00dc2af0fe38c2fadf48cd4059377d34a55adbd63c94ef74bae
y1_HG00735.1#891	75807293eed743aa2049b341fe07b70a347594535f8cf2996d40d8c15414b61e
y1_HG00735.1#892	4b2fb0228c37cac311532d8479126f86df3c4397f17fcf0573a16e84aa9050ef
y1_HG00735.1#893	034fc48ba584fc2a8b0b40c727e4ce36b79845d7ed910c63abfb2c22e630382c
y1_HG00735.1#894	dfd7321d01e08cde030df0da7933a95e66f77b2b6b84bda0b002dc2a343debfc
y1_HG00735.1#895	6823086c33a71517211eba9c1e24b4f4c82d53ee26ddbceb4025e54f0b91c491
y1_HG00735.1#896	9779469589f956f434b70b578302dcbaa084a5eabb0124ccd61b0ae58c596e70
y1_HG00735.1#897	b27c6f17cac2a924c8eff3cf8cd47fea6502ac6c22c0b99b1bb6c481e89f2237
y1_HG00735.1#898	de9311b561b31174acb2fa7934dcd3c5321a0c2597389e6bb5a1c02ec23afee3
y1_HG00735.1#899	8ae3799714002f8c2cca5c1dfe1fbb5021a1ae86c64c7ffe9356d74b792f68f9
y1_HG00735.1#900	1d8e3c7111e1e3ef2f7fc3b4f27d17ca911c64b7c03553bfa27a3be39f7f1397
y1_HG00735.1#901	ea61978cdb263ea74acdcc27fcf1eda8ca188b6ce0bc9dcacc4e82d79db8b39e
y1_HG00735.1#902	bee30e5b6d59c1bdf10100ef331706553fd3c4e6b0a342a092c6f6f733b8be36
y1_HG00735.1#903	1fd32a31a7e90b61b7f5bd80256ab7fdd10cd421f0d96ba819b2f4a41346f797
y1_HG00735.1#904	3205a07ad8f892317126eeee8f79b1026e2196007eec34fc24964b9c9f88b6bd
y1_HG00735.1#905	3510382497fc9bbc637ad56466190d7ce15b07dabf9a7e1db29b737d74a288ea
y1_HG00735.1#906	0e5cd77146cafdba792d21e228c62f7382143393859436abe11073da908e4bb2
y1_HG00735.1#907	961dcb9f1a265e727e30b55df1b0c4e6dc036f2253abf4cf6e8066ae2d96133d
y1_HG00735.1#908	780318294a64591b163bee0983446619db572b0b6682b6773d97868c42587013
y1_HG00735.1#909	ec749691904305c522410c3c5bb12166960c695b7d99101d12e25230041e8327
y1_HG00735.1#910	b6b456246250b7236f2c462b2c550f63b27fda6e2c78375cb90670fa130856d4
y1_HG00735.1#911	c4fd8884c615d79e109fb40b3618b6d43c4de892db86c9650a475acbeb874da8
y1_HG00735.1#912	0d9f7f35d4cd8dcabc0978ced56e4a336c2cd099d5459c9e2c7141574e187165
y1_HG00735.1#913	30ccaf3bfa7a3f49c057f4f11f969f0bec164faee4f53ca5db3295d21dd036e5
y1_HG00735.1#914	579ca35cdc6909d2a0f3b1dfdc77ecdedea0fca56e39192438322523c901b62b
y1_HG00735.1#915	68e68aea5dc1efaf24ba0759f037a9e35bc28699873e95285c0e6a62415ce2ea
y1_HG00735.1#916	e166cafed53d55ff69fd89c314160ffd50e68240c118d20145d6642906b70502
y1_HG00735.1#917	51b376f2ca2cdff3e8d7bd039e51a1feddef6031891a33907568fd600189dd9e
y1_HG00735.1#918	f3a671af9f33f8cf3750e80551435e54af475a4f241a21f92ea22dbfe066dcbd
y1_HG00735.1#919	52835e3dcd852177f66f7b34e2742fa34f2121e7522d99e2c995553d0fe49622
y1_HG00735.1#920	734f4c89e9c4ef1bcbedc02d339d12dd74bbdb043c66b75bb8b02c33067ca707
y1_HG00735.1#921	208bcd6ce698a60fabe9c716ab1de373dc9c55ed5dbc7cc2a42a206159ef6710
y1_HG00735.1#922	cb09e0f336bd4619f17fa6ec349d707fedc2c1197e5c3a8cabe3022a2be4fa13
y1_HG00735.1#923	a5855fbee7d00c53edf7a3bfa992bcfbd7dc764e3927587b9f2342cb70bdeb93
y1_HG00735.1#924	9c85a06da551d7ea8c8c62262cf7406407b447c6a25ea0daaacdd57eb99ca146
y1_HG00735.1#925	8e0940d36aca57ea3f17aa3756ed0e9a993504cc688e68d9ed6f90727ac5ea0d
y1_HG00735.1#926	2876e0ce6cfb74e571e36c868b174cfba02b8a37dd3065ae8608e64c654387c7
y1_HG00735.1#927	f95eb673af1f8f3444c15b97f9e55bdb1a4cef285a7f64a2e2ff6c856c4c3645
y1_HG00735.1#928	cb1ad2119d8fafb69566510ee712661f9f14b83385006ef92aec47f523a38358
y1_HG00735.1#929	9779469589f956f434b70b578302dcbaa084a5eabb0124ccd61b0ae58c596e70
y1_HG00735.1#930	2f03598a2ea1f08e66ee00d20506890302ff3163c801a95624af6efb99ece90b
y1_HG00735.1#931	16bc2c62e7690b42c82f2362a3b5b2a4aa6e5b791839d53c20b432971fd97602
y1_HG00735.1#932	00d57403e8ae5efed3e55b3daea1c745209ee8e5876769da1a7a786d645b32c4
y1_HG00735.1#933	ffabb9c11db744c384f5c3224fe03a226f9c69f4c3686bfe3c198ee7e4e586d9
y1_HG00735.1#934	b0a1debd1199aa6fb05b5c5d02276bfc5aa468d838465a839ea02739c2d21699
y1_HG00735.1#935	9a0329e20ce94b3e4380a863dc4b1268e01d381a8c0e2e529c73f67624744424
y1_HG00735.1#936	2941aea1a0d46d87160cff24b8d07e7cd93ff9a463365f3a6a9666c91ae194bd
y1_HG00735.1#937	5c91149a3fa12ac07f025ecfb67038f79b08e01c72090776d4ba2b0fe62cfb87
y1_HG00735.1#938	c420352062f80ed871a169f4f5fec9bf2bf7a13249c955eadbe01c12470393b6
y1_HG00735.1#939	fa47736d2046e5f8ce538036258e9b527b84272fcb76959e2ff9e55357b2b5fb
y1_HG00735.1#940	264da38c8e09f3439bd7af1f4b266988f5bcca65e7671c150bc91295b8f8e011
y1_HG00735.1#941	d32f9713ad069d1a433fb6d265a737597c09136c981a3b4114bade3d7f5b1ed4
y1_HG00735.1#942	fe0372315461970614c914f19c92b23f0a9562d32ae6a802617ea29aa2ce4b30
y1_HG00735.1#943	dee9f224a375a2ca6ad547a35f44a945fa128f6748228d61e877dd93e89e31b4
y1_HG00735.1#944	de7f744b71a15e7db534d73d97b80162070991f8757270ea4fb90090c4b0c02f
y1_HG00735.1#945	3f41a2d918416d9efa4f94437a5063c52d909cf1781dfced796268941732f3cb
y1_HG00735.1#946	6d56a7d2fa906d228f770befb9a980a5c6b53b9271bcec30040d28c8adafa0f6
y1_HG00735.1#947	d4cb300fd12fc5b276b97419329b29a0066378cc831c0a322815b98f402ebfa4
y1_HG00735.1#948	7d63c57f378606adfffa70ff8764f338e960735c98bd74c0f9772419990db986
y1_HG00735.1#949	803859f5b9d6d170d5714b2d798c8bf5fbc9bd1806f6c108ed02adc6e6116004
y1_HG00735.1#950	3547e748c99c4100cf0fd44ceb5e7d7acffef96dd7341468f189824b46353cd7
y1_HG00735.1#951	cb0db625a3a928655838e4f3afb76f9148d5e774ef606e2fd2fe90302b0abcee
y1_HG00735.1#952	c976c35ea28e5dbbadb3eaf626cf1bdfc4117af7801119da5c49217c7a13b884
y1_HG00735.1#953	370ab266684621051c2e10580e13621dff00b240f82d95ad10d60ba3a2929080
y1_HG00735.1#954	347d11d3f7a8b7ab4b92cd9ab1c914e8d801e4244acd024e8a7b3ec9922aca37
y1_HG00735.1#955	99009887b06df57c6ab95c5e6ad236ca16e771b2cffd9b8ca5c09d1c75c94571
y1_HG00735.1#956	0733a3c98f1bbc09ef2e42270a3254b4ecdab82801be3699b1a2dd6829aacf73
y1_HG00735.1#957	f741bb7893970c871267140f2d29df3152d3767c65043379783c2ec8e234e113
y1_HG00735.1#958	6f4e1833c987d1e46fadc2e5ed3a6e7e85abcba8b393c5b3215e4190f431ad48
y1_HG00735.1#959	f19846e1a12b23d1fad6c3ea1811224b2e07cf6e6fd28d8eb011b5202285445c
y1_HG00735.1#960	eb5442705969dc8da5dfac8f9658dc68acdab5bb7635ba7cc551e389416ac34e
y1_HG00735.1#961	8ec1bda5452d16ea79dfe17427614358e058dd91caca30071e2e16e9729e9d96
y1_HG00735.1#962	78faba3f4e84aa0bd908887254efc712ca889007d4336939cfd70ecac41f714f
y1_HG00735.1#963	1d29abb965bef4c0aa68200bb85b049511e914aea32a360783ca665bee639a96
y1_HG00735.1#964	2b523a925c70b991cb14998f16d08d6cbf6322aeb5601dd5ad0760817af9e121
y1_HG00735.1#965	d3dbbb3d7a7ca45c9dc2b730d682c42ba5b0763ed32e4f90909aec299ca1e427
y1_HG00735.1#966	022a66fd4d13744e7e2a6e6a725aff2bb265a4134a08f7dcfb9de8dcf1e63fa1
y1_HG00735.1#967	da0bbee4762157a6e2996eb9b97f79e47881274d7a97d178ff69e81a5fb97ace
y1_HG00735.1#968	30dd922035f68166e1eea8e7564f2884a82cdd023352f837f8fb471e3b2fe9d4
y1_HG00735.1#969	756329036c6ccefec7457dc415dd8185d76e33c0fae326350c3df58bb941c498
y1_HG00735.1#970	62375daa2a72e9f172d5b2d88219b737c38a658aac2f47b917d456e1cb0b3c7a
y1_HG00735.1#971	4a576fea8a93980718f97b18c1a6d6e60b80c822780b1cdd5f3c37cf5b27eeb0
y1_HG00735.1#972	a9af2960993d7f3e78dad5c32e1b27fdff56d1c627b31571815f7909ecbcddcc
y1_HG00735.1#973	dbabec33547cb186b84504748926fd47a798d5848e23704315a524baad3b64e7
y1_HG00735.1#974	7584d835f5b9e72d42cb55145507ab5b82463a1273373924f20030e24656a854
y1_HG00735.1#975	0a345312eb5423cc54cc48da23450d39dcf7433aaab99543ed3abffb7f343402
y1_HG00735.1#976	61f6d5d359fe737f718838b80ff2786964d6a883ef98c37ff52fcc6e1126df34
y1_HG00735.1#977	3f0fc4fd43414f36605f3c0cb237243ed19a0ab8a47f84d80dafc824cb66a964
y1_HG00735.1#978	b89bb44da8509d413c8cf87d2cf82736b88df27d575d09a9a2eed806a1021b28
y1_HG00735.1#979	fb02596424788a8421e811599e677f2cb6c3193697a747da7b82551ab355b764
y1_HG00735.1#980	b9429d01fa9ca21e28930828d74695225e134bf006cc652417f5634b1cbbfc41
y1_HG00735.1#981	659e8a9d1919b219bc783524f6530048e4dc68f2d0bbdd49d0e40bf34c95ffa3
y1_HG00735.1#982	b545d8faa52aa191b2e7cf408a3244b1782b4d7c947ada0f5ca0e5e1308c8299
y1_HG00735.1#983	57eaef9b4320f19f2b7f7b973c30a63f10d34e1b559b0cc0cc7d07c0842144ed
y1_HG00735.1#984	160508e268a00a0631f19611330989d85a6acad323e39a37214e7b64ab253746
y1_HG00735.1#985	ee8f085dbd2dee5c45ffce1d4804588acf6e950ac2d8341e29979a3fd520af45
y1_HG00735.1#986	9cb142a09ac7f163a101faa9d9868c642237dfbc17113d8c03e03eb954fa1a96
y1_HG00735.1#987	8fdf81fe049d89f6003e1fff09dba55c384d81f66fb675b9a164580c4acc9f38
y1_HG00735.1#988	144fc992668349fa1a6588604c54dfdbdaf64648728ca5672e7dc7ef3df901f2
y1_HG00735.1#989	785cfa8190703a700ecc8da34ef781d38c982d021849683ad21064fdc23d26b1
y1_HG00735.1#990	e966ba5005776ea9c2bf1f5a39c135421d9ca693a7772625a0033bbdbd44f830
y1_HG00735.1#991	4e1b9c4ebab27dc805db1538216a675e483c0eb3c3fd47b63fe6cdbd987eca71
y1_HG00735.1#992	afd37cdc349918d6479fc8af4e54f15a4bcaa339dd50968bf1d08c01ea3e93f3
y1_HG00735.1#993	fc9b0f1dcb2dc255143d5f0adf58d808898e66c42a0167fcf3001463ed79f125
y1_HG00735.1#994	bee30e5b6d59c1bdf10100ef331706553fd3c4e6b0a342a092c6f6f733b8be36
y1_HG00735.1#995	884395b87d11a0b0b50273ac8fb6590d499d92689f5858b2c4d8fed64612baa7
y1_HG00735.1#996	724c65f5a62af59508e459c35425129985c3661932f728f14617889a7891c867
y1_HG00735.1#997	d9957070d3b31e3f63f1a8d5716037ddaa6f897c57006c45ea26c848246f9fd7
y1_HG00735.1#998	1ffb484de84762ebea27bd6ae6369dcff9863cef5bec0c9cbd42261a4b4273d6
y1_HG00735.1#999	4e620c9996f7d712ca468f6626fd6db3143bd7c910e71622910f06b845ab8c1c
y1_HG00735.2#0	fa8e2fc450de688f03402077fa4f96abf3a0c8a6373f4006245502c1b391b1cc
y1_HG00735.2#1	c353eb9cf8e5f0c268823b42f5395c56e3f1eaf21ee53ee8c1bdf960396f103f
y1_HG00735.2#2	8b7b5ae44469668c923d00812280a1f0cc402d8a46f1848aafc0b40a91435a85
y1_HG00735.2#3	e35d4f817ab8df32e8bcc496386a0ca3eb950758143e62cf92844c455ff4ed81
y1_HG00735.2#4	6399956a5ccd6fc32aa27597e775e0c3253b013159cfc878ffa839e6541f12da
y1_HG00735.2#5	301ad6c5e4b519ee6ff0c2a557e54a7f3b207a03db662b2b78c70771a2df4af2
y1_HG00735.2#6	0c6b9991db9eb06ab97d048c8cb4718fa5f47acb40d1f37668b49af2cc97ba13
y1_HG00735.2#7	034fc48ba584fc2a8b0b40c727e4ce36b79845d7ed910c63abfb2c22e630382c
y1_HG00735.2#8	435c7bea7fa6b2ec3730e969fcb86b9b636ecff59598eca36617dcc735b37c43
y1_HG00735.2#9	f917b3686325fabfdd1266957e03ea218bdd313a043c76c4567a40e054fdbb38
y1_HG00735.2#10	79f7e85c08ca3157947c4263daa683a0bd5c94520526aabde2ba63195a7109a0
y1_HG00735.2#11	e8b4768cef7dd542c5f96d49dc0d7da2092ee30868e7e306af475acd8e0b95dd
y1_HG00735.2#12	cd1e20035ab6b16724a122f6c6d2d9b83cb868601d1f3df5d1fa46936ca1c395
y1_HG00735.2#13	bd7115d6c31400cba7486eb26599412b0cbbc545eccb4b25839aae4a044d07cb
y1_HG00735.2#14	897aecc51114eb80439a644aa6e8fcff08fbdc3ee4535c087ac1fa6b2933595e
y1_HG00735.2#15	203b2db22b17ce8cd9e331f638d86e6f6476d64e8d89de3ec83316ff8092595e
y1_HG00735.2#16	07bbfaf314999f8a4a65e12c2235b7e4075ca061b7204458f506f7bda4b42c28
y1_HG00735.2#17	a704346a1d90ee1c4814485e4ab03e331582fb36f0ca18dc48ca366254f4f569
y1_HG00735.2#18	6fab77127d6a145908933c608a582a964ff788a948a79dce54c4a4236b1e5d9f
y1_HG00735.2#19	4915ad009093506250d9b54759aec99a14d6103b95fa336fcbbe49882b4b628e
y1_HG00735.2#20	aa75af1fe84eeee0adfdafea25cc2e0ff1f9cee801a7366812884b6f5c43623f
y1_HG00735.2#21	0ff15314684c5d05d7a3030ecbc26ef934b1bacd08e256088105b673d38259ba
y1_HG00735.2#22	6320042c9722638064467f2a51d59be52df4b0869343168e5fc300c496bbd634
y1_HG00735.2#23	6273a002bf1413e21563a99baf470468223fca63b52b00584ef173c311e246ca
y1_HG00735.2#24	ec23b9a473ff7586d2f2d874d176231983d02b4447246339a0e6e4e79db3d8af
y1_HG00735.2#25	fe11f0f2689f5a622b5b7a4d30e32c3196234d63068c1157475ae6c5252915b7
y1_HG00735.2#26	b9ffcc0a966efb9883547631ce98154c1ab55b7296249bba03b46fedde876c1d
y1_HG00735.2#27	2ed5611428077b2036b2059142d3eed067268ff0362e7887d9fb3c82066b5529
y1_HG00735.2#28	ca09e4bc20f18ac664129ab8b52c405f27f1cf7d9a01e41fd6a21870421abfef
y1_HG00735.2#29	2b62b7aae64ae44ac152489e88c0f61a63d524caec7b8e78be426937fb01ca63
y1_HG00735.2#30	62894bf1e8d02ba996b5e291a1eee8e76980af38eb994a74c81824351fb4b130
y1_HG00735.2#31	4627b9d2ae1529a5ca7a66d7931cb434ed2250dcb86b31476e55a3849cbc7fae
y1_HG00735.2#32	bd03f246ff80733c45b6bb32147eff681c9562063d7d274375af8ff562d81d21
y1_HG00735.2#33	0d92ef20699010cb40434a54f0a474598400bb5d9083ca51eba47ec5cffde156
y1_HG00735.2#34	6ff1b2f5ecffb4a9515126f3c8caeda941e9f277a0122f43225470203733c656
y1_HG00735.2#35	e19a76b36c1b8b6af18ed4c58259d8a1b3db6a174de8cb9431442a82bd29e7a6
y1_HG00735.2#36	1556c00c77a77b6e23620b7b641c7f87cda15350a2c81fffaebd5a9b83dbeaef
y1_HG00735.2#37	435941b44cdc9e91c40ecfd185f365602b111bf26e698e97c0f3f20d829b72eb
y1_HG00735.2#38	866c91ac3112ae64a90afff36fc4b331343995c62bf7ea71a2fee46c91b9372e
y1_HG00735.2#39	bd2c903a564d50105613ee2fd0b81097f5f3754250df6d5b264347bbeeea3e5f
y1_HG00735.2#40	4d517c6ade25811ff25cca894a6b1c4b3b6ad73a8ec3cfcb0480d41aff283ed0
y1_HG00735.2#41	15cbe5f066da796145940479d571424695e3077a1de270cb04972942d5b16260
y1_HG00735.2#42	148bcc25fc5e71f82f5cc5e8a3f39944b252d5d2588c41e7abb12ebe361d0cbc
y1_HG00735.2#43	0fbc26485e232f572b1a21f1c9e05f832c54fbba1ef95a67cbbb0102d1774cbe
y1_HG00735.2#44	3120d02de1b292390601ba61fabbacfe63c603147ab8493d0f18168e5852b2b7
y1_HG00735.2#45	02f14e8fcb390a7045af9f20c5673b5802854e21b5ac69c0cc722482493cd74e
y1_HG00735.2#46	16ced3d7eb664087972ee0e22eb332fec40153ae00d7c9234e5d73edd7b58405
y1_HG00735.2#47	4b650e5c4785025dee7bd65e3c5c527356717d7a1c0bfef5b4ada8ca1e9cbe17
y1_HG00735.2#48	464a58121671f6e825dc41c87c1a9cc92f74f3afa42d3d9c016fd4024d3ec4d5
y1_HG00735.2#49	2cd261d2ca33548b3c46dbc6ea13b5bd5b343940e3c8645ac8099bc80f7b2632
y1_HG00735.2#50	5450b857ee3c6606ca8f0ab11ee5d09c5d9805d2fe47f187e2be9700ee6f675c
y1_HG00735.2#51	0cef344f71a8c8be0e31e3bafda17833bc40cf8c7d5b91ef920cd65117816752
y1_HG00735.2#52	785886fa980901cd6bc2d813dcc1689dc159a23036f4e54199a4f314b02ced94
y1_HG00735.2#53	3efc6c24a4972d33e16e8f954df7e407a1d53b705d0282ab2f3877bfc88f58a1
y1_HG00735.2#54	052af988164e9b04c8237b2121d6efa93bf5db9bc1488b81301d97edb583a6b0
y1_HG00735.2#55	034fc48ba584fc2a8b0b40c727e4ce36b79845d7ed910c63abfb2c22e630382c
y1_HG00735.2#56	943ce65816c95132c4b86b0611a487bab72b1acbd1cc3a3df005b833cc6f4070
y1_HG00735.2#57	67c84929dd8b765ce3482e4609470c00c439b9b508b0cb7fbd58b88de5df20d5
y1_HG00735.2#58	65f51b562e6b463a953d7481fd75354f5f33e5f87565845e76e7004d3696be65
y1_HG00735.2#59	50a2cebe34271f2988ebe6475a61639cb7f3900ddc15bebdb4cebc99b33cb42c
y1_HG00735.2#60	0d5801f153b8f9a7d2156eb196c6385df69c2f344f907fe102046560db537175
y1_HG00735.2#61	9b3038893e33b54a14c2f811b483788e9c5e77230c3b9e1198cf88ee7cd02ed1
y1_HG00735.2#62	fcac27c482925b4ff8080a863f3a1cf4700bedc47f3f33dfabfa3fbeaef6514c
y1_HG00735.2#63	cc2fdcf1389e055b00cfd7e644dade8d28e735d459b9b4b6bd8bf032f1e3012e
y1_HG00735.2#64	58bb119c35513a451d24dc20ef0e9031ec85b35bfc919d263e7e5d9868909cb5
y1_HG00735.2#65	674622b35d7c41b26dfc3e8504f233e471a1e7b9d649b24f747668371cd528e6
y1_HG00735.2#66	6374cc0349afd8a3548410bec3d98115d2866fdf591ed0147c2b14eff6683c18
y1_HG00735.2#67	68f0f1c3cc0f911a04b59cf2ef0c763eb2c9b7c3e7bbc6547b9b5873449a58db
y1_HG00735.2#68	a533140a3d6605eb1aa79312be96d3f26ab133b9f92911d738ebb90d49fd3287
y1_HG00735.2#69	89962f2d17476cee8e308871bb86a58c9c15ac37f7b0561e1017e6aa263f4b0d
y1_HG00735.2#70	a85fb9183c772f3b35b6d123370f968d96c708898cc00999c2b5dcc38a725163
y1_HG00735.2#71	fe8f2519efcf9de5945bd909b881787686403be7a9baf9edb5816cccb453735a
y1_HG00735.2#72	dae938887005a206f9a3764f6adb38cd5954e6ed9d7675c2eb2b78840429ad95
y1_HG00735.2#73	7ab9dd1511ccf6e7fcb29b8a7dc3b863485ce592be1584b83f1defcf1665d6f4
y1_HG00735.2#74	088d47a61f6be1c8ad5ed2c9a27893af346590088e71e77a041fc05c4572a8ca
y1_HG00735.2#75	53941eb39c3aa793ca49cabaf4b0718f8d33b0c0b4b6d29daa1f4462f2f9c612
y1_HG00735.2#76	e6d295796f7545956dc35a80ccdb5c6d637a1aee23f08944670b1e48090d6f52
y1_HG00735.2#77	b16b1f3854ae026c9a6d821d5098ac1c3be4c8ace7038059b068e68042c06e53
y1_HG00735.2#78	23e37ea5e67001847eb2a324644a06edcde5bc3372bf9a3e94c0d37552908a78
y1_HG00735.2#79	ec1a9fab491fa5a2f78f4903c1f50ae07fc3756baa0ee1d45a34ac570c2a4316
y1_HG00735.2#80	42e6fb79e4a40acb0850df3286d6ab6d136d9ca802064348546621f2d67318da
y1_HG00735.2#81	344c76c5ac4f05b3e8a9266458f480d46193b69bcd23f67f366123ecee4cf7e7
y1_HG00735.2#82	c5bbdedc26c2f8429f2da6cd296d38d541f7c4427700dc58aee61a230500791b
y1_HG00735.2#83	ef317fe822e0f6e2361ae2ae9818d7934c00739ba317dd8d5319a0996328a948
y1_HG00735.2#84	ec5cafb414982d13994c6e5fb86e54f00fbd021930c6c0c5d6f1c667e83c407e
y1_HG00735.2#85	43f341e4b87e1ab277a9e1b9c5c206e6d3b008407c8017c7feac95fad15d845b
y1_HG00735.2#86	9eadcba103f2d6f7e5db135770acba3448963692f3140469b96ad06bd1d648a3
y1_HG00735.2#87	0184480d0c2020ac9349366a2a6cee6d10ea1e5a260c3dc230edbbfa3f1bc8a2
y1_HG00735.2#88	822ef98607b94e4b479ba9e45376599fe356b1aa822d1ab16e6d0c479be7c466
y1_HG00735.2#89	4c573d7486ff3e432b9fcd07d5558134dfd4963eb541ea4ad688d42870548dfb
y1_HG00735.2#90	66edb3433d4adf69ea2f66c54f525208d89acf4cbaef683839deb68255fff9c8
y1_HG00735.2#91	8a256340f3be46ca339dba1cda76f587ea47baa8f984aa46308933c4184191fc
y1_HG00735.2#92	a902e7659c45242cf485f275679ba35189b317c426e8b3eaa87330ab61b39ff6
y1_HG00735.2#93	878878714ec81d62a0d2b47a83a6726359faad3cbaffbc02254f96a0a6aef1b0
y1_HG00735.2#94	0eb4a9106e0ca1bd4af0f0f222177bde4dd33db86ddc4e7b49f50cae04c09bba
y1_HG00735.2#95	c0fc4bffec7534cc8d06ee744ac5ad02c23fa30d85fa757255ea754d2f3b4933
y1_HG00735.2#96	d16faf66a9a08a9db55a57a197e56ade3eb3014485140fc7913b3ade9c24189b
y1_HG00735.2#97	bec3653e1b59686c0ce3397ae6bfe422dcd59b67856bbb76da3f4c52612f6be8
y1_HG00735.2#98	ab194a94849ab00dcddc996e16aa9f9746fa3260024bfeaa2a3c606b372cf4a8
y1_HG00735.2#99	c4c2a4fe23ee8988b0466008890c9d4e3a4b91c73d92ed1bb302571eb2b977b9
y1_HG00735.2#100	0e9a43c03d29d4ae3b2aef0c9ff68c2959781aa1c35b5f70c5c9e8e38367ee83
y1_HG00735.2#101	627bc07e3c3a832c0c6b53ad1774576b5f4e5fd33618f344454a02019e622da7
y1_HG00735.2#102	5d5a1457113594c03b948a35f48c7d9deff2fd8e75e7890a110ef91a47fc1aba
y1_HG00735.2#103	9d6d108d0ed2102d89ca866c44c654cc9d2f69e6e1248e9549fe55b2b195183d
y1_HG00735.2#104	3aa66ca261d6704db297032c1d91e59f4992f0ab4969cdb4618dd6f7065ec8b5
y1_HG00735.2#105	74b379d15c56bebb18a1108d3fb227ff90d25bfc927edfc5d77cdb706785fb28
y1_HG00735.2#106	5b57d9c590e74ad80154d1697a41462142ea4697899f2128565aa257e1412d2b
y1_HG00735.2#107	5da4d1ad52ed163a20af63661ccda736ef9f723c2d0f8352bbd8e2d9ef839ea3
y1_HG00735.2#108	647fbf1a40fb25273219404820b638f199edef5c9af1c837577c038267f563b8
y1_HG00735.2#109	02da654c6f16391a67ad6d6e8315ad8e7210294d357e04897351dbe122b4d900
y1_HG00735.2#110	81c7ce8aeb4275b486aae5cfa1904270957cc1e6da7b9c846163ade912421161
y1_HG00735.2#111	ff575c9d62cd097645d105b3428539348d9afe67ccd1489bc557547006f778e3
y1_HG00735.2#112	c99028465e4cff3ec6d0375a1e578800c3ddfc1519ffa196f88f4cfe1e9793bb
y1_HG00735.2#113	e72781937d7850851c472b0908ff9b794f600b0cdc5a4d7fdefcc95852807714
y1_HG00735.2#114	333f84c0aaea153b18a27f6f0f96dd368d071d3ff41bdc539e8fe0bad04fd4b2
y1_HG00735.2#115	cea8c60b168a55178ad3c11df9978871d97653f2ea81188c5fc833030f166d72
y1_HG00735.2#116	3b9533b2829e3b8d71bc8adfc3d684db424ce79610cc5fb467255e590c7832f5
y1_HG00735.2#117	9b0b073866d914fc7962b4eb3e4922605480b0fff5e5441944444f8c6a47587c
y1_HG00735.2#118	6190a74ffbd915d80296f953cc9cadb1bd0fec90e9c2ca652ebca11a7601eb35
y1_HG00735.2#119	68b202ea4fb8601406314a528e6cb68998088487dfabe2b492a2c3a75439d2f7
y1_HG00735.2#120	c20db05550617afb4ed22e08b3c5e4ca62e2f6e0df3169e4b87b7b2f3947cfc8
y1_HG00735.2#121	4124d6b83f418894ed906184a1348d85aa5c0b93c70a7991daa563c5c337e725
y1_HG00735.2#122	9779469589f956f434b70b578302dcbaa084a5eabb0124ccd61b0ae58c596e70
y1_HG00735.2#123	5a718ecd4fc324194882eecf6ce0dfcbd5cd281185cd55d2c1bc04a5f20e9efb
y1_HG00735.2#124	d19c5e35d6aad7fd0f8684404ca056018ea0f010741da2a7789898e33205877b
y1_HG00735.2#125	98fd92e11cf3cfe00368206ffcb0b3cfac62946ee8cae6a7a1b54cadcf03b027
y1_HG00735.2#126	d5ef0f0e059ae5fdbee9ef56db7748a14e3418111c0715c9be7fb0314ed3b253
y1_HG00735.2#127	145bc5df9b2dbcc3cbe07b1f11518896b448aca65ca4f84b95d80d731a28e102
y1_HG00735.2#128	67a6d633f607a8d93c0107b36e7b51fbd734fe9e6e7c18667c3cdebf87037471
y1_HG00735.2#129	dde54fff318e860e27b221690aa308629055ef08bda4f56d467092546da41950
y1_HG00735.2#130	2556ff2c9ef4e97ef3e51fe690e247522d3becb5b47cb8c96f2fdb131733dd5b
y1_HG00735.2#131	fc15a4771001a1cecb75ef6d5374a868ec1354ef749ad4b87ac6f4864437691f
y1_HG00735.2#132	6ff16e03e4f5e34f26a78e26c8f00dede0390219da3ce7c01ea29f447e6f765d
y1_HG00735.2#133	e9b9648abc502fcad8ee92939c96bec5c1a9f6f12aea93888a28d164bd2777ad
y1_HG00735.2#134	6be2cc80d4486d62c1e61fd9517a1002870e002d23adb6592444907f319a4bcc
y1_HG00735.2#135	c58464a27abe761ede0804d5ffc1ed56bf8a7ad433ef58dac2e49c9a29a9f965
y1_HG00735.2#136	9b5ba85505d56d1b16a1855ae5b2588b502dfdb5c49abec102e9e3eb2d7a7e75
y1_HG00735.2#137	a8b804e13fecc420e11d601ac82c8def69e5b3f6dee45546f53ce8d87ccf39f9
y1_HG00735.2#138	0cf6744a37e04862d9037f559e3390c2dea6038841b5d03eeb19e10c4252e899
y1_HG00735.2#139	9779469589f956f434b70b578302dcbaa084a5eabb0124ccd61b0ae58c596e70
y1_HG00735.2#140	eb41c9ab4ad2234607295fca4fcb02555dcb5b29ec78e45dca1e2aae68fb9242
y1_HG00735.2#141	a17e5d409065806fdf245484275efecf2b8b36c8135c6ad04f630f3beaf28d93
y1_HG00735.2#142	b982de15b9caf32a74b60bdbdbbfcaae4fd87e76d5d367fd4b0413d95c34805b
y1_HG00735.2#143	6479311f8f1088538817c6c007978137095cb38c61bddddd790d20af91ae8ebc
y1_HG00735.2#144	597e3ec4d6593593cf5273c914fae7c75cf5037e4ce86f85c357cb30ce7b72c8
y1_HG00735.2#145	5f5f52a4bf1f3116b336de9f692a13a40a91713bb26937069a2be0e54758cb9b
y1_HG00735.2#146	a14c99ffa83dedb549edea253ecf70b1b9a42a1a1d5dee5107577010da3c64da
y1_HG00735.2#147	cb82ac66ff01a273db8c8e54b8f2f1311ef8882ebbd9d416a9a9803c0764ec16
y1_HG00735.2#148	d0a8babb41a47686a78551b431081f4f5b5b9e2edd6e2ec6507c2ab994c51ba7
y1_HG00735.2#149	40726370ae91fa3514fc33429edb86f248f95fbfc39b3036e94f8fae37f90bd8
y1_HG00735.2#150	ad6bf24b7eca311dc6774c1f8b2fd43a9c75261446b824de7ebf52865ecaf637
y1_HG00735.2#151	f2b143444faf57e6daedc94b657aa66bc27315fddeeee0d1955d83ce5a09638d
y1_HG00735.2#152	ff918e8acd7fd248d342c46b156317ee155b96fddd0ce35c2bcd84acde0b3cad
y1_HG00735.2#153	e5b4f0e91fa0d701aaf2d716a999785c04f17d0ca30d0508b98c309fa09bf475
y1_HG00735.2#154	0bf0ac9d0a7d44d7cc60e5fa66371e9d1fdf76cd36863dc9be80cce55a42168c
y1_HG00735.2#155	1371b1785613300fc3ee140bb4942c0383f5f83f72c62ce7a8c90948082a991e
y1_HG00735.2#156	a4a45885fb123766a190e73641d97a710e930b4c03019f9f64ea46d85cb92b61
y1_HG00735.2#157	e4f808efe75f09efa082b5bee5887b3286979fcb344a1d41895a76464dbe624d
y1_HG00735.2#158	472e73d796e20aa8ff9059e6316f218e0322548f661ec4dc267507ed66317404
y1_HG00735.2#159	166463b60fd4a9fddba4f726968f20bef99f71a32540c24080d8755afeeff45c
y1_HG00735.2#160	58bb119c35513a451d24dc20ef0e9031ec85b35bfc919d263e7e5d9868909cb5
y1_HG00735.2#161	6ae2d889ab3392080065696db81fc3b00f4c5b3c991bc271d8667ca8fdab9d98
y1_HG00735.2#162	1e8669fa14e8f6e7d2f7a5dabd77243b52d66d28c654ff1a6e12dfbe16680714
y1_HG00735.2#163	654ee4a566fa4b7397b83e4f4651250b2bab731485d367d21beae0f68c86163d
y1_HG00735.2#164	46752c7809ec84384b8fbbb50a799475b86dd8f2c970268aa77a3950fea05d2b
y1_HG00735.2#165	67a4e5e6c588c6b84fd20c37202eec67f97bfb0c4413537ae6b89f39b32030ab
y1_HG00735.2#166	655caf7addefeefb468ac49d82e7e8ae2c3c03346a8497cf32be3dcd7adf1b05
y1_HG00735.2#167	a917911a782c0a80fd7739d7adf99f607f6945885ad81c805644a947a7a1c1c5
y1_HG00735.2#168	cf488b1614cbfd69913e6752d01845e5dbb65de4b209e0bf6965f3b7f30adf12
y1_HG00735.2#169	bee30e5b6d59c1bdf10100ef331706553fd3c4e6b0a342a092c6f6f733b8be36
y1_HG00735.2#170	67bde5f657b6cacce6ac05e2dfc60f29d81d9be673419762671c076a318f5643
y1_HG00735.2#171	1c23cf18d2714dee86aedb1b736279d1677300319735e92c65ffa409819d8aa4
y1_HG00735.2#172	9fa4a6aaa7e3b928fa66095ba694f749a4aa21662cccdafd4b12137fd344bb2a
y1_HG00735.2#173	ec62c3664a4c61961ee52d653e86691b8b096dd65d309e8a23a3b2f89aec4325
y1_HG00735.2#174	c0530dcf4a112dfda3c744be256f855f7ca43f807cafb89b79251c14b75c53ae
y1_HG00735.2#175	3f3ad73df01d0d8b75d2897520e33327d4db586d0724459e97d93828b3e3b27a
y1_HG00735.2#176	13844d42d5ba1034c541bd4f6a3e37c10376b6275d06d22f304bc51a9514a6ef
y1_HG00735.2#177	6361755c503bc3fc917705327890635aa654452e84269d75c0d922e63546c12d
y1_HG00735.2#178	4369467a4a907e45112b041278a1815918127ed1d9884c33538005cc711edae0
y1_HG00735.2#179	c3fdf323ef684a7e92d31a8046545051f51a1b86fefccfbb3d3fd064709b324c
y1_HG00735.2#180	0fbc26485e232f572b1a21f1c9e05f832c54fbba1ef95a67cbbb0102d1774cbe
y1_HG00735.2#181	e48529261359df8c411ee549e9512ca966036b7a3d63147bbe7cbc57ec474f2a
y1_HG00735.2#182	a02ac7d8c15cbe131d13023d91b32ff07b137953e51bed351550cd6bc979bf23
y1_HG00735.2#183	2b3eb45e2e4e893208fd75e1d54fd8df90ac1de7c13adf8cd5d57e60c4bc3b0e
y1_HG00735.2#184	088279d2d33fb4c28b644953fb99517129c25f9c2601033b9a8fc403cffcf9d8
y1_HG00735.2#185	ff31f866c1c53655a09010d8d547decc043dc1089a775030482adf3b92aafc93
y1_HG00735.2#186	6901ed802cc73f15836e3922f06785cfb97b83322649e628a2ca1b470e20e98b
y1_HG00735.2#187	eba919b8c67568f52bfb54870eda95e725943c96db71e0b1fa95b327d0871e1a
y1_HG00735.2#188	d5ef0f0e059ae5fdbee9ef56db7748a14e3418111c0715c9be7fb0314ed3b253
y1_HG00735.2#189	95dc226b2a5d889dfbb19f3df45e661f9e47cfe10cc34389ad12a2ef7a352c61
y1_HG00735.2#190	53a7bca35964a6b877e50dca2c8cdea5dbeab1fc09a7a63fd57ffe022f537f9d
y1_HG00735.2#191	8c55ff95a660f37cb05e644e7691e6c66593f453cb2cbaa4d64aa59b40ae8032
y1_HG00735.2#192	6bf150c3c06749f7ecccdd3efd74731209d2f3a7a59b81e544650950e5476af5
y1_HG00735.2#193	49e8c040628bb23c4b3fd1d356517652d35fd4a92676b147e74ed2a33218a851
y1_HG00735.2#194	83f3a50c49baf2f440326d73b904589c99db88acbdf6acecd485ceb2d0dc362a
y1_HG00735.2#195	b87e8b33b846549d563b13e6f4fd8c930d5caf16d795e3de12908189b781b2ea
y1_HG00735.2#196	034fc48ba584fc2a8b0b40c727e4ce36b79845d7ed910c63abfb2c22e630382c
y1_HG00735.2#197	f3649229aade3400c0a00d08845ef252caf76342ad3601917019bf1cf79c204b
y1_HG00735.2#198	8dd5836211a3a477f3408baa1ecc507baf70d9762a6f79f4cb0f5ab07ac6b2ff
y1_HG00735.2#199	9501f7c22de47e172a082de8d6511fcd45fbb2c408a0f20fe2889b6e52e5f135
y1_HG00735.2#200	830ca0f53e4d05aed4f53bf22ba9a07bc2f655cc355ab631751c35d467b6bbbc
y1_HG00735.2#201	ca8da8bcbe0ad5781e6d6c14b8bab850d78aeb4d2bfdf2ba4234af4c830ca92d
y1_HG00735.2#202	58bb119c35513a451d24dc20ef0e9031ec85b35bfc919d263e7e5d9868909cb5
y1_HG00735.2#203	c4df489d40879aeff91531db347ef377965a11c25abfc1ffb299e6c8dd281b66
y1_HG00735.2#204	2e410481da103bf3d047ead1ccb773be55c59cb096ed5005f56cdbaa764d9dc7
y1_HG00735.2#205	39fe46ba48d46e8860e56b55a70a79ccef068c3e14de7b69e656cca5609262ba
y1_HG00735.2#206	0613bd753644d459eb1e64e2cf77677bfa03234644487f412ae93e3baf694fa5
y1_HG00735.2#207	df9588a040c5aa07a35aff085a33707ab3dfb14e77bf4fbc7fefbba7d86bfb1b
y1_HG00735.2#208	45c017e845332b7837a4e8e0f21182121d95255258c57fe558764131304dbd0a
y1_HG00735.2#209	f08bb5497362ef11ee7d9a99725938aad92d7e37860224aec4716ec075aaf84d
y1_HG00735.2#210	1b186e436f012a5173e2653e4a2b24319e31d0848dd6c8a4794d370231502644
y1_HG00735.2#211	58bb119c35513a451d24dc20ef0e9031ec85b35bfc919d263e7e5d9868909cb5
y1_HG00735.2#212	a2895525e29977396ce06d3955bddba66551cb6fcb2c9aa3fd1173645968dde4
y1_HG00735.2#213	ba464bd29d8e092a7995e35e8ae54f6b5af1ea1773a1a92f42bb2a9ce9e033d1
y1_HG00735.2#214	eb5442705969dc8da5dfac8f9658dc68acdab5bb7635ba7cc551e389416ac34e
y1_HG00735.2#215	a4354b1e8aac487a3e1d1433eea29a5e0ebba6369645898b0e67a110998dce2e
y1_HG00735.2#216	c9e34f159f5c507b3e95175455921c6a2addc13a9d60865347662e04c68e0b14
y1_HG00735.2#217	a9be21862301d4aafd977503a3d2ec6ee312940403fce7d2f64cb096c423618c
y1_HG00735.2#218	84e5f308b08ca79734be1038c358eb4897080e2b68bb0b0dadb79863c8ed9dc1
y1_HG00735.2#219	06dfc4f38f3721895e6a710c4b7ace2f29aae5cb0dc63c6fa9fb490a5e9b9709
y1_HG00735.2#220	64dcfb05794129e0db8ea2698ffad9ae7000f8ea339fedc017de9b7fe2f2679f
y1_HG00735.2#221	7f6ad9d393fcb610941aa2c4b28a1a29e3c390fd870000110b03e8ae863a0819
y1_HG00735.2#222	da0662cb5b650dedd209fd292854674abd8c3632cddf93d2dd2a4c5498132171
y1_HG00735.2#223	392837cf3b40e0f95c8ebe322f8596526ff985cd43480ab9d60443ff74aeb5a0
y1_HG00735.2#224	47d3369484713132249f857220fc1556b98aeb2766a30af8057d26fd74e2e1fc
y1_HG00735.2#225	5dc65b4e4b529add3e6eb990a2f260b07299a9db2cf6af4a5c200577f643058e
y1_HG00735.2#226	0a8281951fe0fca971293c852b49a58e96567914449ecb254572fb1fce000ac1
y1_HG00735.2#227	f83ef58e4de73de6d79f0a02d59eb703a10d6fe376109b1717f54d7db66b53f3
y1_HG00735.2#228	a18994c236903de0b76407d45f06ff7f035b62d874219d86d1ddd7d0555e3934
y1_HG00735.2#229	ed933c61d4aa0b34af4a34db3771ed212a0c02302266cb6cb1405e6600ba2ced
y1_HG00735.2#230	39a5cc9f9ae4478a6bca175bccb06690035bb2f7e8506faa825013a79dc1ed28
y1_HG00735.2#231	a3a6c4f4db588243fd2f14272f9da56419b40475d92c8362d26a8a04cd5ff578
y1_HG00735.2#232	43605ee8c9e2ee88f46c27cb4663ef9431a787fbdbcf7b8d42ab4b036e7becf9
y1_HG00735.2#233	daef8990f512b57e3805c75cf70a09904be27a79872bc0bee9d77bcc8823e617
y1_HG00735.2#234	c2ba09d1b4e7908a1d6e397a2afd18d351943758ccbadd8859d349750c3e183a
y1_HG00735.2#235	451200aa42eb7538597cb90a8cf451b338f4a0945a73e2d15e9ccdc502aecbdf
y1_HG00735.2#236	bd60cf06f1c5a867dd1be8fbdb8ab1f108c2f5648fe676407ad1f07262ac3db8
y1_HG00735.2#237	bd52659392a96153bb27e12f24f5f8da18a5bfcba5a3209a031301cda573da42
y1_HG00735.2#238	190379ad0d2b9253d2e07de2089090b6e2b153602a2cc9963e6367675cd7c85a
y1_HG00735.2#239	0925a7da953dc354d9eef9ad2575cd977b8ed40bdd10a4646397de782737081c
y1_HG00735.2#240	aeec731e0672adea5023d4ef39f3562a32fd9f26b1c1e477a00fe2c682eb4c03
y1_HG00735.2#241	b895746885961f6cbc36604d5297caa042043806663b5e822db1348cafac4ee3
y1_HG00735.2#242	49a6461790b476b688eb8547faebac37d00fd61246b74d49bdf349448bf85295
y1_HG00735.2#243	899c25d876a6cdf199205c2a6bcf5f324d8bef519b547d66d7018ec14acb5cda
y1_HG00735.2#244	daafa3090c608591a46a7fae2aaf976a7388c8c40c94cf36953bdf8d08468964
y1_HG00735.2#245	7f066eb4f67822136245ebd0c7387584362f356c4a525e498e54273faca5a0b2
y1_HG00735.2#246	b153e7998bc287597b56ce167b34f00721bd9dfa4899869cef6e0a5bcd640068
y1_HG00735.2#247	aa70e763e0eceecb3f1033c9cc44e05681d741afc05d0479269fe859d523021d
y1_HG00735.2#248	ab126cb2c01c77a712419ae10c6f0f49f3effb89eb5d8c6221568f6f5372b3b4
y1_HG00735.2#249	034fc48ba584fc2a8b0b40c727e4ce36b79845d7ed910c63abfb2c22e630382c
y1_HG00735.2#250	1b4a0bc76cfa043c0a302306a41088c65488e168fa458647f8f663cb609458b2
y1_HG00735.2#251	ad9d5e49639b675f1b42ff418c3907c6ddde79d7efa087a0622509023b46c634
y1_HG00735.2#252	0156a12c273491124f5a929399679406974bfa93a7b4ca8de33b4241aab15403
y1_HG00735.2#253	17f7f7c66c153bc349493a816ecade40013a8822882b299649d068b557208193
y1_HG00735.2#254	8f96f71884362fc687cd25dda42b726c9054281c290f314c29e821a8076f8d59
y1_HG00735.2#255	4ff0a35e0f39fa94b6972e0a7f9669befb3ca604abb754adf9daf56115b6fd4d
y1_HG00735.2#256	02174bbfc7e1271d04cc4b81daf1b523e44baf176ba2bf6024b197161501bc82
y1_HG00735.2#257	fa42af3956445cc00e13196456f69865edc2f7ffd29098808cf43850779a668e
y1_HG00735.2#258	ced43445c34e3fb63edb496fabac4a85130df581848f06c81b39b619924819b0
y1_HG00735.2#259	686c0ce8a23d4132a6119ac4f1e069df670a98d13ca6cf2c049b6fef6cbfd948
y1_HG00735.2#260	767bb8cec05fea5217db81d3a4fbf54f0b0650d790a93824be32fdf5ee73d7fa
y1_HG00735.2#261	9ebf04f4beedbc845114b687c0487e3d169082f1ce9eb276ae1aa2743e1c86fc
y1_HG00735.2#262	e42b052797ceaa08b1ce153de6196d8fd07494bc61d5b399d430d331b3ee03b3
y1_HG00735.2#263	0fbc26485e232f572b1a21f1c9e05f832c54fbba1ef95a67cbbb0102d1774cbe
y1_HG00735.2#264	29fe6c7202b80b9a16bf30e3f389c01a7d6114afcf530f11f7431eebcf1dbd4d
y1_HG00735.2#265	472e73d796e20aa8ff9059e6316f218e0322548f661ec4dc267507ed66317404
y1_HG00735.2#266	1e721d74ed0e0944dd72f56530c2bf29c0c1c4c2db2b62d87345d35b5d920ff4
y1_HG00735.2#267	839e33cb785b987b5022d5def2c7fa3e8b28d520b9174d9af4fcc45e0140f866
y1_HG00735.2#268	99e922ae6cd2d1fceddbda9cb5d44e0e90e53365426cd52bdb05aec773c70602
y1_HG00735.2#269	8eab4f3808b0a99d29b6454c4fce83ee7cc5099c1c044e8e667a034dfe57f4a8
y1_HG00735.2#270	efb7051e554df86a184fc9f2807e5367a76433ebdb1cccd72cda9aeb8c72673e
y1_HG00735.2#271	d4a9229ebbdd8faa33a1656d03b15ab814b3090edf65ec3148250b55c5af808c
y1_HG00735.2#272	013eeda43df4e15a7d27001372bf42c871d77dacfdcfc1cd5baba45cae088abc
y1_HG00735.2#273	baa730ef00836c03c66e01eb7e7e0713653ed3b9f032321eb69d800b7b34e788
y1_HG00735.2#274	05e367f91ee3064181a33528d29d53664a5934565f044e828593f50184efefcf
y1_HG00735.2#275	1c5aa8d16ff45d0d0f33780d92a9218b9c052d0c04a293c73401a0a8fec4856d
y1_HG00735.2#276	43d50d52ccae1d379b5e800b9e3cd4a83a59e896102d84645c196d7f8cebeffc
y1_HG00735.2#277	bff03464642f909477b8cf7175a9f835edc40219583bc696adde1dd01f36a639
y1_HG00735.2#278	085d08b0bbaa3947631fd614eb5fbb4025fd8eed9783e6364f8f9eab39192bcf
y1_HG00735.2#279	2c09fcbd122e539d1487c328e8fa64dfa7a5d0c6a329218ae6350e59c857dd2a
y1_HG00735.2#280	90e81c5968bcd78a068a59b984ebf6edf7c6040528ecadd621406e2a77bcf554
y1_HG00735.2#281	b9b851e31f89b14f263bd8e5ce1da831c0478fab0e0ea331ed06a85e7c71a7b1
y1_HG00735.2#282	6d4959c107f93a6470b71ae7820f2e93a02e54ba1345141a78a564ab132d08cb
y1_HG00735.2#283	0190b75aace4d071787731dd6642124892c6bbf4b5e2dbf15acf2ef9db9f5a63
y1_HG00735.2#284	44c4f86525edc666618a63a8c8dc3fa8303d13be94fd07b4d50fcb846bb68a8c
y1_HG00735.2#285	f97f481e4b5d676ad07fcecc0f06d77edceabc8d71555e1aef573a5424da1b37
y1_HG00735.2#286	155d691252547613184efd47ba7afab660acc49e37eca8254e81e5a1c50cb6ec
y1_HG00735.2#287	8975b723cb9ee74d947825ebd797ee1993337807a066c4d186d10136a5fcfde0
y1_HG00735.2#288	194906343fc319abe5d22311cd8e84b035259cc3d22046488f82eb0f5deb9820
y1_HG00735.2#289	babdf167cd6d381c2c7cefbbbf9c86baeb4310c2fdaacae7024ac6b54e303f24
y1_HG00735.2#290	0319410d36d60608241195a9392679c585bbd3c29dd38c090169ba461ffbae9e
y1_HG00735.2#291	e2a095a5fedb2389037ea09077a2c6128fbbf63062da0a6e11038e3682e5b3d9
y1_HG00735.2#292	c56f1d42e3321158897043c24a2680d3f91a0d248df9c1b75ba2ea6ea8244693
y1_HG00735.2#293	a1ce8525279fedd4b4ee4bff51723735f74fcc689dc780ec8c491467d289d940
y1_HG00735.2#294	47456b24139af6dfdff99997ffa92427331c96594e3cba892d516810aa9864c8
y1_HG00735.2#295	4b199143f97f1b985084e21dbfe7774dfaf5a6ec4f63b3ead3fdc74b109c5a47
y1_HG00735.2#296	3fe0437a3cac3351631dd5e2fd7f14af910455adff4d0282fc7e90d568bb0b73
y1_HG00735.2#297	bf9b3c1173cd33754b07397ea9677cb7ad77f055cb63763bc3d8aaceba7eb606
y1_HG00735.2#298	0cd8b66a10dc4327c547b6476a842a4adc4931fd683fb38bae033d3f783237dd
y1_HG00735.2#299	e32470d3d850ec62c41f54f905bea8f3aea0a5be903c8af7f140d4e5c283530d
y1_HG00735.2#300	4e68e10f91793f4313ca88e29fce5334eb0d2f30057e8902f3471e1e431f40d7
y1_HG00735.2#301	55721abf6b88c53d0f020879b86dcd1fccf0d58b7a77a6289bf9e6deb870489a
y1_HG00735.2#302	58189bd28a3dc86ce2b2899fd6c032db99f9cb980bb0e4ee75827df56c800757
y1_HG00735.2#303	1182a28cccc1df80d491960d00747463bb785e9148b982afdea085cb9f87c1fd
y1_HG00735.2#304	44389be106d84412ee7b379a90fc963c2e92a8f08f28a7a7e706510cfcdf11d3
y1_HG00735.2#305	9df176045d443669f3c0713a845720d4fe78b37c19f110f1a9b273e84b50be5c
y1_HG00735.2#306	faf8d11df663f2a83e05c36d1f299bdc996d971abcf770546c41b3e54eedfdbb
y1_HG00735.2#307	e317506c0c8e686e275531bd2db551b90f01a697a850a683dacbd5d905a91dda
y1_HG00735.2#308	bdf692446f989942d1b6926d21ffce1efbc9c5a991841b378762f8555d7a0d0f
y1_HG00735.2#309	f65122972838e3b4111621ed0cd97d9c3962f4eb2c54f0a3c50f0229c37ec47c
y1_HG00735.2#310	140aa8c303e376e8fd30d3e8384277ad580d893941bda26c29c808f077f6283c
y1_HG00735.2#311	42f816951ced0849232d275415fd627f50d4282f075f235e7a3b65f191b21262
y1_HG00735.2#312	0541327ef087ec193ca23fef2c624aec49a37fae60e2604652b344391ac570be
y1_HG00735.2#313	b680bd236a1bbd254db366c44448027b57ac3bf33ff386acb38060b4883b0337
y1_HG00735.2#314	3201c478acce7a941f3dba6edb513168da2df5723ad7cabffca995be3b5473c4
y1_HG00735.2#315	10df24baba0f8858d10b6fc3f1c8fc64bb1402026411b9fcbf5ddbc75442db7c
y1_HG00735.2#316	7b172cf1ca3270fa2de6c43b4df2f88c2cecd64888e91c9d429d72f86feae5dc
y1_HG00735.2#317	f2f001f4f9e0c50efe9040c00fc54b6777c0f316f94eed6f5d59ed826171f94c
y1_HG00735.2#318	4c77078c6265a748a3e1c9ad08035c359b19c33c3acaaab7cbd080c0c2928ea2
y1_HG00735.2#319	055f183982e7d9242dfbc702d2c426e6019b95294f2acb8c5bb2f57fd89e93dc
y1_HG00735.2#320	bee30e5b6d59c1bdf10100ef331706553fd3c4e6b0a342a092c6f6f733b8be36
y1_HG00735.2#321	e96593a1c0764d6b56f1ec3bc5ccee6f3ce90b58f3db80d5ac01692f9e538331
y1_HG00735.2#322	38a0b4cc11403a52f3d9e7100f569c4d4ade4b987a841862fe6872cb7f21b855
y1_HG00735.2#323	9c228e512e709a2688692bbdedf95112c6b0811385f392a0f7e17c0c9cb4551a
y1_HG00735.2#324	4ab238b19c43b8728562c83d66a9d4254e48a3c544b9a1e9b43361f00466640f
y1_HG00735.2#325	c32d560414eab0d5fa163356b206b7bb2c19ee856acda31504739f333a07da27
y1_HG00735.2#326	b9d436e9502e8d8eacf53801e6c2c873c6d3803ed6a8487baa0621c7b473bf97
y1_HG00735.2#327	d4383b92e1cff2b4b5002a078eaf109decb14899e6025a4deeeec4304b8977f0
y1_HG00735.2#328	35eed77e0ee1348464d4fa7b22bb699343fe20720073a91d9ddc59a49c0b8b36
y1_HG00735.2#329	8070ac607ac8beef541ecdb85a63dcff30edd2861fa6410c79b8274d69755786
y1_HG00735.2#330	3be098951ccefd0335044bbc8dac974c0223c67736bbdaef0a5bd921f64e6c21
y1_HG00735.2#331	9e264c6058a13711ccf3f31d21368107eb119b0991eea3cccbf58296397b6acb
y1_HG00735.2#332	1dd402ba252fc46a6751157e640e486134cab4cb57633f88269ab0b3cffce18d
y1_HG00735.2#333	d696aaeb769f9b6bf92b2de6848a6a0c578055defabd2affe12b2dcb7e1fb205
y1_HG00735.2#334	2d68e5d3e9a9e03fd60977e8136b25bca6849b05d77a4296fed9315f386ad6a6
y1_HG00735.2#335	9779469589f956f434b70b578302dcbaa084a5eabb0124ccd61b0ae58c596e70
y1_HG00735.2#336	3fa23035920501dc2a9d94ab72582b5247afa6a0bee6b54f473469042d000b8f
y1_HG00735.2#337	f80a0bb833409ea82edecdbf090da1ff5dcfefe8065274cfeda04ea5ca49804e
y1_HG00735.2#338	f707964ed71b1df9cebbaa08d3b8179bc4a5438899a06c379e805c53f35daad1
y1_HG00735.2#339	12cea14f5bae24810d52352b7b16a5cb4cf4966e3fa39d5d9bba6bf4e04a0bc9
y1_HG00735.2#340	c3cfa7275dcc0f427b0d1fb466700c05ce3fb03100ae4ea257537f5cccc25aca
y1_HG00735.2#341	c0e1c9e9cb8d01ef4b612478439bfff10ba2944e84ca84e12eaecf83aadca44a
y1_HG00735.2#342	4b650e5c4785025dee7bd65e3c5c527356717d7a1c0bfef5b4ada8ca1e9cbe17
y1_HG00735.2#343	87fc9d0f05b6f329d8e5f599f66489ecbf3bc6fbcda9f5bf5fda461c7c68c8c0
y1_HG00735.2#344	5406a084be5a0c875304b14fa18bfd937f28800682b4da5fd7677bfc8beac1a7
y1_HG00735.2#345	25e7d6c3e6fc3b6e9b24f2e0fdea0e76ee635df13057ea56aba63205588c7104
y1_HG00735.2#346	bee30e5b6d59c1bdf10100ef331706553fd3c4e6b0a342a092c6f6f733b8be36
y1_HG00735.2#347	65ec2f2b133b89b10cf1a871780a75e16c48714625aa125b8d9fc966b5f54ff2
y1_HG00735.2#348	ad2b1355f8354e6fc7f03877efeb235909d8ae4f61a82467d5dd66a93ace4681
y1_HG00735.2#349	962fb818e24586109ce88a52023189716d3bdb70627e0ba380e6bf4e41a0bace
y1_HG00735.2#350	bffd0feacd5f29e8177fd0bcb5fe3187c5adf14f375fdc92dc33847e037be79e
y1_HG00735.2#351	a7ac8673954c4984d5c39b6f488f53f93e201d427209012f7dc00ad0b0fa530c
y1_HG00735.2#352	cbd5589eae00077364a22d18a32efdc2191035791bc5cc9c9b8586cbc8be7b32
y1_HG00735.2#353	5d0f4941043d493cd9b37855278d51962586057e3a3e87b72bc981a6a0d679aa
y1_HG00735.2#354	c4c525bbae0df3f839b09c35fefcdf9390accc2233a09627b7bbe2f884455bfe
y1_HG00735.2#355	2c404dd844bce5ae25932c4f6111abaf8e16eefe8947b3f016a68f3be740f856
y1_HG00735.2#356	e98478ce06ba8e98c5200ff61bdc6b38ec904657d751da9d9e45f72dd5c8fcdd
y1_HG00735.2#357	0b507cfa5e0a4d5ee64aac2b46d812580b643721292806cb6f20db66424da9bc
y1_HG00735.2#358	eb5442705969dc8da5dfac8f9658dc68acdab5bb7635ba7cc551e389416ac34e
y1_HG00735.2#359	746d031f427c3fa3d47878a498bc67927792338fc9d4edf5130a41a8da19b593
y1_HG00735.2#360	b85dec21996189b449d31caed87e2f99fdc4a9a36ee706482379b25636d8759f
y1_HG00735.2#361	800487e7bba62e3b3a472270b40fd4bb7ec25f481fe0a4622227990f145ac232
y1_HG00735.2#362	52a768535bdc02ebf88c625aa0d3055168fb7d64caf2f522cd779b686cd73ad4
y1_HG00735.2#363	5039c0d7fcdc87b265ea351de447a6fc28ae530ec6408551cc8226b41b9bd685
y1_HG00735.2#364	fcc753c841c10c672df30a62dd56b945bef669ee458ffd9c44be39f7a3c4a2bf
y1_HG00735.2#365	a89f7409777196d6179f80d63ab7a0d884997fdedb0866cb087c16d82afd39d2
y1_HG00735.2#366	abd393708accad39d69e2ea30928001283a3811be29e2e2a5b9b577b6d81f1a1
y1_HG00735.2#367	48198134bf59f5fc6041e0102c1fbf0d279d63ec1babb6152c76758e3bb53d1c
y1_HG00735.2#368	1ecf37c69d8147a707e094cefc21d5bd574e3cd4871a7851f5c16311bcf4a5cb
y1_HG00735.2#369	dfcd40f7fe2869ab2f74b4839a3e4897c7aad8121c0eb8f6341a1ddf9c69670b
y1_HG00735.2#370	f16ab67da18fda5383a99afb38b24ed106bfd211fe66d8f45339b579fc34f753
y1_HG00735.2#371	f1e91fd188e60089cf7df57ab9579d54233f147a2e5e4031033a920152b2685e
y1_HG00735.2#372	935ca244a49e1cc4a07a18901ea96f20087d078b1eb30fb3296d01021076e93f
y1_HG00735.2#373	15cbe5f066da796145940479d571424695e3077a1de270cb04972942d5b16260
y1_HG00735.2#374	ea1e852b39de6eafdf6b0d86c7bb9e1d2425a02287a3a362b4a2f205ee118495
y1_HG00735.2#375	bd11fcb30f2736051f0649c492b1e5e3fa409d618e115c26aa55b778ad95bbc4
y1_HG00735.2#376	5ae95262dcb7e39b49ce08a03489baecda35d4266b0342df54dcf69bb187c530
y1_HG00735.2#377	a2ba295ee0fca55e430e4faf76d6e2d1c46ecb95311501928e8c5ddd3e1deccc
y1_HG00735.2#378	2d75626f28c7a14c2b03223ad614300504434bab0a64473f82a8f1398386e9d9
y1_HG00735.2#379	87f5cf262b4ee65b3d2a417111e1cd8eb04229447c86a39abe5bda99f6c083f6
y1_HG00735.2#380	0bb92b9005010c282c7c05607af4d4de7d51b6e6eda6b4e757be94b4450b5a4b
y1_HG00735.2#381	fe9f362eeb3334c0e53c12a6335e32a1b5774347ccabea5ce4fae56d2d4011e9
y1_HG00735.2#382	44fbeb033f3caa969979d0d5c262d1219fee4f9b38fe03d84433601e7ccff8e5
y1_HG00735.2#383	5e2fdf1faf76737d473d19d453f02a2a6f7cd7d0fc60bd54c974f5abc10e0383
y1_HG00735.2#384	586889326bf3a8d3f6888ed18dd2b545dcbba898f1859c838d4cfafa1d7f05e7
y1_HG00735.2#385	fc7281fa500a31edb762551ebcae8ea6ed6ee7d2835cf34826df563a27e215f5
y1_HG00735.2#386	0fbc26485e232f572b1a21f1c9e05f832c54fbba1ef95a67cbbb0102d1774cbe
y1_HG00735.2#387	cc1777f6e5a4b21fcd37836c8e204e6edca461eda142e5c6647350d839f169b6
y1_HG00735.2#388	214eb457f6fe187f5345bb8e7222b84bc938bf3247c5486cb511f47cdc1bd6ca
y1_HG00735.2#389	86d9e85fecc75467ab2e4f500500cb830b2c2ddb08de723452c98fc8fd940482
y1_HG00735.2#390	e70ccaf8cef8519e8912b57ed1409b3517e5f9d3d4c67ca47208da2025c2f5dd
y1_HG00735.2#391	c26bd58bfe9567aa9ff710903435fcd9b5af411877afa2d6f028c8ba2005c417
y1_HG00735.2#392	3fa8775350c87522ba68035cd592e4be5df0681a565c53bbae82b59f504f98d5
y1_HG00735.2#393	0e4e0d8d22dfe6749723eaa0a9102db47e44e412b0fa7b2f5816b01c84bb1509
y1_HG00735.2#394	3584843d54ea21f534e7e5b48812686fa2f17f197aaf3953d33256fc78e541d5
y1_HG00735.2#395	2c4a32500be282f00dba071ddc98785a0136d895a616be2f3e91d80b41c69067
y1_HG00735.2#396	373752efd6cc741824fefdd963d2501fba1a5d0b135b01ee359a0da32d3bd4a0
y1_HG00735.2#397	d8657f53c97dfd17813be57a6eb55f9226f223ea8c9b7b7f723c812c0e0a24e4
y1_HG00735.2#398	a2666f5afde7c6dcb75bc2d0bea673013cb7ab3ccf2e909aac841bb5ca6a5c93
y1_HG00735.2#399	ea3584076b2a9fae1f6d7235132cdbdf4f6687617aa0ab63bbe30b6db3b78e05
y1_HG00735.2#400	df1c4baeb2992470dda655842d0f14d07a2b742d9fcc55714c04da7b0336c2a8
y1_HG00735.2#401	538231cfcae2238ecc567663dd2fbe533f17e68107b04e34ffab1a7260db88e9
y1_HG00735.2#402	8b9eeb921f06009f9280bcbe4330a2136260865a96f66b4aadae38237418aa9d
y1_HG00735.2#403	b62e5a2262763927bcaac8a81b0f80f3656baf26ab65d66303d58d4f6494f83c
y1_HG00735.2#404	35146b6b1311faa1dd76af2b1aef7ae611bb972070b47a6a9ee7dfe07342db7a
y1_HG00735.2#405	297a24c2607165c2b7c27ff47300a64437cc0020d3e622a83ff7b2bc239d3909
y1_HG00735.2#406	6339799a9024f35ada95e09fa062595f1c7e73f035cb61c4ce1357154bcba66b
y1_HG00735.2#407	7a0cfdb1ae0620e044c784453782369a9aff3d3eff28c20fcf8d2871b6fc5865
y1_HG00735.2#408	232372db460b2a3528f8abe00763e506f9e36c0783683ce9de03eb4355a75fc2
y1_HG00735.2#409	a0b1d69b052da433c7deb8d3c6ab1929868831ad874e94ff62d3fc0e3894422c
y1_HG00735.2#410	57cc5ab5041f0df68cfcc57f867eab7d1e6c0fa7c70f8c05acdd7a6a39465c2f
y1_HG00735.2#411	b46b23615a7a6be054d52bc43cdb5092c5d8a3c84171600ca8f7c0100619dd30
y1_HG00735.2#412	828c34476dd165bf5ba179bea415c340ef723081e4894c4ddbf8cbfd5c4360b2
y1_HG00735.2#413	fe2769296d432a2249f488104ed353943c38459cd13d06d1b3b465370eecd857
y1_HG00735.2#414	183ca81130ea4865cd73057df38bbf614c545519de1e2b4f3ccaa566bb41edf0
y1_HG00735.2#415	fb38810bf0beb450afed757920b3147c53892dd0c9eb8b34eb40d1d5a7a6eb21
y1_HG00735.2#416	06c51272ef34ac3ab6f062e20472c468f174a1ed924d87ba2ac7a8428a6ebefa
y1_HG00735.2#417	0047e84b8eaa44a3d5840fdd1af808bfbe8b474644e3987f5956e75cfcba9ed6
y1_HG00735.2#418	c7460386777bea485665cb6b6089f8cd242326aa6419c72d871fc1eff8663d55
y1_HG00735.2#419	66a5cf5316e4d46b1149b29e7d8bd39594b555881657bd975bc7cb593cc3b2cd
y1_HG00735.2#420	7b4320590f97d8476d8ced485e65a38404605a1f001d2f1c330f12ba02f788ce
y1_HG00735.2#421	c06d5fabfba160dbd1b1148c3ee6c7919dd637c47447c417a1a58c0c4bdf3558
y1_HG00735.2#422	b1db4c49630b680e51ab5518b09589db53bfa3ad7eaa500dd164d952451649b5
y1_HG00735.2#423	20da6d262b08dc7e5f329569fa1238a724b68decca4f5068bd95f30b572c49d2
y1_HG00735.2#424	5de0f6299d79c7e3490404416d53b20fab95af9de26ca9acbbe4ab8452cf3fd7
y1_HG00735.2#425	ddb0c833dad6918e3e33d6774926db2e2eb0cf76b9dce647c8274be511a46210
y1_HG00735.2#426	e44a52d0fe27b7563737b3dd06a321f80b402b66f7ba271bc45cf8c32d212ec7
y1_HG00735.2#427	bf07e99cc2104f7695a23bdb40efa5eacd00a20b6824ba05e0b65fe0a908909a
y1_HG00735.2#428	ad5b33bdd266e7aeea26c523c08295741b053de9af8f41455cb54a9193094905
y1_HG00735.2#429	0fbc26485e232f572b1a21f1c9e05f832c54fbba1ef95a67cbbb0102d1774cbe
y1_HG00735.2#430	67fd00f376481ee11e9bfb87084c35dee5b6178ba5f305d4ebe4ea9303f865b7
y1_HG00735.2#431	472e73d796e20aa8ff9059e6316f218e0322548f661ec4dc267507ed66317404
y1_HG00735.2#432	cb1ad2119d8fafb69566510ee712661f9f14b83385006ef92aec47f523a38358
y1_HG00735.2#433	01cfbe66b8dc1950273dac6ca309c0a3d4b67b47783ae0a111c7229fd8d04b0c
y1_HG00735.2#434	66a3e6eb9edc436fead59ce07e80e7c7fbb423e4a81d77541e84e0479ace17a3
y1_HG00735.2#435	d0b1abfb048fdc24b71f5405d7fc2ba1d4d685f185d1300299d3b5da9e1bb5c9
y1_HG00735.2#436	a56362a10c816abf206d72cb914e2d5ca454eb9c7e744f88b1a1422c379e9942
y1_HG00735.2#437	a0859ec0be11afecfaf0f261d7d587cd9fc42eb89afcec9d6aee5d2875294604
y1_HG00735.2#438	bc6208fcd9bd8f2a5b91238e7a103d79365461faa19b47c8e86c78f28c53be72
y1_HG00735.2#439	3cddca6ec1deb28c948791dc009e89493264341498734905605a188fcd5a472a
y1_HG00735.2#440	a04ddfbc4218216cf08615ec9b489ba1a00793b220a8febcc9f06f38aabf581a
y1_HG00735.2#441	80605afff2264baf3cd53a64872198a6bc58147a0c5d89b2002db0f82c2154de
y1_HG00735.2#442	1b35733a494e9cf465bd0fe8ed56cc82f792fb3a3e1dd124bfc7e9554e6dd8b3
y1_HG00735.2#443	a8e8e71ee6e36b1a107d081de462a4c4156c544b17c42d38474e42f366997cbe
y1_HG00735.2#444	c792b84674191f276346b813b667b23d410abe2c62cd64e821206fe87790db70
y1_HG00735.2#445	3d06616da8ff6a8ab4bef3e74b8937b4573582ec6d8869168b852b0ccdda97bc
y1_HG00735.2#446	0d9ae0a70c4a4532d66ccd740211ebc47b3e0b33c70a5cb2ad0cc03945bd28e9
y1_HG00735.2#447	5f9284a206a5efa67e69b0b891335ef5e960d456cceb1e941da5e92845120ec3
y1_HG00735.2#448	4442e69c17ac76db86f091510654e6fe341113572303fa33971d89f236b3f23f
y1_HG00735.2#449	71c6d90f98cf5c918c9b146455e0092165b04d994802355bf1db16d4c85499b5
y1_HG00735.2#450	7ab9dd1511ccf6e7fcb29b8a7dc3b863485ce592be1584b83f1defcf1665d6f4
y1_HG00735.2#451	12e67137e62749487e493c90810441b193a147cb28769372f51eb8ca7e128130
y1_HG00735.2#452	7dfa549c90f268f836057490dde3b50e57ca758ceb41c44929e48636b7bbabf4
y1_HG00735.2#453	5b57b7736e927cefd15ac11bbf6f332a348ef0c186d7e8ac54a34e663ca390b6
y1_HG00735.2#454	d58588314d32fd44cc55cd21bf09c5d026a50428fb6182d2d3a7e9ab06737bda
y1_HG00735.2#455	26487fad1cde2b5c386dc8a376f447b298839678193f3efd2a9e621d0a635038
y1_HG00735.2#456	e9c72b28f826aa12bcd79ad62aa2017c8283c8fc7373a4acca432bafb5d6e3f5
y1_HG00735.2#457	d8c6e9deb3f60dd36381fb584bedda6ee52371ccd382a93435c06110458fbf95
y1_HG00735.2#458	d9cece9a06a7a044d81d4e25519fa374083b170e0c6ef527f3051ec5ca566e6f
y1_HG00735.2#459	9126f401254d09e29e81e311e577b66742aeeb97a98a34eee461eca9617ca66b
y1_HG00735.2#460	779f7a030e037018735a35a006e871afee8471a3c9a9f02afe59dbf8c3a2b086
y1_HG00735.2#461	26bb4c3dce6d13fcf929b71d4870caabbb3e6b38e1444d743dc12316269cdc6a
y1_HG00735.2#462	bb9477a3e3c108ed18a1a55c51f0f06e7b3325e89d16ee2dffc9bd1227417ad1
y1_HG00735.2#463	0c7c814d87fcd6b7d1de53a13e590ac584a36d6964da215248445f21b6720c3a
y1_HG00735.2#464	9cd9738b90477231b81f3177eb629aad59d249ec6ba54338aaa03c7ce6c6f8ae
y1_HG00735.2#465	6b10a27254567ff9791e29f865721c781971fc5496902d4660e4db8aa308009f
y1_HG00735.2#466	69cde9bd049acc59e608fb1b215aa096c65bd98e33912eb27b3352b28468cea8
y1_HG00735.2#467	73ffdcf8a9d52527c8a3f9384d75c834224815a747e7bbc9f9c81883c9db7901
y1_HG00735.2#468	8926922e138bfc9e573fbe6c330b68e24e841df5459fed9d0748f4d8a919afa7
y1_HG00735.2#469	5af8a093de5eb98645ec48a7b3f78e69133a80af0d0b738736384a8573eb293e
y1_HG00735.2#470	7393870c62774e094ea49f7444dfdfd9227021534244171b7386325801220054
y1_HG00735.2#471	33bc475e240b53d56ce9ed6f9f9d2fe0444edd7c2da104b67fda002555ce6dc1
y1_HG00735.2#472	ba464bd29d8e092a7995e35e8ae54f6b5af1ea1773a1a92f42bb2a9ce9e033d1
y1_HG00735.2#473	c8195b38728fa8fa4a17fee8923dfd9f58f7750f8fe03786a42dcbcf61b2665b
y1_HG00735.2#474	1bf81ff9ee5d2a3983ea83d4902ac9efc2fef191d6ff11c8666427937bf45772
y1_HG00735.2#475	836f5899635df7fd7ad53311ea5b1780a13d7fbe644ba493689c42c2a03c1ff7
y1_HG00735.2#476	6f50d8a11304c9b7c28d20f7a1c3d2bddd674ec7ff9fd5bf24d4f706cebe3fc9
y1_HG00735.2#477	ba6b35b90e542390ae6f73987c4b41af9df2acd3fe9da06a2d8a1c521b128c06
y1_HG00735.2#478	77e3cd1a131ccebbd9590b890f68f92133f19a3096df66ff9aa62f5c98e2e18b
y1_HG00735.2#479	d97226de2f7ee007fbbc0c35489413dd7f7fcd812c852ad971d44f702e0383fc
y1_HG00735.2#480	90be317a875ca348239e7b2be8fff01dafa0b06dded9e01d6f2c470c29abe120
y1_HG00735.2#481	71738d7c36439cf195d6d1282a430ccd79f675c8f83942f4db574b81ccef24c2
y1_HG00735.2#482	7495b4738654823de88adc98eb9c15249753703b77685330e927ac6b05a35ccd
y1_HG00735.2#483	e0d3d1b4ca8d0ef65f6dda657e4edc9bd10e29044a59411ce2f2e3c9a5771646
y1_HG00735.2#484	b7ddc9fea4b1c9e346a5e5dca701eafe6eef549e1c6dfd6d46e84355bd6d9310
y1_HG00735.2#485	b5ab564e38c3dddc86206322ac9de74b50d2b4919eb0f7983c358f7c3bbca856
y1_HG00735.2#486	c816458d43f94f8bfe71d9709e48156cc1301a32dd57f0087d383e9d79e7be52
y1_HG00735.2#487	625f4c1d4b227bd5982c4be4e4f75f9abcde190bc01c72de69848fa089bb7b77
y1_HG00735.2#488	d2683852c84b85b5d7ea289bb9a94dc00de8b3bb78fc76dd11ff8eacbea64274
y1_HG00735.2#489	a456588162bb444718329050b3b942766f9e70d44d5b62a135c2c0e8b56f0e98
y1_HG00735.2#490	751238a030f41132f65c0b29ef1a06c80dfd82208dccaab518a3e26b69fdfe3d
y1_HG00735.2#491	bb4662c561250081dd0d9bb324f97d1903a14b422b9f490a4245e15cfb67f5f0
y1_HG00735.2#492	82b54810b2619282f84004d4c26e46a8beaf3286d4ba9f08db8d9dcc19d08eaa
y1_HG00735.2#493	546460a81f84d59df3e1783f19cd990b70111f1978f7f832aab93780683a9c27
y1_HG00735.2#494	94f30897ad4abb1523f921af26e40ae192f7cd7bb813156894eda5a29c3357b0
y1_HG00735.2#495	7c0e84cb880e85fb16da59db684c459aace9a39fbd282c177da09262cd7f592f
y1_HG00735.2#496	88bcdc908fa36fb7780a64a6e09073eba48d1b6b030b829bf340d5b75c8cdb7d
y1_HG00735.2#497	f3552a83b2f7b797bef797d47b1f47b4c393aefaf02e233e45568248cd86c037
y1_HG00735.2#498	242ac9b3e911d827cb506bddbaa51a99de01dcc4d86dee0b3957ba689646cc7b
y1_HG00735.2#499	10fe63def34bc2fea519388678cf662c56dd8243a3baf8d6f9ba33a5a4435ea3
y1_HG00735.2#500	531ffbfda7888be5e4a986392439aabe95e4e62d727ef4fcab139e1ad2bda3eb
y1_HG00735.2#501	b8e95bb39310016f8b909d8983891c48cd09441ade57e8c4b05fa73d2e774c45
y1_HG00735.2#502	0b2099583580df07fb103bf5c3e568187a14b25baad3028425db54dda5588656
y1_HG00735.2#503	e12fd1c1b6ec440c840dc719db9111f4c4f79b00e57fcd43bf8565bc3cc0c2f8
y1_HG00735.2#504	41753c7f9e767b02547e1fffaa6770a53d8a467f96a6bff3a40c9e7010fa92ca
y1_HG00735.2#505	2d49322e714da7be2e57168cf49992d639b2a5bbba4340594795cc6fbfd617ee
y1_HG00735.2#506	51dcd8abd20dc60174c8fabcd44c1a2fb0470ed856db21566eab0b23ff87caba
y1_HG00735.2#507	10745d7a1f3bd8988bbba5dbdfcab4ef4a3763d8153d35315a1ece4fb915b9d7
y1_HG00735.2#508	feba28a87eca0aba9ddef5ede4d7ad91c83cbcf73ee3b232e6d2f69a6dd41082
y1_HG00735.2#509	1963c813cf37790e0a3055eefdf6704539bfb395f53bf042e0c145664bdcf0cb
y1_HG00735.2#510	cc8cc7de768bb7ab83f3dfef6adba9553f0a256ab4aa1d9ee9b49989d3f4c875
y1_HG00735.2#511	ec53ad36e64282e69301104f5342cf61ac3e5391c3693c2a067bd3e151172786
y1_HG00735.2#512	58bb119c35513a451d24dc20ef0e9031ec85b35bfc919d263e7e5d9868909cb5
y1_HG00735.2#513	91f1504360a37eee472415338821b2dfb7d4f05a33edf1f880be6bf6786ab753
y1_HG00735.2#514	d030ec49b31ae77c1a80b1a31c1f7521e9318bc869004a3b7a1fd1c3999254cc
y1_HG00735.2#515	92e4001db84dc1f3b9caa062d04721f9f80b8dd7e8b32813cbd6367ec1ef9867
y1_HG00735.2#516	1136310e60997abf15fdaa7474533afd6f61bbc99ac2df34f7e6806a09247327
y1_HG00735.2#517	3d7031f1c3b689c4610de84a926f639ca95ae0f527184cf8fc5bfe93c857339e
y1_HG00735.2#518	1684545ceee4a316e19d4fa262de2bbddcba0ec6814652fc16b593f392902993
y1_HG00735.2#519	15b920026aaa4c6190572bbc8436dccbe6ac5c3d924d79b02ef2be4945889c0a
y1_HG00735.2#520	0bf0ac9d0a7d44d7cc60e5fa66371e9d1fdf76cd36863dc9be80cce55a42168c
y1_HG00735.2#521	e1a9690f035dbdae3c9d0b6cd35ba10291c8e4135f6ed41b8a59976547d72801
y1_HG00735.2#522	8c55ff95a660f37cb05e644e7691e6c66593f453cb2cbaa4d64aa59b40ae8032
y1_HG00735.2#523	2a22e79f5e0839b2ba6756a940bd406bf80d44c1215b0dbf523b862a0329a926
y1_HG00735.2#524	0f0c6f5b05a6dffc8723a2fe442afaaae6a0ccbb52ed5c8b22879471166cef20
y1_HG00735.2#525	3fae714d92511951907bb18ca97bc47d5313d6629ec0dd4a2164614aa3e0aada
y1_HG00735.2#526	88b607fb8fc30ada729ab16d7be5d8ce0c50fcc2f085ad9e5418cf1534086d9c
y1_HG00735.2#527	7062dc0748bb87f46bf1e9b65761e1cb015edc834cd57bd9bc6b093d06dfec54
y1_HG00735.2#528	bd3ab754d0a285e5c5bd0dffd5a6cb5e8b008d48436fe797753b13c714747911
y1_HG00735.2#529	3ebf7b7bc2d331eb869c0736655e62a28ce9af8343c5668366333d60670f0774
y1_HG00735.2#530	e5bc615282831fac931c18c89f7569d61e2d295a9a7878b2410b3b2a85952b0d
y1_HG00735.2#531	fb278a6733a8fc9f8d8ef84211769c33f57cc90a23c8bef3c2dba12cda9d2daf
y1_HG00735.2#532	398dc455b6238a86a9fc283613ea52d56fcfdeb9182e0edb6c9f76289f04c0a4
y1_HG00735.2#533	eded62d42da283fb1c966d3edb8639a0b1787cf65d7cbe41e12a56ff3b33a2e7
y1_HG00735.2#534	b82b0eb1fa98214a53b966a4419c857d83a47a0c87c13889488f1b73f44480fb
y1_HG00735.2#535	89263b6d0867b7e1929a683f9f4cbb5485f7b3c7e43302a83b0923dbd540c949
y1_HG00735.2#536	6e84ad9f85e3e325c5735e5f8cf4d7e921a6a3198c4eb87098f778b24d63c57d
y1_HG00735.2#537	c661c896de05a46d91c5b710c107c22b4f73cc58e1e873aef7de50dcd214d506
y1_HG00735.2#538	efca6d1df55e7c535babb8df52d7249512561e3f2edf0dea3379bf3df34ceb77
y1_HG00735.2#539	31ad04edbb242f384555bf5e4631576eaac235af41ef564c58912d7c263008fb
y1_HG00735.2#540	381c9b0a0009316ce554856ab49cf817cf57fd8b1bae0d51a431cec6c3bd22f6
y1_HG00735.2#541	cf64df428212bd512ef914774b25c5c6c077d8152f99f36f0f9d99144ba9882d
y1_HG00735.2#542	6f0a8951e91d35a1324cf32b7f7c8b8c353bec4c827e0b0b78ff396640faaaa0
y1_HG00735.2#543	0fbc26485e232f572b1a21f1c9e05f832c54fbba1ef95a67cbbb0102d1774cbe
y1_HG00735.2#544	61f0ad46c9021e7ef8fc7bd9b92ae767a3e28f4fb9e244fb4fed1ad452e6143e
y1_HG00735.2#545	c68863f5f05276e99b29eff9a762f6ffc499f64d4084c488d7f50f3e998babe8
y1_HG00735.2#546	31dbbdbd08d82eb16ff314b74b486050e095e112041b5f7e1aae3641296082c7
y1_HG00735.2#547	be32b52fe298b3e0db5a9d32274bbbb515035788fd06b65a1b45ff0edf3f63bf
y1_HG00735.2#548	9cf5219f31a82bd64c9532144f36b89145cde2c3c3730652c3b02d98bd01404d
y1_HG00735.2#549	5c5b0871d2e1671385155f1b9184db3104f9d8ee0395b26909b43e314827234b
y1_HG00735.2#550	bbd2ba89a1a678f32b0b035f9b6671489cc3f6fa5731238ca4d21a46deb3830a
y1_HG00735.2#551	8a5b83de2ce123cc12af76dc197e982c4ce6e6e19470f6bacae08c1d7fbdaa6a
y1_HG00735.2#552	9f90a86b42b6f5d799908f803457293dc7560429dc404bf7e4a7b32cc67b3c43
y1_HG00735.2#553	15b89a569474240a616f9a94dd045b2711d445dde955b62bf4b8f2a2afaf0f6b
y1_HG00735.2#554	b71f11b44ef2b91eed6905891102b19beadfdd802c415ed6c147872e301ba168
y1_HG00735.2#555	0135896dc0422dcd802e298fc084d195d5555953de8ba88fda8df3338a8f1eff
y1_HG00735.2#556	8f88465d3d360b3d1f6bde1742d0842f4b8d170e2a5c0be0aac2406fbfe9a9ef
y1_HG00735.2#557	c3271d3ebfee6dc3a514393360383814fe12d59558353c38b86211672b2380d9
y1_HG00735.2#558	9002b06e9f36330bc9edf6cf640d2008250bfe36a8a43034b1c1c78477e2780a
y1_HG00735.2#559	52a7c7e69e07d1cdcaa84e39f3b8ef731074f9817639218ca5d333f11faf93c0
y1_HG00735.2#560	1d89b8a700300149ce4e527a3cb0c9c8ce82d4f2b32a34851c66a9b00d9d2758
y1_HG00735.2#561	a307e9386dec18acdc42d4b0cbcee834f924c08e203076cfc220f52838fb8068
y1_HG00735.2#562	bf2b04ecc22359bfde9f16b154fe5b4cb6562859a71625fdcec5272359715a91
y1_HG00735.2#563	aa70e763e0eceecb3f1033c9cc44e05681d741afc05d0479269fe859d523021d
y1_HG00735.2#564	7a497ef63b859b62fe8bba1f638dabaecf4e9b526440d7c1778ba07e6c3bf6a4
y1_HG00735.2#565	f9cb96f5d18c6aea15dff521d99321990fa993d0be5c363c9be9c55e4c8ec5c9
y1_HG00735.2#566	ee19b3b7f0998acd77eed69b582ffb897fc8dcef12644226f38871e3c8f26ff4
y1_HG00735.2#567	0bf0ac9d0a7d44d7cc60e5fa66371e9d1fdf76cd36863dc9be80cce55a42168c
y1_HG00735.2#568	0fbc26485e232f572b1a21f1c9e05f832c54fbba1ef95a67cbbb0102d1774cbe
y1_HG00735.2#569	2ae5cb2830bdbbead369ff5c24c281be3aad1124aaff70a8ca0d0406bc0b029b
y1_HG00735.2#570	1a69cc5a4dff1ba621e82f01d2acdaaf88c7cf7d74ec656a3bfebddf353f835e
y1_HG00735.2#571	c43e09dc61d9990d0e7cf8e20690a4590d4f56b4cdf8f3baa3028179241434a4
y1_HG00735.2#572	a57addc648c0ee1fc318c56778250e2fb5f47c4d338d2b1130d327e4e32ea8c8
y1_HG00735.2#573	a97dac79cbe537fd8441b044f0740f034aeb146471736db5ba5596f45ca5fde7
y1_HG00735.2#574	e0aa1ee5c735846a9deea4163a303315c1cedacb27b72e2e194dd89363a5e1d9
y1_HG00735.2#575	0e087dff6a3faddc4fd1c317e2903e9dcf96a7a24d678ab876c3c6cce7349446
y1_HG00735.2#576	2cdacb5c55c0863cec9c1026a18194405fe70646c3ef7c80dedc96b860d1e54c
y1_HG00735.2#577	7dfb7891fc787b0be4212cf83811cf65503e15c4a4ddbe43614f1d29a5a592b9
y1_HG00735.2#578	f4cbb43d8eaecce7d5dce6ceca14f0a1bbc82423016e8d187714640abd608207
y1_HG00735.2#579	8de9d2cf9b42af3450fb05e9dd7cf43c8b8d6ca4cfc3947005914882df71fb47
y1_HG00735.2#580	8053193fc4ee5d7df3e9374b6c6df2fde8a66e4fe03333af4617196d4d4d0241
y1_HG00735.2#581	c151e63848ee3dfc5bc0244773753b80f5be3095f93c296f1815b64967bc3462
y1_HG00735.2#582	74b8a0e5bef47dc819aa84f8254afa1430b209801b667ea8566f08dcb89cfa08
y1_HG00735.2#583	d6c146637258d5ec6e3d3c063407071d19964bfbe3a40651d47ae47ac1a741a4
y1_HG00735.2#584	35ac33c056292b15c93e0e319317978737631edc0f1bc422d71c6c6315687d95
y1_HG00735.2#585	df2d84fa6dd92269c0aef8aa489dc456f98175950b3ef840006046e3b1ba78e9
y1_HG00735.2#586	8fa6baed8994429534d1d4598d8048140050dd3df45598ac13f720349bd16503
y1_HG00735.2#587	010ed005fb83e8d395f952fe50b88d1d7637a67c86c5f041d3cc8aa10dcc93f1
y1_HG00735.2#588	3919f77dcd436fbcd4decac11f61acffd41c394ff7e31a2c22cf8154688c1177
y1_HG00735.2#589	35353ec225e43b061c526c78cb270f6e5baf813ceba1b07375b926b3ba2d5d73
y1_HG00735.2#590	bf1229f144f9ef85c0cc98086ede9d3a406c4d17240aa9f7397a451b4d5cd7ca
y1_HG00735.2#591	d7479f39b5288278815e6c572c6af02ad171292c41d9e59e180cd109dc5e8da5
y1_HG00735.2#592	3a5665d1042e9dee44e96bda6a3070cc1040364c704a5b28626c51223592891a
y1_HG00735.2#593	034fc48ba584fc2a8b0b40c727e4ce36b79845d7ed910c63abfb2c22e630382c
y1_HG00735.2#594	48cfacde7bfaf23bf10b04ff6974a0fdce3355fc020ba89854903aad13913cae
y1_HG00735.2#595	e70b639bafeb21d501318552fe3aece3b273fc0b5e47bc199ad8ff9749774a7e
y1_HG00735.2#596	1603ef3e179ad9321b50110b35e6d7902d469a7a8878c647fb25d305e5a87342
y1_HG00735.2#597	dff8b961fe77d8960b89441bdef950fc4b4bd4edbb92c3d67c3680c6fa26e894
y1_HG00735.2#598	b02f11a695297ec113a4129c17ccdff80572352d64b401d0a7f8bd1500970fb1
y1_HG00735.2#599	2b55e440fbaa487fddb142125a24c0b3c558ff1f69afd79b5ebc6ce240ae7ed1
y1_HG00735.2#600	d5ef0f0e059ae5fdbee9ef56db7748a14e3418111c0715c9be7fb0314ed3b253
y1_HG00735.2#601	a3979f2d7e3e5f9f3502fb374eaf886b42e59752dfb765b9f83fc7819fe9e0a7
y1_HG00735.2#602	32b2dfaffb06ba66705fc5c4c92a24af7e4171a0358822687602099776c8544a
y1_HG00735.2#603	ff7a96ed6e8fb52ee5b8acba4b829c990352de938d25fe63e73b443d10f86cd0
y1_HG00735.2#604	ef4a6e27de1568ef3d457b6a378cfe2dbdee0706f8a64107d2350ec27a1834fd
y1_HG00735.2#605	a8f8f3c63b89e1be6e2be60753a12702e5e0dfb7b43131478e336981b820c4a9
y1_HG00735.2#606	decd1a4b0e992093e8674ae5a73df005268aee80d9a41079df27e632de9352c2
y1_HG00735.2#607	678cde45d3f094f8b23433c9ecbbf4f651fd8defd28dd2d10c06df1048545d59
y1_HG00735.2#608	27572f014e569b87d196b543331eea6de4dcac16e8ddad3880b32c1153916837
y1_HG00735.2#609	e537eb1abacabf18c2ea845fdf3b9d8f6dec91ed7f03fbe6475f0782a171ce74
y1_HG00735.2#610	7adbb189ba660501b527edfab032181559b1dcb15486fc8cbe836f68a68a82fa
y1_HG00735.2#611	78debe7f602777da3ef8321c2d1e6afca38bf7036d031dbf6fffa21760fbdc60
y1_HG00735.2#612	a02590c7d4fcb109d7de98ed7e1227732f53fe1aba2b3b34e4f5d0aee7ed012e
y1_HG00735.2#613	d5b7d60739cdbfe48ca9ca1bd4c796e03d081e9a21d82f50447856dd5e98a604
y1_HG00735.2#614	dc6da2d998ddec6de961cccb7a0209619b01bffa6fe1397566b8c6f24f9aece4
y1_HG00735.2#615	5cd0dfe3bbb0ff5096a5a2b6e4c3b9063b39dd276e1180d8e3bdeedb3effd354
y1_HG00735.2#616	3672d4873249738a6783901a03233ecbef46b0fca825d73d9db8cf2dd99733de
y1_HG00735.2#617	7d2a220c5574153656130da5a5c93d39117d5da3c30592a56057dd0c753a0809
y1_HG00735.2#618	259d5e6c7721196a3337615167d8c7a7233c9ecbcb08ba684b726e6c9f1f059a
y1_HG00735.2#619	434a3f2ef44ce58b92057d29a41ee5ffcf330fd749a2d2786a245bf2c38ebe2f
y1_HG00735.2#620	e4e196f748f57531cb706bb421a2f361b7f0b4aff3dd1d08a1c31de216289e34
y1_HG00735.2#621	7c69e2d315af5fe22052b6c16a607740f60329944219413238397d0a39298f3b
y1_HG00735.2#622	fd7476ed811049d8ce143f24c2bde713caa2a6359b59a90d71f8e385b3ec3038
y1_HG00735.2#623	5e118fed4f759b1f4f374fcc72f8d8b9f83d4e78a54180ae4a89f7d1c1b7bb0b
y1_HG00735.2#624	019f079b9ffbfb402eddeec71831b6c4f8b3ede6e2a94cfbc0272fc18f1f0ff1
y1_HG00735.2#625	a3efd7ba0ba7c5f374e76ff33df22672df1c2ffdd0b2440491c92ab93f468fd8
y1_HG00735.2#626	dddee355a71e4ff3b14ef0cd38f7a5fc2d88115123e5052513096751ad027643
y1_HG00735.2#627	f770af6e41bd8ab39b19dfe7912e23efec1ac96c8433c69a3c7abe666159bbfa
y1_HG00735.2#628	86712d8fc18980b95307aacf208388d2a6fa23e657fb0deace0e6f5ff5eb9fac
y1_HG00735.2#629	5f78c391947b5de5113ea8ea35211577318e66765dc334c2c5da88cce75661aa
y1_HG00735.2#630	cb1ad2119d8fafb69566510ee712661f9f14b83385006ef92aec47f523a38358
y1_HG00735.2#631	6761bebfa27020cd3a304045ebdcb92ca5b2c667d292ea14caf6e297566ff161
y1_HG00735.2#632	bb334c9c9b509f9fdc845b0ffd0a30ac6423649016d242e6f3b2760e050c78ee
y1_HG00735.2#633	3a1c7ea1c796b36a92723f9564c5a359504893c486b8aed85b7420c85e9fee62
y1_HG00735.2#634	409e2ceb5dc9badffca8165cc1e1753ee5ddcb403693b4d75961c230950a33a0
y1_HG00735.2#635	915a02d66e48e67ffd54643291cc43e589ce89a04c3a16c13dd3275b95c907db
y1_HG00735.2#636	3cde43bb581525265f0777faff3b3c72899d2c57d4fcc190c2e7191ffedad164
y1_HG00735.2#637	cfdcffe7ce5e19998b673e4c10477e8cdda842ed4aa60a1531a72c3c63b54618
y1_HG00735.2#638	bd88fc32d2c6d3f8cf1a15b4e93530425cb163f260251aa95639cebbddf6c3e1
y1_HG00735.2#639	c2f2c40398984cfcf3f78e84f46ba4b2cac98f5f370c872f29bcdd15256968bb
y1_HG00735.2#640	cd5178726792a6149dcb1ecffc9fb78dca8a512debecc80cdcac61367459b075
y1_HG00735.2#641	7059cbd3ff438c9615e0653bd9b7c52a73a8b181c6431a19bab3b31a577c389c
y1_HG00735.2#642	82c3a3e732cf9ae07d504b62537dd1ef06d78e60b6c09a15d1b7c92236ad9b9a
y1_HG00735.2#643	1adb089832751edc061a2681bde747131e86fd469d1849f6ca13429e8e03a015
y1_HG00735.2#644	9962e66fbdeeda7d72c15efb49cda59f16e640fe5875121a31b7411bbf0bae23
y1_HG00735.2#645	158f5b26d5e1d0de7270825ff11b5460045daa11323747fac14e2cf6bef6c266
y1_HG00735.2#646	bafe4099b8bc3d13d6d9e2f539c01e0cad8eaecad44aa217043ec747e2e48f68
y1_HG00735.2#647	21be7c2b80f114e00a8c398db456e4b76d9672ce1222f3c40ff8b71dc65f05ec
y1_HG00735.2#648	d5ef0f0e059ae5fdbee9ef56db7748a14e3418111c0715c9be7fb0314ed3b253
y1_HG00735.2#649	4b650e5c4785025dee7bd65e3c5c527356717d7a1c0bfef5b4ada8ca1e9cbe17
y1_HG00735.2#650	d4a773c078736700a3750a9f463fbbf5e84bce5f63265536d5853d2c1241cb01
y1_HG00735.2#651	74919537cec54f7f70d2967c4d1d1131dae36acc0228c88e6653cfccbcf91556
y1_HG00735.2#652	9ce59d277bd629775dc2b1793f4912bd44291062428f519617b132c737ae870b
y1_HG00735.2#653	8cffcb62c02bee23308f4aa3c1ee216dfb81e8c4ea57222ed49b01c5ffcedc84
y1_HG00735.2#654	8f79be9638bd497394d78719625e953fdefbce5426f4a1d49236724448817ddb
y1_HG00735.2#655	553bc323e2423f099f1aa857db0cbda1be0f5bb442690aeb072e86e00eee7b0a
y1_HG00735.2#656	d37da6a25b192ce675e76182fe502d82ccb51c4fa5692995c14ac6f509c4eb75
y1_HG00735.2#657	2c160986559813ad4aba625c5fbea81f5a5e50de60b23f4fdb841ee5cf1818ff
y1_HG00735.2#658	3a60582edd1de688d5456c606740a304b28f3a751aadef8ff919efdc3ac48aae
y1_HG00735.2#659	f1d538a2b624d6238aae70e8d1840426f4ba30ddc2f15c638fd87281b5451cd3
y1_HG00735.2#660	830c9b7fdc661740e2c787781b53835a45f12921493d613af1c4a89b6c388eca
y1_HG00735.2#661	99a6226e6f4e8486216d08d386e3296712562e0ead4b40bdf378dc0c26df262a
y1_HG00735.2#662	f3141a1fe82ab2d567281df9c639eef6e7842d6663a3b2efa16150441482f79e
y1_HG00735.2#663	491f7f58274429f9a9daa5f18dbcb8819739a79b65ba1014c2b84a55e6b69f65
y1_HG00735.2#664	9c4340e51b6cfc7bd70c6e0055b36e95a35fb7c43699a543164fab0d7edb66df
y1_HG00735.2#665	a862908bf9a659d978e8bb1b04adc5cdc90f84951192db331af56bb8c927467f
y1_HG00735.2#666	25b4e02093ad871b09ec74465225c5def92d75107bafcc4b3222848645c19eb3
y1_HG00735.2#667	ca71bdb7081f2349824c31016c9a21304e694b0761c7a2cea387d634c9cb4f9c
y1_HG00735.2#668	2196403b44216805901696c0a47f0e105a35d614b2fea859b2da0cb4779f09d8
y1_HG00735.2#669	021e5f7e583aa6f064855fdb96afed1b7e2f367a1f2c19a627e378e6ef4001d0
y1_HG00735.2#670	b1028c3a543446a840c7e5dc680a20e4bdd6aba1f3fd51c7daf99c978a4ba0c7
y1_HG00735.2#671	0e959667e95b22207f62307d2d9587f17533e253a26e9778dd51fe169a36ae1e
y1_HG00735.2#672	6435ecf4794cdb3a24483b9a2e34c6848946f3776e0ecf1c87cfb490289a7729
y1_HG00735.2#673	2c578030460b3c173aed7b4aa6ae1ce790957d88d3ffedf50858bd81dadcaa6a
y1_HG00735.2#674	695f5391595d4dd1de18c3fada960c8ecb3de0df95b0e4a5e2d8620c21664d0c
y1_HG00735.2#675	f0578491d2082c3f75ed78e599e7a8e3cf98e9848a46a8530ee3913a0effad79
y1_HG00735.2#676	641105ec562ad9fd0fdc2762c26e8dccb751b0681d4741d086fadf47eebc19b1
y1_HG00735.2#677	8966ea5937501742ce02d2c73c9b04575023a9e9101dac46b4fbe3d248e3a37b
y1_HG00735.2#678	adf04c6ec2b83af564f518508bb3ea4b3e36178dc6939a995b207e2037a8b5b2
y1_HG00735.2#679	c3263d2fba6e5705473d251a140aaeca21cf04dbf6884813155c0b0ee75b1ba9
y1_HG00735.2#680	d6ec8e5dcf5082d77d95daa4b1411efb0f68a27626b7262f5755a309589a73fc
y1_HG00735.2#681	f32b17da4643fdc40d7d163fb96678a622d9fd3edfddfbb12e328373153cbdb0
y1_HG00735.2#682	49306aeb70aa10d295b88bd27cc0621e5846ef297716bcf4e6dfbfd0bbf69fe5
y1_HG00735.2#683	71ea23cb787a22d8bcbcf7006e0242bc3e49ebfd784a66d2112c0514d861aa97
y1_HG00735.2#684	a2e757720ce49ae617b0425258809f5fb3a3e5ef0e473da025ca321246130bcd
y1_HG00735.2#685	e9e0cd307756a1230e648e1a59c3c46a938130ccc0f67523a726004b1fc7876b
y1_HG00735.2#686	e2664742141d08853cfb438bf14a4a623d3fb19555da50656ce5e115c253389e
y1_HG00735.2#687	98923d1b6bee425c2cfbad1baf952ee7b6988c611e42951f17c9314ae33c67fd
y1_HG00735.2#688	601916fbcb3bc840142472e8101bb6932b238c3dfcf38720f3af60ef5269c1f5
y1_HG00735.2#689	00f25c144c74177c0ed4f65353f791dbeb200544bda11e8731c980e7a04915b0
y1_HG00735.2#690	4cae12070daabeb27fb8bc7e4d8ab91cf043681ac8f4b696db9d5e5f850d99fc
y1_HG00735.2#691	18f2e1b0ad24a8046ee3cc9e30c2321dda5e4eea64a9cb4d7f848db9fd056c8a
y1_HG00735.2#692	1329252637913eacc9c640577eb24f3f1c706d0ef59a932ae094f3071f1ec3cc
y1_HG00735.2#693	85f5d8527beb71fb0414cc0a591dff69c7837cced5e30decdb2963d78e4a0f7d
y1_HG00735.2#694	ab6d2ee41e6d572dd253cd6a25fb16c5c8a85ed849ff2449b5b7eef04ce0c4a5
y1_HG00735.2#695	4e18117799bcc21d2156430bfdff472d538e006686625831e007e5a90e621bff
y1_HG00735.2#696	ba51919d5ecbea03f921dc55159f540d2498f59457a4551ae8cc28042bcdc260
y1_HG00735.2#697	bfac35513f6b6164108838e71140e6959366e4026035ab0e393cac31feb5d8fe
y1_HG00735.2#698	93864e692239f21c54ceea9a6095fc875dfbc07f98175001363523f92b9d1134
y1_HG00735.2#699	88b78b0b930085a0683ab3259c01823a4ffb5577763ee92424ebfc5104e5d394
y1_HG00735.2#700	d9d77815b437a6c4b0a57f71185ed12eed0a3bd401ae84a52b50fdf4f1646677
y1_HG00735.2#701	70ed15ad8c5ab12db355356525ee85772e0a42ee84643e64f0aa5b7afaf5b4f0
y1_HG00735.2#702	6f73de37c0983578f291c7e379e97623439b2aae40fcbcec6837bb0414bc6ba2
y1_HG00735.2#703	3831b5aee25bcb15433521672927f7eb429ba9bb57bbbba0a14938f538dc93b9
y1_HG00735.2#704	6cb29f0485ee4eb1dbc304b73757e8e9b9f8387a042303498b90cea58b93d659
y1_HG00735.2#705	3a85c0da2118faecc468849008088c6be4fd0be0551e00ef60073e95226d3536
y1_HG00735.2#706	9af9eef31e66682c7a4c3053e2f28007fd5f6ea4f2b668263ed2716fe4c793d8
y1_HG00735.2#707	19cfb30e7310598787f40b18cc1ac73922c8b57244c6d37c70751b51d2f7a880
y1_HG00735.2#708	58bb119c35513a451d24dc20ef0e9031ec85b35bfc919d263e7e5d9868909cb5
y1_HG00735.2#709	53171b464d3350e39204d2d4d95e8d72ec42ac6fa6ae1f1919c14bbd5630e211
y1_HG00735.2#710	781cfad8cce91919de8c34c8538c0bbf0849d0a73f6be993c941ce841aaa7588
y1_HG00735.2#711	e4387bfe221321778a2e131e34f9cbd7c6eeac9b2b02d14aa2cf797afc00f145
y1_HG00735.2#712	1ff6e5f4d5127053bac9e0a65021d9c48036684598de7ef6488b628ffe853091
y1_HG00735.2#713	646cf6e105fa079ae9c73d5df83990092b6a8bd16e4b4353d4090b98a151a86f
y1_HG00735.2#714	0bfddd5137fa9f14633ecac5ad8d7836edad3f5c2bde27d9c4f64bd8094e419f
y1_HG00735.2#715	58bb119c35513a451d24dc20ef0e9031ec85b35bfc919d263e7e5d9868909cb5
y1_HG00735.2#716	7595e731f795bf1abf100e2e68153244d071b0c3e2c5350d6ebd10b9bdcb0c22
y1_HG00735.2#717	88675899234d873bc78f6cf8f835785792899312c3880c06f3fd92f94f4862e9
y1_HG00735.2#718	49b8f2ab9099b958bd34a5ddb95507f9da01bdd31c1fcc71b1ea5e38b3439788
y1_HG00735.2#719	7cc6370acf3243d4573ab72d063302aaf3b0c056fbce40ba18122efcd9319213
y1_HG00735.2#720	e9775d0afb318e4c96eafbc724c9f0ad6d46a3150e7f397bfe08a7a8dc5cf329
y1_HG00735.2#721	96f01386596a8fd8218f19968ab7379afa4cf320a8ecfb81a3da6964164039e2
y1_HG00735.2#722	001fa26f0799118e18221ecc91a931432e24bf0b03f15d26aed14fd3fb391bce
y1_HG00735.2#723	9779469589f956f434b70b578302dcbaa084a5eabb0124ccd61b0ae58c596e70
y1_HG00735.2#724	58a533d3cfd49e5668e80db3113098a75ecc755570971058225fca5a835cab93
y1_HG00735.2#725	7cf0fec6b6318864c8f89aa056b17832a7bbf9c5d9f0bf49278e10a6442901e6
y1_HG00735.2#726	9f7ea17febd4b893da7d9425391a96005265599a1337320f3f7a7003b7676bc6
y1_HG00735.2#727	9e83db79948631f785397033bc2af0e473a21db3cff3f5bf0a3a04a34ddc73fb
y1_HG00735.2#728	2f7006641eeefa6010d5ce32e4eacf0373dffb4de0870433fa19a535ee7ee4ab
y1_HG00735.2#729	3c68b3136875aa8329945d9e50664743aebd98e84b8e2995986edad2e62015a2
y1_HG00735.2#730	ff5a25cdaa127a0e0b8c6ced53f43c48a9df782f0fc9ece19f7ca265be1990f1
y1_HG00735.2#731	f2298f8755153915cacfdc43ef1348e4cd5bbca33ea4fc71a6171df7fe3177c5
y1_HG00735.2#732	dcc68a4059619523f7683766d383912aab16a35d40049f5d95fc59674193e2be
y1_HG00735.2#733	9bc467571d8e76ae5d654744dfcb969160fc6217e4736c585422b674a2bca2ae
y1_HG00735.2#734	3b72d161d4379fce840da9d480fb5f5cb63bc2b0412339d5bd9a998c198d0938
y1_HG00735.2#735	71782fe5ed407966e6ddac8f003e3249eb5757f0dc38d2822a07907505536f5e
y1_HG00735.2#736	b85c9ab92bd76892cd8f59367fdda6b4743a006d329654f3e616cabfc8cbc07e
y1_HG00735.2#737	ecd999fd43b85e7d1695f436e0824d6a2fd200f6fe62b6dfb6535390eee195c6
y1_HG00735.2#738	9ea986946dc8676fea04a553c56c94c79634262e58f2b11da5c48c989134b40f
y1_HG00735.2#739	49381d480962899badbc8e82ea211d35e033203c8c50a6a38ba1ecdf13e40204
y1_HG00735.2#740	ccc768f753139040b4ad65649152225786d2ec5080baa01b7872e967e7843444
y1_HG00735.2#741	0fbc26485e232f572b1a21f1c9e05f832c54fbba1ef95a67cbbb0102d1774cbe
y1_HG00735.2#742	86921b06e06f5b455e9d743c4f81063b59523d514918209a5f3f86c75414bc14
y1_HG00735.2#743	d6a67ce1f34da8bb7b30124c5c2c87e6f52acabd722e43ee8893cd6430a4ffe1
y1_HG00735.2#744	4bcc37864de044d5a8db9f32cc29a4507ed53ac32815a300f45eba5ac27aa2a8
y1_HG00735.2#745	6e2614047f99ac51ad862256d28e79d924c31d9df5a1081e3393b8b6e53880da
y1_HG00735.2#746	9af9eef31e66682c7a4c3053e2f28007fd5f6ea4f2b668263ed2716fe4c793d8
y1_HG00735.2#747	98d022ddf65a599dcd96e69616dc7f27e1d54c4ca6dd5f9c16404da9f96c8a75
y1_HG00735.2#748	8cda94977edcab4fea39d5b2445b65d3d6827e0cb53ae8940c64eb90a873b8ee
y1_HG00735.2#749	655caf7addefeefb468ac49d82e7e8ae2c3c03346a8497cf32be3dcd7adf1b05
y1_HG00735.2#750	4346b0a68ebfb4ff56193a7a15893e56f72e265028682ee95ef7a32e0abf1340
y1_HG00735.2#751	d2b77c61f05d3cb72424bf60f4fddf914a65f4f95c208ff711fee6cd4e6dd0b3
y1_HG00735.2#752	340746d7e37197d6ea0ed691684babf0cfcbc1259d04c11a83323d0204225e9f
y1_HG00735.2#753	77621ab29cd2abe335e1543c9bf60b7ae8b5f01ddc327bf72b666aba63ed25e2
y1_HG00735.2#754	2a49c69f874e410a13f1032185a75f3f2745608d229f746a30ebd1f6d6b869ec
y1_HG00735.2#755	52c4e8ffae5ec3ad4c332593de11244edc19817ab547b7ee0a5b11a3c392e9d1
y1_HG00735.2#756	d9cd4d1e42ace21f55c0f276517b4e71cba21c249702bb49d265b8321f5f76ce
y1_HG00735.2#757	0fdca3bf71227748f6192d341ae7eedecc04db879e13e66c999106f6f5242dbf
y1_HG00735.2#758	83de1dae4fed4f8c6d9b1683fde22b816bbe28e48e6d5db5d058ebe8acc5a878
y1_HG00735.2#759	7b27cc4bb12c70c04839123ca476e5e0eb1da255f1663bdc86591c09e1fa8920
y1_HG00735.2#760	4713c4677f8f59638d31b19250812569247e480589a369d82fd7f7528a0f5ca9
y1_HG00735.2#761	9ae816716fdd5670857a3a18fdbfb60ad627a67f5b80bf04e88f5f14e75006e0
y1_HG00735.2#762	bfc4bbb150f1a6f8dbd8dbb99e5d81b9df763a6e003fd0f332446853c187da60
y1_HG00735.2#763	65e0eabba4f9ae8d11af0d21a15eb3dfa31ac6146fbd13002572d16171aa1397
y1_HG00735.2#764	0b55880a1e333764c1b72473541e8c60e2cb422f85a8d8615a3c08f1b7ff4286
y1_HG00735.2#765	544e367424ceda3f570378e4a487d8d067e18179f71f0883fa603d2cbe71b500
y1_HG00735.2#766	294215b40b7b62399408289023dd83e4f8cd9c5468a8609dca7edd09ce5e349d
y1_HG00735.2#767	6fe6298dd464ec81c2bcfca4453059db1ef1dac5276c29cf2c08a811c4346f34
y1_HG00735.2#768	39fa1ab273229c26d415f7983b26959ce5ea7eef40bd19afea2a87b734710f95
y1_HG00735.2#769	cdef482fac9613dbc1b188c519dfc36e8cad54311a08e735270c2e9cd7668360
y1_HG00735.2#770	5077072abc59d4900721589607f3329948fe53f5af5cf1b24d7c0c7641f6fe72
y1_HG00735.2#771	70bcfb345d736d3620afd38a7df2a02306047625208f9cb5ceef31f33dc4206b
y1_HG00735.2#772	f7558c5b05f4fd736bc6388be21ec1592ef0a3dcda208556cd5e0bcba9671651
y1_HG00735.2#773	409faeaec6142d8783ae76bfc1b8f2d0fe4156da19a4b8f64489ea2d525aca91
y1_HG00735.2#774	d23d984d2a89d1146b96e947750b5d015cc88bd6741ec3c86bd37802bc7063da
y1_HG00735.2#775	bf7e513656b2e6077e6bf49a7d68ab81b12c438786a9080412fa51a5eca1d9d7
y1_HG00735.2#776	94cbd326a9c8bf61525047d5b47b21f0f8b8a31da241ea9856bad52e090c44eb
y1_HG00735.2#777	b054f6a8eeda2c2a3f99018077af4be7eca2203eb7727a21dc1aba50f54e0898
y1_HG00735.2#778	ceb2e2fe018e7b6c4c58f4b1eb4533838e8c2db72a1318af2248b88c3852b3a4
y1_HG00735.2#779	e6f19d94faa23001a6997a5f0892769d93f2b8855e232d0a523a163c78e16072
y1_HG00735.2#780	a34f290f38121c1fd1f7dca84c679f15f191724b74a312f3ca5e5238f3b4b637
y1_HG00735.2#781	1f88f267899329e014e1118a6e1732a80b0236535447c6f89fcda90234006112
y1_HG00735.2#782	b7d9801a18e633d0464975a9471fd888c0f0123e4115a2f8059e9c39afdbbbd6
y1_HG00735.2#783	a5cb98f9be44352df303872629bd9a5cc9db1a414c47dc56374bb3464cc61ecc
y1_HG00735.2#784	6eab8b509e2bb4494e4785abad4ccbed134de63b6297fed009db2fd0449e6933
y1_HG00735.2#785	cf9457e363c9f744f67f7ea43ecb598b45ae8704b893fb44c26c152f82d33f7e
y1_HG00735.2#786	30a0a8758c299ff926e01636083ab742de8d3d51594ed8cf6f7ebfb7f42ad035
y1_HG00735.2#787	1cb083d6bf47ada0258a32b65e72846135a6ae3aff719313ac651ea69584c3ae
y1_HG00735.2#788	21b9dc8f252d5f13e0e20407508c6eb84f55ecb2849b556b5bbcc5039b9f7468
y1_HG00735.2#789	034fc48ba584fc2a8b0b40c727e4ce36b79845d7ed910c63abfb2c22e630382c
y1_HG00735.2#790	0bf0ac9d0a7d44d7cc60e5fa66371e9d1fdf76cd36863dc9be80cce55a42168c
y1_HG00735.2#791	58bb119c35513a451d24dc20ef0e9031ec85b35bfc919d263e7e5d9868909cb5
y1_HG00735.2#792	d5ef0f0e059ae5fdbee9ef56db7748a14e3418111c0715c9be7fb0314ed3b253
y1_HG00735.2#793	5a75b1eaaffdf1a6b480a57d3931c93af9c0dde19243e0011bdaa4c54931d2c4
y1_HG00735.2#794	7e40f578227928e6fca9697277b58acbebc6509cb961a062e4db85d267c45e62
y1_HG00735.2#795	7ae8e52f81aff474d5cfdf87f38c21faf278eb63e74ddf0a7f48d3b20b023fbc
y1_HG00735.2#796	aa70e763e0eceecb3f1033c9cc44e05681d741afc05d0479269fe859d523021d
y1_HG00735.2#797	b6285a6a2ebbe044a9948d8377e2484f632182684411a2efba826203ff40c780
y1_HG00735.2#798	e36fb2f66ac45ce395036135598f95a843e4c604b4c3b1fb12516f2677340152
y1_HG00735.2#799	31823625e7aec25b3f957c9bc2f1265857f4bf7cc6ae70b7370c4a80b4f17b54
y1_HG00735.2#800	002c952522d8344e7c6d5c2b6525d49c296d1a227de493a707748123cb8e0c4a
y1_HG00735.2#801	4eea7aaf574f2b3b744a61a6244a0243dc431e111390fc6e0edfa083c55328de
y1_HG00735.2#802	51ad163179d4701f8beef316f30c0b0796726ebd4396699402b0e4edb9bc563a
y1_HG00735.2#803	e79ff2979452e6e1c47b5e68029df2513ecf075bbc855465871acb8eb66ebb37
y1_HG00735.2#804	0fc7b2af98abc2f2e731cc50f613680e62df651c48fbbfe802d866f4befdb58e
y1_HG00735.2#805	cb5fd3082084586dc9d0350c71a75e7b52693c4100cb7ff7fd961c167288d24d
y1_HG00735.2#806	e5e68b2361357203b8bc68f7cef9c16572c839fe8d69eae3593d0719b5b43af0
y1_HG00735.2#807	9ae816716fdd5670857a3a18fdbfb60ad627a67f5b80bf04e88f5f14e75006e0
y1_HG00735.2#808	00c8ac8da27d63076044833c00d1c9131cd21290502e1e0b031414bd7727fb72
y1_HG00735.2#809	371eaea60e8ae04c48d02d5064a0ab19e1a155087cbbcd10b61dd3335096bcff
y1_HG00735.2#810	8334c89439c95e1ccf4ed9fdb4063cba05605b4d8c66df30796b39d4a39fafbc
y1_HG00735.2#811	5f6138c78d8b7efbc037da29fb7805b288b0868a45462383471be1a5d684ade2
y1_HG00735.2#812	412599ec7f755dad73e465a4f593be326a304eeedc020876a828beeca4647866
y1_HG00735.2#813	936ba35a7f6a1f980bc42415dd55e2bb9d012511c68622fcb554ba772b20d565
y1_HG00735.2#814	58189bd28a3dc86ce2b2899fd6c032db99f9cb980bb0e4ee75827df56c800757
y1_HG00735.2#815	43f341e4b87e1ab277a9e1b9c5c206e6d3b008407c8017c7feac95fad15d845b
y1_HG00735.2#816	3220bfb6cb00a31f1785b2fdd04a114b123a2bc49dfde47419a723d290763c16
y1_HG00735.2#817	729cf1c6a8a3139cda34c07ab9a87b51fe8f087fa5b00ab55f4d3dd7b5a5328e
y1_HG00735.2#818	0413f00f61ea74bf98eae25de0fd900a84e8953e3697412bdb2a2149d5d51c1f
y1_HG00735.2#819	0bf0ac9d0a7d44d7cc60e5fa66371e9d1fdf76cd36863dc9be80cce55a42168c
y1_HG00735.2#820	31255ea11cc465f239177769d1703e1582cc869cd9cddf0c631e4398b408b339
y1_HG00735.2#821	f7260d5fd4c430444f10cbb79e32a6611ab8115370710d3c088048c6d848e5ae
y1_HG00735.2#822	08df478f5e6faa140996ab7a8359233b4f090389c8fce26d07cdf014bfb27f0b
y1_HG00735.2#823	472e73d796e20aa8ff9059e6316f218e0322548f661ec4dc267507ed66317404
y1_HG00735.2#824	3c61e31c65b22c637b5377aa529436aa87b4d19798b292c4e42d00cc0938f7ea
y1_HG00735.2#825	b010bc75e3bc586af144f532b85bdbf5cc503cb5b65f2f8cfebe795648773bf3
y1_HG00735.2#826	f651e2eae7ceacbd0fd5be26f48b6f15aa396db4141e8f8b0e42c0daf12b07f2
y1_HG00735.2#827	05d8bd3410a4ef2e1f06aad088c210294f0ee4e826d1e6358a40a5c8342265fd
y1_HG00735.2#828	2e505cc3cfcb675e757ba57d9d54e818b981b32b2e5bff39cc773c4bceb1bc99
y1_HG00735.2#829	c02da9909cc92cc2f4cc34fcfe546b27b2b798a36a3ebcc4660782daaf637bf9
y1_HG00735.2#830	02ea2a0620632ad25432d5120873530dbea82861ab0eae2a0b861b7950fdac8c
y1_HG00735.2#831	9ca566fbef700d8c7cd2748227c26a6e3ad9c12e533d0156f1f6ad8373e68662
y1_HG00735.2#832	92578c30c32970d9fd06d98656a66fea29d0853a13817072ac5ce62c649ba79e
y1_HG00735.2#833	a22aa38e6a655c79e4631272b89f2f37f1113eef7259501c63d8392389e200cc
y1_HG00735.2#834	1848052e60879624ebefc412181d988049b592087aa537b9e66dedc98b653489
y1_HG00735.2#835	bdbb8fd9429e199b07d53406a9f443961be82da2fb60c40c6a731896883532a1
y1_HG00735.2#836	0af5b1f80576aa3039e914992041c3388dad760aa92b926265ce8e43a5e58a02
y1_HG00735.2#837	1d865e26278a14e49d3b95117b99310bb7cac3a61e667fb342e85af3b96f036a
y1_HG00735.2#838	c0954df5c34c9f9d4c55e34ed4f1678173ab6929f1e50ac7ee6c47ee1d2f95c9
y1_HG00735.2#839	770eefad906ed5ca802e75f489613aa56a662cd2de70b5c64f717f6b9fc2260b
y1_HG00735.2#840	0c4f34faf5ff1a605bcd9b5b9a379c65338a7a632ba3e223ee2b0183c5e6a3b7
y1_HG00735.2#841	a1e58ebe511de8c3d648a47f8210274c76c0343b3aff1243938686db6732dee7
y1_HG00735.2#842	75d002c1eb6a8d1f85d2a762d19c7e5a9189adb33a62a85cb8c30517cf7167b8
y1_HG00735.2#843	513a6ed73d129821d07a5a0a85d7ee0e0c43050a006ff46fe886e401183a4469
y1_HG00735.2#844	47ece429a715dce52fda085252f658b96e4923215d01a3c5f3d723208a6b1362
y1_HG00735.2#845	0cb81bfd890e12356b6cb5a9e4bf2cd8795fc8886b4b40a20c173be0876b0007
y1_HG00735.2#846	44d2965b5a8f729127bf2a488e2f67a2e002e83119ca4ae4ecff1ff568777d38
y1_HG00735.2#847	684e7e47a6f2588f730e8c41375f3dab88d80c971fbf960ad59ec60e74c3f1e5
y1_HG00735.2#848	ddaf4473b2fe7e3ce46b348324dd4434863ea62d431ef44f9ae3da1b899fd2ab
y1_HG00735.2#849	a064a3da734d02e5e5f8c7cf6d6f0fe1b9517cc056663450d99d3ea288492778
y1_HG00735.2#850	b2b4f34c2a1cb8c322b8a4354933c35dfa5809ed9eca9ac70c88a10c729f1826
y1_HG00735.2#851	ba9c11a445e16029e101d5b899b6acbcf4d295152c525423b2c6a3d433eec917
y1_HG00735.2#852	bee30e5b6d59c1bdf10100ef331706553fd3c4e6b0a342a092c6f6f733b8be36
y1_HG00735.2#853	c911c1ac99149a43a9168b2d0611468b6361deb4fb7d09636e97713a3672678b
y1_HG00735.2#854	4b1e2348c863d50350414488513d1faf894f765501580b42af6de2928dfad8e7
y1_HG00735.2#855	108a56b89c139970b7fb57aa18f7f3c22f12564aee3991cd63734cb5bcb79562
y1_HG00735.2#856	988da04fa3f2bc5f747aac83abf08d7219952872a776fd7d7c6701ba46ddb430
y1_HG00735.2#857	fe307d509b9c6def0f7de70463eee19d33c66978c14b7b055bf9a20286a68a93
y1_HG00735.2#858	4b0a16af7d6840b828cec4aad7e1328d2dc759dca3e2103e73594917cb2bf97c
y1_HG00735.2#859	6804e1b13ae1a76d717a21df4fadc5d1cad51418ed25d7568e4d3161594f1a68
y1_HG00735.2#860	3a767c0371da4dcf3a744cb4883a036d5bb374afe1cb2a6b8cff7b4b5b29a17b
y1_HG00735.2#861	05a02d5d628a2cbbd99b09045e16d6ac9e688e7a4bb667521d982c7b4fbdbdb9
y1_HG00735.2#862	04f74d5687f4ca9a388fd2f7679641164dbdb7fc241d1bad12e5404b4f282adc
y1_HG00735.2#863	0bf0ac9d0a7d44d7cc60e5fa66371e9d1fdf76cd36863dc9be80cce55a42168c
y1_HG00735.2#864	c23f7baccf7e1e41675b037bbae04de85da2a6c87df9380b373593ce74ca46c5
y1_HG00735.2#865	3629488143b8ac27191171793421eca3e10e8c8c46f0bd8212529b4b4bb8cd65
y1_HG00735.2#866	957924507f76702f4ab1b55f68681d9fcf60b09801b2e79543ca8dea034a39ff
y1_HG00735.2#867	3775a77f4ece4868a8c111ccdbba8ee2fe2714e030e0564e11191f0e446e8530
y1_HG00735.2#868	43f341e4b87e1ab277a9e1b9c5c206e6d3b008407c8017c7feac95fad15d845b
y1_HG00735.2#869	b163849c291d3a42dcd34d7c811ffbe985f2436a390cc231f2c62c1d1778bfed
y1_HG00735.2#870	a808b66e115f9f5cd1f96291be68f6e3cef5822f8da50f657ae55deb4eccb92d
y1_HG00735.2#871	584cfa7096459ef7a42db98b89adb02bc7c4c23aa063c54d0bd70b6671c98c36
y1_HG00735.2#872	76c6aa8715fba7086503d109ea9ba6aaf22de53e027ec7694c7113b697ff5cbc
y1_HG00735.2#873	ec6402ca32d5c95467dcf27bc8f9888ffe27c82d58006d34c6bf8fec984b2043
y1_HG00735.2#874	c407105ddf6143c4de2d2b89830835036d8d38e8ca0732dee3438981691e0030
y1_HG00735.2#875	0dac82fc1626786dcc3db8dddc972f10b979380103e4f6aee9c39b9c91fcfb9b
y1_HG00735.2#876	2ae001ab527f9e91cd623822c5b690f633a6ef874da009ba0c3abf19bcaeadfe
y1_HG00735.2#877	3381dab478f7971fba695790923f865d9fc9f8050d13e793e0338867a27430c9
y1_HG00735.2#878	210af9b5a8ac06ae218ac35cd2747188ccf8625945a0c43e1f6abb3a2ec91b2f
y1_HG00735.2#879	8d4879aa91a8cff6dcc3fb2943a4d4d0b3b80277dd277dc0bef2e89a04b8ec26
y1_HG00735.2#880	262d481bbfb84b70f51f1eb56d1dbdbb21196de996cd45f75da2a77823721375
y1_HG00735.2#881	655caf7addefeefb468ac49d82e7e8ae2c3c03346a8497cf32be3dcd7adf1b05
y1_HG00735.2#882	b85493204010d1873a2634af714c3f0f9b3555df8ac57996ccbe672e3235897d
y1_HG00735.2#883	e959f1358de652f26b9aea4e54760d44fa2f0c46693154ec01ee0f194c538db5
y1_HG00735.2#884	d874b762619da43ef6e85fa929ead5502d7f07122007d8e4cc69fd552bb13fe6
y1_HG00735.2#885	eb73ea0fffdbc71ef0222d2ff4f371bb5d332112454bd15d8f90264c0d5b73b8
y1_HG00735.2#886	14f01a74479649566a636692db2658700d0e1a5225a80ef8983688c86ead715f
y1_HG00735.2#887	429ebda34bb02ebd81205571936185aaa17862cbc7fba6068d7b60f8ca779c68
y1_HG00735.2#888	3f1d893bc83caa904b52bbb7762ae9a2ce8b28fd009b39253ba355893969934d
y1_HG00735.2#889	464cd47b19f9ae1525bf520dde42e476a8dc1d38b773ab0dbf7ebcb70d300190
y1_HG00735.2#890	1a2fddbf961ea3f36ef50a6781e17c0a921adc8e3eb20c3f19879799fcafacd3
y1_HG00735.2#891	d65de30c4cc8f0b296561beaba72264869d823135fbb9b1523265b964503ad39
y1_HG00735.2#892	63d35733a4d7b6be7f6923f1f3da2196ce205a7fca3d25b6cbdbcb025ed2ab8d
y1_HG00735.2#893	c6a515c6f424dd31d238a9bf2afe684e627a086dabacafb578a55122f8bd527f
y1_HG00735.2#894	d26514abb3224862b8252eed654bec18d4b68e6a8ddbbe191ce8c699ca3d7b5c
y1_HG00735.2#895	b53e391c46b53ae1624b3d8ff2852983f974828a042aacdb79c46ff236f02c58
y1_HG00735.2#896	f9fe4d039a65adf5ba30a7475125161d8708c862498a2353d9f2f6e23e8120a1
y1_HG00735.2#897	4458065f8bfd7da3b4d4517dd4f1cf9b37b6c45bd3608d3ad92dec9866879f5b
y1_HG00735.2#898	a91dbde7f29b0dc06c07ed664d2fb3334f70addd24216580d3bee5ea688ad66f
y1_HG00735.2#899	dc9ab7d39e69d27fa2d01b547d7af451f3680b6e233f72e267b1dca6865f1216
y1_HG00735.2#900	919bb9fc7764a01ff0752f5203d8e1a41e57d2010f53570f49d422f98da06167
y1_HG00735.2#901	88f897f5d1fce4ca6289c5ee6cef69baba89e50d6209543c60775639f83000d4
y1_HG00735.2#902	0197ec129b6694fa0809ebc60c3c1838164bf21f1b56bb758f904883f14661d7
y1_HG00735.2#903	26a7d61e4f3a23fea1bf58c8104faabf09b4a8e5652e68d3370a7f64113ec975
y1_HG00735.2#904	f86413c4c74bfa81f3b26db60406d6bbcf2b1caa91aad3f6f896de8fbde739f3
y1_HG00735.2#905	dfbc86db309d07e0bd8e8f44080c9734091ec071fb8c7102bc180c1b0d6f58b1
y1_HG00735.2#906	b5cd805a1b872a7e980a71ececd0f54c255fa56ff1ebad90b08827c612c71be4
y1_HG00735.2#907	438a69f6794d3e60fddc369378268f6aee3cca684de5f960ce4d6e62dae72b60
y1_HG00735.2#908	05a873a6531f1ab2ea9f1d232bd47027ce386684c8db209b14b866783ad6bad1
y1_HG00735.2#909	23397aff4fe79ed3248d308b3c50e2f8c7c8b0bade5eb4491c95bd0d199e7a3a
y1_HG00735.2#910	d965fd709112e71628eef04bd997b896cd1a638bd2728d9d47007756df626ddd
y1_HG00735.2#911	01e0c536b5e7fc75ba52bf48c5fa4df1f73b22e13bc6997140627eb507736c30
y1_HG00735.2#912	1a721d4c6416f42af1a6e17f9f53a731e9bb7abf097370c7697a1dc52c483e8f
y1_HG00735.2#913	185e28dbf944b9f3fbb6b2478b19337e8a0298cbb90efef2c6cb8164830d70ce
y1_HG00735.2#914	09b3f2ae6794064b5d31888aac2f8e54ddca7f802ed4298f5cd60587903ecf18
y1_HG00735.2#915	034fc48ba584fc2a8b0b40c727e4ce36b79845d7ed910c63abfb2c22e630382c
y1_HG00735.2#916	9171f1ac341dd93a89f10c5b6261c701f491365b72dd207099c5c81f29cb468a
y1_HG00735.2#917	f2a780125d52a1dde4d50d05326b3a91345aa6990a23f307f9adc3c80b1706d4
y1_HG00735.2#918	b710c371e6bffa19bbbc9ac826c7453831d33f3c64cc4012db34342f527772e3
y1_HG00735.2#919	abde3948355d918412d0e7ff0c6a913c594e8db744687090586f3b1f2b7310fd
y1_HG00735.2#920	0e7e1cbc95cc1e0d4a1ea4f74db4a9e6e4de0e3d6bcf9c494a21d23e778f1a6b
y1_HG00735.2#921	fc9f6b780d940881eb40446ce9a5b3fb514e566615cc4f62397dd0bebe513394
y1_HG00735.2#922	088808c2ad21b20ce38895655ef0b90bf36f282484f09e1e8a87cd6ef8f5102e
y1_HG00735.2#923	014ec16fef1ef718b1796b2ce7010adabc0feabe4b3157197d5fd6ab103215f9
y1_HG00735.2#924	b1efe92010c3f8bc1216e859bb68c04d901d51c9344a0bb33d428a1256aba09d
y1_HG00735.2#925	93dcfa94249a72be3b1dc09f219ad31369a249528b9c1604f919336b697d8e51
y1_HG00735.2#926	2a37a4ce1e8adf3e6044a871975258609ecd2e12259976fa85c7a586a5edf7d0
y1_HG00735.2#927	2a61a18385f505d48996f2a7f2176aad9fbcb333b02550fce4c4683deed81b1f
y1_HG00735.2#928	5d1c727339dd41e64abd111d88fa2bacef14592e8c2aebe694354cf2023ded11
y1_HG00735.2#929	034fc48ba584fc2a8b0b40c727e4ce36b79845d7ed910c63abfb2c22e630382c
y1_HG00735.2#930	0ed16989f42ac921f4d85b3175ed7f24bbcfcf1966ac8d5aaa74e5c1d4a5656c
y1_HG00735.2#931	f58e5c5c7f473311ff02ff108d9db23a4d3c1352bcbc0f54243cf3f9c9298f42
y1_HG00735.2#932	89932f8285bde9d693a0691a3400ba249f0d5c1357fe157dae3254112e489143
y1_HG00735.2#933	2e0865c4bc434a4d69e6cb3ecc7f040643725ea57657e092f17bd5fc9cb63f59
y1_HG00735.2#934	f5eb80ebf391f0f60322b0b69db3c37bf8649cb014de07b01124600a6be979f4
y1_HG00735.2#935	a432a0b703e00ba7d8d146a48fb09707d0b99e4e2dbb1c362fb2a33a78a947f9
y1_HG00735.2#936	676c25cddd094032f06ea6c836cb8eb865d6391ffd7a785db587b90656f373b1
y1_HG00735.2#937	62a8dd71b7ec43d476990e2b54d3709bf49306b940aebb016adcd274fd74f304
y1_HG00735.2#938	d587af72ab17ff8a680aee77873e5c4fcf0a4dc30fb2243dc3b7442402ece907
y1_HG00735.2#939	fab0ea764e4f062c731f8818ef838b304bb46d381ec14bb4a766847e6ff67074
y1_HG00735.2#940	c086f94c616edf2554451d581f05b218fb575c73030bb81631f29a1cd50746aa
y1_HG00735.2#941	e77bda46fd8da922fe31e9dcebc30f2aaacb04948870daf04ba8b980035eac47
y1_HG00735.2#942	56990859ddcc8b14a64f071f2d12a150864db630859956ec64a006c88c6704e7
y1_HG00735.2#943	97a683661f4a685256b0ae47bdcf3186b24c3e2d9e72655986cbd5586cae3498
y1_HG00735.2#944	53d11c60ae2f90302fba9f2962f9a154b550d964abcaf2eef269b240a0941990
y1_HG00735.2#945	382ccea7fc5539f72eab2b473c765b889ea9a7df6255054dba01e073e7d54b19
y1_HG00735.2#946	eca662038a341d236ab6f09e4f716ea2aac0c991eac6f8a89f8e39de6887cd0f
y1_HG00735.2#947	edf1539bcd7b5ab7e363d13c6255cea1a8e9bd3bfa5bb61e0a2a4b1deadfc860
y1_HG00735.2#948	0c44d383c3b41e8971872d64abdfd493d04f649d53a423da0b112847df4c1dfd
y1_HG00735.2#949	21fb72698612b55e6d127de8abe73414aead4d2933c466139b25eb0fc7ed05be
y1_HG00735.2#950	92e7a047d3f3e47a86b38798f3bc267b1da412d1679e6d5747630339926ac744
y1_HG00735.2#951	6c7e5077f11802d7322ec0ce18fbf760cac051f9cef9f5ee6569fe282640ee0a
y1_HG00735.2#952	1525e92f6a286e818101e6967f5487bf6530d6ba1771bc137357a8e2ed0d1463
y1_HG00735.2#953	14e2e9a4f1f29f3c7059a5273d43cf3307a4e7964bbd3123c32d71358f26fd89
y1_HG00735.2#954	226ce3f183d4a111682bc80c776d01b13b7a9445fd995151997a4889f269330d
y1_HG00735.2#955	3dae5cba2d7563131f15a3cff052e15b79a1fe830bafa3877695940801be6018
y1_HG00735.2#956	a715cdd041f8592b91292f4766481e507e4e70ca8725545448544e5fd698894f
y1_HG00735.2#957	5bdef7ebb3346aba85d333b45e417d5613ada250379fad8330e9b36145cdd759
y1_HG00735.2#958	69a27769f5f9bada431123a4a1bb4aeac0868811cbb71bd5445a897dab9f0c67
y1_HG00735.2#959	c692933a5db09fbda7c0c79a09a0cc42679b3fb9abbd00cfa4858ddb35de59a6
y1_HG00735.2#960	b6d0b8619f0eca6b32d4d3f7e426bbd94ea0722a81a9f0985092a0b9cab297f2
y1_HG00735.2#961	ce5520f96490401a7b6aefdc2ffc5609f1723b0be61056e0009919d19c68acca
y1_HG00735.2#962	19a47fbb7fef4276dbc453f2d7f3ab59712ceaf80c78e962b51a8114e030bd00
y1_HG00735.2#963	7346db987f08f274b1a019d7d48072d92a3d33fe1ba2359a736926fbaf7a2ff0
y1_HG00735.2#964	98863817e1e18d486efce9a4eb77cda6b45b9f414c27ac732e303731053cdb76
y1_HG00735.2#965	be33fcd10bc39d84b01ffd80cef4879f21e2315b9b018bd668c2b4dcaa53c209
y1_HG00735.2#966	fba799732de050b75cd170a986051ac814c7015a94c7208d70df87ec837e9ca6
y1_HG00735.2#967	c7460386777bea485665cb6b6089f8cd242326aa6419c72d871fc1eff8663d55
y1_HG00735.2#968	42e6fb79e4a40acb0850df3286d6ab6d136d9ca802064348546621f2d67318da
y1_HG00735.2#969	5c8dde4d08c8bfff36e689a38456b3440d22db33f4633f67defa45dc4d13fc70
y1_HG00735.2#970	88988368e351d68f9252a059a531ec921bbf0e7bee525561f8df3f8dae7784e9
y1_HG00735.2#971	9d5907824d8d91de366df925b9104b86ec8c20f7e196e25cb1aa3fe7698cbc01
y1_HG00735.2#972	e5a18c7ade09bdab44a830e93f804b4f080fda4597436c3395db15ff2146b64d
y1_HG00735.2#973	673d6f1235dece0220c1ee39085605dbe44d812e299361debbbabda050d21bc5
y1_HG00735.2#974	4b650e5c4785025dee7bd65e3c5c527356717d7a1c0bfef5b4ada8ca1e9cbe17
y1_HG00735.2#975	1647bda546049513d81462f298efddd5c0d960619f518083d93ef759e88f860d
y1_HG00735.2#976	fca1774ecf3c87c6901b9d1a0f20f24747ec49c89449479f4a58e80246c3d8fd
y1_HG00735.2#977	52e2c62aa4696cee800b0191003ef176164f7e74be69503b6dbc1ef02dfadf50
y1_HG00735.2#978	d65054bd2e580b4cbeea597d1ee43175c332b59d3c1b2bdccaf1b3e9b396ec3d
y1_HG00735.2#979	37512f047cbcc6eed309dad916b63e885a67a03c69e5191f754d7aeb4d9c0745
y1_HG00735.2#980	f204c4d3da9e115116347270b80c6475111631aa892389c9c396ce53bfa41bc3
y1_HG00735.2#981	3ec02ee5e4b141e54c440362eb89a7d5569d0d1b6de37447b251ba935a3597c4
y1_HG00735.2#982	dc93cfac1febf76771af9eb1970a5841fd5122e486d313e691d47a1165950396
y1_HG00735.2#983	394f170e349af47a11bfae56ed569667ce690e8a41c453885cdab8142b1d0369
y1_HG00735.2#984	45785a59aa55dd7743e0079754da00587baa929401ead771d95043e624714523
y1_HG00735.2#985	2b90a3b121d50b9061af8b24603e595eb3b136c6873cfe24314b44b341260bd5
y1_HG00735.2#986	ba464bd29d8e092a7995e35e8ae54f6b5af1ea1773a1a92f42bb2a9ce9e033d1
y1_HG00735.2#987	ec25352ee2f26486185f8ddd4ea80c41528b607a87ce0d98e3a3ab34bbd18b83
y1_HG00735.2#988	c06636eef824f8185dd89ca7c3e9cbdba8358c3498a0359247a8680905868af1
y1_HG00735.2#989	689e26332094411cc64456e310caff322f125570c18c2dc61d898530ca2ca534
y1_HG00735.2#990	a0766b720bf45ff987c4c227f886512a8b674a1b3d480f5c2c513e1d40061f6c
y1_HG00735.2#991	61e261b8f656cf1cb84c23a1b811d868d857068b9c0e86fcc04592ffe484559a
y1_HG00735.2#992	c7a257eab60c3da45c15e27e1059a945ecbc210ed2f02402dd269b2743663ffe
y1_HG00735.2#993	8b388c0b8fe8d559d1cd0ff1f264083241e86549462910800551fc64a78bc2a5
y1_HG00735.2#994	ba464bd29d8e092a7995e35e8ae54f6b5af1ea1773a1a92f42bb2a9ce9e033d1
y1_HG00735.2#995	b8da852415977f2d96275b97c58fbd7adb0df13fa409879bebcb3c9d330ccb27
y1_HG00735.2#996	bc3c148307edc86f5eab14394479eb65ec65752a60d54c082a5fe8f80d21dbb1
y1_HG00735.2#997	3d0037e9c13a3a694e29fffbb16577c10e62b97160cd52ec32ba0d4302f8d95f
y1_HG00735.2#998	3e70bd9ba3f380671971d7bdd99abe9cf05503ceb14f7388c52bb19c02ecdf84
y1_HG00735.2#999	bc5f394c8c30dfefbb9df31f41d8daec1550d9e842c0ff54d7ad5cfd7402c13e
